# Blender 4.4.0
# www.blender.org
mtllib Meshy_AI_Wooden_Slingshot_0519051337_texture.mtl
o Meshy_AI_Wooden_Slingshot_0519051337_texture
v 0.196644 -0.346771 0.050435
v 0.190299 -0.372183 0.013253
v 0.218390 -0.314015 0.027432
v 0.190583 -0.376037 0.008834
v 0.204803 -0.381988 0.010441
v 0.189455 -0.284413 0.024176
v 0.221068 -0.361982 -0.030962
v 0.233687 -0.374528 0.040066
v 0.240648 -0.368939 -0.038833
v 0.196868 -0.287500 -0.036554
v 0.245870 -0.352022 -0.056144
v 0.248950 -0.312683 -0.041897
v 0.099607 -0.389748 -0.047662
v 0.244614 -0.332013 -0.060678
v 0.132426 -0.399657 -0.064675
v 0.276759 -0.366891 -0.038759
v 0.273173 -0.340932 -0.043583
v 0.207915 -0.333870 -0.108200
v 0.199250 -0.350122 -0.129659
v 0.097805 -0.343951 -0.099266
v 0.068159 -0.381988 -0.098432
v 0.028931 -0.300493 -0.106208
v 0.460294 -0.117468 0.026680
v 0.424471 -0.070692 0.027623
v 0.450072 -0.049720 0.046295
v 0.483632 -0.075958 0.035367
v 0.503036 -0.065736 0.026873
v 0.467307 -0.041856 0.029850
v 0.467172 -0.024157 0.049322
v 0.471444 -0.034946 0.028999
v -0.096884 -0.290835 -0.108578
v 0.502381 -0.034927 0.070547
v 0.508846 -0.049829 0.063269
v 0.451430 0.010875 0.020646
v 0.504298 -0.136296 -0.038602
v 0.552432 -0.063125 0.026595
v 0.494062 -0.097869 -0.039779
v -0.111184 -0.175554 -0.076315
v -0.124553 -0.185879 -0.073952
v -0.141795 -0.264692 -0.043404
v 0.515007 0.015347 0.039291
v 0.570250 -0.028722 -0.002269
v 0.515017 0.017555 0.022452
v 0.553717 -0.015609 0.015995
v 0.539600 -0.014860 -0.053197
v 0.554117 -0.023210 -0.049596
v 0.065718 0.090899 -0.098158
v -0.111349 0.083721 -0.097717
v 0.027240 0.070777 0.151446
v -0.056348 -0.917697 -0.088598
v 0.026701 -0.861726 0.158571
v -0.107293 0.079698 0.148947
v -0.060687 -0.879203 0.157976
v -0.523741 -0.039585 -0.141415
v -0.713493 0.254074 -0.029353
v 0.414754 0.736980 -0.105478
v 0.353941 0.767204 -0.094446
v 0.465733 0.761545 -0.114511
v 0.371760 0.804434 -0.148938
v 0.499395 0.860790 -0.070455
v 0.359429 0.832365 -0.126074
v 0.467855 0.859722 -0.112119
v 0.388901 0.881905 -0.079486
v -0.528272 0.760728 -0.115747
v 0.502949 0.929137 -0.017658
v -0.412003 0.811556 -0.085299
v -0.436375 0.804814 -0.125389
v -0.576969 0.802464 -0.060773
v -0.584855 0.817651 -0.078976
v -0.465508 0.831064 -0.153149
v 0.472274 0.937435 0.008615
v -0.570017 0.847934 -0.066617
v -0.538480 0.824499 -0.150434
v -0.583525 0.835758 -0.092873
v -0.436521 0.874670 -0.083957
v -0.576836 0.863711 -0.043918
v -0.438874 0.890593 -0.068254
v -0.579745 0.885027 -0.046101
v 0.394939 0.953580 0.042294
v 0.434429 0.943765 0.069780
v -0.463957 0.915706 -0.076352
v -0.552115 0.922294 -0.022526
v -0.458325 0.946632 -0.005578
v -0.523889 0.930113 0.039593
v -0.483740 0.940010 0.086686
v 0.210921 -0.355150 -0.035044
v 0.186832 -0.355603 0.048413
v 0.182708 -0.357865 0.057724
v 0.198770 -0.344799 0.059016
v 0.207491 -0.338866 0.051686
v 0.201805 -0.344134 0.044931
v 0.192204 -0.354669 0.040786
v 0.182258 -0.349019 0.009303
v 0.183998 -0.351125 0.000165
v 0.180027 -0.372552 0.013964
v 0.188983 -0.364174 0.027471
v 0.193638 -0.356996 0.020751
v 0.183778 -0.380726 -0.011567
v 0.178245 -0.377078 -0.009927
v 0.170415 -0.375536 -0.008488
v 0.221274 -0.326919 0.039172
v 0.233117 -0.325990 0.042094
v 0.235791 -0.317970 0.031837
v 0.243547 -0.299809 0.023852
v 0.223080 -0.284408 0.025325
v 0.205297 -0.323770 0.024815
v 0.212845 -0.331436 0.033830
v 0.198229 -0.369366 -0.003338
v 0.192589 -0.384708 0.005793
v 0.188146 -0.387307 -0.012601
v 0.198908 -0.370565 -0.016245
v 0.210015 -0.385460 -0.009607
v 0.200641 -0.391383 0.020658
v 0.193236 -0.393600 0.006153
v 0.229318 -0.405965 -0.008068
v 0.229144 -0.405474 0.004488
v 0.232647 -0.403675 0.014889
v 0.219107 -0.385680 0.022258
v 0.213026 -0.385885 0.034184
v 0.198714 -0.297855 0.024863
v 0.205606 -0.268945 0.024482
v 0.194066 -0.261549 0.023805
v 0.178732 -0.289443 0.023790
v 0.189743 -0.310382 0.024144
v 0.183323 -0.255464 0.023235
v 0.214950 -0.362311 -0.036310
v 0.212267 -0.351615 -0.030053
v 0.216473 -0.352689 -0.018686
v 0.221447 -0.360238 -0.018178
v 0.220109 -0.370065 -0.037245
v 0.237164 -0.373056 0.047574
v 0.224898 -0.382229 0.050633
v 0.224330 -0.379606 0.039268
v 0.227796 -0.380828 0.026317
v 0.237044 -0.374597 0.029782
v 0.242981 -0.368695 0.034921
v 0.225109 -0.352873 -0.031176
v 0.229382 -0.355392 -0.040602
v 0.237978 -0.384075 -0.038577
v 0.237156 -0.355469 -0.049773
v 0.252104 -0.363031 -0.040898
v 0.225951 -0.353928 -0.017871
v 0.204845 -0.300406 -0.035996
v 0.192888 -0.309584 -0.036374
v 0.186107 -0.289363 -0.036959
v 0.190888 -0.264430 -0.037261
v 0.202515 -0.270794 -0.036774
v 0.217835 -0.285387 -0.036417
v 0.226384 -0.350677 -0.055983
v 0.236640 -0.346732 -0.063681
v 0.246851 -0.340099 -0.062710
v 0.262119 -0.355945 -0.042627
v 0.256674 -0.340741 -0.058717
v 0.088152 -0.357148 -0.060407
v 0.083293 -0.338811 -0.050737
v 0.243551 -0.256785 -0.038542
v 0.274459 -0.295986 -0.038714
v 0.248468 -0.325317 -0.054515
v 0.227984 -0.324033 -0.050646
v 0.222169 -0.315872 -0.038127
v 0.305796 -0.329860 -0.038605
v 0.113394 -0.392017 -0.040352
v 0.119666 -0.379364 -0.031111
v 0.110019 -0.369262 -0.046495
v 0.081437 -0.406885 -0.059510
v 0.111281 -0.394899 -0.059971
v 0.099229 -0.496654 -0.041219
v 0.085419 -0.492486 -0.066117
v 0.220521 -0.341502 -0.058188
v 0.230941 -0.334048 -0.062972
v 0.124676 -0.392730 -0.083900
v 0.149557 -0.398407 -0.076257
v 0.151762 -0.406983 -0.048176
v 0.139043 -0.405287 -0.041217
v 0.089731 -0.387738 -0.083406
v 0.290303 -0.363532 -0.038626
v 0.273950 -0.378368 -0.038629
v 0.297790 -0.378117 -0.038590
v 0.327650 -0.348350 -0.038596
v 0.196055 -0.328860 -0.110963
v 0.191998 -0.333384 -0.104313
v 0.205145 -0.337651 -0.102334
v 0.210677 -0.344026 -0.105885
v 0.210215 -0.338417 -0.111989
v 0.199376 -0.330429 -0.118578
v 0.200254 -0.355234 -0.126207
v 0.181843 -0.355694 -0.132431
v 0.184229 -0.348649 -0.134810
v 0.185068 -0.340552 -0.133851
v 0.201969 -0.343615 -0.127992
v 0.208083 -0.350506 -0.120963
v 0.077879 -0.332719 -0.106253
v 0.072886 -0.338697 -0.097876
v 0.099616 -0.354613 -0.083376
v 0.116759 -0.353112 -0.090761
v 0.112516 -0.340362 -0.106080
v 0.083346 -0.325097 -0.113144
v 0.067344 -0.409656 -0.078872
v 0.046987 -0.414230 -0.095143
v 0.068574 -0.376208 -0.112725
v 0.115203 -0.375930 -0.114997
v 0.117273 -0.383606 -0.101861
v 0.016768 -0.411463 -0.101702
v 0.023239 -0.384713 -0.100810
v 0.027270 -0.373307 -0.105447
v 0.021793 -0.293144 -0.096210
v 0.041807 -0.315546 -0.094167
v 0.045186 -0.317360 -0.104319
v 0.049043 -0.310632 -0.112102
v 0.026561 -0.286376 -0.112638
v 0.438533 -0.104455 0.031574
v 0.422452 -0.121045 0.023046
v 0.447524 -0.150512 0.022884
v 0.458110 -0.104084 0.045852
v 0.444063 -0.098326 0.048104
v 0.479692 -0.107359 0.025961
v 0.472701 -0.100287 0.040181
v 0.428365 -0.087414 0.031134
v 0.435510 -0.084934 0.047035
v 0.435860 -0.070429 0.043042
v 0.442515 -0.059238 0.038239
v 0.441694 -0.058086 0.026735
v 0.414913 -0.056141 0.024927
v 0.376070 -0.070671 0.023203
v 0.386376 -0.080216 0.023193
v 0.400848 -0.095695 0.023104
v 0.437232 -0.047965 0.023209
v 0.452745 -0.051970 0.037809
v 0.444500 -0.055252 0.051663
v 0.455930 -0.042320 0.057738
v 0.458631 -0.040720 0.048195
v 0.464108 -0.041883 0.039323
v 0.487962 -0.076205 0.027821
v 0.497934 -0.060490 0.032728
v 0.494070 -0.065813 0.040944
v 0.482864 -0.083880 0.045010
v 0.481587 -0.090479 0.033139
v 0.492609 -0.070833 0.053020
v 0.497022 -0.078092 0.023926
v 0.507106 -0.079901 0.023276
v 0.512430 -0.066617 0.028921
v 0.510813 -0.061357 0.036926
v 0.455193 -0.048303 0.027809
v 0.455861 -0.039510 0.024422
v 0.469466 -0.029635 0.036862
v 0.458794 -0.046047 0.068464
v 0.472630 -0.028242 0.064819
v 0.474925 -0.015959 0.064007
v 0.462705 -0.010855 0.051627
v 0.452722 -0.015723 0.030192
v 0.453617 -0.020751 0.026807
v 0.467412 -0.025828 0.042061
v 0.450017 -0.008355 0.032704
v 0.454667 -0.029987 0.024157
v -0.111954 -0.280652 -0.115074
v -0.113221 -0.282818 -0.119160
v -0.086479 -0.302955 -0.109669
v -0.088539 -0.323198 -0.096182
v -0.102182 -0.304009 -0.091018
v -0.107493 -0.276874 -0.108215
v 0.508154 -0.044675 0.066492
v 0.518338 -0.046715 0.063678
v 0.519431 -0.039655 0.066903
v 0.490520 -0.043439 0.072739
v 0.496773 -0.050401 0.068905
v 0.521096 -0.030122 0.068669
v 0.504740 -0.019776 0.072367
v 0.489546 -0.010825 0.070195
v 0.487111 -0.022802 0.070297
v 0.480946 -0.034701 0.071388
v 0.500922 -0.055491 0.063616
v 0.504040 -0.059035 0.055236
v 0.513231 -0.053720 0.058482
v 0.449531 0.004403 0.028785
v 0.463191 0.008467 0.048146
v 0.466561 0.016039 0.044487
v 0.428584 -0.000440 0.006849
v 0.427265 -0.000799 0.015238
v 0.452045 0.013340 0.001538
v 0.431314 -0.000098 -0.005302
v 0.463558 0.024793 0.021689
v 0.462225 0.025147 0.002644
v 0.492478 -0.177137 -0.038590
v 0.484946 -0.161182 -0.038597
v 0.503000 -0.114275 -0.038666
v 0.517385 -0.109350 -0.038619
v 0.519474 -0.137013 -0.038585
v 0.545264 -0.075742 0.018644
v 0.550394 -0.074372 0.010743
v 0.558983 -0.063477 0.012968
v 0.567476 -0.051809 0.013535
v 0.562663 -0.049747 0.026363
v 0.544577 -0.068084 0.030941
v 0.539803 -0.077048 0.022635
v 0.548924 -0.049067 0.043378
v 0.543673 -0.054846 0.044170
v 0.555560 -0.040348 0.042340
v 0.504206 -0.070000 -0.048978
v 0.519712 -0.071736 -0.046190
v 0.514233 -0.091006 -0.039118
v 0.473375 -0.138715 -0.038626
v -0.112381 -0.185856 -0.086346
v -0.136501 -0.176100 -0.084066
v -0.138696 -0.179702 -0.076546
v -0.147140 -0.194157 -0.074542
v -0.071670 -0.166842 -0.085593
v -0.072992 -0.187279 -0.085930
v -0.151525 -0.214666 -0.089710
v -0.127266 -0.227633 -0.087607
v -0.120444 -0.241974 -0.073921
v -0.133871 -0.196795 -0.049476
v -0.135258 -0.080801 -0.064703
v -0.113942 -0.074621 -0.078494
v -0.149228 -0.090035 -0.039870
v -0.129187 -0.266752 -0.065143
v -0.147285 -0.348688 -0.042525
v -0.156903 -0.337187 -0.013370
v -0.146831 -0.207024 -0.018388
v 0.513316 0.017382 0.044877
v 0.521554 0.009081 0.046917
v 0.520260 0.009360 0.037972
v 0.517344 0.012031 0.029856
v 0.510946 0.018858 0.034213
v 0.505660 0.023553 0.039223
v 0.565399 -0.020528 0.000100
v 0.564765 -0.024437 0.008985
v 0.569695 -0.031329 0.010515
v 0.573647 -0.031413 -0.012456
v 0.578068 -0.019699 -0.013965
v 0.574596 -0.015272 -0.007636
v 0.569696 -0.010318 -0.003784
v 0.574853 -0.042119 0.000293
v 0.575465 -0.042614 -0.011428
v 0.571297 -0.041479 0.012478
v 0.507550 0.021132 0.014158
v 0.499864 0.024962 0.016207
v 0.505448 0.022342 0.026521
v 0.524382 0.009428 0.017719
v 0.529881 0.017514 0.016260
v 0.521892 0.023698 0.020300
v 0.515576 0.026652 0.013470
v 0.524598 0.004108 0.024792
v 0.558444 -0.019563 0.017492
v 0.559636 -0.019503 0.008581
v 0.552991 -0.014731 0.009620
v 0.547658 -0.011546 0.021026
v 0.552064 -0.014639 0.027276
v 0.543802 -0.008352 0.012860
v 0.539307 -0.020504 -0.061152
v 0.528823 -0.014861 -0.062457
v 0.533422 -0.010145 -0.052566
v 0.537079 -0.008860 -0.043983
v 0.543887 -0.014265 -0.048082
v 0.547270 -0.023321 -0.056353
v 0.548444 -0.012964 -0.042945
v 0.562083 -0.012079 -0.042193
v 0.567559 -0.017113 -0.040889
v 0.561899 -0.027816 -0.045438
v 0.551860 -0.034850 -0.057061
v 0.543874 -0.032576 -0.061893
v 0.559171 -0.036562 -0.050649
v 0.028164 -0.066597 -0.085771
v -0.015617 -0.064389 -0.086411
v -0.013800 0.084767 -0.102210
v -0.014611 0.132078 -0.105370
v 0.058158 0.149761 -0.102847
v 0.101668 0.064438 -0.083056
v 0.051720 -0.075925 -0.078388
v 0.042341 -0.911683 -0.069213
v 0.051781 -0.917508 -0.041445
v 0.008327 -0.941921 -0.040295
v 0.012369 -0.921756 -0.076353
v -0.078048 -0.066070 -0.085862
v -0.157623 0.059026 -0.084353
v -0.209006 0.192134 -0.090474
v -0.187425 0.204651 -0.091728
v -0.098382 0.142050 -0.104335
v -0.235166 0.176524 -0.080801
v -0.006827 -0.061468 0.140781
v 0.030903 -0.067781 0.134924
v 0.080633 0.047140 0.135135
v 0.133780 0.166078 0.143710
v 0.110180 0.180368 0.143722
v 0.012367 0.126215 0.157764
v 0.160010 0.151685 0.134534
v -0.066755 -0.875445 -0.117149
v -0.023387 -0.874850 -0.116851
v -0.024778 -0.923169 -0.081581
v -0.032005 -0.942310 -0.049194
v -0.073482 -0.925362 -0.069965
v -0.103136 -0.878607 -0.105112
v 0.030432 -0.838785 0.161037
v -0.006448 -0.843843 0.163806
v -0.000169 -0.874734 0.156979
v 0.041473 -0.872972 0.149896
v 0.056307 -0.841533 0.150736
v 0.006793 -0.897695 0.146890
v -0.101159 0.133946 0.155685
v -0.069523 -0.062106 0.140845
v -0.160080 0.056335 0.132847
v -0.106810 -0.069579 0.130557
v -0.035237 -0.880660 0.156917
v -0.048704 -0.850558 0.163352
v -0.083506 -0.856411 0.160409
v -0.073056 -0.898034 0.146963
v -0.036192 -0.905849 0.145746
v -0.112117 -0.864086 0.147565
v -0.495804 -0.054722 -0.140372
v -0.493569 -0.051267 -0.130531
v -0.523892 -0.035381 -0.129102
v -0.559752 -0.014891 -0.126569
v -0.562278 -0.017647 -0.136645
v -0.560997 -0.014624 -0.146831
v -0.526067 -0.035366 -0.150454
v -0.495416 -0.053032 -0.150292
v -0.702639 0.223371 -0.034279
v -0.700104 0.225123 -0.043499
v -0.714912 0.256860 -0.042399
v -0.726305 0.251320 -0.027937
v -0.710002 0.219481 -0.029388
v -0.730599 0.290924 -0.041932
v -0.733786 0.289505 -0.032579
v -0.740732 0.287045 -0.026073
v 0.416192 0.757075 -0.127517
v 0.439183 0.754728 -0.134091
v 0.441238 0.751037 -0.121416
v 0.445080 0.746140 -0.110515
v 0.425981 0.727468 -0.096479
v 0.389147 0.745406 -0.104890
v 0.392736 0.764058 -0.122610
v 0.334686 0.779551 -0.074024
v 0.351652 0.820014 -0.074227
v 0.360433 0.814461 -0.088775
v 0.337795 0.712922 -0.077451
v 0.320584 0.725772 -0.059832
v 0.360721 0.813619 -0.100952
v 0.360856 0.786334 -0.110196
v 0.375424 0.773008 -0.117247
v 0.372869 0.752704 -0.101181
v 0.352731 0.701061 -0.085749
v 0.451498 0.739822 -0.101613
v 0.463187 0.755380 -0.122837
v 0.480188 0.753047 -0.125979
v 0.483534 0.760314 -0.121549
v 0.489563 0.776273 -0.122510
v 0.476429 0.783368 -0.115433
v 0.369371 0.796777 -0.142921
v 0.358308 0.808203 -0.136291
v 0.367032 0.813540 -0.147714
v 0.388026 0.800338 -0.156297
v 0.388041 0.787956 -0.150334
v 0.388139 0.813191 -0.158445
v 0.511089 0.846535 -0.070942
v 0.506765 0.843291 -0.086814
v 0.494353 0.853095 -0.086362
v 0.531476 0.865288 -0.030284
v 0.530357 0.855982 -0.029031
v 0.452615 0.877853 -0.089464
v 0.451780 0.887052 -0.087596
v 0.355376 0.820537 -0.130733
v 0.355810 0.816062 -0.114095
v 0.361376 0.836966 -0.116936
v 0.369149 0.837976 -0.141022
v 0.367110 0.825621 -0.146607
v 0.370140 0.848634 -0.130426
v 0.499171 0.841054 -0.127893
v 0.495146 0.841464 -0.133022
v 0.457848 0.860303 -0.121712
v 0.454373 0.868876 -0.096520
v 0.492814 0.851244 -0.097983
v 0.495694 0.846381 -0.112680
v 0.504387 0.837723 -0.122804
v 0.363462 0.879706 -0.071708
v 0.344799 0.891800 -0.021379
v 0.348018 0.899074 -0.023406
v 0.389782 0.889403 -0.075257
v 0.349498 0.907559 -0.024669
v 0.395387 0.870304 -0.097733
v 0.371513 0.874068 -0.092175
v -0.548906 0.760158 -0.120167
v -0.547178 0.755694 -0.126173
v -0.532205 0.758943 -0.124607
v -0.504006 0.754992 -0.122180
v -0.497492 0.749237 -0.112606
v -0.537835 0.772069 -0.104084
v -0.551933 0.771477 -0.113106
v 0.511709 0.925814 -0.023213
v 0.494524 0.928373 -0.039058
v 0.490366 0.931822 -0.027239
v 0.508365 0.928199 -0.001248
v 0.521333 0.924109 0.001436
v 0.491513 0.932383 -0.007440
v -0.420678 0.812157 -0.091617
v -0.420509 0.838545 -0.087601
v -0.397966 0.838772 -0.070385
v -0.385489 0.806881 -0.064519
v -0.406399 0.787925 -0.091084
v -0.424908 0.793378 -0.097984
v -0.440270 0.789958 -0.133998
v -0.441937 0.797653 -0.144569
v -0.437100 0.814086 -0.129054
v -0.432654 0.803593 -0.114324
v -0.438600 0.784501 -0.122245
v -0.427868 0.819096 -0.112359
v -0.575189 0.788411 -0.053164
v -0.592143 0.800096 -0.017707
v -0.595501 0.810620 -0.020934
v -0.597121 0.819269 -0.023108
v -0.583377 0.816096 -0.057198
v -0.582041 0.807700 -0.084601
v -0.574727 0.798912 -0.091630
v -0.586993 0.822195 -0.082745
v -0.597499 0.806637 -0.084312
v -0.594146 0.800819 -0.084624
v -0.589762 0.793783 -0.089685
v -0.585880 0.824789 -0.054355
v -0.460028 0.823643 -0.155223
v -0.473889 0.817353 -0.161729
v -0.477070 0.830045 -0.156149
v -0.476402 0.845088 -0.144029
v -0.462888 0.839904 -0.141955
v -0.454459 0.833665 -0.139989
v 0.469092 0.937192 -0.013096
v 0.435260 0.946374 -0.002539
v 0.454563 0.941167 0.026942
v 0.475442 0.934970 0.049648
v 0.491154 0.932777 0.018197
v -0.580870 0.836483 -0.071051
v -0.583602 0.837068 -0.053343
v -0.576099 0.845192 -0.050302
v -0.574179 0.856227 -0.046725
v -0.566625 0.860614 -0.057600
v -0.572522 0.845109 -0.079209
v -0.580498 0.837713 -0.079132
v -0.557407 0.868368 -0.066823
v -0.554929 0.858370 -0.073903
v -0.558104 0.854268 -0.083748
v -0.578221 0.809491 -0.127854
v -0.578717 0.818236 -0.125251
v -0.565380 0.820597 -0.136055
v -0.571215 0.807088 -0.132145
v -0.553744 0.808769 -0.145969
v -0.558566 0.816326 -0.141757
v -0.554057 0.829060 -0.140082
v -0.531357 0.806891 -0.159479
v -0.546702 0.796224 -0.149453
v -0.550602 0.841508 -0.130821
v -0.530484 0.842835 -0.138946
v -0.581171 0.838066 -0.086317
v -0.575279 0.844063 -0.088296
v -0.581036 0.838693 -0.099421
v -0.590415 0.827880 -0.099059
v -0.590154 0.826713 -0.093184
v -0.588769 0.824926 -0.087148
v -0.442366 0.865972 -0.102090
v -0.452526 0.870630 -0.102192
v -0.451919 0.876283 -0.087105
v -0.452762 0.883121 -0.078684
v -0.438297 0.883276 -0.072034
v -0.427648 0.860191 -0.087803
v -0.436723 0.853214 -0.100289
v -0.567980 0.846779 -0.106725
v -0.570088 0.839517 -0.119540
v -0.586116 0.829392 -0.111388
v -0.592163 0.825975 -0.105123
v -0.586276 0.864119 -0.028682
v -0.584880 0.874132 -0.035062
v -0.571422 0.869366 -0.052375
v -0.585691 0.853825 -0.025371
v -0.450985 0.893137 -0.074171
v -0.435815 0.906184 -0.064100
v -0.427575 0.897042 -0.059971
v -0.422530 0.888655 -0.059907
v -0.579715 0.898956 -0.042289
v -0.545357 0.908966 -0.067145
v -0.544728 0.899562 -0.071964
v -0.600165 0.885592 0.004044
v -0.598142 0.896093 0.002393
v -0.541960 0.890408 -0.074742
v -0.565218 0.876833 -0.060299
v 0.395432 0.953894 0.030190
v 0.386210 0.955718 0.027439
v 0.387538 0.955007 0.043951
v 0.394861 0.952761 0.061099
v 0.401347 0.951754 0.054410
v 0.407430 0.950910 0.043022
v 0.450810 0.940008 0.066221
v 0.434963 0.944642 0.047043
v 0.421537 0.947148 0.060505
v 0.433126 0.943359 0.080459
v 0.456997 0.937764 0.078870
v 0.414851 0.948160 0.071119
v -0.506789 0.902649 -0.083672
v -0.505473 0.913403 -0.079168
v -0.458172 0.929693 -0.067844
v -0.483728 0.893841 -0.084049
v -0.510112 0.888745 -0.085142
v -0.446933 0.912103 -0.070191
v -0.465713 0.894303 -0.079493
v -0.559561 0.919002 -0.029932
v -0.571441 0.915844 -0.001795
v -0.557997 0.921158 -0.003138
v -0.537316 0.926122 -0.027997
v -0.539666 0.923188 -0.041027
v -0.536412 0.927334 -0.006633
v -0.471760 0.943396 -0.015944
v -0.471927 0.943167 0.003161
v -0.454157 0.947325 0.010094
v -0.449041 0.948495 -0.011843
v -0.467819 0.943847 -0.029368
v -0.440188 0.949796 0.009442
v -0.532136 0.928022 0.018927
v -0.555459 0.921909 0.024955
v -0.538613 0.926156 0.052500
v -0.511639 0.933017 0.068565
v -0.502796 0.935603 0.048490
v -0.500379 0.937139 0.021522
v -0.480246 0.939037 0.097396
v -0.464940 0.943709 0.088861
v -0.474448 0.942776 0.078567
v -0.496328 0.936671 0.086693
v -0.497688 0.934267 0.100005
v -0.489140 0.938987 0.073297
v 0.210026 -0.358436 -0.038030
v 0.211330 -0.352067 -0.034246
v 0.211550 -0.351961 -0.033261
v 0.209917 -0.365966 -0.037978
v 0.216064 -0.378907 -0.038588
v 0.210634 -0.386448 -0.034236
v 0.201949 -0.368679 -0.036432
v 0.205276 -0.348947 -0.038911
v 0.197228 -0.335597 -0.037486
v 0.207212 -0.325269 -0.036541
v 0.216166 -0.337002 -0.045382
v 0.218104 -0.346534 -0.040379
v 0.217561 -0.345475 -0.031061
v 0.219690 -0.347039 -0.018246
v 0.219549 -0.350145 -0.009903
v 0.217166 -0.354985 -0.010183
v 0.224180 -0.354048 -0.009181
v 0.182190 -0.316382 -0.037042
v 0.172691 -0.323124 -0.038005
v 0.161416 -0.289392 -0.037663
v 0.173383 -0.289659 -0.037498
v 0.191612 -0.345229 -0.038458
v 0.171154 -0.250959 -0.037115
v 0.181042 -0.258405 -0.037625
v 0.204855 -0.206529 -0.037646
v 0.212551 -0.215050 -0.038122
v 0.218923 -0.224769 -0.038191
v 0.260708 -0.163218 -0.038492
v 0.267208 -0.172407 -0.038576
v 0.273545 -0.183973 -0.038594
v 0.226892 -0.235498 -0.038364
v 0.286534 -0.205808 -0.038597
v 0.330834 -0.123410 -0.038594
v 0.350493 -0.139687 -0.038597
v 0.397330 -0.184434 -0.038597
v 0.329205 -0.253650 -0.038597
v 0.430255 -0.216773 -0.038597
v 0.366054 -0.288117 -0.038597
v 0.443549 -0.232392 -0.038592
v 0.385302 -0.297670 -0.038589
v 0.450116 -0.241417 -0.038566
v 0.394180 -0.303490 -0.038564
v 0.340974 -0.355340 -0.038584
v 0.402089 -0.308928 -0.038486
v 0.350579 -0.361311 -0.038548
v 0.303279 -0.388391 -0.038559
v 0.358575 -0.367204 -0.038372
v 0.309343 -0.399359 -0.038450
v 0.267606 -0.400396 -0.038427
v 0.270169 -0.386816 -0.038584
v 0.314273 -0.408294 -0.037925
v 0.266122 -0.411214 -0.037022
v 0.233826 -0.396265 -0.038722
v 0.264885 -0.421195 -0.031641
v 0.229888 -0.404774 -0.032606
v 0.265121 -0.421516 -0.021294
v 0.229811 -0.405588 -0.021003
v 0.210759 -0.387070 -0.023275
v 0.198978 -0.371274 -0.027745
v 0.184979 -0.352054 -0.021360
v 0.184497 -0.351270 -0.031205
v 0.162805 -0.329279 -0.025765
v 0.164752 -0.328276 -0.035272
v 0.147619 -0.289066 -0.025345
v 0.151143 -0.288492 -0.034544
v 0.159869 -0.243200 -0.023807
v 0.163550 -0.245324 -0.033475
v 0.197446 -0.197895 -0.024989
v 0.196875 -0.198954 -0.033689
v 0.246045 -0.144541 -0.026690
v 0.247000 -0.146882 -0.035516
v 0.253916 -0.154817 -0.038257
v 0.298792 -0.094891 -0.034229
v 0.305746 -0.101183 -0.037912
v 0.313537 -0.107998 -0.038453
v 0.356049 -0.049849 -0.037838
v 0.365002 -0.057545 -0.038446
v 0.375854 -0.066194 -0.038572
v 0.321945 -0.114681 -0.038569
v 0.392116 -0.076244 -0.038584
v 0.420912 -0.042695 -0.036241
v 0.436259 -0.055618 -0.036262
v 0.450391 -0.067947 -0.049869
v 0.414118 -0.089606 -0.038556
v 0.470212 -0.085058 -0.055501
v 0.447521 -0.114406 -0.039246
v 0.473010 -0.054158 -0.057841
v 0.488248 -0.065229 -0.057414
v 0.496179 -0.041996 -0.064440
v 0.509990 -0.050404 -0.063649
v 0.522189 -0.055386 -0.059883
v 0.524470 -0.038563 -0.066911
v 0.535523 -0.042789 -0.062882
v 0.545120 -0.045413 -0.057832
v 0.534164 -0.058214 -0.055541
v 0.553352 -0.047423 -0.051482
v 0.544458 -0.060145 -0.049634
v 0.533151 -0.072699 -0.042927
v 0.552260 -0.061636 -0.041836
v 0.541830 -0.073195 -0.037128
v 0.535294 -0.088223 -0.033936
v 0.526675 -0.088672 -0.038235
v 0.540745 -0.110937 -0.037313
v 0.529923 -0.110575 -0.038294
v 0.541947 -0.150059 -0.038291
v 0.531597 -0.143869 -0.038519
v 0.516697 -0.204621 -0.037428
v 0.509955 -0.197051 -0.038422
v 0.502474 -0.188252 -0.038538
v 0.463146 -0.256700 -0.038189
v 0.456818 -0.249344 -0.038479
v 0.409679 -0.314657 -0.038210
v 0.469287 -0.263647 -0.036973
v 0.416985 -0.320484 -0.037005
v 0.366207 -0.373186 -0.037414
v 0.421070 -0.323301 -0.030434
v 0.371500 -0.377221 -0.031621
v 0.317526 -0.415366 -0.032427
v 0.373394 -0.377975 -0.021316
v 0.318388 -0.416911 -0.021792
v 0.373841 -0.377435 -0.011421
v 0.318475 -0.416940 -0.011264
v 0.265148 -0.421723 -0.010066
v 0.317816 -0.417170 -0.000862
v 0.265075 -0.421133 0.001026
v 0.317165 -0.417182 0.009844
v 0.265307 -0.418564 0.011641
v 0.314135 -0.411557 0.020210
v 0.265713 -0.411919 0.020187
v 0.238895 -0.396458 0.021351
v 0.266339 -0.401387 0.022517
v 0.245401 -0.386872 0.022958
v 0.267538 -0.390805 0.022759
v 0.250635 -0.377633 0.023681
v 0.269546 -0.377706 0.022823
v 0.254768 -0.367282 0.024889
v 0.247080 -0.363632 0.040002
v 0.256106 -0.356164 0.029142
v 0.250443 -0.355939 0.046411
v 0.239342 -0.362986 0.061690
v 0.239224 -0.369630 0.054654
v 0.223121 -0.377061 0.069450
v 0.224788 -0.380855 0.060660
v 0.202827 -0.393382 0.063888
v 0.208010 -0.393983 0.055275
v 0.210904 -0.391771 0.046085
v 0.193227 -0.404453 0.036369
v 0.197866 -0.399761 0.028571
v 0.183879 -0.409888 0.012662
v 0.190255 -0.403276 0.008862
v 0.178362 -0.411775 -0.013421
v 0.186084 -0.405854 -0.013674
v 0.189538 -0.396704 -0.013448
v 0.183651 -0.403556 -0.040634
v 0.188354 -0.395374 -0.036876
v 0.187878 -0.385884 -0.033794
v 0.183254 -0.377994 -0.031674
v 0.192562 -0.389896 -0.060258
v 0.190960 -0.379948 -0.055397
v 0.184060 -0.373061 -0.053501
v 0.172850 -0.370936 -0.054515
v 0.174056 -0.375077 -0.031970
v 0.196660 -0.370033 -0.074351
v 0.188069 -0.363139 -0.072623
v 0.174997 -0.360933 -0.074480
v 0.159394 -0.362119 -0.076083
v 0.160434 -0.370891 -0.053708
v 0.193772 -0.354395 -0.084650
v 0.180229 -0.351184 -0.087426
v 0.163799 -0.350759 -0.090023
v 0.142242 -0.352227 -0.091362
v 0.142524 -0.364132 -0.072616
v 0.184758 -0.345176 -0.094646
v 0.170474 -0.345086 -0.098379
v 0.147564 -0.345359 -0.102787
v 0.173474 -0.338929 -0.104312
v 0.151748 -0.337877 -0.110661
v 0.117068 -0.329430 -0.115850
v 0.086464 -0.315562 -0.120454
v 0.155177 -0.330471 -0.116486
v 0.120788 -0.321537 -0.123060
v 0.088738 -0.307465 -0.128286
v 0.055869 -0.292300 -0.135924
v 0.056531 -0.295458 -0.125800
v 0.123760 -0.316202 -0.130108
v 0.088568 -0.306800 -0.138849
v 0.051942 -0.295500 -0.145392
v 0.012247 -0.284073 -0.142528
v 0.018240 -0.276262 -0.139621
v 0.086670 -0.311396 -0.147504
v 0.047060 -0.302885 -0.149416
v 0.007752 -0.292865 -0.139470
v -0.029309 -0.285581 -0.128994
v -0.024633 -0.275229 -0.131393
v 0.043622 -0.309902 -0.146530
v 0.004226 -0.302750 -0.136576
v -0.033463 -0.294239 -0.127500
v -0.071474 -0.275688 -0.127726
v -0.066710 -0.270275 -0.124536
v 0.002012 -0.312835 -0.133573
v -0.037940 -0.301915 -0.127443
v -0.074578 -0.281171 -0.131636
v -0.101625 -0.264431 -0.140013
v -0.101006 -0.257507 -0.134005
v -0.041676 -0.309234 -0.129389
v -0.077181 -0.288731 -0.136153
v -0.102456 -0.271323 -0.144828
v -0.126641 -0.252845 -0.155895
v -0.124603 -0.246537 -0.151842
v -0.080029 -0.295431 -0.136685
v -0.105379 -0.277758 -0.145608
v -0.131037 -0.259378 -0.154723
v -0.160498 -0.238299 -0.163504
v -0.154951 -0.231485 -0.167094
v -0.109175 -0.282348 -0.141261
v -0.135196 -0.264032 -0.149678
v -0.165186 -0.243461 -0.157496
v -0.199737 -0.219604 -0.161538
v -0.194944 -0.213747 -0.167778
v -0.138318 -0.267020 -0.142648
v -0.167476 -0.244993 -0.149144
v -0.199270 -0.217858 -0.151412
v -0.228705 -0.190989 -0.149566
v -0.230568 -0.193331 -0.159179
v -0.167397 -0.243573 -0.140137
v -0.196885 -0.213881 -0.142630
v -0.225752 -0.187161 -0.140022
v -0.255554 -0.165051 -0.135264
v -0.258531 -0.168531 -0.145237
v -0.194187 -0.209278 -0.133591
v -0.222792 -0.183133 -0.130029
v -0.252373 -0.161366 -0.125026
v -0.282441 -0.141272 -0.120813
v -0.285736 -0.145065 -0.130865
v -0.219794 -0.179029 -0.119073
v -0.248964 -0.157466 -0.114166
v -0.279230 -0.137425 -0.110332
v -0.311598 -0.120038 -0.106549
v -0.314433 -0.123659 -0.116655
v -0.245450 -0.153429 -0.102942
v -0.276183 -0.133519 -0.099504
v -0.309002 -0.116283 -0.096300
v -0.343474 -0.100268 -0.094104
v -0.345734 -0.104130 -0.103948
v -0.273323 -0.129624 -0.088844
v -0.306629 -0.112526 -0.086158
v -0.341297 -0.096353 -0.084297
v -0.376477 -0.080933 -0.083120
v -0.378518 -0.085044 -0.092849
v -0.304259 -0.108778 -0.076076
v -0.339131 -0.092439 -0.074589
v -0.374442 -0.076852 -0.073551
v -0.410340 -0.061305 -0.072911
v -0.412403 -0.065376 -0.082538
v -0.336944 -0.088471 -0.065060
v -0.372341 -0.072658 -0.064151
v -0.408275 -0.057217 -0.063451
v -0.442632 -0.040106 -0.063774
v -0.445009 -0.044249 -0.073029
v -0.369737 -0.067256 -0.055605
v -0.405921 -0.052526 -0.054813
v -0.439962 -0.035284 -0.055484
v -0.472166 -0.018341 -0.054617
v -0.475274 -0.023163 -0.062939
v -0.401695 -0.043630 -0.053530
v -0.435721 -0.027010 -0.054472
v -0.467697 -0.010224 -0.053461
v -0.498999 0.007107 -0.050486
v -0.503911 -0.000970 -0.052519
v -0.431551 -0.018561 -0.058805
v -0.463321 -0.001509 -0.057677
v -0.494420 0.015783 -0.055095
v -0.525052 0.034910 -0.053117
v -0.530215 0.026729 -0.049031
v -0.461626 0.002636 -0.065633
v -0.492938 0.019598 -0.063573
v -0.523413 0.038172 -0.061918
v -0.552918 0.060846 -0.060407
v -0.555225 0.057069 -0.051550
v -0.494563 0.018071 -0.073757
v -0.525078 0.036614 -0.072087
v -0.555284 0.058749 -0.070775
v -0.585082 0.081060 -0.068138
v -0.582881 0.082494 -0.057989
v -0.527665 0.033540 -0.081949
v -0.558295 0.055607 -0.080570
v -0.588142 0.078578 -0.077927
v -0.615309 0.103166 -0.074795
v -0.611860 0.105541 -0.065030
v -0.561432 0.052331 -0.090354
v -0.591379 0.075907 -0.087801
v -0.618823 0.100601 -0.084653
v -0.644107 0.127967 -0.081275
v -0.639724 0.130701 -0.071782
v -0.594570 0.073208 -0.097881
v -0.622307 0.098102 -0.094755
v -0.647960 0.125603 -0.091193
v -0.670143 0.156322 -0.088362
v -0.666618 0.158065 -0.078194
v -0.625779 0.095663 -0.105052
v -0.651394 0.123727 -0.101558
v -0.673411 0.154820 -0.098861
v -0.694047 0.186494 -0.096729
v -0.691155 0.187563 -0.085940
v -0.654810 0.121920 -0.111908
v -0.676953 0.153175 -0.109143
v -0.696872 0.185517 -0.107170
v -0.714723 0.218405 -0.105143
v -0.712369 0.218905 -0.094859
v -0.680469 0.151568 -0.119280
v -0.699715 0.184552 -0.117443
v -0.717210 0.217943 -0.115262
v -0.731177 0.252429 -0.112918
v -0.728645 0.252942 -0.103052
v -0.702853 0.183385 -0.127385
v -0.720125 0.217342 -0.125209
v -0.733948 0.251894 -0.122668
v -0.744063 0.287152 -0.121517
v -0.741068 0.287868 -0.112150
v -0.725324 0.215440 -0.133993
v -0.738140 0.251122 -0.132615
v -0.749466 0.286002 -0.129221
v -0.755440 0.321943 -0.130439
v -0.750735 0.322840 -0.122801
v -0.747078 0.248533 -0.135848
v -0.757635 0.284006 -0.132647
v -0.764707 0.320608 -0.133616
v -0.767160 0.359316 -0.135450
v -0.757546 0.359676 -0.132859
v -0.766388 0.281890 -0.130023
v -0.774080 0.319507 -0.131707
v -0.776357 0.359176 -0.132906
v -0.775516 0.398753 -0.134590
v -0.766040 0.398122 -0.137324
v -0.780082 0.318824 -0.124198
v -0.782861 0.359192 -0.125579
v -0.782577 0.399429 -0.127561
v -0.779074 0.439213 -0.129798
v -0.772389 0.437906 -0.137137
v -0.785648 0.359271 -0.116111
v -0.785712 0.400045 -0.118079
v -0.782191 0.440168 -0.120114
v -0.774444 0.479961 -0.122337
v -0.771656 0.478684 -0.132331
v -0.786656 0.400545 -0.107877
v -0.783603 0.440913 -0.109820
v -0.776716 0.481026 -0.112118
v -0.765391 0.520393 -0.115166
v -0.763093 0.518883 -0.125374
v -0.784902 0.441675 -0.099254
v -0.778912 0.482127 -0.101786
v -0.767552 0.521814 -0.104937
v -0.758105 0.561006 -0.108469
v -0.755021 0.559095 -0.118892
v -0.781041 0.483161 -0.091075
v -0.769440 0.523084 -0.094170
v -0.761127 0.562764 -0.097704
v -0.746950 0.599925 -0.099297
v -0.743486 0.597903 -0.109870
v -0.771857 0.524119 -0.083413
v -0.764072 0.564181 -0.086836
v -0.750320 0.602000 -0.088566
v -0.735006 0.640112 -0.091218
v -0.732243 0.637798 -0.101726
v -0.767000 0.565433 -0.076316
v -0.753540 0.604016 -0.078312
v -0.737663 0.642408 -0.080964
v -0.719901 0.679672 -0.085098
v -0.717035 0.676776 -0.094788
v -0.756071 0.605740 -0.068152
v -0.739499 0.644224 -0.070979
v -0.722009 0.682322 -0.075483
v -0.701575 0.720022 -0.081990
v -0.699833 0.717289 -0.091432
v -0.738576 0.644761 -0.061041
v -0.720983 0.683366 -0.065556
v -0.700209 0.720999 -0.073100
v -0.677847 0.759102 -0.080593
v -0.676964 0.755939 -0.088704
v -0.716180 0.682244 -0.056862
v -0.695227 0.719616 -0.064793
v -0.672686 0.756646 -0.072399
v -0.645028 0.786135 -0.081451
v -0.648679 0.788285 -0.088370
v -0.687708 0.716141 -0.059547
v -0.664955 0.751326 -0.068790
v -0.638748 0.780478 -0.077293
v -0.615987 0.800812 -0.083597
v -0.620381 0.806283 -0.088751
v -0.657865 0.745559 -0.069581
v -0.632046 0.774057 -0.075704
v -0.611248 0.793770 -0.081256
v -0.600521 0.812076 -0.087530
v -0.626305 0.766588 -0.079728
v -0.606655 0.785633 -0.083959
v -0.622885 0.760372 -0.087727
v -0.603062 0.778711 -0.090613
v -0.619837 0.755156 -0.097294
v -0.599901 0.771060 -0.098992
v -0.584214 0.785723 -0.097949
v -0.594687 0.764794 -0.108178
v -0.576734 0.776058 -0.108271
v -0.562014 0.785436 -0.104561
v -0.553766 0.786083 -0.088347
v -0.570309 0.765281 -0.115663
v -0.589676 0.756643 -0.115297
v -0.584532 0.748795 -0.120699
v -0.565350 0.756318 -0.120889
v -0.579876 0.742182 -0.126976
v -0.561638 0.750423 -0.126751
v -0.576305 0.738645 -0.135117
v -0.558784 0.747790 -0.134267
v -0.545888 0.754805 -0.133054
v -0.532539 0.758930 -0.131758
v -0.557760 0.749812 -0.142527
v -0.545632 0.757186 -0.140208
v -0.532490 0.761869 -0.139101
v -0.510757 0.761322 -0.142327
v -0.507066 0.756834 -0.132289
v -0.547257 0.762655 -0.145494
v -0.534440 0.767828 -0.145031
v -0.514582 0.768529 -0.151167
v -0.483625 0.773491 -0.153517
v -0.479254 0.765227 -0.142479
v -0.537358 0.775608 -0.148270
v -0.519138 0.778659 -0.158181
v -0.488299 0.785049 -0.161368
v -0.462906 0.793687 -0.159916
v -0.457726 0.782546 -0.152155
v -0.524573 0.792144 -0.161132
v -0.493367 0.798119 -0.164337
v -0.468633 0.805594 -0.163134
v -0.453466 0.815756 -0.155043
v -0.446588 0.806728 -0.152054
v -0.498213 0.812932 -0.162591
v -0.503316 0.829205 -0.156184
v -0.500071 0.846107 -0.143729
v -0.522996 0.856129 -0.123622
v -0.493294 0.859296 -0.123603
v -0.470546 0.856864 -0.120913
v -0.457123 0.856737 -0.122339
v -0.488714 0.865299 -0.104279
v -0.465634 0.869797 -0.102181
v -0.487068 0.870365 -0.093534
v -0.465207 0.875169 -0.089599
v -0.487261 0.879516 -0.086354
v -0.466955 0.882518 -0.082523
v -0.514238 0.867989 -0.094896
v -0.511929 0.875879 -0.086983
v -0.538571 0.862483 -0.090966
v -0.536822 0.868534 -0.081629
v -0.538887 0.879172 -0.077312
v -0.517862 0.864036 -0.107103
v -0.542642 0.858907 -0.103239
v -0.562968 0.852243 -0.094305
v -0.546917 0.851510 -0.117636
v -0.445092 0.853646 -0.122351
v -0.435926 0.844971 -0.119193
v -0.447405 0.828098 -0.138076
v -0.441380 0.821195 -0.133973
v -0.430722 0.833673 -0.114762
v -0.428693 0.836798 -0.097361
v -0.426134 0.815634 -0.098496
v -0.430445 0.798217 -0.104040
v -0.431547 0.772659 -0.108209
v -0.436121 0.779140 -0.114069
v -0.447025 0.757433 -0.111765
v -0.450101 0.765460 -0.117978
v -0.451599 0.770118 -0.127489
v -0.473792 0.757264 -0.120838
v -0.476516 0.761626 -0.130772
v -0.453641 0.774506 -0.140351
v -0.469768 0.748759 -0.114476
v -0.441006 0.746466 -0.109206
v -0.464447 0.735904 -0.112755
v -0.489547 0.731600 -0.109813
v -0.456762 0.720419 -0.108903
v -0.481096 0.711345 -0.105311
v -0.504391 0.714273 -0.093151
v -0.512112 0.740266 -0.097289
v -0.530875 0.729329 -0.077194
v -0.532807 0.755416 -0.086040
v -0.553532 0.749909 -0.061177
v -0.555127 0.772298 -0.076087
v -0.571459 0.763942 -0.039179
v -0.545816 0.703730 -0.047801
v -0.560511 0.710984 -0.020298
v -0.568627 0.712905 0.010969
v -0.586204 0.777280 -0.006439
v -0.563282 0.717574 0.049004
v -0.586894 0.783425 0.036528
v -0.595510 0.805890 0.030383
v -0.573506 0.788576 0.081400
v -0.582538 0.810472 0.077550
v -0.586447 0.820668 0.075367
v -0.598669 0.815864 0.027326
v -0.587763 0.829371 0.072944
v -0.600758 0.823840 0.024996
v -0.583726 0.836654 0.068183
v -0.596098 0.831331 0.022026
v -0.596258 0.828332 -0.023800
v -0.590538 0.837816 0.019318
v -0.589224 0.835567 -0.023609
v -0.591052 0.845547 0.017470
v -0.585622 0.843549 -0.023899
v -0.593746 0.855249 0.015083
v -0.582957 0.850859 0.061662
v -0.585877 0.860684 0.059251
v -0.588731 0.870702 0.056885
v -0.596768 0.865534 0.012314
v -0.591534 0.880539 0.054494
v -0.599416 0.875421 0.008168
v -0.593522 0.890519 0.051431
v -0.566899 0.887709 0.094437
v -0.568471 0.897662 0.091836
v -0.566839 0.906491 0.087138
v -0.591925 0.900153 0.047537
v -0.562546 0.913893 0.080387
v -0.586568 0.907800 0.042233
v -0.591384 0.904865 0.000975
v -0.574450 0.908481 -0.038983
v -0.578738 0.913354 0.036652
v -0.581770 0.911043 -0.000585
v -0.567172 0.914967 -0.034364
v -0.542175 0.920360 -0.050763
v -0.544344 0.916327 -0.059621
v -0.506794 0.927513 -0.065170
v -0.506008 0.921502 -0.073380
v -0.506012 0.931082 -0.054708
v -0.464208 0.942978 -0.040597
v -0.460974 0.940916 -0.050725
v -0.504805 0.933379 -0.042833
v -0.503533 0.934393 -0.028044
v -0.501848 0.935552 -0.006956
v -0.472113 0.943390 0.029369
v -0.480001 0.941136 0.057075
v -0.462924 0.945448 0.064322
v -0.453381 0.947456 0.036045
v -0.450185 0.947227 0.070893
v -0.439494 0.950150 0.040566
v -0.440028 0.947463 0.076728
v -0.428228 0.951973 0.044490
v -0.428807 0.951556 0.008847
v -0.418151 0.951122 0.047665
v -0.418788 0.952065 0.008488
v -0.431498 0.950361 -0.023464
v -0.440258 0.949990 -0.017930
v -0.408810 0.949021 0.008182
v -0.423590 0.947107 -0.027965
v -0.458798 0.937139 -0.059569
v -0.417309 0.942303 -0.032566
v -0.401342 0.942534 0.008710
v -0.395837 0.933692 0.009469
v -0.413294 0.934635 -0.037672
v -0.392558 0.922966 0.010473
v -0.407319 0.924311 -0.035584
v -0.391840 0.911813 0.012046
v -0.404063 0.914196 -0.032916
v -0.391195 0.900351 0.013538
v -0.402410 0.903365 -0.030460
v -0.387893 0.888493 0.014860
v -0.401119 0.892362 -0.029334
v -0.377878 0.883171 0.015831
v -0.391632 0.883261 -0.028815
v -0.414564 0.881049 -0.063547
v -0.381853 0.871472 -0.030597
v -0.405444 0.867278 -0.068614
v -0.375010 0.853473 -0.030275
v -0.366887 0.856037 0.018232
v -0.351420 0.808371 0.019609
v -0.362722 0.806703 -0.023944
v -0.371141 0.873379 0.017011
v -0.373442 0.872176 0.064467
v -0.369253 0.857826 0.066145
v -0.380158 0.882361 0.061648
v -0.396466 0.879042 0.098542
v -0.388468 0.870140 0.104478
v -0.389352 0.886701 0.057374
v -0.403866 0.883009 0.092711
v -0.425188 0.877002 0.120293
v -0.418941 0.873860 0.127926
v -0.393891 0.896427 0.054981
v -0.406965 0.891284 0.090566
v -0.429140 0.883758 0.116180
v -0.457593 0.873921 0.130471
v -0.454453 0.868403 0.138310
v -0.408345 0.901775 0.090094
v -0.431519 0.893978 0.115188
v -0.459923 0.884427 0.129395
v -0.490458 0.875259 0.131821
v -0.488051 0.865150 0.134199
v -0.433933 0.904029 0.114772
v -0.462189 0.894867 0.129052
v -0.492724 0.885581 0.131418
v -0.526884 0.876093 0.121896
v -0.524074 0.866270 0.122364
v -0.464615 0.905178 0.128674
v -0.494906 0.895905 0.131046
v -0.529328 0.886340 0.121421
v -0.563872 0.877630 0.096055
v -0.560384 0.867833 0.097240
v -0.497140 0.906437 0.130185
v -0.531462 0.896733 0.120476
v -0.498652 0.916315 0.126792
v -0.532492 0.906711 0.118198
v -0.499109 0.924649 0.119834
v -0.531451 0.915813 0.111995
v -0.498635 0.930317 0.110777
v -0.528802 0.922631 0.103872
v -0.524644 0.927650 0.094419
v -0.556972 0.918778 0.072650
v -0.519072 0.930832 0.082963
v -0.549381 0.923082 0.063392
v -0.568383 0.917958 0.030784
v -0.473956 0.932229 0.117453
v -0.477043 0.936471 0.107853
v -0.451017 0.938957 0.104731
v -0.457863 0.942867 0.097464
v -0.430704 0.945915 0.082212
v -0.444748 0.932587 0.110633
v -0.422267 0.940891 0.086801
v -0.408167 0.947192 0.050358
v -0.416051 0.932505 0.089336
v -0.401074 0.939692 0.052165
v -0.412011 0.922769 0.090072
v -0.397409 0.929584 0.053143
v -0.409626 0.912236 0.090159
v -0.395590 0.918582 0.053499
v -0.394744 0.907609 0.054069
v -0.436786 0.914120 0.114413
v -0.439963 0.923790 0.113747
v -0.467139 0.915518 0.127805
v -0.470354 0.925211 0.124772
v -0.557195 0.858302 0.098386
v -0.580933 0.842875 0.063967
v -0.555448 0.849805 0.100809
v -0.522072 0.856997 0.125110
v -0.557227 0.843063 0.105789
v -0.523072 0.850906 0.131713
v -0.487126 0.859382 0.143326
v -0.526121 0.844208 0.141017
v -0.487481 0.855243 0.154212
v -0.450271 0.865429 0.149092
v -0.485125 0.846197 0.158484
v -0.446547 0.856690 0.153474
v -0.413355 0.865099 0.133905
v -0.442452 0.843386 0.155525
v -0.408747 0.850250 0.136649
v -0.383015 0.855418 0.106871
v -0.400111 0.812604 0.136680
v -0.372860 0.810355 0.103548
v -0.355212 0.809257 0.064622
v -0.356409 0.754576 0.103356
v -0.337288 0.753115 0.064661
v -0.333117 0.756623 0.022416
v -0.351425 0.732057 0.064859
v -0.348840 0.734479 0.026612
v -0.346444 0.737457 -0.014392
v -0.339209 0.760449 -0.020656
v -0.357477 0.732187 -0.046740
v -0.358111 0.765055 -0.058902
v -0.375054 0.725637 -0.067342
v -0.383498 0.760946 -0.084044
v -0.396623 0.719346 -0.084047
v -0.407379 0.746961 -0.099290
v -0.422759 0.763440 -0.104131
v -0.432035 0.731984 -0.105474
v -0.421871 0.711147 -0.094206
v -0.447235 0.702275 -0.094779
v -0.399830 0.651147 -0.091740
v -0.425258 0.647006 -0.093583
v -0.449853 0.643409 -0.088675
v -0.468942 0.696891 -0.090052
v -0.472971 0.642216 -0.078230
v -0.490158 0.696269 -0.080252
v -0.495584 0.643555 -0.060159
v -0.519817 0.699948 -0.068360
v -0.514333 0.641463 -0.035315
v -0.452463 0.523878 -0.059538
v -0.471055 0.520864 -0.032070
v -0.483511 0.521110 -0.000806
v -0.526972 0.639604 -0.006720
v -0.488681 0.524052 0.033971
v -0.531108 0.640113 0.025989
v -0.481284 0.531668 0.068734
v -0.526134 0.645133 0.059524
v -0.468601 0.543110 0.098362
v -0.513399 0.653408 0.092402
v -0.546330 0.721849 0.089032
v -0.490132 0.662733 0.118170
v -0.520672 0.726953 0.124755
v -0.546768 0.795265 0.119065
v -0.488973 0.734220 0.146710
v -0.512305 0.802572 0.146251
v -0.520933 0.824639 0.144775
v -0.556179 0.816781 0.116820
v -0.524837 0.835314 0.144323
v -0.560503 0.827042 0.115689
v -0.561724 0.835859 0.113202
v -0.481429 0.833882 0.159496
v -0.473245 0.808199 0.158707
v -0.434905 0.811760 0.155361
v -0.454132 0.741326 0.156433
v -0.418617 0.748377 0.150653
v -0.386007 0.753850 0.131272
v -0.405708 0.696510 0.139873
v -0.380416 0.709439 0.123239
v -0.362329 0.723508 0.097600
v -0.356483 0.619188 0.122059
v -0.338658 0.636213 0.099224
v -0.327278 0.652657 0.071049
v -0.298887 0.515657 0.100193
v -0.285128 0.529415 0.071299
v -0.281283 0.537676 0.035381
v -0.326057 0.667037 0.032777
v -0.283000 0.542801 0.000145
v -0.331457 0.673164 -0.008189
v -0.293603 0.543553 -0.031997
v -0.340813 0.666981 -0.038566
v -0.313308 0.540621 -0.058586
v -0.357366 0.661040 -0.062872
v -0.335863 0.537481 -0.077500
v -0.377633 0.655513 -0.080501
v -0.359163 0.534012 -0.089671
v -0.281037 0.419773 -0.075862
v -0.304620 0.415778 -0.088888
v -0.329575 0.410423 -0.092813
v -0.383505 0.530593 -0.093408
v -0.354323 0.405577 -0.090492
v -0.407899 0.528756 -0.089004
v -0.377400 0.401086 -0.078596
v -0.431630 0.528378 -0.077664
v -0.399400 0.396649 -0.060893
v -0.310294 0.281678 -0.080336
v -0.332534 0.274595 -0.059408
v -0.352044 0.269581 -0.030396
v -0.418995 0.392161 -0.032953
v -0.366811 0.266384 0.004694
v -0.432426 0.390746 0.001661
v -0.370155 0.269120 0.039859
v -0.435232 0.395713 0.037683
v -0.363756 0.277145 0.074728
v -0.429672 0.404206 0.073299
v -0.349984 0.290624 0.104960
v -0.415053 0.417411 0.103465
v -0.331742 0.307502 0.124756
v -0.397865 0.432075 0.124504
v -0.450861 0.557960 0.120757
v -0.377259 0.447633 0.136883
v -0.428663 0.571525 0.135206
v -0.463374 0.674156 0.133417
v -0.403621 0.587341 0.140255
v -0.434637 0.684665 0.140645
v -0.378452 0.603358 0.137039
v -0.356514 0.464987 0.140566
v -0.335327 0.483495 0.136778
v -0.315672 0.500669 0.122639
v -0.276144 0.363501 0.135500
v -0.258853 0.380874 0.122802
v -0.243749 0.396968 0.100779
v -0.178954 0.269886 0.119996
v -0.165605 0.290803 0.095726
v -0.157241 0.309517 0.065752
v -0.230039 0.412759 0.072250
v -0.155826 0.321223 0.037077
v -0.226372 0.422219 0.038152
v -0.160186 0.326993 0.007913
v -0.227796 0.427458 0.004518
v -0.173159 0.326147 -0.022520
v -0.240059 0.427319 -0.028144
v -0.191924 0.320284 -0.051023
v -0.259484 0.423869 -0.055526
v -0.212674 0.313685 -0.073996
v -0.120367 0.252573 -0.047040
v -0.140792 0.239736 -0.071635
v -0.162816 0.223282 -0.086057
v -0.236087 0.305942 -0.087090
v -0.260726 0.298462 -0.092898
v -0.285861 0.290520 -0.088868
v -0.074373 0.201800 -0.077282
v -0.087118 0.175727 -0.095462
v -0.013913 0.191347 -0.078869
v -0.015279 0.165221 -0.100502
v 0.048017 0.210966 -0.074059
v 0.054288 0.183662 -0.093507
v 0.138145 0.285547 -0.071884
v 0.150095 0.263165 -0.085925
v 0.164802 0.238275 -0.089654
v 0.226814 0.369830 -0.088565
v 0.240547 0.348581 -0.093000
v 0.253674 0.327826 -0.089113
v 0.171442 0.214442 -0.089249
v 0.269353 0.307488 -0.078309
v 0.191664 0.194625 -0.080384
v 0.282594 0.288415 -0.057488
v 0.208222 0.173586 -0.060796
v 0.122967 0.049434 -0.065005
v 0.221455 0.153598 -0.035690
v 0.137559 0.037050 -0.040519
v 0.086855 -0.083892 -0.041377
v 0.072262 -0.081318 -0.064634
v 0.073265 -0.208656 -0.045910
v 0.060065 -0.202196 -0.067223
v 0.041817 -0.194927 -0.081169
v 0.017456 -0.188396 -0.085578
v 0.055890 -0.278675 -0.075729
v 0.035420 -0.261185 -0.086888
v 0.008032 -0.237286 -0.088662
v -0.027646 -0.202426 -0.086109
v -0.022101 -0.177218 -0.085796
v 0.029410 -0.275809 -0.088454
v 0.002766 -0.247548 -0.090163
v -0.032672 -0.214940 -0.087208
v -0.074895 -0.198373 -0.087499
v -0.002719 -0.254407 -0.091876
v -0.036856 -0.224609 -0.090128
v -0.077215 -0.206571 -0.092151
v -0.111073 -0.192089 -0.097041
v -0.111346 -0.189182 -0.091570
v -0.039526 -0.231172 -0.096107
v -0.077437 -0.210526 -0.099094
v -0.111211 -0.195357 -0.102052
v -0.138545 -0.180673 -0.103107
v -0.136976 -0.177397 -0.097382
v -0.078070 -0.213609 -0.105728
v -0.111455 -0.199265 -0.106947
v -0.140191 -0.185140 -0.108413
v -0.167737 -0.167362 -0.107156
v -0.164437 -0.162632 -0.100287
v -0.112811 -0.204761 -0.111525
v -0.142256 -0.190436 -0.113204
v -0.170806 -0.171413 -0.114360
v -0.197469 -0.147232 -0.112145
v -0.194204 -0.143472 -0.103437
v -0.144374 -0.195612 -0.118320
v -0.173748 -0.175487 -0.121816
v -0.200592 -0.151065 -0.121451
v -0.230942 -0.129320 -0.117790
v -0.227726 -0.125266 -0.108026
v -0.175860 -0.179253 -0.130044
v -0.203440 -0.154839 -0.131002
v -0.234122 -0.133138 -0.127940
v -0.265657 -0.112371 -0.124498
v -0.262681 -0.108437 -0.114270
v -0.206106 -0.158709 -0.140390
v -0.237234 -0.136776 -0.137990
v -0.268775 -0.115992 -0.134487
v -0.302038 -0.098128 -0.130544
v -0.299191 -0.094433 -0.120728
v -0.240250 -0.140248 -0.147646
v -0.272007 -0.119481 -0.144433
v -0.305037 -0.101846 -0.140322
v -0.338632 -0.085660 -0.137605
v -0.336150 -0.082050 -0.127923
v -0.275187 -0.122900 -0.154030
v -0.308143 -0.105824 -0.149447
v -0.341242 -0.089674 -0.146985
v -0.375227 -0.073920 -0.146074
v -0.372979 -0.069983 -0.136398
v -0.311875 -0.111057 -0.157425
v -0.344372 -0.095127 -0.154857
v -0.378021 -0.079124 -0.154447
v -0.413101 -0.063062 -0.153656
v -0.410423 -0.057703 -0.145213
v -0.348558 -0.103029 -0.159410
v -0.382181 -0.087540 -0.158903
v -0.417137 -0.071734 -0.157373
v -0.452293 -0.055582 -0.156561
v -0.448368 -0.047567 -0.152198
v -0.386292 -0.096662 -0.156975
v -0.421243 -0.080805 -0.155386
v -0.456796 -0.064706 -0.156325
v -0.491348 -0.046110 -0.155875
v -0.486604 -0.037652 -0.156532
v -0.424357 -0.088029 -0.149368
v -0.460110 -0.071774 -0.150104
v -0.424749 -0.089399 -0.140076
v -0.460371 -0.072591 -0.140345
v -0.422752 -0.085595 -0.130656
v -0.458412 -0.068844 -0.130615
v -0.420679 -0.081645 -0.121142
v -0.456300 -0.064788 -0.121040
v -0.491071 -0.047440 -0.120944
v -0.522141 -0.031387 -0.119708
v -0.454166 -0.060627 -0.111362
v -0.488571 -0.043421 -0.111202
v -0.520150 -0.027072 -0.109922
v -0.554611 -0.006782 -0.107290
v -0.557636 -0.010641 -0.116989
v -0.486050 -0.039256 -0.101237
v -0.517814 -0.022683 -0.099847
v -0.551535 -0.002878 -0.097489
v -0.584935 0.022084 -0.095616
v -0.588236 0.018561 -0.105370
v -0.515227 -0.018314 -0.089782
v -0.548472 0.001215 -0.087725
v -0.581655 0.025555 -0.085987
v -0.613235 0.050567 -0.083770
v -0.616855 0.047325 -0.093589
v -0.545511 0.005276 -0.078051
v -0.578381 0.028994 -0.076429
v -0.609534 0.053745 -0.074044
v -0.637898 0.080194 -0.070946
v -0.641962 0.077511 -0.081067
v -0.575079 0.032468 -0.066914
v -0.605704 0.056910 -0.064530
v -0.633953 0.082873 -0.061203
v -0.659834 0.112060 -0.057563
v -0.663963 0.109797 -0.067321
v -0.601603 0.060402 -0.055267
v -0.629691 0.085973 -0.051975
v -0.655530 0.114512 -0.048391
v -0.680977 0.143883 -0.042848
v -0.685169 0.142020 -0.052653
v -0.624160 0.090614 -0.044473
v -0.649894 0.118343 -0.040508
v -0.674861 0.147351 -0.034989
v -0.696968 0.180281 -0.031709
v -0.702563 0.177211 -0.039897
v -0.642788 0.124391 -0.038632
v -0.667379 0.153094 -0.035366
v -0.689277 0.185312 -0.030165
v -0.717972 0.214340 -0.030699
v -0.660161 0.159239 -0.040609
v -0.681845 0.190696 -0.036024
v -0.656306 0.163125 -0.048690
v -0.677968 0.193935 -0.045288
v -0.658818 0.162249 -0.058500
v -0.680460 0.192815 -0.055544
v -0.701435 0.224381 -0.053499
v -0.716333 0.257143 -0.052654
v -0.684131 0.190921 -0.065417
v -0.704216 0.222618 -0.063448
v -0.718717 0.256237 -0.062748
v -0.733700 0.290246 -0.061660
v -0.731502 0.290987 -0.051778
v -0.707380 0.220855 -0.073680
v -0.721410 0.255112 -0.072908
v -0.735779 0.289412 -0.071609
v -0.746746 0.325871 -0.072492
v -0.744834 0.326838 -0.062619
v -0.723823 0.254203 -0.083158
v -0.737156 0.288904 -0.081844
v -0.747837 0.325152 -0.082543
v -0.752173 0.363112 -0.084561
v -0.752054 0.363829 -0.074367
v -0.738039 0.288583 -0.092051
v -0.748435 0.324586 -0.092775
v -0.752172 0.362435 -0.094846
v -0.751843 0.400487 -0.097457
v -0.753176 0.401339 -0.087056
v -0.749182 0.323964 -0.102914
v -0.752193 0.361710 -0.105162
v -0.750619 0.399599 -0.107803
v -0.748211 0.437389 -0.110473
v -0.749085 0.438438 -0.100119
v -0.752291 0.360985 -0.115306
v -0.749587 0.398732 -0.118058
v -0.747432 0.436382 -0.120733
v -0.741114 0.473356 -0.123402
v -0.742155 0.474578 -0.113361
v -0.749765 0.397935 -0.128131
v -0.747392 0.435505 -0.131012
v -0.742707 0.472828 -0.133023
v -0.731753 0.508508 -0.136829
v -0.730336 0.509115 -0.127110
v -0.753180 0.435557 -0.138717
v -0.748076 0.473318 -0.140423
v -0.737777 0.509608 -0.144617
v -0.724830 0.546151 -0.148858
v -0.718772 0.544692 -0.141083
v -0.757159 0.474793 -0.144138
v -0.746730 0.512156 -0.146691
v -0.734350 0.549413 -0.150870
v -0.721049 0.586869 -0.154053
v -0.711545 0.583411 -0.151070
v -0.754896 0.515070 -0.142669
v -0.743065 0.552850 -0.147349
v -0.729274 0.590244 -0.149171
v -0.714584 0.626742 -0.150475
v -0.706497 0.622797 -0.153299
v -0.748576 0.555396 -0.138780
v -0.733679 0.592405 -0.140146
v -0.720249 0.629673 -0.142306
v -0.701174 0.663650 -0.143308
v -0.696912 0.660691 -0.151492
v -0.736882 0.594236 -0.130329
v -0.723628 0.631627 -0.132597
v -0.704411 0.666179 -0.134185
v -0.682579 0.699137 -0.137703
v -0.678826 0.695638 -0.146358
v -0.726482 0.633458 -0.122555
v -0.707459 0.668559 -0.124684
v -0.686221 0.702644 -0.128745
v -0.660167 0.733619 -0.132643
v -0.656284 0.729143 -0.141365
v -0.710699 0.671106 -0.114884
v -0.689916 0.706326 -0.119463
v -0.664073 0.738263 -0.123611
v -0.635269 0.765558 -0.126612
v -0.630863 0.760127 -0.134075
v -0.693471 0.710150 -0.109974
v -0.667784 0.742854 -0.114746
v -0.639110 0.770732 -0.119188
v -0.613516 0.792511 -0.122989
v -0.609184 0.786818 -0.128625
v -0.671220 0.747356 -0.106083
v -0.642530 0.775679 -0.111578
v -0.617525 0.798039 -0.117226
v -0.597547 0.811585 -0.117346
v -0.593866 0.806391 -0.122562
v -0.645925 0.780698 -0.104335
v -0.620614 0.802916 -0.110612
v -0.600462 0.815769 -0.111336
v -0.582741 0.824086 -0.120236
v -0.622819 0.806840 -0.103504
v -0.602245 0.818437 -0.105400
v -0.623197 0.808885 -0.095350
v -0.602977 0.819010 -0.098717
v -0.602449 0.816910 -0.092705
v -0.648703 0.785619 -0.097042
v -0.674361 0.751720 -0.097582
v -0.696888 0.713808 -0.100668
v -0.713969 0.673901 -0.104703
v -0.729455 0.635574 -0.112340
v -0.740103 0.596026 -0.120241
v -0.751928 0.557224 -0.128951
v -0.760138 0.517221 -0.135056
v -0.766571 0.476900 -0.140895
v -0.763291 0.436566 -0.140446
v -0.756339 0.397741 -0.135072
v -0.752863 0.360254 -0.125396
v -0.749815 0.323401 -0.112941
v -0.739165 0.288285 -0.102195
v -0.726152 0.253516 -0.093042
v -0.710085 0.219625 -0.084308
v -0.688019 0.188960 -0.075422
v -0.662656 0.160181 -0.068324
v -0.635763 0.133008 -0.062018
v -0.633468 0.134092 -0.052098
v -0.609266 0.106889 -0.054906
v -0.636545 0.130608 -0.043930
v -0.611234 0.103847 -0.046292
v -0.584380 0.079751 -0.049268
v -0.617435 0.097003 -0.041088
v -0.590254 0.072436 -0.044575
v -0.561052 0.049257 -0.048589
v -0.596840 0.064938 -0.046968
v -0.566771 0.041908 -0.050976
v -0.535834 0.018351 -0.051042
v -0.571510 0.036285 -0.057794
v -0.539435 0.013364 -0.059322
v -0.507103 -0.005721 -0.061144
v -0.542519 0.009299 -0.068570
v -0.509874 -0.009937 -0.070473
v -0.478023 -0.027263 -0.072157
v -0.512551 -0.014047 -0.080007
v -0.480713 -0.031201 -0.081639
v -0.447367 -0.048303 -0.082489
v -0.483410 -0.035179 -0.091355
v -0.449712 -0.052372 -0.092075
v -0.414474 -0.069482 -0.092267
v -0.451986 -0.056475 -0.101705
v -0.416532 -0.073539 -0.101918
v -0.380632 -0.089101 -0.102571
v -0.418595 -0.077604 -0.111531
v -0.382838 -0.093113 -0.112308
v -0.348084 -0.107948 -0.113757
v -0.385060 -0.097042 -0.121973
v -0.350500 -0.111732 -0.123584
v -0.317368 -0.127318 -0.126604
v -0.352947 -0.115419 -0.133214
v -0.320294 -0.131125 -0.136299
v -0.288950 -0.148747 -0.140629
v -0.323112 -0.134786 -0.146067
v -0.291800 -0.152131 -0.150479
v -0.261120 -0.171381 -0.155137
v -0.291880 -0.150715 -0.159577
v -0.260435 -0.169312 -0.164151
v -0.228561 -0.190463 -0.167471
v -0.256099 -0.161943 -0.170272
v -0.223768 -0.183745 -0.173399
v -0.189816 -0.207247 -0.172430
v -0.218371 -0.176243 -0.173069
v -0.184845 -0.200192 -0.171552
v -0.150786 -0.224225 -0.164637
v -0.181650 -0.194624 -0.165430
v -0.150728 -0.219949 -0.157157
v -0.124386 -0.239855 -0.144680
v -0.149974 -0.214826 -0.148891
v -0.124393 -0.233201 -0.137294
v -0.098107 -0.251420 -0.128404
v -0.123327 -0.227111 -0.130196
v -0.093253 -0.245555 -0.123724
v -0.059662 -0.262804 -0.123813
v -0.088855 -0.239330 -0.121019
v -0.054284 -0.254345 -0.124583
v -0.019892 -0.265502 -0.132468
v -0.049858 -0.245554 -0.124647
v -0.014253 -0.257965 -0.129151
v 0.023390 -0.273707 -0.130204
v -0.008629 -0.255186 -0.121450
v 0.026221 -0.276722 -0.120062
v 0.054078 -0.302664 -0.117984
v -0.004945 -0.257044 -0.113499
v -0.041777 -0.234559 -0.113686
v -0.039946 -0.233239 -0.104938
v -0.004459 -0.261961 -0.104889
v -0.045276 -0.237940 -0.120619
v -0.082159 -0.224550 -0.116712
v -0.079736 -0.217660 -0.111855
v -0.084899 -0.231826 -0.118922
v -0.117289 -0.216423 -0.118934
v -0.114892 -0.210918 -0.115174
v -0.120399 -0.221659 -0.123288
v -0.147869 -0.205108 -0.130733
v -0.146392 -0.200522 -0.124116
v -0.149158 -0.210019 -0.140039
v -0.178483 -0.186404 -0.147799
v -0.177347 -0.182745 -0.138764
v -0.179718 -0.190344 -0.156851
v -0.211173 -0.166296 -0.158533
v -0.208619 -0.162545 -0.149623
v -0.214123 -0.170455 -0.166732
v -0.246664 -0.147948 -0.165460
v -0.243248 -0.143727 -0.156911
v -0.251122 -0.154090 -0.171622
v -0.283739 -0.134518 -0.168537
v -0.279042 -0.127663 -0.162834
v -0.288521 -0.143329 -0.166176
v -0.320592 -0.126998 -0.160392
v -0.316313 -0.118405 -0.161694
v -0.323684 -0.134211 -0.154760
v -0.355929 -0.118930 -0.152021
v -0.352782 -0.111815 -0.157883
v -0.355349 -0.119000 -0.142956
v -0.389281 -0.104444 -0.141065
v -0.389375 -0.103866 -0.150441
v -0.387236 -0.100850 -0.131478
v -0.006716 -0.260576 -0.095551
v 0.024143 -0.285121 -0.091210
v 0.051641 -0.296612 -0.081081
v 0.045722 -0.307556 -0.086772
v 0.071075 -0.319460 -0.067247
v 0.065858 -0.332962 -0.074888
v 0.066661 -0.340288 -0.086482
v 0.092620 -0.357510 -0.069603
v 0.117301 -0.366446 -0.055089
v 0.128825 -0.372820 -0.036533
v 0.137978 -0.372287 -0.044699
v 0.127444 -0.365011 -0.064577
v 0.148497 -0.371411 -0.050616
v 0.148001 -0.376715 -0.025070
v 0.156158 -0.376544 -0.028641
v 0.165297 -0.375368 -0.031182
v 0.163113 -0.376531 -0.006456
v 0.155978 -0.379165 -0.003888
v 0.163576 -0.375589 0.017905
v 0.171405 -0.372879 0.015368
v 0.173640 -0.367697 0.036360
v 0.180827 -0.365883 0.031073
v 0.197281 -0.353632 0.034151
v 0.205009 -0.342452 0.037799
v 0.205085 -0.339804 0.028849
v 0.197489 -0.348540 0.025192
v 0.195678 -0.332175 0.023649
v 0.187336 -0.339988 0.022953
v 0.181950 -0.346277 0.018494
v 0.169961 -0.323346 0.022061
v 0.163264 -0.327186 0.017072
v 0.162235 -0.328118 0.006771
v 0.148697 -0.291181 0.017028
v 0.146849 -0.290869 0.005847
v 0.146648 -0.290486 -0.004686
v 0.162890 -0.329194 -0.004001
v 0.146790 -0.289995 -0.014646
v 0.163061 -0.329342 -0.014592
v 0.184873 -0.352119 -0.010835
v 0.158471 -0.242091 -0.004061
v 0.158937 -0.242512 -0.013963
v 0.197264 -0.196063 -0.005279
v 0.197301 -0.196879 -0.015041
v 0.246514 -0.143114 -0.007191
v 0.246294 -0.143661 -0.016950
v 0.295168 -0.090835 -0.006741
v 0.295294 -0.091121 -0.016480
v 0.295776 -0.091851 -0.026223
v 0.344195 -0.041111 -0.012991
v 0.344816 -0.040722 -0.023512
v 0.348383 -0.043009 -0.033488
v 0.390972 -0.008142 -0.016547
v 0.394954 -0.009929 -0.027997
v 0.401600 -0.018168 -0.035558
v 0.434428 -0.001210 -0.018404
v 0.437383 -0.005255 -0.030500
v 0.443301 -0.014961 -0.037835
v 0.410468 -0.029721 -0.037179
v 0.452480 -0.027467 -0.039109
v 0.464965 -0.001875 -0.047141
v 0.471034 -0.016800 -0.056869
v 0.483107 -0.030876 -0.062830
v 0.463289 -0.042246 -0.045250
v 0.487939 -0.006381 -0.062816
v 0.499403 -0.020714 -0.067439
v 0.511828 -0.031227 -0.069310
v 0.509826 -0.012759 -0.066224
v 0.521983 -0.022041 -0.068091
v 0.534136 -0.028609 -0.066256
v 0.517915 -0.006334 -0.060880
v 0.506721 0.005946 -0.055915
v 0.512832 0.007233 -0.046025
v 0.523723 -0.002968 -0.050822
v 0.498082 0.000993 -0.061561
v 0.487504 0.014515 -0.049436
v 0.494997 0.017744 -0.045253
v 0.478951 0.008217 -0.050248
v 0.469929 0.020184 -0.034752
v 0.478663 0.025955 -0.033541
v 0.459083 0.009385 -0.033541
v 0.454367 0.013963 -0.016473
v 0.464547 0.024803 -0.016406
v 0.471713 0.031645 0.002537
v 0.473302 0.030059 -0.015898
v 0.480879 0.033412 0.002984
v 0.482242 0.030725 -0.013919
v 0.486731 0.026982 -0.030116
v 0.490094 0.028254 -0.011564
v 0.494713 0.024201 -0.025342
v 0.502316 0.016686 -0.037017
v 0.501871 0.019913 -0.019141
v 0.508995 0.013288 -0.027439
v 0.518313 0.005271 -0.034950
v 0.516595 0.011679 -0.019132
v 0.525960 0.004941 -0.025588
v 0.535207 -0.001626 -0.031724
v 0.528654 -0.002873 -0.040447
v 0.542688 -0.006885 -0.037255
v 0.542392 0.006164 -0.028618
v 0.549432 0.000329 -0.034412
v 0.555643 -0.005632 -0.039607
v 0.555478 0.011234 -0.034964
v 0.561936 0.005318 -0.039916
v 0.568334 -0.000305 -0.043119
v 0.569322 0.020072 -0.041592
v 0.575739 0.014164 -0.045146
v 0.582636 0.008489 -0.045316
v 0.574610 -0.005402 -0.041974
v 0.588883 0.004425 -0.041376
v 0.579876 -0.009229 -0.038181
v 0.572661 -0.020938 -0.037154
v 0.583806 -0.011295 -0.031830
v 0.576814 -0.022637 -0.030487
v 0.571860 -0.032932 -0.031231
v 0.567623 -0.031291 -0.038992
v 0.571389 -0.042223 -0.033831
v 0.566175 -0.039591 -0.043179
v 0.567258 -0.052302 -0.034641
v 0.560778 -0.049820 -0.044033
v 0.558919 -0.063153 -0.032556
v 0.571189 -0.053420 -0.022972
v 0.563027 -0.063963 -0.021561
v 0.551787 -0.073760 -0.019474
v 0.547810 -0.073450 -0.028932
v 0.541468 -0.089009 -0.018466
v 0.539871 -0.088113 -0.026960
v 0.550098 -0.114644 -0.021101
v 0.547853 -0.112215 -0.030660
v 0.552298 -0.158650 -0.023150
v 0.551157 -0.155471 -0.033237
v 0.520978 -0.212252 -0.022621
v 0.520557 -0.209844 -0.031875
v 0.472909 -0.268484 -0.021869
v 0.472653 -0.267670 -0.031092
v 0.421908 -0.323217 -0.021022
v 0.472873 -0.268826 -0.012208
v 0.422321 -0.323013 -0.011514
v 0.472992 -0.268853 -0.002591
v 0.422419 -0.322952 -0.002024
v 0.373660 -0.377171 -0.001598
v 0.422236 -0.322739 0.007431
v 0.372751 -0.376714 0.008205
v 0.421538 -0.321757 0.016855
v 0.369855 -0.374322 0.017171
v 0.416766 -0.317369 0.022725
v 0.365076 -0.369912 0.021672
v 0.309423 -0.401226 0.022379
v 0.357808 -0.363474 0.022588
v 0.305135 -0.392830 0.022695
v 0.350153 -0.356752 0.022756
v 0.299168 -0.381141 0.022793
v 0.340335 -0.349902 0.022755
v 0.294284 -0.368686 0.022767
v 0.270364 -0.364014 0.022794
v 0.286393 -0.349683 0.021944
v 0.267185 -0.346264 0.022184
v 0.255312 -0.343638 0.035907
v 0.254938 -0.328224 0.028962
v 0.246901 -0.331614 0.040867
v 0.240850 -0.337328 0.054433
v 0.248278 -0.346425 0.051450
v 0.230011 -0.347132 0.068133
v 0.235996 -0.355123 0.066243
v 0.212644 -0.361609 0.079593
v 0.218865 -0.370034 0.076890
v 0.189787 -0.381224 0.073003
v 0.195966 -0.389118 0.070752
v 0.172918 -0.396578 0.050729
v 0.179606 -0.402445 0.047846
v 0.186228 -0.404927 0.043416
v 0.168460 -0.410987 0.019059
v 0.176072 -0.412685 0.016160
v 0.161960 -0.412307 -0.011009
v 0.169599 -0.414266 -0.012239
v 0.165139 -0.408563 -0.047343
v 0.175492 -0.408369 -0.044314
v 0.164416 -0.400423 -0.073746
v 0.176573 -0.401408 -0.070878
v 0.187265 -0.398301 -0.066308
v 0.180137 -0.387985 -0.090955
v 0.191086 -0.385387 -0.086489
v 0.197309 -0.378845 -0.080086
v 0.196813 -0.376169 -0.099038
v 0.202860 -0.369283 -0.092099
v 0.202991 -0.361435 -0.085779
v 0.206807 -0.362456 -0.099409
v 0.207083 -0.354668 -0.093349
v 0.198380 -0.348338 -0.091917
v 0.209224 -0.348888 -0.099784
v 0.201823 -0.342602 -0.096861
v 0.188596 -0.339471 -0.099309
v 0.176927 -0.332334 -0.109778
v 0.180512 -0.327102 -0.116297
v 0.158270 -0.325122 -0.123087
v 0.183219 -0.327998 -0.123414
v 0.160587 -0.325174 -0.130315
v 0.124642 -0.319555 -0.139204
v 0.161498 -0.331177 -0.136113
v 0.124639 -0.325928 -0.146462
v 0.083625 -0.318817 -0.151695
v 0.123657 -0.334526 -0.149038
v 0.080353 -0.326628 -0.149293
v 0.039920 -0.318413 -0.142832
v 0.077457 -0.334034 -0.145196
v 0.037305 -0.327900 -0.138585
v 0.000099 -0.323219 -0.131431
v 0.036029 -0.338209 -0.134968
v -0.002938 -0.334168 -0.129200
v -0.045674 -0.317092 -0.130575
v -0.007233 -0.342824 -0.126984
v -0.049496 -0.321948 -0.125985
v -0.083183 -0.300083 -0.131889
v -0.052739 -0.324987 -0.118505
v -0.086088 -0.303007 -0.125030
v -0.111473 -0.284832 -0.134710
v -0.088671 -0.303022 -0.117519
v -0.112566 -0.285621 -0.127559
v -0.139200 -0.267314 -0.134479
v -0.137440 -0.265838 -0.126369
v -0.164380 -0.239987 -0.131797
v -0.134414 -0.262709 -0.119821
v -0.160566 -0.236446 -0.123825
v -0.191720 -0.205044 -0.124214
v -0.157648 -0.232033 -0.115674
v -0.188875 -0.200334 -0.113312
v -0.216333 -0.174852 -0.107427
v -0.185238 -0.195205 -0.101006
v -0.212374 -0.170697 -0.095357
v -0.241934 -0.149364 -0.091649
v -0.208124 -0.166505 -0.082995
v -0.238476 -0.145305 -0.080607
v -0.270507 -0.125759 -0.078340
v -0.234698 -0.140648 -0.070391
v -0.267562 -0.121752 -0.068185
v -0.301791 -0.104811 -0.066257
v -0.264074 -0.116525 -0.059527
v -0.298602 -0.099074 -0.058170
v -0.333957 -0.082643 -0.056868
v -0.294417 -0.090645 -0.056652
v -0.330166 -0.074592 -0.054543
v -0.366060 -0.059045 -0.053224
v -0.326991 -0.067150 -0.060403
v -0.362839 -0.051697 -0.059014
v -0.397904 -0.035464 -0.058670
v -0.360817 -0.046834 -0.067561
v -0.395935 -0.030948 -0.067157
v -0.429418 -0.013816 -0.066666
v -0.396009 -0.030750 -0.077193
v -0.430251 -0.014722 -0.076672
v -0.463020 0.001182 -0.075639
v -0.432449 -0.018352 -0.086166
v -0.465216 -0.001804 -0.085364
v -0.497095 0.014837 -0.083522
v -0.467699 -0.005382 -0.094952
v -0.499576 0.011462 -0.093410
v -0.530501 0.030073 -0.091860
v -0.502050 0.007940 -0.103419
v -0.533329 0.026533 -0.101724
v -0.564684 0.048944 -0.100056
v -0.536198 0.023002 -0.111643
v -0.567906 0.045520 -0.109588
v -0.597486 0.070633 -0.108089
v -0.571095 0.042060 -0.119027
v -0.600311 0.067962 -0.118189
v -0.629187 0.093233 -0.115264
v -0.603489 0.064810 -0.127942
v -0.632462 0.090858 -0.125316
v -0.658179 0.120157 -0.122109
v -0.635792 0.088421 -0.135261
v -0.661655 0.118242 -0.132003
v -0.683934 0.149942 -0.129179
v -0.666164 0.115429 -0.140951
v -0.688605 0.147457 -0.138209
v -0.708196 0.180889 -0.135805
v -0.695948 0.143045 -0.142714
v -0.715841 0.176908 -0.139933
v -0.733077 0.212040 -0.137442
v -0.724765 0.171982 -0.137567
v -0.742389 0.207926 -0.135402
v -0.755910 0.245346 -0.131866
v -0.749464 0.204483 -0.128918
v -0.761379 0.243020 -0.124951
v -0.772308 0.280353 -0.122961
v -0.763355 0.241585 -0.115761
v -0.774749 0.279558 -0.113430
v -0.780979 0.318770 -0.114392
v -0.773872 0.279482 -0.103675
v -0.780135 0.318931 -0.104455
v -0.785662 0.359497 -0.106116
v -0.779024 0.319171 -0.094400
v -0.785346 0.359795 -0.095955
v -0.787178 0.401022 -0.097486
v -0.784957 0.360089 -0.085519
v -0.787724 0.401310 -0.086746
v -0.785970 0.442267 -0.088235
v -0.788228 0.401472 -0.075690
v -0.787201 0.442791 -0.077264
v -0.783140 0.484117 -0.080424
v -0.788265 0.443353 -0.066579
v -0.784922 0.485131 -0.069881
v -0.774203 0.525230 -0.072976
v -0.786394 0.486106 -0.059477
v -0.776279 0.526250 -0.062726
v -0.769451 0.566592 -0.065945
v -0.776599 0.526862 -0.053000
v -0.768829 0.566996 -0.055302
v -0.755500 0.606242 -0.057850
v -0.763660 0.565869 -0.046633
v -0.750699 0.605090 -0.048938
v -0.734026 0.643589 -0.052409
v -0.742014 0.602378 -0.044008
v -0.726181 0.640684 -0.046927
v -0.708286 0.679035 -0.051511
v -0.717570 0.636842 -0.046799
v -0.700226 0.674766 -0.052331
v -0.678777 0.710798 -0.059435
v -0.695629 0.671073 -0.059574
v -0.674832 0.706286 -0.066785
v -0.652191 0.739480 -0.074621
v -0.672797 0.702710 -0.076020
v -0.648847 0.734383 -0.082600
v -0.670920 0.699377 -0.085711
v -0.646561 0.729865 -0.092042
v -0.668944 0.695871 -0.095607
v -0.644167 0.725199 -0.101770
v -0.616912 0.750030 -0.106778
v -0.639900 0.719105 -0.109770
v -0.613121 0.742912 -0.114615
v -0.635706 0.713202 -0.117739
v -0.608386 0.735768 -0.121198
v -0.631903 0.707574 -0.125631
v -0.603929 0.728623 -0.127775
v -0.628874 0.702448 -0.134263
v -0.600484 0.723021 -0.135799
v -0.628419 0.700472 -0.143843
v -0.600017 0.722492 -0.145473
v -0.574910 0.739287 -0.144418
v -0.601901 0.725524 -0.154170
v -0.575855 0.743480 -0.152489
v -0.559001 0.754649 -0.149194
v -0.578916 0.750502 -0.157458
v -0.562615 0.761494 -0.151468
v -0.550301 0.769530 -0.147623
v -0.567186 0.768624 -0.149694
v -0.553982 0.777255 -0.146853
v -0.541845 0.785303 -0.150600
v -0.557805 0.785424 -0.143835
v -0.571771 0.775382 -0.146310
v -0.575757 0.782370 -0.142024
v -0.562150 0.794144 -0.139693
v -0.580462 0.788719 -0.137512
v -0.566023 0.801034 -0.136272
v -0.585042 0.795005 -0.132706
v -0.599261 0.775602 -0.140289
v -0.604249 0.781177 -0.134516
v -0.589765 0.800744 -0.127766
v -0.626191 0.754916 -0.141504
v -0.594541 0.769890 -0.146079
v -0.621403 0.749740 -0.148721
v -0.652050 0.724481 -0.149392
v -0.616293 0.743996 -0.154731
v -0.647142 0.719250 -0.156790
v -0.674442 0.691405 -0.153502
v -0.641639 0.713250 -0.162175
v -0.668227 0.685808 -0.157393
v -0.689337 0.656092 -0.155756
v -0.661521 0.680911 -0.154937
v -0.680988 0.651251 -0.153110
v -0.698295 0.618930 -0.150712
v -0.674544 0.647658 -0.146201
v -0.692083 0.616099 -0.143844
v -0.706044 0.581605 -0.143192
v -0.690323 0.615652 -0.133961
v -0.704887 0.581343 -0.133060
v -0.717835 0.545247 -0.130953
v -0.707297 0.582674 -0.123025
v -0.720241 0.546974 -0.120770
v -0.731899 0.510715 -0.116956
v -0.723326 0.548974 -0.110780
v -0.734135 0.512432 -0.106915
v -0.743920 0.475903 -0.103265
v -0.736465 0.514112 -0.096821
v -0.746055 0.477235 -0.093073
v -0.750233 0.439517 -0.089642
v -0.748227 0.478565 -0.082904
v -0.751409 0.440492 -0.079142
v -0.754444 0.402088 -0.076728
v -0.752695 0.441316 -0.068765
v -0.755041 0.402773 -0.066435
v -0.751248 0.364638 -0.064369
v -0.754976 0.403511 -0.056142
v -0.750472 0.365417 -0.054359
v -0.742766 0.327810 -0.052757
v -0.750671 0.365986 -0.044374
v -0.741937 0.328421 -0.042770
v -0.753821 0.365965 -0.035064
v -0.745043 0.327956 -0.033338
v -0.761021 0.365108 -0.028593
v -0.752583 0.326227 -0.027623
v -0.770370 0.363550 -0.028953
v -0.761846 0.323834 -0.028308
v -0.750595 0.284578 -0.026793
v -0.768847 0.321975 -0.034225
v -0.758098 0.282217 -0.033414
v -0.742569 0.245205 -0.035341
v -0.735258 0.248076 -0.029531
v -0.724569 0.210567 -0.037339
v -0.746681 0.243868 -0.044559
v -0.728484 0.208596 -0.046817
v -0.706394 0.175561 -0.049947
v -0.731788 0.207109 -0.056906
v -0.709994 0.174026 -0.060116
v -0.689078 0.140200 -0.062707
v -0.713672 0.172515 -0.070541
v -0.693116 0.138465 -0.072999
v -0.668149 0.107537 -0.077424
v -0.697152 0.136820 -0.083517
v -0.672396 0.105294 -0.087695
v -0.645961 0.074820 -0.091238
v -0.676580 0.103103 -0.097816
v -0.649818 0.072138 -0.101307
v -0.620391 0.044067 -0.103479
v -0.653508 0.069527 -0.111202
v -0.623815 0.040850 -0.113191
v -0.591472 0.015099 -0.114999
v -0.627173 0.037716 -0.122808
v -0.594434 0.011960 -0.124550
v -0.629997 0.035123 -0.132207
v -0.596161 0.010470 -0.134254
v -0.628418 0.037553 -0.142074
v -0.595272 0.012417 -0.143331
v -0.623172 0.043992 -0.148813
v -0.590970 0.018392 -0.150294
v -0.557203 -0.006409 -0.152483
v -0.585330 0.025836 -0.152708
v -0.552279 0.001927 -0.154850
v -0.518492 -0.019429 -0.157447
v -0.522986 -0.028296 -0.155139
v -0.547905 0.008562 -0.149819
v -0.514377 -0.011639 -0.152453
v -0.482364 -0.030187 -0.151990
v -0.511848 -0.007157 -0.143197
v -0.479226 -0.024771 -0.144018
v -0.445654 -0.042161 -0.144039
v -0.477012 -0.020917 -0.134500
v -0.443558 -0.038184 -0.134621
v -0.408367 -0.053786 -0.135635
v -0.441552 -0.034293 -0.124869
v -0.406389 -0.050089 -0.125752
v -0.370927 -0.066354 -0.126587
v -0.404338 -0.046374 -0.115832
v -0.368910 -0.062631 -0.116536
v -0.333806 -0.078312 -0.117919
v -0.366977 -0.058828 -0.106559
v -0.331623 -0.074501 -0.107971
v -0.296422 -0.090487 -0.110725
v -0.329328 -0.070046 -0.098464
v -0.293881 -0.086192 -0.100929
v -0.259724 -0.104188 -0.104339
v -0.291398 -0.081716 -0.091455
v -0.256854 -0.099862 -0.094784
v -0.224519 -0.121121 -0.098579
v -0.254287 -0.096174 -0.084948
v -0.221579 -0.117475 -0.089082
v -0.190894 -0.139759 -0.094674
v -0.219613 -0.115556 -0.078832
v -0.188154 -0.137181 -0.084861
v -0.161305 -0.158924 -0.092045
v -0.188247 -0.138888 -0.074673
v -0.159514 -0.158285 -0.083628
v -0.136166 -0.175964 -0.091098
v -0.160333 -0.162183 -0.074225
v -0.191232 -0.144629 -0.065851
v -0.197439 -0.153922 -0.064455
v -0.165140 -0.171288 -0.068959
v -0.203550 -0.161719 -0.071366
v -0.173458 -0.182311 -0.074065
v -0.180637 -0.189700 -0.087149
v -0.154165 -0.225762 -0.104688
v -0.130027 -0.259458 -0.113237
v -0.126711 -0.249895 -0.103688
v -0.106890 -0.261884 -0.096505
v -0.113086 -0.284294 -0.083919
v -0.118900 -0.363016 -0.085218
v -0.133614 -0.354658 -0.067485
v -0.127400 -0.491084 -0.090025
v -0.144061 -0.493568 -0.068721
v -0.161517 -0.497984 -0.038404
v -0.172110 -0.498252 0.002401
v -0.156874 -0.652866 -0.070040
v -0.175240 -0.653022 -0.032314
v -0.183645 -0.654416 0.015648
v -0.178528 -0.653648 0.064737
v -0.167947 -0.498387 0.051871
v -0.181888 -0.798882 -0.021025
v -0.187851 -0.798715 0.029067
v -0.180310 -0.795882 0.076799
v -0.159575 -0.791455 0.116067
v -0.159298 -0.652086 0.106898
v -0.167137 -0.877258 0.041314
v -0.156433 -0.874528 0.084346
v -0.137196 -0.869377 0.122210
v -0.136668 -0.787886 0.146316
v -0.106312 -0.922377 0.093100
v -0.089913 -0.910727 0.124867
v -0.045315 -0.939394 0.097442
v -0.040425 -0.924637 0.126441
v 0.014378 -0.931399 0.100815
v 0.011461 -0.914218 0.127552
v 0.063896 -0.901987 0.101293
v 0.053638 -0.887773 0.130726
v 0.094957 -0.855707 0.103145
v 0.078349 -0.848127 0.132444
v 0.108226 -0.783880 0.102812
v 0.087823 -0.781154 0.133435
v 0.061000 -0.781176 0.155110
v 0.081486 -0.648284 0.128465
v 0.052096 -0.648582 0.152935
v 0.018410 -0.649969 0.169487
v 0.028387 -0.783191 0.166486
v -0.023264 -0.651730 0.173199
v -0.015335 -0.786383 0.168410
v -0.067015 -0.651030 0.172147
v -0.070826 -0.788977 0.168106
v -0.102033 -0.650118 0.160896
v -0.106714 -0.787906 0.163570
v -0.134386 -0.651090 0.138609
v -0.100667 -0.497341 0.149975
v -0.130553 -0.497182 0.125237
v -0.154814 -0.497519 0.093520
v -0.124855 -0.348093 0.116827
v -0.146693 -0.348101 0.081790
v -0.160544 -0.348236 0.037208
v -0.138800 -0.209896 0.072647
v -0.151012 -0.211143 0.026279
v -0.151614 -0.082772 0.073337
v -0.163497 -0.086727 0.031104
v -0.160207 -0.090306 -0.009657
v -0.211443 0.028708 0.038686
v -0.210501 0.029934 -0.002532
v -0.201575 0.035429 -0.037257
v -0.184062 0.044980 -0.065357
v -0.291832 0.145549 0.003402
v -0.277682 0.153044 -0.030837
v -0.258783 0.163668 -0.060364
v -0.293084 0.148047 0.040136
v -0.203571 0.034075 0.078992
v -0.284967 0.157580 0.075684
v -0.187401 0.043879 0.110098
v -0.271077 0.171663 0.105310
v -0.251658 0.189109 0.128013
v -0.226779 0.205159 0.138226
v -0.312641 0.326402 0.136490
v -0.215703 0.227075 0.140246
v -0.294323 0.345040 0.140787
v -0.197057 0.248240 0.134628
v -0.094914 0.171678 0.146971
v -0.087534 0.200544 0.123971
v 0.001789 0.161973 0.150706
v -0.007534 0.189924 0.127172
v -0.020304 0.212361 0.089916
v -0.082673 0.227882 0.089047
v -0.030448 0.237311 0.054583
v -0.083679 0.253039 0.058699
v -0.037120 0.248066 0.030360
v -0.086235 0.265365 0.034535
v -0.042575 0.248619 0.011652
v -0.092274 0.267484 0.010423
v -0.051075 0.238153 -0.011440
v -0.104007 0.262225 -0.015384
v -0.063145 0.220075 -0.044752
v -0.004332 0.238778 -0.011217
v -0.010195 0.214959 -0.044995
v 0.046970 0.260395 -0.014882
v 0.045685 0.236727 -0.044198
v 0.122813 0.328014 -0.024102
v 0.129048 0.307931 -0.050713
v 0.191080 0.425874 -0.034444
v 0.203219 0.408094 -0.058785
v 0.214487 0.390028 -0.078119
v 0.255584 0.510962 -0.063101
v 0.269789 0.493077 -0.079458
v 0.284694 0.473898 -0.089494
v 0.312810 0.601166 -0.083173
v 0.329762 0.584825 -0.090803
v 0.345857 0.565050 -0.092375
v 0.299566 0.454229 -0.093123
v 0.361478 0.546575 -0.086968
v 0.314341 0.434780 -0.088664
v 0.377465 0.526134 -0.075293
v 0.329229 0.416774 -0.075170
v 0.393251 0.508074 -0.054320
v 0.343224 0.400233 -0.055673
v 0.407437 0.490498 -0.027332
v 0.355676 0.383265 -0.028913
v 0.295059 0.271442 -0.030480
v 0.365829 0.369102 -0.004274
v 0.302183 0.256265 -0.003876
v 0.227740 0.138640 -0.005912
v 0.300720 0.245839 0.024373
v 0.225896 0.130378 0.026372
v 0.146670 0.020223 0.026395
v 0.145297 0.026594 -0.008319
v 0.102761 -0.085177 0.023227
v 0.098494 -0.084187 -0.013840
v 0.089732 -0.209039 0.018185
v 0.084201 -0.214410 -0.019198
v 0.099039 -0.345191 0.017584
v 0.088834 -0.321354 -0.030887
v 0.073388 -0.296909 -0.058162
v 0.095381 -0.084304 0.062900
v 0.079137 -0.207144 0.059329
v 0.090802 -0.348097 0.068189
v 0.060765 -0.206114 0.095601
v 0.069948 -0.346652 0.105704
v 0.076448 -0.494069 0.118011
v 0.096199 -0.491995 0.082180
v 0.109404 -0.481433 0.025233
v 0.103426 -0.647488 0.094254
v 0.116768 -0.648167 0.051951
v 0.118879 -0.648280 0.006794
v 0.109976 -0.530983 -0.001851
v 0.122023 -0.788314 0.063496
v 0.125020 -0.791004 0.017979
v 0.118994 -0.791174 -0.027406
v 0.109380 -0.648042 -0.036941
v 0.105243 -0.863304 0.067550
v 0.110838 -0.869336 0.029928
v 0.106362 -0.871418 -0.007339
v 0.096669 -0.871805 -0.039570
v 0.106101 -0.790117 -0.063154
v 0.071646 -0.917597 0.039467
v 0.069355 -0.922664 0.010571
v 0.060826 -0.921369 -0.017340
v 0.080488 -0.873111 -0.069109
v 0.013518 -0.952280 0.013641
v 0.010566 -0.949496 -0.014566
v -0.048061 -0.956047 0.003358
v -0.040934 -0.951719 -0.025032
v -0.110902 -0.930640 -0.019091
v -0.094322 -0.929333 -0.048967
v -0.153164 -0.878058 -0.045448
v -0.130101 -0.878845 -0.079914
v -0.165707 -0.794955 -0.064648
v -0.143171 -0.792255 -0.098356
v -0.115214 -0.790755 -0.119370
v -0.134710 -0.649737 -0.096488
v -0.108996 -0.647896 -0.114784
v -0.078559 -0.646553 -0.122708
v -0.080230 -0.791539 -0.124722
v -0.031417 -0.646448 -0.123743
v -0.027059 -0.791134 -0.124814
v 0.018827 -0.646429 -0.123456
v 0.025032 -0.791380 -0.123215
v 0.019855 -0.876448 -0.114478
v 0.059445 -0.790587 -0.113917
v 0.055894 -0.875569 -0.097505
v 0.087500 -0.790098 -0.093073
v 0.049034 -0.648358 -0.114372
v 0.074111 -0.648839 -0.096283
v 0.094358 -0.648558 -0.071984
v 0.066420 -0.493028 -0.088489
v 0.042591 -0.493549 -0.103156
v 0.012737 -0.493886 -0.109687
v -0.035387 -0.493451 -0.110128
v -0.028010 -0.401043 -0.101646
v -0.071380 -0.383282 -0.101404
v -0.062675 -0.348817 -0.098013
v -0.022134 -0.375776 -0.101412
v -0.078285 -0.490299 -0.109471
v -0.106077 -0.491199 -0.104408
v -0.098928 -0.372533 -0.095903
v -0.056640 -0.336669 -0.099299
v -0.016577 -0.362000 -0.102191
v -0.054438 -0.328060 -0.107116
v -0.012926 -0.352771 -0.109315
v 0.029601 -0.366793 -0.116247
v -0.011340 -0.347817 -0.119109
v 0.032623 -0.359936 -0.124334
v 0.071983 -0.359008 -0.128936
v 0.071016 -0.368842 -0.122136
v 0.118010 -0.362278 -0.130768
v 0.116014 -0.368248 -0.123596
v 0.156649 -0.365778 -0.125039
v 0.155310 -0.371188 -0.117836
v 0.153549 -0.377033 -0.109413
v 0.175426 -0.372416 -0.115165
v 0.171874 -0.378114 -0.106877
v 0.167104 -0.387611 -0.093255
v 0.150982 -0.386461 -0.096532
v 0.185450 -0.378748 -0.103923
v 0.189311 -0.373232 -0.112317
v 0.200661 -0.369540 -0.106486
v 0.193314 -0.367539 -0.118806
v 0.204577 -0.363418 -0.112135
v 0.209001 -0.356217 -0.105349
v 0.207605 -0.356761 -0.116684
v 0.210393 -0.350364 -0.110796
v 0.210172 -0.344462 -0.116403
v 0.201350 -0.336248 -0.124574
v 0.184651 -0.333516 -0.129622
v 0.161620 -0.338636 -0.139335
v 0.160890 -0.346842 -0.140176
v 0.122145 -0.342392 -0.147092
v 0.159361 -0.354209 -0.136966
v 0.121206 -0.349910 -0.142555
v 0.075192 -0.341138 -0.140548
v 0.119311 -0.356336 -0.136966
v 0.073227 -0.349815 -0.134429
v 0.034634 -0.348746 -0.130843
v 0.157965 -0.360413 -0.131571
v 0.179944 -0.361483 -0.127901
v 0.177748 -0.366990 -0.121984
v 0.196879 -0.361577 -0.123646
v -0.164819 -0.878385 -0.002665
v -0.119428 -0.930579 0.017328
v -0.117225 -0.928654 0.055661
v -0.051836 -0.954516 0.033907
v -0.049919 -0.949950 0.065903
v 0.014406 -0.951077 0.042090
v 0.015208 -0.943333 0.070760
v 0.069513 -0.911427 0.070446
v 0.044615 -0.346661 0.132830
v 0.049234 -0.495321 0.142319
v 0.013059 -0.347211 0.147551
v 0.014634 -0.496249 0.158950
v -0.024002 -0.347950 0.154430
v -0.023961 -0.497879 0.164647
v -0.061426 -0.347985 0.151810
v -0.063732 -0.498060 0.163372
v -0.096902 -0.348174 0.140097
v -0.057880 -0.204863 0.143271
v -0.089936 -0.205484 0.130992
v -0.116625 -0.207375 0.108341
v -0.133636 -0.077622 0.108137
v -0.021934 -0.204955 0.144801
v 0.011133 -0.205255 0.139443
v 0.039057 -0.205720 0.123891
v 0.059307 -0.075657 0.121754
v 0.079475 -0.081457 0.096353
v 0.126398 0.024862 0.095965
v 0.107468 0.033582 0.120025
v 0.203268 0.134647 0.090825
v 0.184963 0.141127 0.117074
v 0.274949 0.242851 0.081981
v 0.254679 0.244643 0.109564
v 0.230111 0.247052 0.128098
v 0.317198 0.346740 0.105477
v 0.293870 0.347850 0.125575
v 0.267662 0.349028 0.137216
v 0.203945 0.250661 0.137312
v 0.239646 0.351085 0.139904
v 0.176494 0.256105 0.140528
v 0.212238 0.352480 0.133238
v 0.148371 0.262969 0.133733
v 0.084193 0.200549 0.138456
v 0.120506 0.269981 0.118071
v 0.061198 0.216446 0.120478
v 0.094507 0.276654 0.091802
v 0.038849 0.231100 0.089390
v 0.073364 0.281796 0.060448
v 0.019299 0.245716 0.055122
v 0.058628 0.283065 0.033677
v 0.007249 0.252876 0.031442
v 0.051246 0.275406 0.009321
v 0.000957 0.250060 0.011399
v 0.129112 0.354181 0.034222
v 0.123092 0.344320 0.004309
v 0.189463 0.446587 0.034749
v 0.187044 0.438855 -0.001147
v 0.233906 0.549167 0.030352
v 0.232659 0.540386 -0.008328
v 0.241232 0.526777 -0.040014
v 0.276050 0.645575 -0.019968
v 0.283390 0.631500 -0.048867
v 0.296687 0.616550 -0.069991
v 0.305601 0.733326 -0.032054
v 0.298998 0.741647 0.007475
v 0.305806 0.797713 -0.002757
v 0.317464 0.787850 -0.047019
v 0.274961 0.656771 0.018529
v 0.278831 0.662848 0.061428
v 0.297967 0.747698 0.053528
v 0.240388 0.553388 0.066338
v 0.254485 0.554620 0.097570
v 0.288481 0.663832 0.094337
v 0.196931 0.451689 0.068795
v 0.214286 0.452601 0.098922
v 0.240141 0.451215 0.120998
v 0.280719 0.552846 0.119095
v 0.142286 0.357180 0.066032
v 0.161397 0.355787 0.095728
v 0.185581 0.353351 0.118924
v 0.264230 0.452285 0.135956
v 0.292198 0.451713 0.140813
v 0.336936 0.553384 0.140549
v 0.307208 0.552655 0.135247
v 0.368531 0.649948 0.140592
v 0.336529 0.654665 0.136257
v 0.308292 0.658873 0.119435
v 0.359380 0.748475 0.147345
v 0.328239 0.752737 0.124432
v 0.307414 0.752507 0.092781
v 0.341524 0.819711 0.127539
v 0.321138 0.818041 0.090455
v 0.309541 0.810744 0.045983
v 0.328616 0.865053 0.081471
v 0.318665 0.861385 0.038102
v 0.321827 0.849471 -0.013379
v 0.325926 0.882329 0.032442
v 0.328092 0.873825 -0.019308
v 0.345710 0.859236 -0.063371
v 0.337292 0.832251 -0.055914
v 0.357972 0.850255 -0.082113
v 0.352876 0.872643 -0.068631
v 0.363132 0.864369 -0.088621
v 0.364065 0.862856 -0.099912
v 0.363379 0.845151 -0.093092
v 0.364161 0.859864 -0.115944
v 0.363640 0.841802 -0.106135
v 0.376651 0.873302 -0.105702
v 0.382104 0.864458 -0.121189
v 0.385928 0.853396 -0.137454
v 0.406940 0.863894 -0.129523
v 0.411013 0.852970 -0.146012
v 0.412532 0.838501 -0.157192
v 0.387357 0.840542 -0.150784
v 0.412075 0.824158 -0.162694
v 0.387276 0.826660 -0.156441
v 0.411240 0.809078 -0.163576
v 0.447766 0.813867 -0.163398
v 0.444095 0.800305 -0.164288
v 0.440725 0.786328 -0.162942
v 0.410019 0.794401 -0.161719
v 0.438318 0.773437 -0.156256
v 0.409860 0.780939 -0.154708
v 0.437563 0.762030 -0.147077
v 0.411684 0.767881 -0.144470
v 0.389452 0.775718 -0.140427
v 0.370884 0.785726 -0.133485
v 0.356671 0.797758 -0.124555
v 0.464499 0.770653 -0.151068
v 0.461357 0.762083 -0.145456
v 0.459968 0.756307 -0.137705
v 0.480262 0.757083 -0.147816
v 0.478394 0.751758 -0.141196
v 0.478485 0.750170 -0.133076
v 0.460708 0.754389 -0.129530
v 0.498143 0.743811 -0.143781
v 0.498855 0.743421 -0.134785
v 0.500881 0.747848 -0.127082
v 0.524054 0.735024 -0.136187
v 0.526197 0.741351 -0.129289
v 0.528660 0.751474 -0.125593
v 0.504338 0.757615 -0.123636
v 0.531782 0.761597 -0.123950
v 0.508675 0.769474 -0.124058
v 0.535820 0.771208 -0.121681
v 0.514980 0.781064 -0.124107
v 0.499050 0.791283 -0.122952
v 0.489234 0.801512 -0.115962
v 0.520524 0.790997 -0.120508
v 0.507078 0.801515 -0.119104
v 0.499457 0.811062 -0.113491
v 0.512403 0.809121 -0.116098
v 0.505367 0.817403 -0.111213
v 0.504435 0.820986 -0.103283
v 0.499643 0.815218 -0.102554
v 0.490586 0.806775 -0.102194
v 0.504132 0.816291 -0.092707
v 0.499741 0.807030 -0.091253
v 0.491872 0.788812 -0.088409
v 0.478754 0.786842 -0.099359
v 0.482814 0.757450 -0.083032
v 0.469351 0.756047 -0.094918
v 0.476498 0.722398 -0.074545
v 0.461316 0.726888 -0.088553
v 0.462652 0.671952 -0.048520
v 0.445852 0.693490 -0.068873
v 0.434750 0.714286 -0.084441
v 0.429915 0.611841 -0.057151
v 0.412812 0.634840 -0.076597
v 0.397971 0.658039 -0.088488
v 0.384180 0.670339 -0.091935
v 0.366553 0.685465 -0.091680
v 0.447605 0.592402 -0.034028
v 0.478268 0.660701 -0.029918
v 0.459367 0.574896 -0.011625
v 0.415497 0.473523 -0.002923
v 0.463734 0.562343 0.012783
v 0.418360 0.460661 0.019969
v 0.365554 0.356223 0.021921
v 0.409608 0.454125 0.043464
v 0.352743 0.348281 0.048055
v 0.290827 0.241949 0.052143
v 0.335429 0.346260 0.076267
v 0.217260 0.129441 0.058947
v 0.137762 0.021307 0.064458
v 0.391227 0.449812 0.069322
v 0.370692 0.449817 0.097731
v 0.449163 0.552242 0.064294
v 0.425479 0.552185 0.086440
v 0.397828 0.554374 0.113463
v 0.347717 0.450774 0.122359
v 0.368439 0.554313 0.135421
v 0.321198 0.451270 0.137157
v 0.430908 0.641142 0.111248
v 0.400587 0.644650 0.132381
v 0.470218 0.734438 0.125456
v 0.436154 0.737332 0.149502
v 0.397193 0.742716 0.156475
v 0.455989 0.806752 0.151351
v 0.414799 0.813537 0.160503
v 0.375064 0.817855 0.150747
v 0.420458 0.846172 0.158909
v 0.380846 0.857019 0.145201
v 0.349597 0.862497 0.118602
v 0.387256 0.877168 0.128488
v 0.357800 0.883693 0.103678
v 0.336212 0.884262 0.072706
v 0.362656 0.893866 0.095699
v 0.345842 0.892474 0.065992
v 0.336278 0.891557 0.029591
v 0.347604 0.902441 0.063886
v 0.339073 0.899877 0.028472
v 0.335912 0.886117 -0.020248
v 0.347482 0.911920 0.062622
v 0.339549 0.908492 0.026933
v 0.347207 0.921093 0.061746
v 0.339918 0.917644 0.026342
v 0.347099 0.930018 0.060869
v 0.340278 0.927063 0.025588
v 0.349775 0.916762 -0.023357
v 0.341331 0.936462 0.024631
v 0.351716 0.926933 -0.023119
v 0.389677 0.908650 -0.069901
v 0.389110 0.898370 -0.072131
v 0.354549 0.936143 -0.022120
v 0.391654 0.920509 -0.067476
v 0.453401 0.901857 -0.086277
v 0.394969 0.930603 -0.064499
v 0.455464 0.914414 -0.082789
v 0.505753 0.897583 -0.067779
v 0.502656 0.882462 -0.068701
v 0.535906 0.892497 -0.032355
v 0.534249 0.879537 -0.031454
v 0.549414 0.893322 0.011417
v 0.547370 0.881836 0.014293
v 0.543373 0.871067 0.016797
v 0.537826 0.888004 0.060848
v 0.534113 0.878008 0.062669
v 0.530003 0.868500 0.064213
v 0.539868 0.861771 0.019041
v 0.526021 0.859057 0.065865
v 0.537319 0.852138 0.021378
v 0.531799 0.848071 -0.026866
v 0.517472 0.841417 -0.068717
v 0.538181 0.843512 0.023565
v 0.536510 0.841429 -0.025340
v 0.522395 0.835605 -0.067045
v 0.512967 0.831561 -0.085862
v 0.510627 0.837803 -0.086744
v 0.542341 0.834646 -0.024199
v 0.524812 0.828658 -0.064596
v 0.512783 0.824848 -0.084062
v 0.507270 0.822965 -0.094385
v 0.508374 0.829426 -0.095674
v 0.524933 0.820911 -0.062158
v 0.511240 0.817515 -0.082183
v 0.523413 0.812779 -0.059667
v 0.508763 0.808664 -0.080096
v 0.520506 0.801786 -0.056603
v 0.504086 0.794671 -0.077257
v 0.515878 0.782769 -0.050088
v 0.498031 0.767608 -0.071124
v 0.509671 0.733044 -0.032667
v 0.494949 0.727231 -0.056972
v 0.485733 0.654837 -0.006233
v 0.520073 0.735740 0.002983
v 0.485565 0.650705 0.021222
v 0.460792 0.554670 0.039176
v 0.477374 0.646364 0.050725
v 0.516700 0.735662 0.044811
v 0.498302 0.734026 0.088725
v 0.457626 0.642245 0.080805
v 0.536221 0.795839 0.036902
v 0.521033 0.797631 0.085689
v 0.492576 0.800835 0.125219
v 0.529286 0.815266 0.083716
v 0.500980 0.820832 0.124039
v 0.464256 0.832052 0.151339
v 0.503515 0.832652 0.121948
v 0.467304 0.845837 0.147721
v 0.424104 0.861717 0.147528
v 0.464485 0.855551 0.137349
v 0.425217 0.870761 0.136034
v 0.388598 0.889120 0.120252
v 0.425902 0.882257 0.129832
v 0.388408 0.899273 0.118351
v 0.363173 0.903927 0.093566
v 0.388019 0.908466 0.118149
v 0.363127 0.913058 0.092737
v 0.388307 0.917138 0.117531
v 0.363261 0.921537 0.092200
v 0.390069 0.924372 0.116496
v 0.363764 0.929524 0.091699
v 0.391963 0.930934 0.114437
v 0.365169 0.936943 0.090519
v 0.348599 0.938749 0.059884
v 0.368141 0.943430 0.087738
v 0.352058 0.946461 0.058302
v 0.344938 0.945345 0.023843
v 0.357664 0.952175 0.056001
v 0.351214 0.951504 0.023489
v 0.359654 0.944920 -0.020089
v 0.359037 0.955927 0.023572
v 0.365940 0.950468 -0.016408
v 0.400635 0.938931 -0.059196
v 0.373949 0.953446 -0.010748
v 0.406597 0.944732 -0.051009
v 0.459062 0.929808 -0.069208
v 0.457671 0.923798 -0.076986
v 0.504168 0.918732 -0.056858
v 0.506525 0.910604 -0.063451
v 0.528430 0.914144 -0.030806
v 0.534306 0.904192 -0.032443
v 0.540759 0.913370 0.005604
v 0.547346 0.904449 0.008486
v 0.532790 0.915363 0.048406
v 0.537731 0.907959 0.053701
v 0.540129 0.898168 0.058067
v 0.508904 0.916277 0.091100
v 0.510168 0.907816 0.095388
v 0.509269 0.898964 0.097956
v 0.472023 0.921860 0.118547
v 0.471636 0.913695 0.122121
v 0.470247 0.904853 0.123869
v 0.507126 0.889351 0.099739
v 0.468371 0.895214 0.124539
v 0.503990 0.879854 0.100769
v 0.466464 0.885214 0.124492
v 0.500597 0.870194 0.101979
v 0.464296 0.875107 0.124938
v 0.497992 0.860362 0.104199
v 0.524172 0.849524 0.068710
v 0.498397 0.851370 0.108856
v 0.526177 0.841984 0.072983
v 0.542054 0.837589 0.026433
v 0.531581 0.835432 0.078395
v 0.547610 0.832385 0.029515
v 0.545278 0.825776 -0.022043
v 0.546848 0.822772 0.031868
v 0.542735 0.818260 -0.019365
v 0.542912 0.813398 0.033970
v 0.540072 0.809457 -0.016648
v 0.535453 0.792148 -0.010509
v 0.533203 0.825725 0.082340
v 0.501842 0.843143 0.115874
v 0.463009 0.864263 0.128742
v 0.426469 0.893484 0.128855
v 0.427203 0.902996 0.128883
v 0.427888 0.911589 0.128792
v 0.428239 0.919912 0.127685
v 0.428644 0.927414 0.124717
v 0.394314 0.936819 0.110762
v 0.429421 0.933103 0.119399
v 0.397041 0.941718 0.106104
v 0.372853 0.948349 0.083534
v 0.400321 0.944949 0.100223
v 0.378062 0.951119 0.078511
v 0.364358 0.955773 0.053226
v 0.383535 0.952757 0.073072
v 0.372088 0.956941 0.050230
v 0.367719 0.957459 0.024405
v 0.379778 0.956340 0.046999
v 0.376708 0.957182 0.025837
v 0.382389 0.954222 -0.003738
v 0.391041 0.953862 0.002918
v 0.417269 0.947667 -0.031976
v 0.412357 0.947192 -0.041857
v 0.464084 0.935135 -0.046738
v 0.461351 0.933543 -0.058764
v 0.499465 0.924464 -0.048566
v 0.520759 0.920883 -0.027585
v 0.531551 0.919729 0.003625
v 0.516995 0.924511 0.035271
v 0.525199 0.920817 0.041777
v 0.493971 0.928636 0.070667
v 0.499500 0.926509 0.077482
v 0.505321 0.922803 0.085069
v 0.464564 0.934632 0.096848
v 0.467914 0.932639 0.105270
v 0.470446 0.928645 0.112723
v 0.430864 0.939393 0.105457
v 0.430153 0.936789 0.113345
v 0.403676 0.946611 0.093336
v 0.431475 0.940966 0.097717
v 0.407033 0.947600 0.086269
v 0.389165 0.953343 0.067300
v 0.410704 0.948224 0.078799
v 0.432217 0.942262 0.089283
v 0.461011 0.936095 0.088407
v 0.485871 0.931545 0.061031
v 0.506570 0.928462 0.027904
v 0.424257 0.947246 -0.020157
v 0.465958 0.936677 -0.032906
v 0.400418 0.953096 0.010740
v 0.414943 0.950079 0.024729
v 0.506489 0.826836 -0.104534
v 0.506640 0.832856 -0.106203
v 0.507560 0.835632 -0.096659
v 0.503658 0.838972 -0.108867
v 0.503790 0.841997 -0.097159
v 0.507280 0.833003 -0.117696
v 0.508905 0.828229 -0.113820
v 0.507587 0.822492 -0.111873
v 0.515578 0.815520 -0.114039
v 0.517278 0.821545 -0.117761
v 0.517859 0.825548 -0.122599
v 0.529842 0.814243 -0.115728
v 0.532109 0.818386 -0.121515
v 0.533578 0.820652 -0.128534
v 0.517081 0.828309 -0.128700
v 0.533958 0.820004 -0.134801
v 0.515630 0.829187 -0.134702
v 0.533185 0.817154 -0.140920
v 0.514464 0.827796 -0.139819
v 0.531354 0.812325 -0.146106
v 0.512386 0.824338 -0.145109
v 0.492355 0.838159 -0.141107
v 0.453857 0.856290 -0.131092
v 0.509651 0.818530 -0.148955
v 0.490145 0.832225 -0.149001
v 0.452533 0.848878 -0.142814
v 0.402014 0.866646 -0.112671
v 0.487744 0.823656 -0.154089
v 0.452744 0.838321 -0.153321
v 0.483897 0.812751 -0.156728
v 0.450795 0.826911 -0.160595
v 0.478503 0.801453 -0.157187
v 0.501986 0.800956 -0.152281
v 0.497598 0.791504 -0.152926
v 0.493014 0.782179 -0.153720
v 0.473233 0.790802 -0.156510
v 0.488205 0.773298 -0.154291
v 0.468471 0.780326 -0.154814
v 0.483658 0.764599 -0.152488
v 0.507581 0.764303 -0.156315
v 0.503106 0.756061 -0.155087
v 0.499734 0.748694 -0.150841
v 0.527859 0.744255 -0.158895
v 0.524384 0.736588 -0.153977
v 0.522826 0.732569 -0.145415
v 0.554274 0.722807 -0.154813
v 0.552595 0.720366 -0.145609
v 0.553472 0.723608 -0.136427
v 0.583408 0.706662 -0.142969
v 0.584084 0.710081 -0.134188
v 0.586544 0.717522 -0.127116
v 0.555641 0.730840 -0.129500
v 0.589781 0.725455 -0.121967
v 0.558639 0.740282 -0.125498
v 0.593385 0.733416 -0.117276
v 0.562158 0.749596 -0.123327
v 0.596286 0.740801 -0.111384
v 0.565547 0.758386 -0.119572
v 0.597787 0.747006 -0.103594
v 0.568107 0.766273 -0.113390
v 0.539940 0.780070 -0.118046
v 0.570588 0.774221 -0.107516
v 0.543544 0.788726 -0.114193
v 0.524715 0.799363 -0.117102
v 0.546608 0.797712 -0.110782
v 0.527475 0.807483 -0.114328
v 0.549360 0.806379 -0.109080
v 0.573891 0.782862 -0.103138
v 0.577716 0.791097 -0.100767
v 0.582386 0.796475 -0.104939
v 0.552625 0.810786 -0.114815
v 0.586341 0.798218 -0.113194
v 0.555429 0.812394 -0.122807
v 0.588126 0.796118 -0.122013
v 0.557073 0.811039 -0.130940
v 0.588025 0.791439 -0.129797
v 0.557173 0.806870 -0.138039
v 0.585924 0.784595 -0.136169
v 0.555275 0.800457 -0.143690
v 0.582814 0.777620 -0.141348
v 0.552559 0.793578 -0.147450
v 0.528403 0.805740 -0.149554
v 0.548660 0.785192 -0.150462
v 0.524683 0.798244 -0.151954
v 0.506217 0.810852 -0.151159
v 0.520579 0.789983 -0.153418
v 0.544863 0.777379 -0.152802
v 0.540915 0.769487 -0.155532
v 0.516486 0.781440 -0.154702
v 0.536759 0.761226 -0.157482
v 0.512164 0.772787 -0.155903
v 0.532332 0.752799 -0.159098
v 0.567421 0.746750 -0.158261
v 0.562816 0.738330 -0.160944
v 0.558079 0.729670 -0.160496
v 0.593848 0.722013 -0.159237
v 0.588807 0.713527 -0.158900
v 0.584983 0.707785 -0.152210
v 0.618651 0.696160 -0.155308
v 0.614572 0.691188 -0.148513
v 0.612613 0.689894 -0.139108
v 0.641919 0.673503 -0.144049
v 0.640452 0.673275 -0.134883
v 0.641470 0.676759 -0.125655
v 0.613541 0.694013 -0.129978
v 0.644033 0.681685 -0.117252
v 0.616049 0.700903 -0.122458
v 0.646921 0.686801 -0.109336
v 0.619090 0.707492 -0.116180
v 0.649611 0.692078 -0.101656
v 0.622379 0.714189 -0.110003
v 0.650664 0.696084 -0.092740
v 0.624304 0.719859 -0.102160
v 0.651129 0.699903 -0.083395
v 0.625369 0.724970 -0.093822
v 0.652297 0.704790 -0.074660
v 0.627269 0.730968 -0.086213
v 0.599823 0.753965 -0.096585
v 0.630684 0.737812 -0.080487
v 0.602951 0.761832 -0.090582
v 0.635822 0.744770 -0.078645
v 0.607715 0.769778 -0.088065
v 0.642168 0.749968 -0.082757
v 0.613315 0.774484 -0.094001
v 0.646783 0.751846 -0.090660
v 0.618211 0.777380 -0.101596
v 0.647973 0.749805 -0.099490
v 0.619790 0.775260 -0.110888
v 0.646565 0.745196 -0.108294
v 0.618769 0.770266 -0.119422
v 0.644465 0.740180 -0.116112
v 0.616479 0.764397 -0.126610
v 0.641998 0.734822 -0.123840
v 0.613357 0.757572 -0.133473
v 0.638736 0.728987 -0.130580
v 0.609750 0.750885 -0.138638
v 0.578803 0.769782 -0.145500
v 0.606016 0.743853 -0.144101
v 0.575276 0.762094 -0.149690
v 0.602229 0.736787 -0.149563
v 0.571454 0.754414 -0.153982
v 0.598358 0.729730 -0.155286
v 0.632056 0.717250 -0.144121
v 0.628401 0.711009 -0.150819
v 0.623725 0.703553 -0.155497
v 0.657225 0.691077 -0.147835
v 0.652071 0.684305 -0.152968
v 0.646159 0.677150 -0.151891
v 0.676647 0.661812 -0.150097
v 0.669294 0.655620 -0.147760
v 0.663122 0.650916 -0.141547
v 0.688667 0.628803 -0.147136
v 0.681351 0.624261 -0.140319
v 0.680346 0.624227 -0.129691
v 0.663040 0.651400 -0.131533
v 0.683648 0.627077 -0.119240
v 0.665520 0.654662 -0.121761
v 0.687249 0.630039 -0.109203
v 0.668904 0.658619 -0.112978
v 0.691435 0.633482 -0.099588
v 0.672404 0.662875 -0.104103
v 0.695190 0.636958 -0.089800
v 0.675155 0.666961 -0.094947
v 0.696556 0.639432 -0.079341
v 0.676105 0.670178 -0.085099
v 0.697236 0.641643 -0.068675
v 0.676521 0.673252 -0.075077
v 0.698791 0.644370 -0.058113
v 0.677518 0.677001 -0.065274
v 0.704321 0.649004 -0.050569
v 0.681209 0.682279 -0.057901
v 0.656101 0.711471 -0.068005
v 0.688632 0.688740 -0.056306
v 0.662886 0.718704 -0.066555
v 0.696633 0.693756 -0.060836
v 0.669685 0.723263 -0.071557
v 0.701901 0.695682 -0.069995
v 0.674431 0.724795 -0.079918
v 0.703230 0.694058 -0.081007
v 0.675473 0.722905 -0.089496
v 0.702121 0.690707 -0.090746
v 0.674249 0.719138 -0.098626
v 0.700127 0.686907 -0.100547
v 0.672566 0.714883 -0.107186
v 0.697321 0.682888 -0.109879
v 0.670432 0.710307 -0.115812
v 0.694613 0.679462 -0.119541
v 0.667683 0.705521 -0.123990
v 0.691572 0.676154 -0.129272
v 0.664674 0.700912 -0.132111
v 0.635399 0.723128 -0.137191
v 0.661314 0.696325 -0.140407
v 0.688192 0.672668 -0.138586
v 0.683317 0.667783 -0.146520
v 0.709938 0.643416 -0.137311
v 0.705251 0.639965 -0.146051
v 0.697093 0.634409 -0.150311
v 0.724737 0.608251 -0.145343
v 0.715905 0.603775 -0.148766
v 0.706606 0.598943 -0.145944
v 0.731508 0.570555 -0.148018
v 0.721772 0.566503 -0.145123
v 0.714122 0.563573 -0.138650
v 0.699010 0.595170 -0.139812
v 0.713680 0.563798 -0.128298
v 0.698762 0.595499 -0.129316
v 0.717053 0.565683 -0.117582
v 0.701746 0.597636 -0.118565
v 0.720376 0.567597 -0.106956
v 0.705270 0.600054 -0.108190
v 0.723701 0.569557 -0.096152
v 0.708769 0.602515 -0.097551
v 0.726751 0.571382 -0.085402
v 0.712041 0.604973 -0.087019
v 0.728259 0.572724 -0.074379
v 0.713977 0.606865 -0.076260
v 0.729584 0.573962 -0.063476
v 0.715649 0.608747 -0.065617
v 0.731906 0.575498 -0.052710
v 0.718177 0.610818 -0.055543
v 0.738896 0.578587 -0.044410
v 0.724099 0.614257 -0.047951
v 0.748712 0.582418 -0.044166
v 0.732604 0.618686 -0.047167
v 0.712893 0.654434 -0.049351
v 0.741155 0.622383 -0.051275
v 0.720877 0.658801 -0.054427
v 0.744912 0.623354 -0.060513
v 0.724935 0.659682 -0.063373
v 0.744253 0.622219 -0.071153
v 0.725304 0.658345 -0.074169
v 0.741954 0.620111 -0.081775
v 0.724169 0.656133 -0.084730
v 0.739527 0.618001 -0.092638
v 0.722548 0.653638 -0.095778
v 0.736819 0.615866 -0.103680
v 0.719940 0.650955 -0.106434
v 0.733914 0.613856 -0.114737
v 0.716667 0.648319 -0.116924
v 0.731013 0.612011 -0.125470
v 0.713377 0.645899 -0.127304
v 0.728101 0.610240 -0.135878
v 0.747466 0.577863 -0.124429
v 0.744142 0.576115 -0.134939
v 0.739988 0.574230 -0.144583
v 0.757511 0.540148 -0.133924
v 0.753057 0.538301 -0.143739
v 0.744206 0.535117 -0.148153
v 0.733566 0.531632 -0.145729
v 0.763548 0.500198 -0.141178
v 0.754788 0.497758 -0.144821
v 0.744367 0.495401 -0.142284
v 0.736771 0.494016 -0.135616
v 0.727172 0.529828 -0.137954
v 0.762398 0.459634 -0.142078
v 0.752626 0.458456 -0.138274
v 0.744636 0.457746 -0.132286
v 0.744277 0.458931 -0.121756
v 0.737599 0.495077 -0.125185
v 0.756979 0.420579 -0.134757
v 0.749339 0.420701 -0.128308
v 0.749285 0.422434 -0.117139
v 0.750628 0.424370 -0.106178
v 0.746734 0.460713 -0.110764
v 0.752943 0.384144 -0.122332
v 0.752266 0.386135 -0.111688
v 0.752254 0.388145 -0.101025
v 0.752614 0.390107 -0.090282
v 0.752545 0.426282 -0.095299
v 0.750943 0.349584 -0.105346
v 0.750039 0.351998 -0.094887
v 0.749175 0.354440 -0.084251
v 0.748455 0.356873 -0.073473
v 0.753450 0.392047 -0.079443
v 0.743971 0.316262 -0.087336
v 0.743065 0.319055 -0.076825
v 0.742033 0.321779 -0.066155
v 0.739927 0.324824 -0.055761
v 0.747750 0.359258 -0.062598
v 0.730068 0.285686 -0.068685
v 0.728632 0.288862 -0.058490
v 0.725434 0.292596 -0.048876
v 0.722507 0.296179 -0.039230
v 0.737753 0.327758 -0.045426
v 0.712849 0.257368 -0.050515
v 0.708826 0.261820 -0.041662
v 0.704942 0.266266 -0.032571
v 0.702689 0.270038 -0.022612
v 0.721381 0.299064 -0.028991
v 0.690000 0.232272 -0.035199
v 0.685752 0.236969 -0.026639
v 0.683509 0.240411 -0.017018
v 0.685193 0.240863 -0.007233
v 0.704625 0.271013 -0.012066
v 0.663900 0.208971 -0.022414
v 0.661695 0.212143 -0.013215
v 0.663524 0.211854 -0.003530
v 0.668962 0.208210 0.003496
v 0.691407 0.237536 0.000070
v 0.636650 0.185219 -0.010755
v 0.638767 0.184161 -0.000599
v 0.643488 0.180644 0.007922
v 0.651225 0.173861 0.006779
v 0.676461 0.202228 0.004409
v 0.613556 0.156718 0.001145
v 0.618950 0.152369 0.007756
v 0.625965 0.146077 0.006891
v 0.632074 0.140505 0.001242
v 0.657707 0.167976 0.000608
v 0.594225 0.124952 0.008772
v 0.601464 0.118799 0.007989
v 0.607851 0.113178 0.002509
v 0.614470 0.107435 -0.002850
v 0.638291 0.134863 -0.004560
v 0.578811 0.090041 0.010941
v 0.585417 0.084509 0.005361
v 0.591976 0.079060 -0.000353
v 0.598437 0.073696 -0.006135
v 0.620834 0.101841 -0.008704
v 0.565434 0.057725 0.006040
v 0.572552 0.052280 0.001198
v 0.579503 0.046904 -0.003685
v 0.586258 0.041523 -0.008435
v 0.605129 0.068184 -0.011365
v 0.560782 0.032962 0.003376
v 0.568033 0.027677 -0.001245
v 0.574961 0.022250 -0.005697
v 0.581606 0.016821 -0.009794
v 0.593049 0.036157 -0.012861
v 0.560394 0.012516 0.000680
v 0.567573 0.007260 -0.003448
v 0.574341 0.001974 -0.007166
v 0.580258 -0.003120 -0.010929
v 0.587895 0.011401 -0.013924
v 0.562845 -0.004689 -0.001507
v 0.555591 0.000611 0.001812
v 0.552949 -0.009126 0.003896
v 0.559827 -0.014362 0.001735
v 0.547141 0.006148 0.006248
v 0.543368 -0.003054 0.007117
v 0.538378 0.011710 0.011287
v 0.533800 0.002823 0.012642
v 0.534131 -0.002383 0.018922
v 0.527965 0.001642 0.034285
v 0.537711 -0.005175 0.027981
v 0.531147 0.000401 0.043679
v 0.541811 -0.007356 0.036545
v 0.533643 -0.000861 0.052629
v 0.545272 -0.010966 0.044147
v 0.556441 -0.018646 0.032197
v 0.562948 -0.023920 0.019841
v 0.546815 -0.016019 0.050217
v 0.559575 -0.024474 0.036814
v 0.566725 -0.030434 0.022696
v 0.559284 -0.032173 0.040603
v 0.567187 -0.038914 0.025073
v 0.546341 -0.021776 0.055107
v 0.543759 -0.028311 0.057963
v 0.531468 -0.008268 0.065118
v 0.527873 -0.014574 0.067781
v 0.524305 -0.022063 0.068729
v 0.539878 -0.035363 0.059015
v 0.535930 -0.042112 0.059077
v 0.531432 -0.048879 0.058196
v 0.537455 -0.059918 0.045349
v 0.537554 -0.070518 0.033514
v 0.525993 -0.054734 0.056245
v 0.529805 -0.063703 0.045277
v 0.529240 -0.071348 0.033148
v 0.520022 -0.063589 0.040992
v 0.520699 -0.069497 0.030763
v 0.517216 -0.081294 0.023800
v 0.526328 -0.080975 0.024750
v 0.533856 -0.079603 0.024366
v 0.522780 -0.098671 0.022741
v 0.531390 -0.097628 0.021752
v 0.537815 -0.095665 0.019021
v 0.542004 -0.094344 0.013948
v 0.532294 -0.121614 0.022651
v 0.542398 -0.121411 0.021901
v 0.550720 -0.120167 0.016330
v 0.552755 -0.119388 0.006635
v 0.543267 -0.092692 0.007144
v 0.538101 -0.159942 0.021683
v 0.546594 -0.162030 0.016924
v 0.550244 -0.162856 0.006960
v 0.551093 -0.162271 -0.003264
v 0.552398 -0.118262 -0.002711
v 0.515440 -0.211145 0.015849
v 0.518220 -0.213228 0.006730
v 0.519590 -0.213816 -0.003076
v 0.520389 -0.213522 -0.012889
v 0.551634 -0.160908 -0.013109
v 0.473164 -0.268508 0.007156
v 0.471478 -0.266227 0.016724
v 0.509612 -0.207398 0.022069
v 0.466615 -0.260861 0.023511
v 0.502063 -0.202096 0.024272
v 0.460085 -0.253642 0.025975
v 0.409521 -0.311048 0.022996
v 0.453284 -0.245718 0.026053
v 0.402184 -0.304084 0.023460
v 0.446199 -0.236144 0.025911
v 0.394302 -0.296715 0.024121
v 0.438493 -0.224417 0.025732
v 0.385480 -0.288017 0.024755
v 0.327134 -0.340401 0.022469
v 0.361790 -0.269185 0.024621
v 0.300750 -0.315106 0.023190
v 0.270330 -0.324606 0.022728
v 0.263024 -0.270236 0.023219
v 0.311753 -0.217100 0.023973
v 0.285973 -0.187727 0.023417
v 0.239510 -0.244374 0.023112
v 0.276871 -0.173961 0.022992
v 0.229047 -0.228426 0.023482
v 0.270024 -0.165216 0.022862
v 0.221306 -0.218342 0.023633
v 0.263053 -0.157634 0.022713
v 0.213847 -0.210730 0.023247
v 0.255885 -0.150573 0.022393
v 0.206489 -0.203966 0.022836
v 0.173969 -0.250209 0.022837
v 0.201054 -0.198929 0.022784
v 0.165446 -0.246012 0.022195
v 0.156470 -0.290859 0.022913
v 0.167123 -0.290992 0.023293
v 0.179895 -0.317467 0.023072
v 0.157932 -0.241812 0.015672
v 0.197247 -0.195635 0.014392
v 0.197055 -0.195555 0.004435
v 0.157919 -0.241850 0.005724
v 0.247161 -0.142672 0.012083
v 0.246523 -0.142597 0.002518
v 0.296361 -0.090843 0.013146
v 0.295414 -0.090755 0.003036
v 0.345832 -0.043327 0.017966
v 0.344289 -0.041778 0.007425
v 0.344068 -0.041491 -0.002867
v 0.388209 -0.010138 0.015424
v 0.388361 -0.008858 0.004884
v 0.389236 -0.008354 -0.005261
v 0.426587 -0.004009 0.021809
v 0.427407 -0.011708 0.023371
v 0.449181 -0.001459 0.032498
v 0.391768 -0.017650 0.022387
v 0.396653 -0.026486 0.022954
v 0.429548 -0.020193 0.023281
v 0.350957 -0.049072 0.022836
v 0.358227 -0.055872 0.023155
v 0.402332 -0.036262 0.023478
v 0.299196 -0.092669 0.020673
v 0.306964 -0.098656 0.022357
v 0.315016 -0.104403 0.022718
v 0.366725 -0.062807 0.023241
v 0.249812 -0.144792 0.019680
v 0.407609 -0.046125 0.024190
v 0.323547 -0.110169 0.022804
v 0.333475 -0.116411 0.022823
v 0.352031 -0.124761 0.022827
v 0.382268 -0.151018 0.022842
v 0.422763 -0.195182 0.024357
v 0.471686 -0.175048 0.022992
v 0.484344 -0.186333 0.023378
v 0.502764 -0.149304 0.022834
v 0.486669 -0.139931 0.022858
v 0.508370 -0.120194 0.022837
v 0.494730 -0.116054 0.022977
v 0.512516 -0.098188 0.022884
v 0.501385 -0.096691 0.023048
v 0.490215 -0.094658 0.024708
v 0.520611 -0.121226 0.022799
v 0.515487 -0.152670 0.022807
v 0.526638 -0.156190 0.022666
v 0.493783 -0.195367 0.024060
v 0.435208 -0.037921 0.022922
v 0.432231 -0.029174 0.022972
v 0.461143 -0.000496 0.051170
v 0.475039 -0.004686 0.064003
v 0.477754 0.005148 0.061933
v 0.492141 -0.001142 0.068996
v 0.496015 0.006997 0.067049
v 0.481765 0.013483 0.059111
v 0.500649 0.013632 0.063721
v 0.487103 0.020815 0.056064
v 0.474355 0.024734 0.042393
v 0.493473 0.025375 0.051360
v 0.482299 0.029978 0.039127
v 0.473894 0.031821 0.021381
v 0.490812 0.030854 0.034870
v 0.483567 0.033024 0.020373
v 0.498569 0.027687 0.030297
v 0.491869 0.029899 0.018518
v 0.489349 0.030295 0.003741
v 0.497097 0.025698 0.004460
v 0.497844 0.024585 -0.008369
v 0.504411 0.022128 0.005001
v 0.505653 0.022217 -0.004991
v 0.509726 0.018057 -0.012648
v 0.513099 0.026626 -0.003784
v 0.517710 0.022925 -0.010726
v 0.524812 0.017956 -0.016685
v 0.524052 0.033168 -0.013135
v 0.531574 0.028442 -0.018634
v 0.540193 0.023084 -0.023812
v 0.533912 0.012421 -0.022445
v 0.548422 0.017129 -0.029334
v 0.548562 0.036925 -0.025655
v 0.556330 0.031322 -0.030858
v 0.563037 0.025672 -0.036534
v 0.567937 0.050077 -0.033132
v 0.574317 0.044674 -0.038860
v 0.580433 0.039083 -0.044282
v 0.592951 0.072036 -0.043641
v 0.599075 0.066175 -0.049398
v 0.605418 0.060401 -0.054121
v 0.587089 0.033381 -0.048374
v 0.612589 0.054702 -0.055802
v 0.594626 0.028031 -0.049444
v 0.620116 0.049881 -0.052962
v 0.601826 0.024035 -0.046072
v 0.625673 0.047477 -0.045640
v 0.607080 0.022070 -0.039055
v 0.592928 0.002739 -0.034419
v 0.608830 0.022685 -0.030471
v 0.594758 0.003156 -0.026513
v 0.585399 -0.010793 -0.024064
v 0.593067 0.006331 -0.019048
v 0.584556 -0.007882 -0.016412
v 0.578942 -0.022315 -0.022338
v 0.574079 -0.033020 -0.021967
v 0.574551 -0.043123 -0.023020
v 0.571896 -0.053047 -0.010813
v 0.571008 -0.052700 0.001422
v 0.562902 -0.063421 0.001537
v 0.564511 -0.063922 -0.010065
v 0.553427 -0.074431 0.001093
v 0.553508 -0.074108 -0.009304
v 0.542906 -0.091952 -0.000862
v 0.541863 -0.090715 -0.009815
v 0.551404 -0.116655 -0.011812
v 0.605824 0.026155 -0.022855
v 0.599786 0.031014 -0.017421
v 0.624340 0.051998 -0.027615
v 0.618337 0.057188 -0.021587
v 0.611813 0.062623 -0.016439
v 0.639134 0.085394 -0.026709
v 0.633143 0.090823 -0.020802
v 0.627008 0.096324 -0.014798
v 0.655869 0.118981 -0.023747
v 0.650097 0.124162 -0.017313
v 0.644391 0.129342 -0.010710
v 0.674061 0.152570 -0.020569
v 0.669320 0.157170 -0.012736
v 0.663574 0.162561 -0.006012
v 0.692419 0.187337 -0.017598
v 0.688082 0.191609 -0.009039
v 0.683163 0.196292 -0.000960
v 0.711982 0.221308 -0.012177
v 0.706733 0.226059 -0.004175
v 0.699743 0.231736 0.001379
v 0.728042 0.257342 -0.009154
v 0.720567 0.262688 -0.004247
v 0.711626 0.268033 -0.004901
v 0.739053 0.294361 -0.010129
v 0.729892 0.298601 -0.011542
v 0.723536 0.300194 -0.018813
v 0.744027 0.330943 -0.017083
v 0.736665 0.332316 -0.024581
v 0.735827 0.330571 -0.035197
v 0.748906 0.364883 -0.031278
v 0.746280 0.363741 -0.041173
v 0.746745 0.361597 -0.051758
v 0.752167 0.398107 -0.046951
v 0.752380 0.396175 -0.057732
v 0.753112 0.394107 -0.068556
v 0.755602 0.431580 -0.062758
v 0.755805 0.429884 -0.073592
v 0.754525 0.428139 -0.084343
v 0.754432 0.466114 -0.077931
v 0.752408 0.464455 -0.088945
v 0.749486 0.462566 -0.099887
v 0.746559 0.500152 -0.092691
v 0.743412 0.498392 -0.103666
v 0.740286 0.496666 -0.114469
v 0.732467 0.533255 -0.105459
v 0.729351 0.531615 -0.116316
v 0.727121 0.530290 -0.127232
v 0.735705 0.534980 -0.094577
v 0.738662 0.536664 -0.083769
v 0.749260 0.501779 -0.081791
v 0.749560 0.503013 -0.070670
v 0.740239 0.537951 -0.072847
v 0.754600 0.467476 -0.067027
v 0.754858 0.468848 -0.056100
v 0.750519 0.504328 -0.059817
v 0.755663 0.433255 -0.051953
v 0.758263 0.434718 -0.041626
v 0.757165 0.470298 -0.045458
v 0.755303 0.399382 -0.036731
v 0.762608 0.399595 -0.028943
v 0.765545 0.435514 -0.033982
v 0.755674 0.364336 -0.023855
v 0.765374 0.362295 -0.021388
v 0.772765 0.398375 -0.027490
v 0.753955 0.327315 -0.016386
v 0.762578 0.323429 -0.020788
v 0.773615 0.359294 -0.027013
v 0.746627 0.289816 -0.015334
v 0.751138 0.286242 -0.024206
v 0.767065 0.320366 -0.030219
v 0.733190 0.252997 -0.017451
v 0.737540 0.248977 -0.026662
v 0.754733 0.282994 -0.033907
v 0.716661 0.216845 -0.020931
v 0.720718 0.212609 -0.030280
v 0.741252 0.245170 -0.036485
v 0.696941 0.182660 -0.025937
v 0.701212 0.178095 -0.034342
v 0.723945 0.208724 -0.040111
v 0.678577 0.148127 -0.028467
v 0.683218 0.143510 -0.036263
v 0.705488 0.173476 -0.042696
v 0.661673 0.113755 -0.030256
v 0.666808 0.109073 -0.037324
v 0.687962 0.138812 -0.043854
v 0.644569 0.080484 -0.033379
v 0.646779 0.077505 -0.042002
v 0.669365 0.105683 -0.046886
v 0.627064 0.048519 -0.036026
v 0.645352 0.076770 -0.051421
v 0.640820 0.078401 -0.059886
v 0.662848 0.107293 -0.065295
v 0.667876 0.105072 -0.056640
v 0.684004 0.136342 -0.070433
v 0.689600 0.133906 -0.062638
v 0.691027 0.134938 -0.052864
v 0.710626 0.164022 -0.069733
v 0.712439 0.165055 -0.060123
v 0.709658 0.168899 -0.050963
v 0.732820 0.197081 -0.068535
v 0.730404 0.200616 -0.058977
v 0.727140 0.204658 -0.049704
v 0.749862 0.234398 -0.067042
v 0.747055 0.237972 -0.057116
v 0.744131 0.241592 -0.046932
v 0.762430 0.273629 -0.065651
v 0.760630 0.276621 -0.054909
v 0.758409 0.279634 -0.044005
v 0.772626 0.313227 -0.062557
v 0.771190 0.315623 -0.051367
v 0.768957 0.318087 -0.040708
v 0.778350 0.353531 -0.058185
v 0.778134 0.355175 -0.047093
v 0.777354 0.356932 -0.036592
v 0.786451 0.393333 -0.053094
v 0.785815 0.394724 -0.042233
v 0.781729 0.396429 -0.032557
v 0.788744 0.433613 -0.047250
v 0.784756 0.434630 -0.037840
v 0.775680 0.435391 -0.032787
v 0.784712 0.472975 -0.041074
v 0.774940 0.472799 -0.035864
v 0.764831 0.471781 -0.038297
v 0.770344 0.509923 -0.041125
v 0.760312 0.507957 -0.042143
v 0.753303 0.505901 -0.049586
v 0.751925 0.543282 -0.044632
v 0.744657 0.540656 -0.051774
v 0.741617 0.539143 -0.062032
v 0.761691 0.546339 -0.043428
v 0.770768 0.548861 -0.048360
v 0.757364 0.585495 -0.049805
v 0.778920 0.511138 -0.046157
v 0.782953 0.511045 -0.055292
v 0.775095 0.549420 -0.058087
v 0.787985 0.472255 -0.051378
v 0.787465 0.471216 -0.062241
v 0.782017 0.509997 -0.065999
v 0.788416 0.432568 -0.057940
v 0.786701 0.431459 -0.068909
v 0.785496 0.470039 -0.073073
v 0.785019 0.392163 -0.064141
v 0.783866 0.390749 -0.075435
v 0.785264 0.430211 -0.080203
v 0.779184 0.351691 -0.069548
v 0.780105 0.349750 -0.080954
v 0.782998 0.389161 -0.086777
v 0.773649 0.310798 -0.073861
v 0.774987 0.308357 -0.084628
v 0.780970 0.347785 -0.092040
v 0.764224 0.270583 -0.076042
v 0.765593 0.267790 -0.086196
v 0.776152 0.306002 -0.095237
v 0.752354 0.230972 -0.076927
v 0.751485 0.228892 -0.087794
v 0.764692 0.265743 -0.096420
v 0.731535 0.195536 -0.078323
v 0.726187 0.196562 -0.086604
v 0.744964 0.229881 -0.095859
v 0.705134 0.165780 -0.077662
v 0.698254 0.169007 -0.083341
v 0.718556 0.199622 -0.092191
v 0.677097 0.140310 -0.075611
v 0.669727 0.146587 -0.072733
v 0.691480 0.175014 -0.079684
v 0.656017 0.111705 -0.069237
v 0.649603 0.117394 -0.064813
v 0.644391 0.122813 -0.058180
v 0.664631 0.152208 -0.065767
v 0.633368 0.083190 -0.064612
v 0.626934 0.089154 -0.060627
v 0.621388 0.094816 -0.054138
v 0.616376 0.100162 -0.047080
v 0.639576 0.128153 -0.051042
v 0.634662 0.133458 -0.043932
v 0.656812 0.162057 -0.049759
v 0.660588 0.157291 -0.057908
v 0.611364 0.105465 -0.039886
v 0.605903 0.111001 -0.033052
v 0.629741 0.138679 -0.036734
v 0.586979 0.077756 -0.037731
v 0.581077 0.083466 -0.031544
v 0.575027 0.089237 -0.025470
v 0.599748 0.116943 -0.027311
v 0.561074 0.056017 -0.027977
v 0.554004 0.062065 -0.023276
v 0.547195 0.067820 -0.018135
v 0.568954 0.094893 -0.019386
v 0.540659 0.042651 -0.021033
v 0.533257 0.047399 -0.015649
v 0.527553 0.051242 -0.008769
v 0.541707 0.072809 -0.011447
v 0.518949 0.037114 -0.005943
v 0.518918 0.038597 0.002914
v 0.527516 0.052437 -0.000067
v 0.511964 0.028107 0.004637
v 0.523421 0.037474 0.012004
v 0.529730 0.034292 0.018515
v 0.537885 0.048798 0.015719
v 0.532078 0.051224 0.008959
v 0.551030 0.068808 0.013635
v 0.545040 0.072558 0.006782
v 0.541067 0.074423 -0.002549
v 0.564972 0.100421 0.004772
v 0.561176 0.102677 -0.004442
v 0.562890 0.100463 -0.013346
v 0.585933 0.130919 -0.006286
v 0.588094 0.128369 -0.014833
v 0.593581 0.122935 -0.021541
v 0.613318 0.155563 -0.016665
v 0.618828 0.149842 -0.023478
v 0.624308 0.144222 -0.030134
v 0.642544 0.177841 -0.028202
v 0.647756 0.172274 -0.034962
v 0.652789 0.166865 -0.041783
v 0.672469 0.199217 -0.038424
v 0.676749 0.194250 -0.046325
v 0.680251 0.189720 -0.054859
v 0.698105 0.222917 -0.052312
v 0.700864 0.218767 -0.061604
v 0.703459 0.214620 -0.070929
v 0.683637 0.185168 -0.063475
v 0.706280 0.210362 -0.080132
v 0.687065 0.180522 -0.072062
v 0.710925 0.205224 -0.088510
v 0.722754 0.241939 -0.088960
v 0.726599 0.237682 -0.097803
v 0.735538 0.233174 -0.099308
v 0.739622 0.271696 -0.107307
v 0.749398 0.268094 -0.108228
v 0.758956 0.265718 -0.104682
v 0.760159 0.304996 -0.117486
v 0.770153 0.303341 -0.114667
v 0.775922 0.303793 -0.106121
v 0.776340 0.343289 -0.121810
v 0.781177 0.344148 -0.113505
v 0.781690 0.345872 -0.102822
v 0.782358 0.384491 -0.119156
v 0.782785 0.385894 -0.108801
v 0.782507 0.387524 -0.097996
v 0.781813 0.425649 -0.113764
v 0.783193 0.427245 -0.102730
v 0.784261 0.428782 -0.091550
v 0.779613 0.465906 -0.106763
v 0.781532 0.467385 -0.095432
v 0.783464 0.468763 -0.084153
v 0.775456 0.506054 -0.098762
v 0.777475 0.507362 -0.087529
v 0.779737 0.508687 -0.076664
v 0.767264 0.545325 -0.089699
v 0.770934 0.546955 -0.079226
v 0.774331 0.548496 -0.068871
v 0.758233 0.584125 -0.080541
v 0.760811 0.585738 -0.069906
v 0.761534 0.586600 -0.059527
v 0.755479 0.582413 -0.091292
v 0.764784 0.543947 -0.100777
v 0.752790 0.580758 -0.102360
v 0.762429 0.542677 -0.112046
v 0.750206 0.579355 -0.113500
v 0.760092 0.541452 -0.123132
v 0.773411 0.504769 -0.110205
v 0.771514 0.503582 -0.121394
v 0.769053 0.502266 -0.132312
v 0.777733 0.464482 -0.117850
v 0.775604 0.463030 -0.128946
v 0.771759 0.461517 -0.139320
v 0.779884 0.424026 -0.124252
v 0.776318 0.422448 -0.133933
v 0.767302 0.421259 -0.136649
v 0.779109 0.383092 -0.128861
v 0.769175 0.382472 -0.132182
v 0.758620 0.382729 -0.130367
v 0.766857 0.343883 -0.124471
v 0.756886 0.345032 -0.124196
v 0.752299 0.347157 -0.115839
v 0.750007 0.307695 -0.116070
v 0.745528 0.310628 -0.108206
v 0.744804 0.313434 -0.097725
v 0.734844 0.275657 -0.098992
v 0.732897 0.279133 -0.088965
v 0.731186 0.282512 -0.078950
v 0.720445 0.245726 -0.079339
v 0.718236 0.249497 -0.069626
v 0.716139 0.253222 -0.059825
v 0.694347 0.227476 -0.043515
v 0.668061 0.204237 -0.030625
v 0.637651 0.183324 -0.021104
v 0.610509 0.158799 -0.008278
v 0.587571 0.130308 0.003427
v 0.571294 0.095910 0.011086
v 0.558263 0.063363 0.011207
v 0.545577 0.043554 0.012847
v 0.553384 0.038159 0.008052
v 0.536987 0.028613 0.014889
v 0.544720 0.023019 0.010176
v 0.552638 0.017811 0.005259
v 0.500231 0.026092 0.045300
v 0.510438 0.019077 0.051859
v 0.505983 0.017981 0.058631
v 0.519324 0.008342 0.061850
v 0.521214 0.009704 0.055013
v 0.515574 0.003863 0.067150
v 0.533803 -0.003588 0.059987
v 0.511567 -0.002261 0.070430
v 0.507657 -0.010069 0.071689
v 0.516714 -0.058497 0.050638
v 0.507000 -0.059580 0.045729
v -0.229874 -0.134106 -0.062706
v -0.224410 -0.125520 -0.062074
v -0.258999 -0.107561 -0.058596
v -0.220695 -0.118669 -0.069086
v -0.254732 -0.099260 -0.064558
v -0.290665 -0.082500 -0.062146
v -0.253109 -0.095244 -0.074324
v -0.288586 -0.077548 -0.071087
v -0.325103 -0.062380 -0.069109
v -0.289216 -0.078016 -0.081597
v -0.325200 -0.061966 -0.079257
v -0.360675 -0.046068 -0.077871
v -0.327006 -0.065427 -0.089035
v -0.362330 -0.049295 -0.087741
v -0.397634 -0.033777 -0.086937
v -0.364693 -0.054123 -0.097001
v -0.399872 -0.038051 -0.096422
v -0.434879 -0.022408 -0.095622
v -0.402175 -0.042405 -0.106021
v -0.437292 -0.026537 -0.105202
v -0.470230 -0.009177 -0.104747
v -0.439478 -0.030404 -0.114990
v -0.472611 -0.013072 -0.114719
v -0.504634 0.004216 -0.113655
v -0.474821 -0.017004 -0.124697
v -0.507116 0.000420 -0.123760
v -0.539125 0.019577 -0.121432
v -0.509515 -0.003334 -0.133548
v -0.542007 0.016176 -0.131075
v -0.574167 0.038681 -0.128607
v -0.544861 0.012680 -0.140597
v -0.577227 0.035327 -0.138091
v -0.606807 0.061716 -0.137530
v -0.580554 0.031614 -0.147377
v -0.610917 0.057704 -0.146812
v -0.640191 0.085044 -0.144269
v -0.616691 0.051465 -0.151792
v -0.646418 0.079515 -0.148671
v -0.673083 0.110404 -0.144825
v -0.653166 0.072704 -0.145544
v -0.681077 0.104050 -0.142883
v -0.704436 0.137424 -0.140292
v -0.687806 0.098179 -0.137102
v -0.710577 0.132930 -0.134043
v -0.731323 0.167825 -0.131392
v -0.711078 0.131728 -0.124152
v -0.731269 0.167019 -0.121691
v -0.749875 0.203556 -0.119227
v -0.728484 0.167741 -0.111816
v -0.747995 0.203335 -0.108742
v -0.761781 0.241402 -0.105923
v -0.744925 0.203673 -0.098743
v -0.759477 0.241652 -0.095849
v -0.772247 0.279453 -0.093610
v -0.757009 0.241906 -0.085651
v -0.770608 0.279626 -0.083361
v -0.777870 0.319462 -0.084191
v -0.768458 0.279895 -0.073055
v -0.776664 0.319784 -0.073693
v -0.784368 0.360413 -0.074675
v -0.775283 0.320161 -0.063394
v -0.783772 0.360696 -0.064053
v -0.788614 0.401733 -0.064987
v -0.783143 0.360977 -0.053690
v -0.788540 0.402081 -0.054569
v -0.789165 0.443903 -0.056110
v -0.787488 0.402384 -0.044461
v -0.788903 0.444478 -0.045558
v -0.785053 0.486752 -0.049216
v -0.784565 0.444949 -0.036495
v -0.779689 0.486733 -0.040739
v -0.772532 0.526544 -0.044337
v -0.771459 0.485997 -0.035790
v -0.764303 0.525288 -0.039078
v -0.755015 0.563676 -0.041241
v -0.755022 0.523264 -0.040318
v -0.745147 0.560807 -0.041609
v -0.733071 0.599096 -0.044269
v -0.738627 0.558495 -0.048998
v -0.727421 0.596458 -0.051792
v -0.712441 0.633691 -0.054544
v -0.724182 0.594477 -0.061360
v -0.709520 0.631227 -0.064146
v -0.692985 0.667883 -0.069252
v -0.707564 0.629022 -0.074305
v -0.690775 0.664906 -0.079036
v -0.705607 0.626855 -0.084664
v -0.688221 0.661890 -0.088809
v -0.702654 0.624376 -0.094867
v -0.684746 0.658594 -0.098226
v -0.665158 0.691326 -0.104448
v -0.680952 0.655303 -0.107407
v -0.661374 0.686936 -0.113006
v -0.677327 0.652108 -0.116563
v -0.657646 0.682596 -0.121419
v -0.674239 0.649212 -0.125864
v -0.654249 0.678276 -0.129847
v -0.672534 0.647222 -0.135845
v -0.653535 0.676135 -0.139272
v -0.656048 0.677099 -0.148271
v -0.630642 0.702076 -0.153191
v -0.635433 0.706666 -0.160716
v -0.605616 0.731207 -0.160608
v -0.610856 0.737602 -0.159345
v -0.584289 0.757152 -0.154836
v -0.589429 0.763823 -0.151168
v -0.692737 0.617390 -0.124370
v -0.696026 0.619597 -0.114723
v -0.710315 0.584587 -0.113046
v -0.699296 0.621867 -0.104916
v -0.713491 0.586659 -0.102902
v -0.726448 0.550972 -0.100752
v -0.716725 0.588801 -0.092519
v -0.729564 0.552873 -0.090480
v -0.738889 0.515716 -0.086654
v -0.732297 0.554551 -0.079861
v -0.741339 0.517210 -0.076514
v -0.749907 0.479769 -0.072652
v -0.743235 0.518492 -0.066314
v -0.751051 0.480901 -0.062446
v -0.753809 0.442109 -0.058549
v -0.752250 0.481972 -0.052360
v -0.755178 0.442922 -0.048478
v -0.755417 0.404209 -0.046087
v -0.757869 0.443830 -0.038618
v -0.758298 0.404572 -0.036613
v -0.765548 0.444568 -0.031940
v -0.765629 0.404373 -0.030241
v -0.775657 0.444994 -0.031108
v -0.775098 0.403753 -0.029975
v -0.783127 0.402928 -0.035447
v -0.778101 0.362160 -0.034390
v -0.782242 0.361310 -0.043840
v -0.772108 0.321068 -0.043346
v -0.773913 0.320556 -0.053200
v -0.764253 0.280746 -0.052803
v -0.761770 0.281290 -0.042877
v -0.749359 0.243155 -0.054504
v -0.766385 0.280268 -0.062917
v -0.751928 0.242498 -0.064798
v -0.735268 0.205753 -0.067337
v -0.754437 0.242122 -0.075371
v -0.738656 0.204758 -0.078072
v -0.717383 0.171247 -0.081242
v -0.741766 0.204103 -0.088548
v -0.721179 0.169926 -0.091703
v -0.701117 0.135261 -0.093909
v -0.724922 0.168784 -0.102016
v -0.704957 0.133714 -0.104105
v -0.680638 0.100978 -0.107773
v -0.708802 0.132178 -0.113970
v -0.684494 0.098967 -0.117678
v -0.656990 0.067029 -0.120974
v -0.687459 0.097626 -0.127606
v -0.659829 0.065130 -0.130958
v -0.658947 0.066748 -0.140178
v -0.761631 0.484731 -0.035318
v -0.754974 0.483232 -0.042570
v -0.748207 0.521267 -0.046635
v -0.745194 0.519739 -0.056195
v -0.735356 0.556871 -0.058847
v -0.733661 0.555654 -0.069235
v -0.721892 0.592703 -0.071549
v -0.719618 0.590862 -0.082056
v 0.161419 -0.406090 0.021840
v 0.154673 -0.408218 -0.007671
v 0.155809 -0.398869 0.023317
v 0.148238 -0.401587 -0.002879
v 0.133500 -0.400715 -0.025967
v 0.145449 -0.391934 -0.000254
v 0.133180 -0.388544 -0.017728
v 0.149434 -0.383361 -0.001205
v 0.139562 -0.379594 -0.019986
v 0.154006 -0.389660 0.022990
v 0.157205 -0.381212 0.020807
v 0.165999 -0.380076 0.048135
v 0.167826 -0.372301 0.042978
v 0.182160 -0.363736 0.065902
v 0.184922 -0.372397 0.071359
v 0.206306 -0.353859 0.075928
v 0.201150 -0.347888 0.067821
v 0.167554 -0.388681 0.050953
v 0.221928 -0.340995 0.065874
v 0.214199 -0.337934 0.060316
v 0.230056 -0.331565 0.053960
v 0.219707 -0.331195 0.049620
v 0.211703 -0.334854 0.043225
v -0.567405 0.831390 -0.129803
v 0.489869 -0.070636 0.065277
v 0.483140 -0.065716 0.073758
v 0.466058 -0.088928 0.066021
v 0.476504 -0.088827 0.057652
v 0.474617 -0.059445 0.076443
v 0.454938 -0.084080 0.069102
v 0.466164 -0.052827 0.074430
v 0.445979 -0.074633 0.066540
v 0.442200 -0.063582 0.060047
v 0.220234 -0.358937 -0.009344
vn -0.6405 0.7657 -0.0591
vn -0.5802 0.8098 -0.0868
vn -0.6229 0.7210 -0.3036
vn -0.9556 -0.2942 -0.0133
vn -0.5702 0.6920 -0.4426
vn 0.5416 0.7408 -0.3973
vn 0.0411 0.9811 -0.1889
vn -0.0974 0.7206 0.6864
vn 0.0264 0.2000 0.9794
vn -0.5522 0.4366 0.7103
vn -0.1027 -0.4806 -0.8709
vn 0.8384 0.4373 -0.3252
vn -0.8170 -0.5730 -0.0648
vn 0.6764 -0.4619 -0.5738
vn -0.7111 -0.7023 -0.0321
vn -0.5982 -0.6816 0.4214
vn 0.3054 -0.9171 -0.2563
vn -0.0417 0.0238 0.9988
vn -0.0544 -0.0018 0.9985
vn -0.0433 0.0233 0.9988
vn 0.7801 0.6035 -0.1648
vn 0.5308 -0.8314 -0.1645
vn 0.4783 -0.8578 0.1881
vn 0.5571 -0.8277 0.0679
vn -0.6329 -0.2655 -0.7273
vn -0.0887 0.2632 -0.9606
vn -0.2276 -0.6488 -0.7262
vn -0.8744 0.4844 0.0281
vn 0.0421 -0.0157 -0.9990
vn 0.0355 -0.0214 -0.9991
vn 0.0091 -0.0255 -0.9996
vn -0.0628 -0.8462 -0.5292
vn 0.1630 -0.7670 -0.6205
vn 0.5224 -0.5245 -0.6724
vn -0.0298 0.0570 -0.9979
vn -0.1350 0.7492 -0.6484
vn 0.5995 0.5264 -0.6029
vn 0.0890 0.1048 -0.9905
vn -0.6639 0.1015 0.7409
vn 0.1190 -0.8707 0.4772
vn 0.7517 0.0146 -0.6594
vn -0.3870 -0.2651 -0.8831
vn -0.0471 0.7422 -0.6685
vn 0.0768 0.1592 -0.9843
vn 0.4237 0.4033 -0.8110
vn -0.1236 -0.9504 -0.2854
vn -0.1853 -0.9639 -0.1911
vn -0.2385 -0.9575 -0.1625
vn 0.0937 -0.1694 -0.9811
vn 0.0634 -0.1427 -0.9877
vn 0.0051 -0.0054 -1.0000
vn 0.0858 -0.0389 -0.9956
vn 0.1722 0.7749 0.6081
vn 0.8474 0.3260 0.4191
vn 0.5423 0.8221 -0.1736
vn 0.2771 -0.4410 -0.8537
vn 0.3358 0.0868 -0.9379
vn 0.6815 -0.2084 -0.7015
vn 0.1997 0.7957 0.5718
vn 0.1407 0.6546 0.7427
vn 0.1294 0.8051 0.5789
vn 0.5061 -0.5078 -0.6971
vn -0.0387 -0.8980 -0.4382
vn -0.0895 -0.9351 -0.3430
vn 0.1175 -0.0952 -0.9885
vn -0.0400 -0.7351 -0.6768
vn 0.7292 0.6806 0.0711
vn 0.4601 0.4775 0.7485
vn -0.0750 -0.1990 0.9771
vn -0.3319 -0.8143 0.4762
vn 0.4021 -0.7274 0.5561
vn -0.8613 0.0242 0.5076
vn -0.6329 0.7093 0.3104
vn -0.0909 0.0360 0.9952
vn -0.1861 -0.0017 0.9825
vn -0.0500 0.2174 0.9748
vn -0.6618 0.7153 -0.2244
vn -0.7237 0.6862 -0.0733
vn -0.5918 0.6917 -0.4139
vn 0.7377 -0.6525 0.1734
vn 0.9630 -0.1679 0.2106
vn 0.7979 -0.5503 -0.2460
vn -0.1064 -0.2733 0.9560
vn -0.2115 -0.8255 0.5232
vn 0.3529 -0.4330 0.8294
vn -0.5746 0.8183 -0.0114
vn -0.3447 0.3415 0.8744
vn -0.8574 0.3616 -0.3663
vn -0.6840 0.6107 0.3990
vn -0.8550 -0.1023 0.5085
vn -0.7001 -0.6356 0.3253
vn -0.8737 0.4611 -0.1549
vn -0.8002 -0.3848 0.4601
vn -0.3718 -0.4849 0.7916
vn -0.6231 -0.5862 0.5178
vn -0.7740 -0.5816 -0.2503
vn -0.6871 -0.4076 -0.6015
vn 0.1283 -0.3639 0.9226
vn 0.3131 -0.2117 0.9258
vn 0.1403 -0.1647 0.9763
vn -0.1091 -0.0436 0.9931
vn 0.0402 0.1240 0.9915
vn 0.3548 -0.7130 0.6048
vn 0.3912 -0.4717 0.7902
vn 0.1635 -0.6010 0.7823
vn -0.7302 0.5789 0.3630
vn -0.4665 0.8458 0.2587
vn -0.5023 0.8644 0.0239
vn -0.7566 0.6509 0.0623
vn 0.0017 -0.0015 -1.0000
vn 0.0024 -0.0018 -1.0000
vn 0.7006 -0.6214 0.3508
vn 0.7418 -0.5595 0.3697
vn 0.5947 -0.6671 0.4486
vn 0.6442 -0.5163 0.5643
vn 0.6726 -0.4811 0.5623
vn 0.1414 -0.3645 -0.9204
vn 0.0159 -0.0210 -0.9997
vn 0.0324 -0.0351 -0.9989
vn 0.0873 0.9323 -0.3509
vn -0.0745 0.2363 0.9688
vn -0.1352 0.3266 -0.9354
vn -0.0932 -0.4095 0.9075
vn -0.9909 -0.0727 -0.1129
vn -0.4235 0.0034 -0.9059
vn -0.8907 -0.0696 -0.4491
vn -0.9096 0.0551 -0.4119
vn -0.8396 0.0646 -0.5394
vn -0.9377 0.0661 -0.3411
vn 0.7272 0.6835 -0.0627
vn 0.7247 0.6863 -0.0617
vn 0.6593 0.7506 -0.0426
vn 0.8267 0.5247 0.2031
vn 0.8769 -0.1842 0.4441
vn 0.6132 0.0831 0.7855
vn 0.9537 0.2687 0.1354
vn 0.9427 0.2825 0.1775
vn 0.4432 0.8963 -0.0124
vn 0.6278 0.7671 0.1323
vn 0.3824 -0.0994 0.9186
vn -0.3928 0.6582 0.6422
vn 0.7486 0.5870 0.3082
vn 0.6057 0.7929 0.0671
vn 0.6005 0.7994 0.0193
vn 0.5808 0.8128 0.0446
vn 0.4610 0.7067 -0.5366
vn 0.4761 0.7908 -0.3847
vn 0.5345 0.6745 -0.5093
vn 0.4985 0.6644 -0.5568
vn 0.4795 0.1718 -0.8606
vn 0.6151 0.2899 -0.7332
vn 0.6278 0.2945 -0.7205
vn 0.0409 -0.0967 -0.9945
vn 0.0539 -0.0694 -0.9961
vn 0.2776 -0.1360 -0.9510
vn 0.4192 -0.8279 -0.3726
vn -0.0297 -0.0952 -0.9950
vn -0.1991 -0.1149 -0.9732
vn -0.1423 -0.0405 -0.9890
vn -0.0347 -0.0882 -0.9955
vn -0.2319 -0.1338 -0.9635
vn 0.2004 -0.1108 0.9734
vn 0.1223 -0.0226 0.9922
vn 0.2258 -0.1701 0.9592
vn 0.0426 -0.5726 -0.8187
vn -0.0785 -0.8666 -0.4928
vn -0.2811 -0.6390 -0.7160
vn 0.0654 -0.1667 0.9838
vn 0.3646 -0.1800 0.9136
vn 0.1705 -0.3884 0.9056
vn -0.0264 -0.1202 0.9924
vn -0.0152 -0.0685 0.9975
vn -0.2413 -0.1194 0.9631
vn -0.0178 -0.1772 0.9840
vn -0.0330 -0.4418 0.8965
vn -0.2854 -0.3587 0.8887
vn -0.4420 -0.8341 0.3300
vn -0.4482 -0.8390 0.3084
vn -0.5060 -0.8159 -0.2798
vn -0.4734 -0.8535 -0.2176
vn 0.9222 0.3673 0.1211
vn 0.2898 0.0283 0.9567
vn 0.8747 0.4590 0.1552
vn 0.3258 0.1767 0.9288
vn -0.0614 -0.8239 -0.5634
vn 0.1223 -0.7576 -0.6412
vn -0.2867 -0.6677 -0.6870
vn -0.6989 0.2291 -0.6776
vn -0.7212 0.0020 -0.6927
vn -0.9775 0.1183 -0.1746
vn -0.6134 -0.4014 -0.6801
vn -0.4715 -0.1065 -0.8754
vn 0.5367 -0.7937 -0.2863
vn 0.1290 -0.7120 0.6902
vn 0.3840 -0.1244 0.9149
vn -0.6977 -0.2852 -0.6571
vn -0.4794 -0.4078 -0.7771
vn -0.4445 -0.1307 -0.8862
vn 0.6356 0.6529 -0.4121
vn 0.7741 0.3299 -0.5403
vn 0.4792 0.5768 -0.6616
vn -0.9571 0.2764 0.0871
vn -0.8141 0.3881 -0.4320
vn -0.8381 0.4848 -0.2501
vn 0.3678 0.8831 -0.2911
vn 0.4108 0.8916 -0.1906
vn 0.4629 0.8643 -0.1968
vn -0.4153 0.7907 -0.4498
vn -0.0178 0.7601 -0.6496
vn -0.7373 0.2270 -0.6362
vn 0.0609 0.9254 -0.3740
vn -0.0886 0.8972 -0.4327
vn 0.0346 -0.9231 0.3829
vn -0.2466 -0.9667 -0.0684
vn -0.2395 -0.6941 0.6789
vn 0.2939 0.9441 -0.1494
vn 0.3159 0.9472 -0.0548
vn 0.2445 0.9691 -0.0342
vn 0.5985 0.1211 -0.7919
vn 0.4683 0.2574 -0.8452
vn 0.6259 0.2027 -0.7531
vn 0.9649 -0.0752 -0.2517
vn 0.9524 -0.1458 -0.2677
vn 0.9012 -0.1749 -0.3966
vn -0.8844 -0.3303 -0.3298
vn -0.8904 -0.2993 -0.3429
vn -0.8386 -0.5414 0.0595
vn -0.4373 0.0675 0.8968
vn 0.2476 -0.4385 0.8639
vn -0.9553 -0.2924 0.0440
vn 0.2074 0.4247 -0.8813
vn 0.2528 0.6578 -0.7095
vn 0.5643 0.5792 -0.5883
vn 0.2376 0.9713 -0.0102
vn 0.2325 0.9718 0.0404
vn 0.2328 0.9722 -0.0270
vn -0.6963 0.7048 -0.1357
vn -0.8651 0.3723 -0.3362
vn -0.7095 0.7045 0.0189
vn -0.7048 0.4293 -0.5647
vn -0.5787 0.8090 -0.1033
vn -0.5931 0.0953 -0.7995
vn -0.4656 0.2400 -0.8518
vn -0.5059 0.1174 -0.8546
vn -0.3206 0.6085 -0.7259
vn -0.7165 0.6971 0.0260
vn -0.7767 0.6263 0.0675
vn -0.8256 0.5180 0.2237
vn 0.2663 0.8649 -0.4254
vn 0.2257 0.7897 -0.5704
vn 0.7114 0.4214 -0.5624
vn -0.6167 0.7253 -0.3059
vn -0.8188 -0.1648 -0.5499
vn -0.8513 -0.1693 -0.4967
vn -0.8075 -0.0817 -0.5842
vn 0.4244 0.3667 -0.8279
vn 0.4982 0.1306 -0.8572
vn 0.4581 0.3567 -0.8142
vn -0.6279 0.2558 -0.7351
vn -0.9206 0.1105 -0.3745
vn -0.6107 0.1517 -0.7772
vn -0.7700 -0.1619 -0.6172
vn 0.1900 0.9813 0.0296
vn 0.1978 0.9793 0.0435
vn 0.2069 0.9777 0.0359
vn 0.2288 0.9725 0.0429
vn 0.2333 0.9705 0.0614
vn 0.2223 0.9734 0.0557
vn 0.0349 0.4573 -0.8886
vn 0.0638 0.2089 -0.9759
vn 0.2999 0.1144 -0.9471
vn -0.3671 0.9287 -0.0533
vn -0.2896 0.9454 -0.1492
vn -0.2730 0.9614 -0.0351
vn -0.2381 0.9711 0.0144
vn -0.2139 0.9764 -0.0289
vn -0.1802 0.9836 0.0104
vn -0.2536 0.9673 0.0048
vn -0.2539 0.9672 0.0104
vn -0.2708 0.9624 0.0219
vn -0.2058 0.9700 0.1292
vn -0.2448 0.9569 0.1563
vn -0.2582 0.9656 0.0303
vn 0.9749 -0.0751 -0.2096
vn 0.1282 0.1433 -0.9813
vn -0.2761 -0.1821 -0.9437
vn -0.3742 0.1226 -0.9192
vn -0.8580 -0.4519 -0.2441
vn -0.4854 -0.8579 -0.1684
vn -0.6536 -0.7565 -0.0235
vn -0.7191 -0.6948 0.0121
vn 0.8736 -0.4544 -0.1743
vn 0.7756 -0.5727 -0.2656
vn -0.6775 -0.7051 -0.2096
vn -0.5298 0.4062 -0.7446
vn -0.6975 0.5137 -0.4996
vn -0.0562 0.0165 -0.9983
vn 0.0374 0.0489 -0.9981
vn 0.0482 0.0141 -0.9987
vn 0.0529 -0.0046 -0.9986
vn 0.0551 0.0669 -0.9962
vn -0.0125 0.0092 -0.9999
vn 0.0360 -0.0156 -0.9992
vn -0.0398 0.0179 -0.9990
vn 0.0009 -0.0178 -0.9998
vn -0.0095 0.0016 -1.0000
vn -0.0093 0.0026 -1.0000
vn -0.0083 -0.0278 -0.9996
vn -0.0045 0.0011 -1.0000
vn -0.0317 -0.0332 -0.9989
vn -0.0001 0.0001 -1.0000
vn -0.0000 -0.0000 -1.0000
vn -0.0007 0.0014 -1.0000
vn 0.0013 -0.0003 -1.0000
vn 0.0002 -0.0002 -1.0000
vn 0.0003 -0.0002 -1.0000
vn 0.0018 -0.0016 -1.0000
vn 0.0011 -0.0009 -1.0000
vn 0.0042 -0.0035 -1.0000
vn 0.0016 -0.0026 -1.0000
vn 0.0010 -0.0012 -1.0000
vn 0.0075 -0.0107 -0.9999
vn -0.0001 -0.0108 -0.9999
vn 0.0010 -0.0040 -1.0000
vn -0.0014 -0.0141 -0.9999
vn -0.0271 -0.1172 -0.9927
vn -0.0059 -0.0983 -0.9951
vn 0.0020 -0.0552 -0.9985
vn -0.1897 -0.4796 -0.8567
vn -0.3266 -0.3752 -0.8675
vn 0.0157 0.0645 -0.9978
vn -0.4172 -0.9077 -0.0439
vn -0.6902 -0.7223 -0.0445
vn -0.7132 -0.7010 -0.0007
vn -0.8062 -0.5910 0.0284
vn -0.8166 -0.5389 -0.2065
vn -0.8061 -0.5916 0.0135
vn -0.6310 -0.4410 -0.6382
vn -0.7214 -0.6825 -0.1176
vn -0.3243 -0.3485 -0.8794
vn -0.9016 -0.3204 -0.2907
vn -0.2872 -0.0833 -0.9542
vn -0.8952 0.2585 -0.3631
vn -0.3179 0.1049 -0.9423
vn -0.7709 0.5927 -0.2332
vn -0.2849 0.2026 -0.9369
vn -0.7245 0.6735 -0.1465
vn -0.2268 0.1943 -0.9544
vn -0.2121 0.2228 -0.9515
vn -0.0247 0.0273 -0.9993
vn -0.0287 0.0174 -0.9994
vn -0.0363 0.0371 -0.9986
vn -0.0068 0.0073 -1.0000
vn -0.0064 0.0065 -1.0000
vn -0.0007 0.0010 -1.0000
vn -0.0012 0.0012 -1.0000
vn 0.0306 0.0435 -0.9986
vn -0.2140 0.2039 -0.9553
vn 0.0005 -0.0001 -1.0000
vn -0.2686 -0.1989 -0.9425
vn -0.0071 0.0017 -1.0000
vn 0.0935 -0.2937 -0.9513
vn 0.0038 -0.0070 -1.0000
vn -0.1912 -0.0569 -0.9799
vn 0.3403 -0.3994 -0.8513
vn -0.1257 -0.2476 -0.9607
vn 0.1226 -0.6177 -0.7768
vn 0.1459 -0.3981 -0.9056
vn 0.2655 -0.4333 -0.8613
vn 0.0889 -0.6474 -0.7569
vn 0.4219 -0.4553 -0.7841
vn 0.2032 -0.6511 -0.7313
vn 0.4227 -0.6700 -0.6103
vn 0.4622 -0.3958 -0.7936
vn 0.1661 -0.3625 -0.9171
vn 0.2595 0.1244 -0.9577
vn 0.0484 -0.0032 -0.9988
vn 0.0629 0.0191 -0.9978
vn 0.0172 0.0042 -0.9998
vn 0.0476 -0.0296 -0.9984
vn 0.0063 -0.0037 -1.0000
vn 0.0021 -0.0013 -1.0000
vn 0.0140 -0.0131 -0.9998
vn 0.0042 -0.0036 -1.0000
vn 0.0219 -0.0199 -0.9996
vn 0.0062 -0.0056 -1.0000
vn 0.0954 -0.0875 -0.9916
vn 0.0839 -0.0758 -0.9936
vn 0.0177 -0.0152 -0.9997
vn 0.5374 -0.4956 -0.6823
vn 0.3636 -0.5116 -0.7785
vn 0.0460 -0.0604 -0.9971
vn 0.5710 -0.8045 -0.1635
vn 0.0965 -0.9910 -0.0932
vn 0.0323 -0.5348 -0.8443
vn 0.5793 -0.8151 0.0052
vn 0.0875 -0.9961 -0.0113
vn 0.0827 -0.9964 0.0195
vn -0.3984 -0.9165 0.0377
vn -0.4075 -0.9127 -0.0299
vn 0.0549 -0.9913 0.1200
vn -0.3731 -0.8930 0.2519
vn 0.0242 -0.8371 0.5465
vn -0.2748 -0.6425 0.7153
vn -0.0718 -0.1670 0.9833
vn 0.0561 -0.3551 0.9331
vn -0.2187 -0.4733 0.8533
vn 0.0003 -0.0487 0.9988
vn 0.2560 -0.5074 0.8228
vn 0.0450 -0.0658 0.9968
vn 0.5774 -0.5533 0.6004
vn 0.8181 -0.4244 0.3881
vn 0.8184 -0.4861 0.3065
vn 0.7264 -0.6790 0.1061
vn 0.6800 -0.5797 0.4489
vn 0.6309 -0.7627 0.1421
vn 0.4987 -0.7733 0.3916
vn 0.5806 -0.8123 0.0553
vn 0.5795 -0.7771 -0.2455
vn 0.6023 -0.7963 -0.0565
vn 0.7023 -0.6486 -0.2934
vn 0.6575 -0.7464 -0.1030
vn 0.8454 -0.4441 -0.2967
vn 0.6533 -0.7546 -0.0609
vn 0.9330 -0.3359 -0.1289
vn 0.9678 0.1139 -0.2245
vn 0.9089 -0.4061 -0.0945
vn 0.9943 0.1037 -0.0260
vn 0.8523 0.5217 0.0361
vn 0.9850 0.0363 0.1688
vn 0.7977 0.5643 0.2126
vn 0.2236 0.9553 0.1933
vn 0.6440 0.5987 0.4762
vn 0.1020 0.8797 0.4645
vn -0.0487 0.9135 0.4038
vn 0.0548 0.7908 0.6096
vn -0.0967 0.7994 0.5930
vn -0.0421 0.8165 0.5758
vn -0.0995 0.8291 0.5502
vn -0.0973 0.8662 0.4902
vn 0.0284 0.8055 0.5920
vn -0.1452 0.7406 0.6561
vn 0.0423 0.6807 0.7313
vn 0.1405 0.6028 0.7854
vn 0.0303 0.6400 0.7678
vn 0.1685 0.6412 0.7487
vn 0.3330 0.7852 0.5221
vn 0.2440 0.9055 0.3473
vn 0.3833 0.9033 -0.1927
vn 0.2309 0.6276 -0.7435
vn 0.2463 0.6353 -0.7320
vn -0.1240 0.1306 -0.9836
vn -0.3032 -0.1241 -0.9448
vn -0.2817 -0.2045 -0.9375
vn -0.2737 -0.1127 -0.9552
vn -0.0015 0.1206 -0.9927
vn -0.2125 -0.0876 -0.9732
vn 0.1585 0.1922 -0.9685
vn 0.4767 0.4572 -0.7508
vn 0.2948 0.2723 -0.9160
vn 0.5021 0.3818 -0.7760
vn 0.6118 0.3452 -0.7118
vn 0.3042 -0.0386 -0.9518
vn 0.2566 -0.1736 -0.9508
vn 0.0502 -0.3686 -0.9282
vn -0.1811 -0.6199 -0.7635
vn -0.2322 -0.6276 -0.7432
vn -0.3114 -0.5739 -0.7574
vn -0.4711 -0.7876 -0.3972
vn -0.6056 -0.7942 -0.0505
vn -0.6350 -0.7382 0.2278
vn -0.6610 -0.6877 0.3002
vn -0.5831 -0.6723 0.4562
vn -0.4965 -0.7525 0.4326
vn -0.5680 -0.6728 0.4740
vn -0.4872 -0.7565 0.4363
vn -0.4558 -0.7781 0.4322
vn -0.4904 -0.7617 0.4235
vn -0.4611 -0.7786 0.4257
vn -0.3951 -0.8203 0.4136
vn -0.4620 -0.7817 0.4190
vn -0.3945 -0.8246 0.4054
vn -0.3621 -0.8392 0.4057
vn -0.3932 -0.8265 0.4029
vn -0.3661 -0.8375 0.4056
vn -0.3508 -0.8372 0.4197
vn -0.3705 -0.8344 0.4080
vn -0.3537 -0.8342 0.4231
vn -0.3529 -0.8317 0.4286
vn -0.3550 -0.8265 0.4368
vn -0.3487 -0.8274 0.4403
vn -0.3992 -0.8006 0.4469
vn -0.3136 -0.7765 0.5466
vn -0.3850 -0.7511 0.5363
vn -0.3723 -0.7406 0.5594
vn -0.0719 -0.0972 0.9927
vn -0.0312 -0.1147 0.9929
vn -0.0208 -0.1815 0.9832
vn 0.2151 0.3475 0.9127
vn 0.2618 0.3261 0.9083
vn 0.2534 0.3237 0.9116
vn 0.4537 0.7645 0.4580
vn 0.4976 0.7675 0.4042
vn 0.5609 0.7183 0.4117
vn 0.5002 0.8405 -0.2083
vn 0.5733 0.7798 -0.2513
vn 0.5578 0.7882 -0.2598
vn 0.5301 0.7533 -0.3892
vn 0.5370 0.7519 -0.3824
vn 0.5996 0.7069 -0.3752
vn 0.5413 0.7399 -0.3994
vn 0.5919 0.7055 -0.3897
vn 0.6418 0.6316 -0.4349
vn 0.5943 0.7093 -0.3792
vn 0.6476 0.6513 -0.3955
vn 0.7260 0.5708 -0.3834
vn 0.6629 0.6572 -0.3588
vn 0.7524 0.5679 -0.3336
vn 0.7873 0.5424 -0.2933
vn 0.7507 0.5621 -0.3472
vn 0.7940 0.5229 -0.3101
vn 0.8419 0.4810 -0.2447
vn 0.8060 0.5016 -0.3143
vn 0.8466 0.4676 -0.2540
vn 0.8939 0.3768 -0.2429
vn 0.8408 0.4532 -0.2962
vn 0.8844 0.3756 -0.2770
vn 0.9175 0.2676 -0.2942
vn 0.8214 0.3372 -0.4600
vn 0.8289 0.2846 -0.4816
vn 0.8207 0.1254 -0.5574
vn 0.3131 0.1847 -0.9316
vn 0.3482 0.0344 -0.9368
vn 0.2949 -0.0356 -0.9549
vn -0.2284 -0.0801 -0.9703
vn -0.2296 -0.0515 -0.9719
vn -0.2727 -0.0368 -0.9614
vn -0.7612 -0.0689 -0.6448
vn -0.7272 -0.0213 -0.6861
vn -0.7212 0.0186 -0.6925
vn -0.9545 -0.0119 -0.2979
vn -0.9470 0.0664 -0.3144
vn -0.9400 0.1618 -0.3004
vn -0.9901 0.0750 -0.1184
vn -0.9678 0.1666 -0.1885
vn -0.9370 0.2526 -0.2415
vn -0.9737 0.1451 -0.1758
vn -0.9401 0.2517 -0.2301
vn -0.9382 0.2133 -0.2727
vn -0.9447 0.2565 -0.2042
vn -0.9506 0.1922 -0.2438
vn -0.8850 0.3309 -0.3276
vn -0.9518 0.1699 -0.2553
vn -0.8944 0.3193 -0.3131
vn -0.8871 0.3288 -0.3241
vn -0.8991 0.3049 -0.3141
vn -0.8836 0.3378 -0.3242
vn -0.8608 0.3809 -0.3375
vn -0.8966 0.3601 -0.2576
vn -0.8846 0.3834 -0.2654
vn -0.8624 0.4141 -0.2912
vn -0.9055 0.4207 0.0554
vn -0.8712 0.4874 0.0584
vn -0.8487 0.5189 -0.1023
vn -0.7171 0.4993 0.4863
vn -0.6746 0.5103 0.5334
vn -0.5364 0.6676 0.5163
vn -0.2873 0.3849 0.8771
vn -0.1660 0.4196 0.8924
vn -0.1966 0.5114 0.8365
vn 0.0909 0.1671 0.9817
vn 0.0021 0.2818 0.9595
vn -0.0789 0.3643 0.9280
vn 0.3676 -0.1521 0.9175
vn 0.2249 -0.0817 0.9709
vn 0.5624 -0.4635 0.6847
vn 0.4615 -0.4006 0.7915
vn 0.5598 -0.5694 0.6020
vn 0.4698 -0.5059 0.7234
vn 0.2813 -0.5183 0.8076
vn 0.4095 -0.5578 0.7220
vn 0.2242 -0.5864 0.7783
vn -0.5328 -0.8341 0.1424
vn 0.0745 -0.5045 0.8602
vn -0.4431 -0.7861 0.4309
vn 0.2662 -0.4800 0.8359
vn 0.1959 -0.4372 0.8778
vn 0.0624 -0.4990 0.8643
vn 0.2459 -0.5853 0.7726
vn 0.1772 -0.6998 0.6920
vn 0.3748 -0.7998 0.4690
vn 0.3706 -0.8719 0.3200
vn 0.2437 -0.9666 0.0787
vn 0.5095 -0.8376 -0.1970
vn 0.3249 -0.8900 -0.3198
vn -0.0817 -0.9226 -0.3771
vn 0.2816 -0.6258 -0.7274
vn -0.1386 -0.7656 -0.6282
vn 0.0838 -0.7693 -0.6333
vn -0.2738 -0.5613 -0.7810
vn 0.0280 -0.5570 -0.8300
vn 0.2149 -0.4884 -0.8457
vn -0.0527 -0.2371 -0.9701
vn 0.1135 -0.1924 -0.9747
vn 0.4489 0.0053 -0.8936
vn 0.0121 0.1223 -0.9924
vn 0.3189 0.2488 -0.9146
vn -0.1105 0.0705 -0.9914
vn -0.1751 0.3556 -0.9181
vn -0.0228 0.3767 -0.9260
vn -0.1975 0.5933 -0.7804
vn -0.0020 0.6099 -0.7925
vn -0.1320 0.8189 -0.5586
vn 0.0899 0.8509 -0.5175
vn 0.1710 0.7966 -0.5798
vn 0.0063 0.8946 -0.4467
vn -0.0523 0.8279 -0.5584
vn -0.1351 0.9088 -0.3947
vn -0.0338 0.9289 -0.3689
vn 0.0179 0.6549 -0.7555
vn 0.1061 0.7422 -0.6617
vn 0.1970 0.1615 -0.9670
vn 0.2951 0.2757 -0.9148
vn -0.0486 0.6656 -0.7447
vn 0.0078 0.1492 -0.9888
vn -0.3065 0.7743 -0.5536
vn -0.3020 0.2386 -0.9230
vn -0.5579 0.3037 -0.7723
vn -0.5460 0.0832 -0.8336
vn -0.2994 0.1543 -0.9416
vn -0.5114 0.8068 -0.2958
vn -0.2393 0.9466 -0.2159
vn -0.3766 0.9230 -0.0791
vn -0.3806 0.8783 -0.2894
vn -0.5765 0.8098 -0.1090
vn -0.5232 0.8493 0.0702
vn -0.2800 0.7942 -0.5393
vn -0.3807 0.8072 -0.4511
vn -0.2533 0.8954 -0.3662
vn -0.0536 0.9357 -0.3486
vn -0.0336 0.9328 -0.3588
vn 0.3411 0.5957 -0.7272
vn 0.2756 0.7828 -0.5579
vn 0.5703 0.3925 -0.7216
vn 0.8159 0.4944 -0.2998
vn 0.7580 0.3771 -0.5322
vn 0.6124 0.5283 -0.5881
vn 0.7747 0.1960 -0.6012
vn 0.8479 0.1034 -0.5200
vn 0.9069 0.3923 -0.1536
vn 0.9826 0.1447 -0.1167
vn 0.9499 -0.2096 -0.2318
vn 0.7744 0.1065 -0.6237
vn 0.7704 0.0278 -0.6369
vn 0.7906 0.0652 -0.6089
vn 0.9384 -0.1364 -0.3176
vn 0.5394 -0.3521 -0.7649
vn 0.7100 -0.5322 -0.4611
vn 0.3400 -0.8228 -0.4555
vn 0.3439 -0.8713 -0.3502
vn 0.7668 -0.5477 -0.3347
vn 0.2989 -0.7209 -0.6252
vn 0.7264 -0.4603 -0.5104
vn 0.1243 -0.9372 -0.3260
vn 0.1366 -0.9146 -0.3806
vn 0.2805 -0.5019 -0.8182
vn 0.0168 -0.7396 -0.6729
vn 0.1722 -0.0942 -0.9806
vn -0.0764 -0.1785 -0.9810
vn -0.0593 -0.2525 -0.9658
vn -0.5107 -0.3271 -0.7951
vn -0.3565 -0.6169 -0.7016
vn -0.6123 -0.2962 -0.7330
vn -0.7331 -0.6413 -0.2266
vn -0.6742 -0.3640 -0.6426
vn -0.7243 -0.5283 -0.4430
vn -0.8170 -0.3670 -0.4446
vn -0.8108 -0.3481 -0.4706
vn -0.8507 -0.3005 -0.4314
vn -0.9182 -0.3024 -0.2559
vn -0.8946 -0.3386 -0.2916
vn -0.9553 -0.2809 0.0924
vn -0.9518 -0.3068 -0.0022
vn -0.9095 -0.2961 0.2918
vn -0.9283 -0.2549 0.2708
vn -0.9500 -0.3109 -0.0288
vn -0.9569 -0.1200 0.2643
vn -0.9723 -0.2292 -0.0453
vn -0.8138 0.5601 0.1548
vn -0.9508 0.3040 -0.0597
vn -0.9375 -0.0448 -0.3452
vn -0.7403 0.6705 -0.0493
vn -0.8690 0.4298 -0.2452
vn -0.9797 0.1806 -0.0875
vn -0.7947 0.5790 -0.1820
vn -0.9743 -0.1644 -0.1537
vn -0.9124 0.1180 -0.3919
vn -0.9537 -0.2251 0.1997
vn -0.9538 -0.2260 0.1980
vn -0.9510 -0.2283 -0.2086
vn -0.9605 -0.2021 0.1911
vn -0.9403 -0.2035 -0.2729
vn -0.9840 -0.0763 0.1607
vn -0.9354 -0.0565 -0.3491
vn -0.8503 -0.0023 0.5262
vn -0.8182 0.3539 0.4531
vn -0.9717 0.2064 0.1150
vn -0.6661 0.6773 0.3124
vn -0.7932 0.6067 0.0522
vn -0.7867 0.5466 -0.2869
vn -0.5580 0.8299 0.0003
vn -0.5728 0.8034 -0.1628
vn -0.4328 0.8323 -0.3463
vn -0.4288 0.8998 -0.0804
vn -0.3267 0.9209 -0.2127
vn -0.3173 0.7249 -0.6115
vn -0.5700 0.5832 -0.5788
vn -0.3073 0.9006 -0.3074
vn -0.1812 0.9429 -0.2795
vn -0.2911 0.9409 -0.1731
vn -0.2192 0.9633 -0.1548
vn -0.2609 0.9599 -0.1023
vn -0.2572 0.9654 -0.0436
vn -0.2345 0.9713 -0.0399
vn -0.2558 0.9666 -0.0127
vn -0.2524 0.9675 -0.0139
vn -0.2238 0.9743 -0.0270
vn -0.2289 0.9735 0.0028
vn -0.2183 0.9759 -0.0042
vn -0.2320 0.9724 0.0237
vn -0.1747 0.9844 0.0225
vn -0.1818 0.9833 -0.0037
vn -0.1277 0.9892 0.0716
vn -0.1550 0.9879 -0.0085
vn 0.0161 0.9998 0.0068
vn -0.0569 0.9979 -0.0322
vn -0.1570 0.9876 0.0074
vn -0.1176 0.9737 -0.1951
vn -0.1796 0.9793 -0.0932
vn 0.2875 0.9433 -0.1662
vn 0.0966 0.9088 -0.4059
vn 0.2809 0.7661 -0.5781
vn -0.0287 0.6694 -0.7423
vn -0.1117 0.8534 -0.5092
vn 0.7920 0.5344 -0.2951
vn 0.4660 0.4433 -0.7657
vn 0.5699 0.7834 -0.2480
vn 0.8890 0.3469 -0.2988
vn 0.5045 0.3716 -0.7794
vn 0.9529 0.1227 -0.2775
vn 0.6423 0.1671 -0.7480
vn 0.9663 0.0551 -0.2513
vn 0.7094 0.1225 -0.6941
vn 0.9538 0.1647 -0.2515
vn 0.7557 0.2089 -0.6207
vn 0.5954 0.7901 -0.1456
vn 0.5736 0.6835 -0.4514
vn 0.6467 0.6033 -0.4667
vn 0.4739 0.5249 -0.7070
vn 0.2848 0.7474 -0.6003
vn 0.7995 0.2630 -0.5400
vn 0.5987 0.1988 -0.7759
vn 0.9424 0.2598 -0.2108
vn 0.8402 0.1855 -0.5095
vn 0.9378 0.2859 -0.1971
vn 0.9642 0.2611 0.0456
vn 0.7724 0.5971 -0.2166
vn 0.8234 0.5650 0.0526
vn 0.6733 0.6662 0.3207
vn 0.4391 0.8973 0.0450
vn 0.3221 0.9192 0.2267
vn 0.1735 0.9326 0.3166
vn 0.8168 0.4405 0.3726
vn 0.5854 0.5300 0.6135
vn 0.1402 0.7311 0.6677
vn 0.7065 0.1767 0.6853
vn 0.3914 0.1790 0.9026
vn 0.0475 0.1757 0.9833
vn 0.4116 0.1274 0.9024
vn 0.0632 0.0496 0.9968
vn -0.2633 -0.0247 0.9644
vn 0.0623 0.0502 0.9968
vn -0.2638 -0.0196 0.9644
vn -0.5726 -0.1021 0.8135
vn -0.2772 0.0250 0.9605
vn -0.5838 -0.0457 0.8106
vn -0.3114 0.2239 0.9235
vn -0.6063 0.1135 0.7871
vn -0.3443 0.5729 0.7438
vn -0.5894 0.4820 0.6483
vn -0.3305 0.7910 0.5148
vn -0.5103 0.7280 0.4578
vn -0.2958 0.8987 0.3239
vn -0.4145 0.8701 0.2666
vn -0.4932 0.8528 0.1721
vn -0.3318 0.9348 0.1270
vn -0.3835 0.9195 0.0865
vn -0.4197 0.9074 -0.0209
vn -0.2751 0.9613 0.0142
vn -0.3348 0.9422 -0.0136
vn -0.2566 0.9664 0.0163
vn -0.2654 0.9538 0.1408
vn -0.2563 0.9664 0.0217
vn -0.1964 0.8543 0.4813
vn -0.2158 0.9268 0.3074
vn -0.0313 0.8926 0.4498
vn -0.1637 0.9520 0.2585
vn 0.0708 0.9464 0.3153
vn -0.0813 0.9870 0.1385
vn 0.2655 0.8158 0.5138
vn 0.3320 0.9035 0.2711
vn 0.0498 0.9856 0.1615
vn 0.6559 0.6530 0.3787
vn 0.6897 0.7234 0.0321
vn 0.3268 0.9447 0.0270
vn 0.8405 0.3612 0.4038
vn 0.8973 0.4387 0.0484
vn 0.9043 0.1845 0.3849
vn 0.9698 0.2322 0.0742
vn 0.9243 0.1004 0.3683
vn 0.9940 0.0777 0.0772
vn 0.9244 0.1184 0.3625
vn 0.9945 0.0736 0.0739
vn 0.6939 0.1371 0.7069
vn 0.6618 0.1838 0.7268
vn 0.4130 0.1394 0.9000
vn 0.6255 0.2851 0.7262
vn 0.4039 0.1838 0.8962
vn 0.0498 0.0938 0.9943
vn 0.3265 0.4224 0.8456
vn -0.0228 0.3069 0.9515
vn 0.1426 0.7467 0.6497
vn -0.1404 0.6541 0.7433
vn 0.5016 0.5426 0.6738
vn -0.8021 -0.1468 0.5789
vn -0.5688 -0.1083 0.8153
vn -0.8131 -0.1599 0.5598
vn -0.8183 -0.0224 0.5744
vn -0.5998 0.1042 0.7934
vn -0.5519 0.6214 0.5561
vn -0.3452 0.7502 0.5639
vn -0.3021 0.1788 0.9364
vn -0.3533 0.8478 0.3955
vn -0.2036 0.9190 0.3376
vn -0.1481 0.8067 0.5721
vn 0.0007 0.4377 0.8991
vn 0.3087 0.6008 0.7374
vn -0.0456 0.9400 0.3380
vn 0.4298 0.2791 0.8587
vn 0.6834 0.3443 0.6437
vn 0.4799 0.7135 0.5105
vn 0.7534 0.1456 0.6413
vn 0.9072 0.2157 0.3613
vn 0.8803 0.3385 0.3325
vn 0.8741 0.2679 0.4052
vn 0.9429 0.3191 0.0956
vn 0.9547 0.2926 0.0548
vn 0.8236 -0.5665 0.0274
vn 0.8814 -0.4661 -0.0765
vn 0.9097 0.3774 -0.1733
vn 0.8966 -0.2306 -0.3780
vn 0.8098 0.4272 -0.4022
vn 0.7376 -0.1776 -0.6514
vn 0.6265 0.3277 -0.7072
vn 0.6209 -0.1959 -0.7590
vn 0.4575 0.1641 -0.8739
vn 0.2832 -0.0426 -0.9581
vn 0.3168 -0.0784 -0.9452
vn 0.4599 0.2102 -0.8627
vn 0.4171 -0.2910 -0.8610
vn 0.2477 -0.4378 -0.8643
vn 0.2018 -0.1334 -0.9703
vn 0.0507 -0.0124 -0.9986
vn -0.1855 -0.0932 -0.9782
vn 0.0645 -0.6441 -0.7622
vn -0.4041 -0.1648 -0.8997
vn -0.3207 -0.7559 -0.5707
vn -0.4986 -0.2634 -0.8258
vn -0.5100 -0.5683 -0.6457
vn -0.6549 -0.4174 -0.6300
vn -0.6689 -0.3577 -0.6516
vn -0.7668 -0.2850 -0.5752
vn -0.8677 -0.3291 -0.3726
vn -0.8130 -0.4641 -0.3515
vn -0.9311 -0.3475 -0.1106
vn -0.8747 -0.4609 -0.1500
vn -0.9158 -0.3312 0.2272
vn -0.8868 -0.4234 0.1852
vn -0.8434 -0.3081 0.4402
vn -0.8342 -0.3751 0.4043
vn -0.6927 -0.3467 0.6325
vn -0.7698 -0.2456 0.5891
vn -0.8911 -0.2882 0.3505
vn -0.5638 -0.1675 0.8088
vn -0.5870 -0.1755 0.7903
vn -0.7770 -0.2489 0.5783
vn -0.5902 -0.1723 0.7887
vn -0.7962 -0.2297 0.5598
vn -0.6354 0.1574 0.7559
vn -0.8421 0.0290 0.5386
vn -0.4952 0.7647 0.4124
vn -0.6613 0.6711 0.3351
vn -0.3310 -0.0494 0.9423
vn -0.3869 0.2911 0.8750
vn -0.3093 -0.0953 0.9462
vn 0.0927 0.0089 0.9957
vn 0.0778 0.1416 0.9869
vn 0.1253 -0.0191 0.9919
vn 0.4876 0.0491 0.8717
vn 0.4686 0.1078 0.8768
vn 0.5409 -0.0600 0.8389
vn 0.7577 -0.1205 0.6414
vn 0.7243 0.1605 0.6705
vn 0.7237 0.1957 0.6617
vn 0.8642 0.2679 0.4260
vn 0.8692 -0.3695 0.3287
vn 0.8167 0.2769 0.5063
vn 0.9325 0.3227 0.1622
vn 0.9433 0.3112 0.1152
vn 0.9410 0.3362 -0.0382
vn 0.9614 0.2752 -0.0047
vn 0.8945 0.3188 -0.3133
vn 0.9233 0.1885 -0.3346
vn 0.7645 0.2599 -0.5899
vn 0.7685 0.1426 -0.6237
vn 0.6130 0.1973 -0.7651
vn 0.6081 0.1247 -0.7840
vn 0.4352 0.1334 -0.8904
vn 0.3908 0.0850 -0.9165
vn 0.4401 0.1950 -0.8765
vn 0.1430 0.0593 -0.9879
vn 0.1071 0.0283 -0.9938
vn -0.1283 -0.0530 -0.9903
vn -0.1795 -0.0644 -0.9817
vn -0.4233 -0.1736 -0.8892
vn -0.4126 -0.1513 -0.8982
vn -0.5921 -0.2427 -0.7684
vn -0.6138 -0.2259 -0.7565
vn -0.5751 -0.3183 -0.7536
vn -0.7213 -0.4039 -0.5627
vn -0.7632 -0.3085 -0.5678
vn -0.8183 -0.4475 -0.3607
vn -0.8702 -0.3486 -0.3481
vn -0.8864 -0.4622 -0.0266
vn -0.9249 -0.3752 -0.0623
vn -0.8618 -0.4415 0.2497
vn -0.8989 -0.3612 0.2482
vn -0.7580 -0.3851 0.5264
vn -0.8070 -0.3162 0.4988
vn -0.5912 -0.3034 0.7473
vn -0.6614 -0.2553 0.7053
vn -0.4407 -0.1650 0.8823
vn -0.4580 -0.1449 0.8770
vn -0.6777 -0.2372 0.6961
vn -0.1954 -0.0574 0.9790
vn -0.1677 -0.2988 0.9395
vn -0.4300 -0.3287 0.8408
vn 0.0710 0.0048 0.9975
vn 0.1546 -0.1911 0.9693
vn 0.1172 0.0439 0.9921
vn 0.4725 0.1675 0.8653
vn 0.5001 0.1208 0.8575
vn 0.4396 0.2086 0.8737
vn 0.6564 0.3103 0.6876
vn 0.6848 0.2353 0.6897
vn 0.5952 0.4082 0.6922
vn 0.6961 0.4719 0.5410
vn 0.7571 0.3581 0.5464
vn 0.7969 0.5500 0.2500
vn 0.8838 0.4221 0.2017
vn 0.8244 0.5656 0.0232
vn 0.9020 0.4311 0.0237
vn 0.7933 0.5146 -0.3253
vn 0.8669 0.3964 -0.3022
vn 0.7071 0.4368 -0.5560
vn 0.7464 0.3268 -0.5798
vn 0.6143 0.3772 -0.6931
vn 0.6149 0.2701 -0.7409
vn 0.5351 0.5117 -0.6722
vn 0.3622 0.3167 -0.8766
vn 0.4212 0.2523 -0.8712
vn 0.1629 0.1231 -0.9789
vn 0.1676 0.0963 -0.9811
vn -0.0845 -0.0638 -0.9944
vn -0.1078 -0.0719 -0.9916
vn -0.2546 -0.1805 -0.9500
vn -0.3403 -0.1963 -0.9196
vn 0.2024 0.4862 -0.8501
vn 0.0347 0.2455 -0.9688
vn 0.0543 0.5962 -0.8010
vn -0.0115 0.2032 -0.9791
vn -0.1026 0.6004 -0.7931
vn 0.0126 0.2081 -0.9780
vn -0.3242 0.4441 -0.8353
vn -0.0635 0.1974 -0.9783
vn -0.1527 0.0801 -0.9850
vn 0.0709 -0.0644 -0.9954
vn 0.1399 -0.0369 -0.9895
vn 0.2920 -0.1973 -0.9358
vn 0.2694 -0.1645 -0.9489
vn 0.5525 -0.3511 -0.7560
vn 0.4968 -0.3205 -0.8065
vn 0.6410 -0.4265 -0.6381
vn 0.7660 -0.3075 -0.5646
vn 0.5247 -0.2101 -0.8250
vn 0.8396 -0.0725 -0.5383
vn 0.5733 -0.0345 -0.8186
vn 0.2359 -0.0097 -0.9717
vn 0.5618 0.0407 -0.8263
vn 0.1502 0.0548 -0.9871
vn -0.0027 0.0463 -0.9989
vn 0.1263 0.0648 -0.9899
vn 0.0215 0.1038 -0.9944
vn 0.0379 0.1012 -0.9941
vn 0.1172 0.2039 -0.9720
vn 0.1656 0.3331 -0.9282
vn 0.2994 0.6121 -0.7320
vn 0.3748 0.6762 -0.6343
vn 0.3980 0.7798 -0.4832
vn 0.4232 0.7422 -0.5197
vn 0.3740 0.7801 -0.5015
vn 0.3777 0.6801 -0.6283
vn 0.3879 0.6528 -0.6507
vn 0.3164 0.5627 -0.7637
vn 0.4096 0.6262 -0.6633
vn 0.5336 0.6557 -0.5342
vn 0.4655 0.6130 -0.6384
vn 0.5646 0.6487 -0.5103
vn 0.4772 0.7447 -0.4666
vn 0.5997 0.6628 -0.4484
vn 0.4882 0.7538 -0.4399
vn 0.4616 0.7738 -0.4338
vn 0.4926 0.7525 -0.4371
vn 0.4646 0.7765 -0.4257
vn 0.3905 0.8191 -0.4202
vn 0.4651 0.7770 -0.4242
vn 0.3876 0.8196 -0.4219
vn 0.3642 0.8331 -0.4163
vn 0.3699 0.8149 -0.4462
vn 0.3578 0.8119 -0.4612
vn 0.3648 0.8226 -0.4362
vn 0.3059 0.7227 -0.6197
vn 0.3307 0.7293 -0.5990
vn 0.3297 0.7474 -0.5768
vn 0.1772 0.4047 -0.8971
vn 0.1390 0.3723 -0.9177
vn 0.1398 0.3767 -0.9157
vn -0.1157 -0.1588 -0.9805
vn -0.0441 -0.1006 -0.9940
vn -0.0265 -0.0368 -0.9990
vn -0.2389 -0.5674 -0.7880
vn -0.2843 -0.5262 -0.8014
vn -0.4160 -0.9017 -0.1178
vn -0.4556 -0.8810 -0.1273
vn -0.3903 -0.8262 0.4064
vn -0.4127 -0.8226 0.3912
vn -0.3848 -0.8180 0.4275
vn -0.4026 -0.8084 0.4294
vn -0.4033 -0.8107 0.4243
vn -0.4010 -0.8061 0.4352
vn -0.3995 -0.8064 0.4360
vn -0.4287 -0.7884 0.4411
vn -0.3994 -0.8042 0.4401
vn -0.4296 -0.7859 0.4449
vn -0.5209 -0.7277 0.4462
vn -0.4285 -0.7805 0.4552
vn -0.5147 -0.7283 0.4524
vn -0.5392 -0.7185 0.4393
vn -0.5100 -0.7325 0.4510
vn -0.5377 -0.7186 0.4411
vn -0.5921 -0.6800 0.4325
vn -0.5348 -0.7152 0.4500
vn -0.5818 -0.6827 0.4421
vn -0.6503 -0.6275 0.4283
vn -0.5560 -0.6709 0.4907
vn -0.6240 -0.6188 0.4772
vn -0.6460 -0.6291 0.4323
vn -0.5023 -0.5499 0.6674
vn -0.5133 -0.5656 0.6455
vn -0.6142 -0.4650 0.6377
vn 0.0119 -0.1405 0.9900
vn 0.0104 -0.1222 0.9925
vn -0.1169 -0.0974 0.9884
vn 0.4857 0.2018 0.8505
vn 0.4596 0.2534 0.8512
vn 0.7349 0.4461 0.5108
vn 0.7704 0.4957 0.4011
vn 0.7784 0.5752 -0.2513
vn 0.8013 0.5629 -0.2030
vn 0.8989 0.4180 -0.1316
vn 0.7757 0.5256 -0.3494
vn 0.8758 0.3944 -0.2782
vn 0.8854 0.4003 -0.2361
vn 0.8757 0.3747 -0.3046
vn 0.8868 0.3897 -0.2484
vn 0.9365 0.2779 -0.2138
vn 0.9079 0.3718 -0.1937
vn 0.9507 0.2802 -0.1326
vn 0.9902 0.1223 -0.0679
vn 0.9572 0.2776 -0.0814
vn 0.9940 0.1039 -0.0352
vn 0.9979 0.0131 0.0634
vn 0.9953 0.0864 -0.0431
vn 0.9980 -0.0209 0.0597
vn 0.9925 -0.0602 0.1062
vn 0.9974 -0.0529 0.0498
vn 0.9943 -0.0536 0.0927
vn 0.9821 -0.1560 0.1052
vn 0.9982 -0.0602 -0.0018
vn 0.9864 -0.1503 -0.0664
vn 0.9448 -0.3010 -0.1294
vn 0.7949 -0.1329 -0.5919
vn 0.7514 -0.2879 -0.5938
vn 0.7193 -0.3280 -0.6124
vn 0.2685 -0.1625 -0.9495
vn 0.1626 -0.1668 -0.9725
vn 0.2040 -0.1425 -0.9686
vn -0.4012 0.0213 -0.9158
vn -0.4136 0.0891 -0.9061
vn -0.3699 0.1424 -0.9181
vn -0.8001 0.2859 -0.5274
vn -0.7915 0.2761 -0.5453
vn -0.7260 0.3756 -0.5760
vn -0.8864 0.2957 -0.3561
vn -0.8104 0.4381 -0.3890
vn -0.7565 0.4685 -0.4563
vn -0.8304 0.4375 -0.3450
vn -0.7816 0.4537 -0.4280
vn -0.6780 0.5173 -0.5222
vn -0.7952 0.4287 -0.4289
vn -0.6918 0.5046 -0.5165
vn -0.5586 0.5523 -0.6188
vn -0.7070 0.4938 -0.5063
vn -0.5940 0.5381 -0.5980
vn -0.4914 0.4931 -0.7179
vn -0.6223 0.5340 -0.5723
vn -0.5485 0.4826 -0.6828
vn -0.3600 0.5288 -0.7686
vn -0.5919 0.4987 -0.6332
vn -0.4260 0.6267 -0.6525
vn -0.5665 0.5645 -0.6004
vn -0.4670 0.7235 -0.5084
vn -0.6117 0.7099 -0.3490
vn -0.4804 0.8569 -0.1871
vn -0.5834 0.8047 -0.1099
vn -0.3741 0.8321 0.4094
vn -0.5759 0.7777 0.2520
vn -0.2263 0.6168 0.7539
vn -0.5783 0.6161 0.5348
vn -0.6499 0.7282 -0.2176
vn -0.4652 0.7417 0.4833
vn -0.6137 0.5601 -0.5564
vn -0.6772 0.5208 -0.5197
vn -0.7259 0.6374 -0.2585
vn -0.6388 0.5146 -0.5719
vn -0.7430 0.4795 -0.4670
vn -0.7867 0.4918 -0.3732
vn -0.7220 0.4835 -0.4949
vn -0.8223 0.3935 -0.4111
vn -0.8366 0.3873 -0.3874
vn -0.8100 0.4101 -0.4191
vn -0.8444 0.4099 -0.3449
vn -0.8526 0.3938 -0.3434
vn -0.8333 0.4221 -0.3570
vn -0.8910 0.3068 -0.3346
vn -0.8903 0.3175 -0.3264
vn -0.8963 0.3020 -0.3248
vn -0.8768 0.3429 -0.3371
vn -0.8790 0.3392 -0.3352
vn -0.8715 0.3394 -0.3540
vn -0.9108 0.2384 -0.3371
vn -0.9295 0.2327 -0.2861
vn -0.7943 0.1804 -0.5802
vn -0.8004 0.2091 -0.5618
vn -0.9192 0.2487 -0.3054
vn -0.3681 0.0545 -0.9282
vn -0.3397 -0.0381 -0.9397
vn -0.7929 0.0854 -0.6034
vn 0.2585 -0.1064 -0.9601
vn 0.1892 -0.1013 -0.9767
vn -0.3134 -0.0456 -0.9485
vn 0.7600 -0.1112 -0.6404
vn 0.7873 -0.0846 -0.6107
vn 0.2427 -0.0588 -0.9683
vn 0.9964 -0.0789 -0.0311
vn 0.9954 0.0559 -0.0781
vn 0.8486 0.0125 -0.5288
vn 0.9967 0.0701 -0.0406
vn 0.9590 0.2498 -0.1340
vn 0.9572 0.2012 -0.2083
vn 0.9574 0.2706 -0.1007
vn 0.9358 0.3025 -0.1811
vn 0.9355 0.2749 -0.2222
vn 0.9258 0.3401 -0.1651
vn 0.9011 0.3683 -0.2288
vn 0.8978 0.3730 -0.2342
vn 0.8938 0.3677 -0.2568
vn 0.8150 0.5031 -0.2876
vn 0.8339 0.4951 -0.2438
vn 0.7813 0.5060 -0.3654
vn 0.7338 0.5475 -0.4021
vn 0.7665 0.5508 -0.3304
vn 0.7346 0.5541 -0.3915
vn 0.6943 0.5923 -0.4087
vn 0.6896 0.5744 -0.4411
vn 0.7477 0.6178 -0.2435
vn 0.7128 0.6541 -0.2532
vn 0.6652 0.6285 -0.4031
vn 0.6843 0.5863 0.4337
vn 0.6514 0.6710 0.3542
vn 0.6391 0.7270 -0.2509
vn 0.3725 0.2969 0.8792
vn 0.2909 0.2432 0.9253
vn 0.5718 0.7211 0.3913
vn -0.0678 -0.2544 0.9647
vn -0.1271 -0.1811 0.9752
vn 0.2222 0.2612 0.9394
vn -0.4318 -0.6083 0.6660
vn -0.3987 -0.7162 0.5728
vn -0.0738 -0.1932 0.9784
vn -0.4260 -0.7688 0.4770
vn -0.4026 -0.7846 0.4716
vn -0.3722 -0.7420 0.5575
vn -0.4066 -0.7945 0.4510
vn -0.4001 -0.8013 0.4447
vn -0.3972 -0.7920 0.4636
vn -0.4008 -0.8037 0.4398
vn -0.3934 -0.8109 0.4332
vn -0.3965 -0.8080 0.4358
vn -0.3906 -0.8130 0.4318
vn -0.3536 -0.8332 0.4251
vn -0.3536 -0.8326 0.4263
vn -0.3528 -0.8333 0.4257
vn -0.3438 -0.8413 0.4172
vn -0.3475 -0.8396 0.4175
vn -0.3410 -0.8435 0.4149
vn -0.3565 -0.8385 0.4120
vn -0.3588 -0.8399 0.4072
vn -0.3571 -0.8331 0.4224
vn -0.3948 -0.8088 0.4359
vn -0.3957 -0.8134 0.4263
vn -0.4002 -0.8196 0.4100
vn -0.4565 -0.8046 0.3797
vn -0.4513 -0.7841 0.4261
vn -0.5311 -0.8286 -0.1772
vn -0.5650 -0.7660 -0.3064
vn -0.5295 -0.7819 0.3289
vn -0.3801 -0.4465 -0.8100
vn -0.3016 -0.4475 -0.8419
vn -0.5007 -0.6185 -0.6056
vn 0.0633 0.0377 -0.9973
vn 0.2286 0.0801 -0.9702
vn -0.1696 -0.4168 -0.8930
vn 0.5789 0.5885 -0.5644
vn 0.6812 0.5800 -0.4468
vn 0.5091 0.1719 -0.8434
vn 0.6542 0.5890 -0.4744
vn 0.6044 0.4973 -0.6225
vn 0.6577 0.5026 -0.5610
vn 0.5024 0.4677 -0.7272
vn 0.1812 0.2260 -0.9571
vn 0.3772 0.3905 -0.8397
vn 0.0066 0.1263 -0.9920
vn -0.2114 0.0185 -0.9772
vn -0.1594 0.0121 -0.9871
vn -0.0879 0.2464 -0.9652
vn 0.1687 0.6979 -0.6960
vn -0.1794 0.2102 -0.9611
vn 0.4487 0.8708 -0.2011
vn 0.5345 0.7393 0.4095
vn 0.4781 0.8707 -0.1153
vn 0.4279 0.4693 0.7725
vn 0.2412 0.5126 0.8240
vn 0.2911 0.5862 0.7560
vn 0.5476 0.7322 0.4049
vn 0.5752 0.8128 0.0917
vn 0.5847 0.5551 0.5915
vn 0.4511 0.8392 -0.3036
vn 0.2206 0.6779 -0.7013
vn 0.2063 0.6363 -0.7433
vn 0.0188 0.3785 -0.9254
vn 0.1438 0.3708 -0.9175
vn -0.0666 0.1572 -0.9853
vn 0.2114 0.3457 -0.9142
vn 0.4699 0.5509 -0.6897
vn 0.3732 0.4388 -0.8174
vn 0.5670 0.6192 -0.5432
vn 0.6293 0.6689 -0.3957
vn 0.6242 0.6088 -0.4896
vn 0.6410 0.6581 -0.3950
vn 0.5715 0.7038 -0.4219
vn 0.6353 0.6268 -0.4512
vn 0.5367 0.6807 -0.4986
vn 0.4686 0.7058 -0.5313
vn 0.4194 0.5321 -0.7355
vn 0.3433 0.5484 -0.7625
vn 0.2629 0.5429 -0.7976
vn -0.0788 -0.0130 -0.9968
vn -0.1755 -0.1150 -0.9777
vn -0.2313 -0.0836 -0.9693
vn -0.3859 -0.4786 -0.7887
vn -0.3815 -0.4888 -0.7846
vn -0.3069 -0.5107 -0.8032
vn -0.4802 -0.8735 -0.0802
vn -0.4344 -0.9007 -0.0045
vn -0.4031 -0.9150 -0.0174
vn -0.3667 -0.8359 0.4084
vn -0.3428 -0.8522 0.3952
vn -0.3505 -0.8452 0.4035
vn -0.3391 -0.8452 0.4130
vn -0.3509 -0.8370 0.4198
vn -0.2825 -0.5577 -0.7805
vn -0.2799 -0.5558 -0.7827
vn -0.4019 -0.9101 -0.1014
vn -0.0887 -0.1488 -0.9849
vn -0.1215 -0.1013 -0.9874
vn 0.1431 0.4337 -0.8896
vn 0.1047 0.5255 -0.8443
vn 0.2978 0.7549 -0.5843
vn 0.4161 0.7245 -0.5495
vn 0.4630 0.7727 -0.4342
vn 0.4979 0.7428 -0.4476
vn 0.4980 0.7497 -0.4358
vn 0.5912 0.6978 -0.4044
vn 0.6041 0.6803 -0.4151
vn 0.5958 0.6574 -0.4614
vn 0.5370 0.6375 -0.5525
vn 0.3886 0.5281 -0.7551
vn 0.3188 0.5031 -0.8033
vn 0.1752 0.4945 -0.8513
vn 0.2853 0.6739 -0.6815
vn 0.3937 0.8312 -0.3927
vn 0.6465 0.7588 -0.0788
vn 0.7533 0.6539 0.0707
vn 0.3674 0.4321 -0.8236
vn 0.3940 0.3446 -0.8521
vn 0.1955 0.1383 -0.9709
vn 0.3984 0.1568 -0.9037
vn 0.5285 0.3806 -0.7588
vn 0.6408 0.1215 -0.7580
vn 0.7338 0.4650 -0.4953
vn 0.6830 0.7242 -0.0947
vn 0.3481 0.8741 0.3387
vn 0.5968 0.7598 0.2581
vn -0.2432 0.5092 0.8256
vn 0.1437 0.9330 0.3300
vn -0.0886 0.8732 0.4792
vn 0.1397 0.9557 0.2592
vn 0.1140 0.9312 0.3463
vn 0.0947 0.9513 0.2933
vn 0.0585 0.8880 0.4562
vn 0.0488 0.9778 0.2040
vn -0.0207 0.9760 0.2166
vn -0.0051 0.9401 0.3408
vn -0.1210 0.9920 0.0360
vn 0.0794 0.9963 0.0318
vn 0.0027 0.9823 0.1875
vn -0.3451 0.9381 -0.0297
vn -0.1049 0.9888 -0.1058
vn -0.1392 0.9849 0.1033
vn -0.3707 0.9101 -0.1852
vn -0.2141 0.9135 -0.3461
vn -0.4957 0.8115 -0.3094
vn -0.4877 0.7620 -0.4260
vn -0.8104 0.5423 0.2215
vn -0.8658 0.4875 0.1130
vn -0.6953 0.6583 -0.2882
vn -0.3153 0.0544 0.9474
vn -0.4140 -0.2661 0.8705
vn -0.3886 -0.3366 0.8578
vn -0.7175 -0.6792 0.1546
vn -0.7749 -0.3555 0.5226
vn -0.9179 -0.3736 0.1337
vn -0.9231 -0.3845 -0.0072
vn -0.7229 -0.6905 0.0234
vn -0.9229 -0.3846 -0.0205
vn -0.7215 -0.6924 0.0017
vn -0.7194 -0.6946 0.0009
vn -0.7954 -0.6060 0.0027
vn -0.7572 -0.5131 -0.4042
vn -0.9292 -0.3672 -0.0410
vn -0.9696 0.2428 -0.0288
vn -0.9640 0.2538 -0.0797
vn -0.7644 0.6419 -0.0599
vn -0.7652 0.6366 -0.0964
vn -0.7341 0.6778 -0.0404
vn -0.7372 0.6730 -0.0609
vn -0.7313 0.6816 -0.0256
vn -0.7274 0.6831 -0.0651
vn -0.7159 0.6964 -0.0507
vn -0.6468 0.6336 -0.4245
vn -0.6652 0.6513 -0.3651
vn -0.5151 0.7903 -0.3318
vn -0.2429 0.4488 -0.8600
vn -0.2685 0.2672 -0.9255
vn -0.1231 0.8134 -0.5685
vn -0.0774 0.3409 -0.9369
vn -0.0228 0.0942 -0.9953
vn -0.0447 -0.0213 -0.9988
vn 0.0391 0.0010 -0.9992
vn -0.5650 0.0168 -0.8249
vn -0.6154 -0.1647 -0.7708
vn -0.2081 0.0210 -0.9779
vn -0.5039 0.0336 -0.8631
vn -0.4791 0.3824 -0.7901
vn -0.3401 0.0676 -0.9379
vn -0.2201 -0.1033 -0.9700
vn -0.0189 0.1628 -0.9865
vn 0.1412 -0.0494 -0.9888
vn -0.0500 -0.2784 -0.9592
vn 0.3181 0.3648 -0.8751
vn 0.5183 0.2464 -0.8189
vn 0.3010 -0.1928 -0.9339
vn 0.2214 0.4536 -0.8632
vn 0.5160 0.7130 -0.4746
vn 0.4589 0.7140 -0.5287
vn 0.2130 0.4985 -0.8403
vn 0.0748 0.7027 -0.7076
vn -0.0753 0.2564 -0.9636
vn -0.2853 0.5126 -0.8098
vn -0.3640 0.6355 -0.6810
vn -0.4757 0.3626 -0.8014
vn -0.5394 0.5013 -0.6765
vn -0.6786 0.6404 -0.3598
vn -0.5004 0.4543 -0.7370
vn -0.5481 0.7519 -0.3665
vn -0.5374 0.8375 -0.0992
vn -0.4777 0.8105 -0.3390
vn -0.7385 0.6685 -0.0875
vn -0.1151 0.9850 -0.1287
vn -0.0230 0.9724 -0.2322
vn 0.3641 0.9223 -0.1292
vn 0.4444 0.8540 -0.2706
vn 0.0346 0.8404 -0.5409
vn 0.5900 0.7970 -0.1292
vn 0.5871 0.7976 -0.1386
vn 0.4635 0.8124 -0.3537
vn 0.4476 0.8447 -0.2936
vn 0.4108 0.8355 -0.3649
vn 0.5780 0.7880 -0.2120
vn 0.3379 0.8323 -0.4395
vn 0.5062 0.8127 -0.2885
vn -0.2273 0.5339 -0.8144
vn -0.2006 0.5397 -0.8176
vn 0.3335 0.7958 -0.5055
vn -0.4676 0.2304 -0.8534
vn -0.3115 0.1207 -0.9425
vn 0.0160 0.4930 -0.8699
vn -0.4017 0.0878 -0.9116
vn -0.0551 -0.1567 -0.9861
vn 0.0892 -0.1350 -0.9868
vn 0.3091 -0.3963 -0.8645
vn 0.3928 -0.3171 -0.8632
vn 0.6789 -0.4759 -0.5592
vn 0.7871 -0.3146 -0.5305
vn 0.6457 -0.0984 -0.7572
vn 0.8810 0.0836 -0.4658
vn 0.7643 0.1576 -0.6254
vn 0.7651 -0.3128 -0.5628
vn 0.6367 -0.2812 -0.7181
vn 0.6151 -0.5619 -0.5531
vn 0.5464 -0.4987 -0.6729
vn 0.7276 -0.6119 -0.3101
vn 0.6017 -0.7485 -0.2788
vn 0.5380 -0.7059 -0.4607
vn 0.8053 -0.5199 -0.2850
vn 0.7325 -0.4465 -0.5139
vn 0.9340 0.3295 -0.1381
vn 0.7362 0.3027 -0.6053
vn 0.9862 0.0702 -0.1499
vn 0.5997 0.0672 -0.7974
vn 0.8466 -0.4892 -0.2097
vn 0.4725 -0.2594 -0.8423
vn 0.7568 -0.6387 -0.1391
vn 0.5435 -0.4508 -0.7081
vn 0.7302 -0.6797 -0.0695
vn 0.5684 -0.5286 -0.6305
vn 0.7311 -0.6820 -0.0193
vn 0.7476 -0.6641 -0.0077
vn 0.7374 -0.6638 -0.1247
vn 0.7308 -0.6826 -0.0071
vn 0.7451 -0.6668 0.0144
vn 0.7391 -0.6704 0.0652
vn 0.5852 -0.8085 0.0621
vn 0.5815 -0.8131 0.0255
vn 0.7017 -0.6637 0.2589
vn 0.5216 -0.7196 0.4583
vn 0.4424 -0.4406 0.7812
vn 0.2089 -0.2883 0.9345
vn 0.0375 -0.0536 0.9979
vn 0.0018 -0.0291 0.9996
vn 0.0024 -0.2103 0.9776
vn 0.0064 -0.0097 0.9999
vn 0.0009 -0.0064 1.0000
vn -0.0001 0.0013 1.0000
vn 0.0014 0.0023 1.0000
vn 0.0143 0.0433 0.9990
vn 0.5846 -0.0873 0.8066
vn 0.1678 -0.1796 0.9693
vn 0.7527 0.2856 0.5932
vn 0.7816 0.4091 0.4708
vn 0.9323 -0.0653 0.3557
vn 0.6375 0.2977 0.7106
vn 0.8049 -0.0700 0.5892
vn 0.4713 0.1054 0.8756
vn 0.6318 -0.2643 0.7286
vn -0.0124 -0.2991 0.9541
vn 0.3081 -0.6156 0.7254
vn -0.3909 -0.6195 0.6808
vn -0.0106 -0.8640 0.5034
vn 0.3192 -0.9125 0.2557
vn -0.1133 -0.9416 0.3170
vn 0.3009 -0.9448 0.1294
vn -0.2079 -0.9736 0.0944
vn 0.3025 -0.9531 -0.0059
vn -0.1671 -0.9792 -0.1155
vn 0.1518 -0.9767 -0.1517
vn 0.5745 -0.8077 -0.1323
vn 0.0379 -0.9611 -0.2737
vn 0.4429 -0.8810 -0.1662
vn 0.8507 -0.5252 0.0208
vn 0.3985 -0.7993 -0.4498
vn 0.8368 -0.5298 -0.1382
vn 0.9685 -0.0239 0.2480
vn 0.7846 -0.6108 -0.1068
vn 0.9277 -0.1995 0.3156
vn 0.5241 0.5338 0.6636
vn 0.9288 -0.2446 0.2784
vn 0.4794 0.5051 0.7177
vn 0.0440 0.7538 0.6556
vn 0.5409 0.4438 0.7145
vn 0.0027 0.6421 0.7666
vn -0.1859 0.7120 0.6771
vn 0.0624 0.6668 0.7426
vn -0.2055 0.6867 0.6973
vn -0.1725 0.6683 0.7236
vn -0.1167 0.8292 0.5466
vn -0.1108 0.8004 0.5891
vn 0.0740 0.7691 0.6349
vn 0.1141 0.9931 -0.0257
vn 0.2330 0.9601 -0.1546
vn 0.3014 0.8637 -0.4040
vn 0.2775 0.7068 -0.6507
vn 0.2456 0.5864 -0.7719
vn -0.0191 0.0985 -0.9950
vn 0.0639 -0.0060 -0.9979
vn -0.1938 -0.2697 -0.9432
vn -0.2720 -0.2485 -0.9297
vn -0.2132 -0.3759 -0.9018
vn -0.2390 -0.2474 -0.9390
vn -0.0938 0.0189 -0.9954
vn -0.1879 -0.2249 -0.9561
vn -0.0249 -0.0462 -0.9986
vn 0.1951 0.0239 -0.9805
vn -0.1594 -0.3661 -0.9168
vn -0.2393 -0.5875 -0.7730
vn -0.1631 -0.6292 -0.7600
vn -0.4097 -0.7666 -0.4945
vn -0.3823 -0.7960 -0.4693
vn -0.3921 -0.7884 -0.4741
vn -0.5282 -0.8303 -0.1779
vn -0.5305 -0.8380 -0.1276
vn -0.6264 -0.7792 0.0218
vn -0.5975 -0.7656 0.2384
vn -0.6580 -0.6445 0.3894
vn -0.6393 -0.5929 0.4896
vn -0.6332 -0.5457 0.5489
vn -0.6283 -0.5993 0.4960
vn -0.5714 -0.6940 0.4381
vn -0.6146 -0.6228 0.4841
vn -0.5645 -0.7018 0.4345
vn -0.4926 -0.7604 0.4233
vn -0.5534 -0.7063 0.4415
vn -0.4936 -0.7588 0.4249
vn -0.4587 -0.7844 0.4176
vn -0.4934 -0.7565 0.4292
vn -0.4531 -0.7858 0.4209
vn -0.3905 -0.8271 0.4042
vn -0.4258 -0.7735 0.4695
vn -0.3817 -0.8181 0.4301
vn -0.3688 -0.8255 0.4273
vn -0.3326 -0.7227 0.6058
vn -0.3103 -0.7154 0.6260
vn -0.3061 -0.7401 0.5988
vn -0.0469 -0.2053 0.9776
vn -0.0717 -0.2468 0.9664
vn -0.0683 -0.1787 0.9815
vn 0.2581 0.5265 0.8101
vn 0.2211 0.4929 0.8415
vn 0.1916 0.4153 0.8893
vn 0.3617 0.7783 0.5133
vn 0.3868 0.7574 0.5261
vn 0.4099 0.7492 0.5203
vn 0.4385 0.8972 -0.0515
vn 0.4366 0.8865 -0.1531
vn 0.4554 0.8684 -0.1963
vn 0.4021 0.8335 -0.3789
vn 0.4179 0.8312 -0.3667
vn 0.4671 0.7990 -0.3786
vn 0.4100 0.8209 -0.3976
vn 0.4611 0.7932 -0.3979
vn 0.5192 0.7480 -0.4135
vn 0.4541 0.7944 -0.4034
vn 0.5135 0.7462 -0.4237
vn 0.5515 0.7297 -0.4041
vn 0.5079 0.7483 -0.4266
vn 0.5720 0.7183 -0.3961
vn 0.5979 0.7156 -0.3612
vn 0.5911 0.6996 -0.4015
vn 0.5940 0.7181 -0.3626
vn 0.6716 0.6494 -0.3567
vn 0.5900 0.7072 -0.3896
vn 0.6799 0.6421 -0.3542
vn 0.7501 0.5628 -0.3472
vn 0.6790 0.6330 -0.3718
vn 0.7460 0.5592 -0.3616
vn 0.8083 0.4828 -0.3370
vn 0.6853 0.5250 -0.5047
vn 0.7155 0.4458 -0.5379
vn 0.7324 0.3999 -0.5510
vn 0.3575 0.2785 -0.8914
vn 0.3414 0.2247 -0.9127
vn 0.3181 0.1567 -0.9350
vn -0.2151 -0.0416 -0.9757
vn -0.2984 -0.0449 -0.9534
vn -0.3424 -0.0342 -0.9389
vn -0.6855 -0.1594 -0.7104
vn -0.7376 -0.1800 -0.6508
vn -0.7484 -0.1767 -0.6393
vn -0.9319 -0.2618 -0.2511
vn -0.9681 -0.1795 -0.1750
vn -0.9776 -0.0972 -0.1867
vn -0.9842 -0.1544 0.0867
vn -0.9915 -0.1229 0.0437
vn -0.9988 -0.0150 -0.0468
vn -0.9873 -0.1412 0.0734
vn -0.9994 -0.0347 -0.0087
vn -0.9941 0.0613 -0.0900
vn -0.9984 -0.0559 -0.0059
vn -0.9961 0.0462 -0.0758
vn -0.9807 0.1215 -0.1534
vn -0.9964 0.0307 -0.0794
vn -0.9828 0.0959 -0.1579
vn -0.9417 0.2527 -0.2222
vn -0.9874 0.0772 -0.1381
vn -0.9466 0.2440 -0.2110
vn -0.9535 0.1563 -0.2576
vn -0.9544 0.2331 -0.1865
vn -0.9624 0.1492 -0.2270
vn -0.9159 0.3019 -0.2646
vn -0.9839 0.1789 0.0057
vn -0.9451 0.3244 0.0398
vn -0.9146 0.4015 0.0469
vn -0.8116 0.3028 0.4995
vn -0.7917 0.3863 0.4732
vn -0.7779 0.4119 0.4745
vn -0.4493 0.2613 0.8543
vn -0.4548 0.3091 0.8352
vn -0.3961 0.3983 0.8273
vn 0.0859 0.0919 0.9921
vn 0.1179 0.1359 0.9837
vn 0.1592 0.1702 0.9725
vn 0.7325 -0.3128 0.6047
vn 0.6605 -0.2346 0.7133
vn 0.4299 -0.2231 0.8749
vn 0.7651 -0.4464 0.4640
vn 0.6223 -0.4900 0.6104
vn 0.7671 -0.5174 0.3792
vn 0.6583 -0.5789 0.4812
vn 0.7499 -0.5346 0.3896
vn 0.6438 -0.5948 0.4814
vn 0.4992 -0.6257 0.5994
vn 0.5546 -0.4781 0.6811
vn 0.3678 -0.5338 0.7614
vn 0.5081 -0.4626 0.7265
vn 0.2762 -0.4825 0.8312
vn 0.4738 -0.5083 0.7192
vn 0.2828 -0.5481 0.7872
vn 0.5011 -0.6257 0.5978
vn 0.4097 -0.7064 0.5772
vn 0.5995 -0.7895 0.1314
vn 0.5477 -0.8353 0.0488
vn 0.4962 -0.8659 -0.0630
vn 0.5275 -0.7442 -0.4097
vn 0.5184 -0.6927 -0.5013
vn 0.5284 -0.5762 -0.6235
vn 0.4155 -0.2559 -0.8729
vn 0.3677 -0.1176 -0.9225
vn 0.1229 -0.2969 -0.9470
vn 0.1067 0.2251 -0.9685
vn -0.0973 -0.1340 -0.9862
vn -0.3885 -0.3596 -0.8484
vn -0.3900 0.0235 -0.9205
vn -0.4809 -0.1234 -0.8681
vn -0.0664 0.3614 -0.9300
vn -0.1591 0.3999 -0.9026
vn -0.5356 0.0160 -0.8443
vn -0.2222 0.3912 -0.8931
vn -0.6310 0.0298 -0.7752
vn -0.2898 0.3999 -0.8695
vn -0.6181 0.0290 -0.7855
vn -0.2656 0.5135 -0.8159
vn -0.3078 0.5058 -0.8059
vn -0.3462 0.4405 -0.8283
vn -0.3357 0.5084 -0.7930
vn -0.3618 0.3526 -0.8630
vn -0.4083 0.5375 -0.7379
vn -0.4449 0.5114 -0.7352
vn -0.3719 0.5598 -0.7405
vn -0.4808 0.5791 -0.6583
vn -0.5251 0.5779 -0.6247
vn -0.4036 0.5368 -0.7409
vn -0.5720 0.4707 -0.6718
vn -0.6450 0.5177 -0.5621
vn -0.4134 0.2763 -0.8676
vn -0.3742 0.2154 -0.9020
vn -0.6793 0.4381 -0.5887
vn 0.2006 -0.1931 -0.9605
vn 0.2088 -0.1808 -0.9611
vn -0.3479 0.1323 -0.9282
vn 0.5891 -0.3747 -0.7159
vn 0.7078 -0.2778 -0.6495
vn 0.2655 -0.0884 -0.9601
vn 0.9126 -0.3817 -0.1465
vn 0.9377 -0.3351 -0.0921
vn 0.7384 -0.2943 -0.6067
vn 0.9122 -0.3129 0.2646
vn 0.9305 -0.2864 0.2284
vn 0.9360 -0.3400 -0.0911
vn 0.9221 -0.2538 0.2920
vn 0.9451 -0.2383 0.2238
vn 0.9517 -0.2623 0.1594
vn 0.9441 -0.2249 0.2412
vn 0.9799 -0.1071 0.1681
vn 0.9805 -0.1359 0.1423
vn 0.9826 -0.0795 0.1680
vn 0.9901 -0.0693 0.1219
vn 0.9901 -0.0656 0.1237
vn 0.9934 -0.0636 0.0951
vn 0.9967 0.0797 -0.0161
vn 0.9975 0.0476 0.0524
vn 0.9932 0.1056 -0.0490
vn 0.9723 0.1752 -0.1546
vn 0.9786 0.1444 -0.1468
vn 0.9764 0.2117 -0.0433
vn 0.9534 0.2877 -0.0912
vn 0.9334 0.2788 -0.2259
vn 0.9219 0.2274 0.3136
vn 0.9028 0.2755 0.3301
vn 0.6113 0.1640 0.7742
vn 0.5971 0.2008 0.7766
vn -0.0578 0.0080 0.9983
vn -0.0773 0.0162 0.9969
vn -0.6212 -0.1503 0.7691
vn -0.5559 -0.2830 0.7816
vn -0.0913 -0.1007 0.9907
vn -0.5441 -0.3168 0.7769
vn -0.1196 -0.1007 0.9877
vn -0.7956 -0.4375 0.4190
vn -0.7490 -0.5314 0.3957
vn -0.5978 -0.4176 0.6843
vn -0.7674 -0.5421 0.3424
vn -0.7734 -0.5131 0.3723
vn -0.7571 -0.5184 0.3976
vn -0.7804 -0.5043 0.3697
vn -0.6820 -0.6152 0.3955
vn -0.6709 -0.6239 0.4008
vn -0.6936 -0.6059 0.3897
vn -0.6606 -0.6242 0.4171
vn -0.6562 -0.6263 0.4208
vn -0.6639 -0.6223 0.4146
vn -0.6059 -0.6728 0.4246
vn -0.5990 -0.6762 0.4290
vn -0.6125 -0.6690 0.4211
vn -0.5447 -0.7169 0.4351
vn -0.5420 -0.7181 0.4365
vn -0.5497 -0.7233 0.4179
vn -0.5356 -0.7302 0.4242
vn -0.5241 -0.7262 0.4449
vn -0.5652 -0.7689 0.2990
vn -0.5875 -0.7560 0.2886
vn -0.5850 -0.7702 -0.2542
vn -0.6208 -0.7393 -0.2607
vn -0.4234 -0.5047 -0.7523
vn -0.4160 -0.4600 -0.7844
vn -0.1858 -0.1689 -0.9680
vn -0.1799 -0.1651 -0.9697
vn -0.3353 -0.4196 -0.8435
vn -0.0716 -0.1311 -0.9888
vn -0.2769 -0.4725 -0.8367
vn 0.2209 0.4656 -0.8570
vn 0.2541 0.4088 -0.8766
vn 0.4048 0.7290 -0.5520
vn 0.3622 0.7079 -0.6063
vn 0.2058 0.4041 -0.8912
vn 0.4147 0.8037 -0.4268
vn 0.3553 0.8331 -0.4239
vn 0.3081 0.7495 -0.5860
vn 0.3647 0.8413 -0.3991
vn 0.3763 0.8405 -0.3897
vn 0.3706 0.8281 -0.4206
vn 0.3770 0.8402 -0.3897
vn 0.3638 0.8444 -0.3932
vn 0.3670 0.8409 -0.3977
vn 0.3600 0.8443 -0.3970
vn 0.3529 0.8391 -0.4139
vn 0.3605 0.8384 -0.4088
vn 0.3399 0.8216 -0.4576
vn 0.3799 0.8055 -0.4548
vn 0.3887 0.8159 -0.4281
vn 0.3731 0.7976 -0.4739
vn 0.4429 0.7577 -0.4794
vn 0.4503 0.7635 -0.4630
vn 0.4583 0.7798 -0.4264
vn 0.4701 0.7510 -0.4636
vn 0.4673 0.7374 -0.4877
vn 0.5123 0.8045 -0.3005
vn 0.5181 0.7414 -0.4266
vn 0.4879 0.6650 -0.5655
vn 0.5934 0.8049 -0.0080
vn 0.5538 0.8053 -0.2115
vn 0.4474 0.7306 -0.5159
vn 0.5984 0.7674 0.2304
vn 0.4088 0.8933 -0.1868
vn 0.4550 0.8284 -0.3266
vn 0.2862 0.1701 0.9430
vn 0.4706 0.4834 0.7381
vn 0.5590 0.6790 0.4758
vn -0.1645 -0.4381 0.8837
vn 0.0831 -0.1741 0.9812
vn -0.4589 -0.6909 0.5586
vn -0.3520 -0.5900 0.7267
vn -0.5419 -0.7122 0.4463
vn -0.5513 -0.6556 0.5159
vn -0.5905 -0.6388 0.4932
vn -0.5593 -0.5565 0.6143
vn -0.4621 -0.5887 0.6633
vn -0.5415 -0.4992 0.6764
vn -0.7799 -0.5443 0.3090
vn -0.9545 -0.1409 -0.2628
vn -0.8147 -0.0046 -0.5799
vn -0.6594 0.0611 -0.7493
vn -0.8110 0.0564 -0.5823
vn -0.7725 0.0691 -0.6313
vn -0.8684 0.0694 -0.4910
vn -0.9551 0.0722 -0.2875
vn -0.8847 0.0677 -0.4612
vn -0.9760 0.0663 -0.2076
vn -0.9926 0.0783 0.0930
vn -0.9892 0.0247 -0.1446
vn -0.9912 0.0321 0.1284
vn -0.8982 0.0396 0.4379
vn -0.9480 -0.2431 0.2055
vn -0.8567 -0.2120 0.4703
vn -0.7281 -0.1901 0.6586
vn -0.6253 -0.6227 0.4703
vn -0.5040 -0.5600 0.6576
vn -0.2621 -0.8482 0.4604
vn -0.1873 -0.7336 0.6532
vn 0.1227 -0.8630 0.4901
vn 0.1273 -0.7315 0.6699
vn 0.4308 -0.7409 0.5152
vn 0.3687 -0.6357 0.6782
vn 0.7137 -0.4842 0.5061
vn 0.5831 -0.3508 0.7328
vn 0.8317 -0.1388 0.5376
vn 0.6216 -0.1019 0.7767
vn 0.6333 0.0571 0.7718
vn 0.3870 0.0246 0.9217
vn 0.3452 -0.0870 0.9345
vn 0.0673 -0.0245 0.9974
vn 0.0663 -0.0820 0.9944
vn -0.0130 -0.0326 0.9994
vn -0.0003 -0.0784 0.9969
vn -0.2173 0.0019 0.9761
vn -0.0984 -0.0946 0.9906
vn -0.5358 0.0455 0.8431
vn -0.4354 -0.1554 0.8867
vn -0.6018 0.0732 0.7953
vn -0.7889 0.0742 0.6100
vn -0.7924 0.0445 0.6083
vn -0.8206 0.0762 0.5663
vn -0.9519 0.0755 0.2970
vn -0.9309 0.0755 0.3573
vn -0.9585 0.0806 0.2734
vn -0.9951 0.0688 -0.0708
vn -0.9972 0.0738 0.0134
vn -0.9584 -0.1022 0.2666
vn -0.9910 -0.1014 -0.0873
vn -0.9232 -0.3825 -0.0367
vn -0.8837 -0.3572 -0.3026
vn -0.9227 -0.0878 -0.3754
vn -0.7673 -0.3045 -0.5644
vn -0.7826 -0.5094 -0.3578
vn -0.6960 -0.4159 -0.5854
vn -0.4924 -0.2877 -0.8214
vn -0.6894 -0.4454 -0.5713
vn -0.5327 -0.3620 -0.7650
vn -0.7774 -0.4862 -0.3992
vn -0.8218 -0.5696 -0.0138
vn -0.8466 -0.5320 -0.0154
vn -0.7995 -0.5347 0.2736
vn -0.8027 -0.5184 0.2947
vn -0.7154 -0.4528 0.5322
vn -0.7043 -0.4627 0.5385
vn -0.5387 -0.3338 0.7736
vn -0.5417 -0.3512 0.7637
vn -0.2499 -0.1466 0.9571
vn -0.3095 -0.1949 0.9307
vn -0.1128 -0.0726 0.9910
vn -0.1355 -0.0720 0.9882
vn -0.3757 -0.2003 0.9049
vn 0.1715 0.1100 0.9790
vn 0.1567 0.0749 0.9848
vn 0.0457 0.2179 0.9749
vn 0.2876 0.4746 0.8319
vn 0.3926 0.2615 0.8818
vn 0.0426 0.6339 0.7722
vn 0.1352 0.8225 0.5524
vn 0.4707 0.6074 0.6399
vn 0.2300 0.7922 0.5653
vn 0.5410 0.6474 0.5368
vn 0.3128 0.8791 0.3597
vn 0.5979 0.7345 0.3211
vn 0.3426 0.9389 -0.0334
vn 0.6427 0.7660 -0.0120
vn 0.3683 0.8298 -0.4192
vn 0.6393 0.6822 -0.3549
vn 0.4167 0.7559 -0.5050
vn 0.6082 0.6069 -0.5116
vn 0.0379 0.8430 -0.5366
vn 0.1051 0.8303 -0.5474
vn 0.3849 0.7041 -0.5967
vn -0.3272 0.7724 -0.5443
vn -0.2422 0.7695 -0.5909
vn -0.5862 0.6121 -0.5307
vn -0.4975 0.5726 -0.6516
vn -0.6880 0.4413 -0.5761
vn -0.6013 0.3936 -0.6954
vn -0.6090 0.2982 -0.7350
vn -0.3862 0.2012 -0.9002
vn -0.4149 0.2642 -0.8707
vn -0.3688 0.1272 -0.9208
vn -0.1115 0.0434 -0.9928
vn -0.1582 0.0833 -0.9839
vn 0.2161 -0.0800 -0.9731
vn 0.1634 -0.0905 -0.9824
vn 0.4636 -0.1938 -0.8646
vn 0.4221 -0.2207 -0.8793
vn 0.6392 -0.2851 -0.7142
vn 0.6254 -0.3249 -0.7095
vn 0.7367 -0.3407 -0.5841
vn 0.7221 -0.3828 -0.5763
vn 0.7609 -0.4183 -0.4960
vn 0.7687 -0.4699 -0.4340
vn 0.6727 -0.4052 -0.6191
vn 0.8361 -0.5354 -0.1196
vn 0.8032 -0.5831 -0.1217
vn 0.7508 -0.5340 -0.3888
vn 0.9180 -0.3807 -0.1112
vn 0.8683 -0.3558 -0.3457
vn 0.9871 -0.1011 -0.1240
vn 0.9165 -0.0851 -0.3909
vn 0.9839 0.0648 -0.1664
vn 0.9114 0.0719 -0.4052
vn 0.8005 0.0555 -0.5968
vn 0.8931 0.1351 -0.4292
vn 0.7204 0.1264 -0.6819
vn 0.9679 -0.1225 0.2195
vn 0.9763 0.0799 0.2013
vn 0.8802 0.0965 0.4647
vn 0.8718 0.0792 0.4833
vn 0.9765 0.0707 0.2035
vn 0.8558 0.0712 0.5123
vn 0.9614 0.0754 0.2647
vn 0.9984 0.0569 -0.0021
vn 0.9484 0.0572 0.3118
vn 0.9975 0.0446 0.0548
vn 0.9843 0.0418 -0.1714
vn 0.9755 -0.1844 0.1202
vn 0.9748 -0.1888 -0.1187
vn 0.9272 -0.2099 -0.3101
vn 0.7919 -0.6105 -0.0150
vn 0.7414 -0.6290 -0.2341
vn 0.6758 -0.6494 -0.3487
vn 0.4652 -0.8709 -0.1585
vn 0.4577 -0.8384 -0.2960
vn 0.0743 -0.9901 -0.1189
vn 0.0922 -0.9463 -0.3098
vn -0.2984 -0.9307 -0.2114
vn -0.1890 -0.9006 -0.3914
vn -0.6189 -0.6836 -0.3868
vn -0.4705 -0.6902 -0.5498
vn -0.8034 -0.2420 -0.5441
vn -0.6223 -0.2300 -0.7482
vn -0.5922 0.0486 -0.8044
vn -0.1990 0.0279 -0.9796
vn -0.2289 -0.1562 -0.9608
vn -0.0113 0.0105 -0.9999
vn 0.0031 -0.0920 -0.9958
vn 0.0184 0.0035 -0.9998
vn 0.0395 -0.0987 -0.9943
vn 0.3484 -0.1546 -0.9245
vn 0.3544 -0.6443 -0.6776
vn 0.0725 -0.6196 -0.7816
vn 0.6738 -0.2125 -0.7077
vn 0.6432 -0.6350 -0.4278
vn 0.5906 0.0392 -0.8060
vn 0.8119 0.0474 -0.5819
vn 0.8431 -0.2252 -0.4883
vn 0.7629 0.0688 -0.6428
vn 0.9010 0.0582 -0.4299
vn 0.9294 0.0461 -0.3661
vn 0.5667 0.0704 -0.8209
vn 0.7786 0.0739 -0.6232
vn 0.5548 0.0759 -0.8285
vn 0.2154 0.0850 -0.9728
vn 0.2528 0.0886 -0.9634
vn 0.0150 0.0928 -0.9956
vn 0.0077 0.0895 -0.9960
vn -0.0098 0.0629 -0.9980
vn 0.0102 0.0192 -0.9998
vn 0.0095 0.0820 -0.9966
vn -0.1726 0.0828 -0.9815
vn -0.0158 0.0863 -0.9961
vn -0.2198 0.0756 -0.9726
vn -0.3930 0.0468 -0.9183
vn -0.0963 0.0588 -0.9936
vn -0.5039 0.0784 -0.8602
vn -0.5710 0.0622 -0.8186
vn -0.1000 -0.0345 -0.9944
vn -0.0709 -0.1839 -0.9804
vn -0.3687 -0.5228 -0.7686
vn -0.2783 -0.6737 -0.6846
vn -0.3094 -0.7548 -0.5783
vn -0.1070 -0.6474 -0.7546
vn -0.1407 -0.8003 -0.5828
vn -0.0465 -0.6567 -0.7527
vn -0.0189 -0.7656 -0.6431
vn 0.0259 -0.7867 -0.6168
vn 0.0492 -0.7856 -0.6168
vn 0.0265 -0.8264 -0.5624
vn 0.0436 -0.8187 -0.5725
vn 0.0372 -0.8353 -0.5485
vn 0.0117 -0.8495 -0.5274
vn -0.0215 -0.8770 -0.4799
vn 0.0665 -0.8365 -0.5439
vn 0.0780 -0.8287 -0.5543
vn 0.3720 -0.8211 -0.4329
vn 0.0687 -0.8418 -0.5354
vn 0.4189 -0.8075 -0.4153
vn 0.8016 -0.5872 -0.1120
vn 0.4946 -0.7616 -0.4187
vn 0.8467 -0.5207 -0.1090
vn 0.9698 -0.1679 0.1767
vn 0.9130 -0.3972 -0.0934
vn 0.9840 -0.1299 0.1219
vn 0.9570 -0.1948 -0.2147
vn 0.9988 0.0100 -0.0484
vn 0.8007 0.2390 -0.5493
vn 0.7443 0.5048 -0.4373
vn 0.2978 0.7394 -0.6038
vn 0.3449 0.4594 -0.8185
vn 0.2682 0.7207 -0.6392
vn 0.2606 0.4490 -0.8547
vn 0.2822 0.3124 -0.9071
vn 0.2315 0.0847 -0.9691
vn 0.2006 -0.0950 -0.9750
vn -0.0814 -0.3463 -0.9346
vn 0.0890 -0.4714 -0.8774
vn -0.1323 -0.5063 -0.8521
vn -0.1833 -0.3909 -0.9020
vn -0.1366 -0.5849 -0.7995
vn -0.1273 -0.4492 -0.8843
vn -0.1467 -0.2708 -0.9514
vn -0.0917 -0.4943 -0.8644
vn -0.2084 -0.6045 -0.7688
vn -0.1012 -0.5974 -0.7955
vn 0.0351 -0.6610 -0.7496
vn 0.0217 -0.7497 -0.6614
vn 0.1015 -0.6507 -0.7526
vn 0.0607 -0.7602 -0.6468
vn 0.1426 -0.7143 -0.6852
vn 0.0891 -0.7848 -0.6133
vn 0.0370 -0.7954 -0.6050
vn 0.2398 -0.5655 -0.7891
vn 0.6403 -0.5084 -0.5758
vn 0.5708 -0.6608 -0.4874
vn 0.1667 -0.3955 -0.9032
vn -0.3901 -0.7259 -0.5664
vn -0.4705 -0.7985 -0.3755
vn -0.5100 -0.8230 -0.2500
vn -0.5448 -0.7361 -0.4017
vn -0.2376 -0.3533 -0.9048
vn 0.2738 0.0135 -0.9617
vn -0.7780 0.0645 -0.6250
vn -0.8039 0.0415 -0.5933
vn -0.9206 0.0269 -0.3896
vn -0.9208 -0.2389 -0.3084
vn -0.9657 -0.2467 -0.0816
vn -0.7124 -0.6773 -0.1838
vn -0.7397 -0.6726 0.0239
vn -0.7094 -0.6536 0.2637
vn -0.3350 -0.9362 0.1060
vn -0.3039 -0.9075 0.2898
vn 0.0555 -0.9790 0.1962
vn 0.0875 -0.9375 0.3369
vn 0.4988 -0.8415 0.2074
vn 0.4787 -0.8114 0.3354
vn 0.7866 -0.5866 0.1929
vn 0.7738 -0.5439 0.3247
vn 0.0492 -0.9976 0.0486
vn 0.4887 -0.8698 0.0680
vn -0.3429 -0.9385 -0.0407
vn 0.9277 -0.1801 0.3272
vn 0.9753 0.0589 -0.2131
vn 0.8365 0.0620 0.5445
vn 0.6964 0.0787 0.7134
vn 0.6502 0.0686 0.7567
vn 0.4258 0.0721 0.9019
vn 0.4340 0.0713 0.8981
vn 0.1614 0.0720 0.9843
vn 0.1136 0.0632 0.9915
vn -0.0505 0.0727 0.9961
vn -0.0275 0.0566 0.9980
vn -0.3262 0.0741 0.9424
vn -0.3220 0.0657 0.9444
vn -0.3347 0.0703 0.9397
vn -0.6428 0.0817 0.7617
vn -0.6371 0.0673 0.7679
vn -0.6336 -0.0790 0.7697
vn -0.8598 -0.1008 0.5007
vn -0.8475 0.0821 0.5244
vn -0.5603 -0.2559 0.7878
vn -0.7898 -0.3660 0.4922
vn -0.3071 -0.0217 0.9514
vn -0.0150 0.0227 0.9996
vn -0.0563 0.0644 0.9963
vn 0.1574 0.0105 0.9875
vn 0.1712 0.0611 0.9833
vn 0.4485 -0.0449 0.8926
vn 0.4525 0.0656 0.8893
vn 0.7022 -0.3034 0.6441
vn 0.3971 -0.1673 0.9024
vn 0.7767 -0.1154 0.6191
vn 0.6527 -0.4407 0.6162
vn 0.4098 -0.2886 0.8653
vn 0.7033 -0.4257 0.5694
vn 0.5080 -0.3005 0.8072
vn 0.5766 -0.3346 0.7454
vn 0.3452 -0.2089 0.9150
vn 0.2807 -0.1512 0.9478
vn 0.0976 -0.0603 0.9934
vn 0.0648 0.0045 0.9979
vn -0.2115 0.1515 0.9656
vn -0.1287 0.1775 0.9757
vn -0.3555 0.4296 0.8301
vn -0.1660 0.6107 0.7743
vn 0.0237 0.2298 0.9729
vn -0.5019 0.5823 0.6396
vn -0.2488 0.7919 0.5576
vn -0.5304 0.6628 0.5285
vn -0.2024 0.8118 0.5478
vn -0.5085 0.7638 0.3976
vn -0.1345 0.9097 0.3928
vn -0.4785 0.8761 -0.0593
vn -0.0705 0.9968 -0.0368
vn -0.4053 0.8299 -0.3833
vn -0.0209 0.9052 -0.4244
vn -0.7011 0.7108 -0.0563
vn -0.6551 0.6728 -0.3438
vn -0.8325 0.5525 -0.0409
vn -0.7981 0.5241 -0.2973
vn -0.9149 0.4012 -0.0439
vn -0.8624 0.3874 -0.3259
vn -0.8709 0.3184 -0.3743
vn -0.7366 0.2444 -0.6307
vn -0.7081 0.3259 -0.6264
vn -0.6865 0.2148 -0.6947
vn -0.4702 0.1497 -0.8698
vn -0.5732 0.1861 -0.7980
vn -0.8605 0.2600 -0.4381
vn -0.9660 0.1097 -0.2343
vn -0.8520 0.0644 -0.5195
vn -0.9484 0.2727 -0.1617
vn -0.9692 0.2462 -0.0026
vn -0.9290 0.3587 -0.0909
vn -0.9343 0.3481 0.0772
vn -0.8954 0.3086 0.3209
vn -0.9094 0.3956 0.1285
vn -0.8379 0.3519 0.4172
vn -0.6116 0.2546 0.7491
vn -0.7734 0.4199 0.4748
vn -0.6211 0.3235 0.7138
vn -0.4856 0.2414 0.8402
vn -0.5826 0.4533 0.6746
vn -0.4224 0.3132 0.8506
vn -0.1731 0.0799 0.9817
vn -0.5135 0.2231 0.8286
vn -0.2000 0.0867 0.9760
vn -0.1515 0.0412 0.9876
vn -0.5037 0.1322 0.8537
vn -0.5500 0.0540 0.8334
vn -0.7964 0.1586 0.5835
vn -0.6816 0.2044 0.7026
vn -0.8473 0.1697 0.5033
vn -0.9560 0.2043 0.2107
vn -0.9472 0.2205 0.2330
vn -0.9572 0.1990 0.2100
vn -0.9720 0.2294 -0.0515
vn -0.9884 0.1522 -0.0024
vn -0.9601 0.2608 -0.1011
vn -0.9029 0.1536 -0.4014
vn -0.8954 0.2605 -0.3611
vn -0.7989 0.0450 -0.5997
vn -0.7366 0.2521 -0.6276
vn -0.8281 0.1386 -0.5432
vn -0.9559 0.0548 -0.2884
vn -0.8678 0.0326 -0.4959
vn -0.9995 0.0254 -0.0178
vn -0.9950 0.0931 -0.0371
vn -0.9665 0.1272 -0.2228
vn -0.9429 0.2058 0.2620
vn -0.5156 0.7683 -0.3793
vn -0.4107 0.6709 -0.6174
vn -0.1797 0.7962 -0.5778
vn -0.1890 0.6443 -0.7410
vn -0.4481 0.6335 -0.6308
vn -0.1976 0.3637 -0.9103
vn -0.4485 0.3824 -0.8079
vn -0.2173 0.0980 -0.9712
vn -0.4452 0.0947 -0.8904
vn -0.0033 0.0623 -0.9981
vn -0.0572 -0.1018 -0.9932
vn -0.2528 -0.1273 -0.9591
vn -0.1580 -0.4432 -0.8824
vn -0.3153 -0.4244 -0.8488
vn -0.2090 -0.6135 -0.7615
vn -0.3425 -0.6117 -0.7131
vn -0.5313 -0.5798 -0.6177
vn -0.3541 -0.8197 -0.4503
vn -0.5320 -0.7416 -0.4087
vn -0.7365 -0.4725 -0.4841
vn -0.7185 -0.6309 -0.2929
vn -0.9590 -0.1298 0.2518
vn -0.9933 -0.0792 -0.0838
vn -0.2311 -0.8527 -0.4685
vn 0.0753 -0.6028 -0.7943
vn 0.0071 -0.8458 -0.5335
vn -0.2839 -0.7266 -0.6256
vn -0.2658 -0.9452 -0.1898
vn 0.0409 -0.9635 -0.2647
vn -0.1202 -0.9458 0.3017
vn 0.1699 -0.9474 -0.2714
vn -0.3511 -0.9319 -0.0912
vn -0.2156 -0.8530 0.4753
vn -0.1819 -0.7662 0.6163
vn -0.0066 -0.3362 0.9418
vn -0.0094 -0.4166 0.9091
vn 0.0205 -0.0624 0.9978
vn 0.0941 0.0144 0.9955
vn -0.0830 -0.0636 0.9945
vn 0.0667 -0.0212 0.9976
vn 0.3780 -0.2279 0.8973
vn -0.1123 -0.2769 0.9543
vn 0.1567 -0.4288 0.8897
vn 0.1154 -0.4319 0.8945
vn 0.6967 -0.6536 0.2956
vn 0.6492 -0.7233 0.2353
vn 0.7002 -0.5752 -0.4228
vn 0.6542 -0.4304 -0.6219
vn 0.8405 -0.5391 0.0543
vn 0.6430 -0.3021 -0.7038
vn 0.9141 -0.3668 -0.1731
vn 0.6201 -0.3057 -0.7225
vn 0.6636 -0.5008 -0.5557
vn 0.3707 -0.5411 -0.7549
vn 0.1528 -0.5827 -0.7982
vn 0.1701 -0.6566 -0.7348
vn 0.5939 -0.2332 -0.7700
vn 0.4733 -0.2487 -0.8451
vn 0.2446 -0.2534 -0.9359
vn 0.4490 -0.1578 -0.8795
vn 0.2117 -0.0779 -0.9742
vn -0.1075 -0.1622 -0.9809
vn -0.0409 0.0128 -0.9991
vn -0.3691 -0.0960 -0.9244
vn -0.3102 0.1024 -0.9451
vn 0.6291 -0.2277 -0.7432
vn 0.6365 -0.2415 -0.7325
vn 0.6957 -0.2903 -0.6570
vn 0.6997 -0.2744 -0.6596
vn 0.7419 -0.3500 -0.5720
vn 0.8491 -0.4002 -0.3448
vn 0.8645 -0.4249 -0.2684
vn 0.7740 -0.3637 -0.5183
vn 0.8626 -0.4422 0.2458
vn 0.8396 -0.4836 0.2475
vn 0.8510 -0.4921 -0.1835
vn 0.7844 -0.4372 0.4401
vn 0.7713 -0.4778 0.4206
vn 0.8230 -0.5276 0.2105
vn 0.7610 -0.5276 0.3774
vn 0.7951 -0.5731 0.1987
vn 0.8473 -0.3592 0.3911
vn 0.9055 -0.3747 0.1992
vn 0.7866 -0.3972 0.4728
vn 0.7694 -0.3699 0.5208
vn 0.7433 -0.4200 0.5207
vn 0.7079 -0.3403 0.6189
vn 0.6774 -0.2783 0.6809
vn 0.6547 -0.3043 0.6919
vn 0.5359 -0.2104 0.8176
vn 0.4326 -0.2124 0.8762
vn 0.1439 -0.0550 0.9881
vn 0.1078 -0.0605 0.9923
vn 0.5680 -0.1854 0.8019
vn 0.2016 -0.0531 0.9780
vn 0.5172 -0.3405 0.7852
vn 0.1704 -0.2295 0.9583
vn 0.1833 -0.0900 0.9789
vn -0.2361 0.0046 0.9717
vn -0.2010 -0.0856 0.9758
vn -0.2569 0.1361 0.9568
vn -0.5754 0.2357 0.7832
vn -0.5734 0.0829 0.8151
vn -0.4186 0.6406 0.6438
vn -0.6997 0.5447 0.4623
vn -0.8464 0.2413 0.4747
vn -0.5757 0.7368 0.3544
vn -0.6157 0.7771 0.1305
vn -0.8966 0.4000 0.1901
vn -0.9360 0.2725 0.2226
vn -0.7716 0.6235 -0.1260
vn -0.7688 0.6315 -0.1003
vn -0.5617 0.7289 -0.3915
vn -0.8235 0.3782 -0.4229
vn -0.9738 0.0533 0.2210
vn -0.9676 0.1869 -0.1697
vn -0.9780 0.0216 0.2073
vn -0.9783 0.0826 -0.1901
vn -0.9807 0.0306 0.1930
vn -0.9800 0.0394 -0.1951
vn -0.9640 0.1392 -0.2267
vn -0.7334 0.1694 -0.6583
vn -0.7461 0.1426 -0.6503
vn -0.2008 0.1990 -0.9592
vn -0.1088 0.4794 -0.8708
vn -0.6966 0.2672 -0.6659
vn -0.2289 0.1656 -0.9593
vn -0.1935 0.3115 -0.9303
vn 0.3382 0.0863 -0.9371
vn 0.3505 0.0319 -0.9360
vn 0.7490 -0.1263 -0.6504
vn 0.7680 -0.1188 -0.6293
vn 0.9437 -0.1852 -0.2742
vn 0.9314 -0.2853 -0.2262
vn 0.9269 -0.2961 0.2306
vn 0.9155 -0.3223 0.2407
vn 0.9461 -0.2691 -0.1802
vn 0.9290 -0.2638 0.2594
vn 0.9847 -0.0990 -0.1435
vn 0.8373 0.3660 -0.4062
vn 0.9424 0.3221 -0.0901
vn 0.7834 0.5177 -0.3440
vn 0.8078 0.3938 -0.4386
vn 0.8336 0.4017 -0.3791
vn 0.8731 -0.0089 -0.4875
vn 0.8927 -0.1838 -0.4114
vn 0.8350 -0.2228 -0.5032
vn 0.8144 -0.3829 -0.4360
vn 0.8020 -0.3240 -0.5018
vn 0.7626 -0.3901 -0.5160
vn 0.7893 -0.3575 -0.4992
vn 0.7298 -0.3840 -0.5657
vn 0.8085 -0.3225 -0.4922
vn 0.7112 -0.3084 -0.6318
vn 0.8373 -0.2557 -0.4832
vn 0.7001 -0.2839 -0.6552
vn 0.8397 -0.3793 -0.3886
vn 0.6069 -0.4543 -0.6521
vn 0.9154 -0.3707 -0.1569
vn 0.9707 -0.2402 0.0034
vn 0.9035 -0.2759 -0.3279
vn 0.9276 -0.2069 0.3110
vn 0.8071 -0.4146 0.4203
vn 0.9007 -0.4250 0.0901
vn 0.9196 -0.3720 0.1260
vn 0.8359 -0.3738 0.4019
vn 0.7628 -0.1854 0.6195
vn 0.7186 -0.3802 0.5823
vn 0.7047 -0.2302 0.6711
vn 0.9027 -0.2792 0.3275
vn 0.7714 -0.2529 0.5839
vn 0.7646 -0.2902 0.5754
vn 0.5512 -0.1814 0.8144
vn 0.5542 -0.1818 0.8123
vn 0.5981 0.0479 0.8000
vn 0.2151 0.4053 0.8885
vn 0.1887 -0.0181 0.9819
vn 0.2683 0.7414 0.6151
vn -0.0286 0.6863 0.7268
vn -0.1100 0.6337 0.7657
vn -0.1724 0.3487 0.9212
vn -0.6706 0.1556 0.7253
vn -0.4572 0.6055 0.6514
vn -0.7053 0.0231 0.7086
vn -0.8864 0.0438 0.4608
vn -0.8649 0.1962 0.4621
vn -0.7055 0.0649 0.7058
vn -0.8859 0.0300 0.4629
vn -0.6714 0.1726 0.7207
vn -0.8806 0.0589 0.4702
vn -0.6057 0.3125 0.7318
vn -0.8553 0.2169 0.4706
vn -0.7542 0.4795 0.4486
vn -0.8986 0.4063 0.1656
vn -0.9708 0.1562 0.1823
vn -0.6881 0.7156 0.1203
vn -0.7542 0.6037 -0.2585
vn -0.9089 0.3265 -0.2592
vn -0.5247 0.8237 -0.2151
vn -0.4212 0.7199 -0.5516
vn -0.6173 0.4472 -0.6472
vn -0.1941 0.9052 -0.3781
vn 0.0217 0.7989 -0.6011
vn -0.1027 0.5608 -0.8215
vn 0.3528 0.6788 -0.6441
vn 0.3548 0.3456 -0.8687
vn 0.6720 0.5378 -0.5092
vn 0.7582 0.1348 -0.6379
vn 0.8129 0.5195 -0.2632
vn 0.9477 0.1128 -0.2985
vn 0.7823 0.6116 0.1181
vn 0.9496 0.2625 0.1715
vn 0.7659 0.3944 0.5078
vn 0.7907 0.0387 0.6110
vn 0.9674 -0.1389 0.2118
vn 0.5779 0.2381 0.7806
vn 0.5579 0.0517 0.8283
vn 0.7774 -0.1186 0.6178
vn 0.5310 -0.0640 0.8449
vn 0.7624 -0.2077 0.6129
vn 0.5228 -0.0908 0.8476
vn 0.7677 -0.2054 0.6070
vn 0.5331 -0.0145 0.8459
vn 0.8063 -0.0310 0.5906
vn 0.9630 0.0221 0.2687
vn 0.7868 0.3782 0.4878
vn 0.8456 0.4861 0.2204
vn 0.8003 0.5982 -0.0413
vn 0.6599 0.7333 0.1635
vn 0.8648 0.4981 -0.0639
vn 0.9014 0.0469 -0.4304
vn 0.9789 -0.2005 -0.0397
vn 0.8578 -0.3477 -0.3784
vn 0.9364 -0.3492 -0.0349
vn 0.8645 -0.3489 -0.3617
vn 0.9503 -0.3111 -0.0108
vn 0.8694 -0.3446 -0.3540
vn 0.9592 -0.2799 0.0393
vn 0.9071 -0.2768 -0.3170
vn 0.9119 -0.3149 0.2633
vn 0.8981 -0.3430 0.2754
vn 0.9519 0.1324 0.2763
vn 0.7656 0.3817 0.5178
vn 0.7916 -0.1365 0.5956
vn 0.6459 0.6795 0.3481
vn 0.5332 0.6521 0.5390
vn 0.5714 0.5907 0.5697
vn 0.5700 0.3008 0.7646
vn 0.1598 0.1961 0.9675
vn 0.2493 0.5788 0.7764
vn 0.1095 0.0050 0.9940
vn -0.2580 0.0458 0.9651
vn -0.2574 0.0579 0.9646
vn 0.1027 -0.0120 0.9946
vn -0.2580 0.1082 0.9601
vn 0.1279 0.0819 0.9884
vn -0.2477 0.2372 0.9394
vn 0.1591 0.2575 0.9531
vn -0.1966 0.4680 0.8616
vn -0.1000 0.6997 0.7075
vn -0.3182 0.7566 0.5712
vn -0.4715 0.5588 0.6822
vn -0.1298 0.9079 0.3986
vn -0.2875 0.9086 0.3031
vn -0.5342 0.7532 0.3839
vn -0.0695 0.9741 0.2152
vn -0.1571 0.9868 0.0394
vn -0.4703 0.8787 0.0817
vn 0.0547 0.9983 0.0202
vn 0.0215 0.9944 -0.1032
vn -0.2003 0.9671 -0.1569
vn 0.1282 0.9897 -0.0632
vn 0.1084 0.9895 -0.0958
vn 0.0004 0.9805 -0.1966
vn 0.2092 0.9640 -0.1640
vn 0.1397 0.9262 -0.3502
vn 0.2721 0.9386 -0.2119
vn 0.3160 0.8626 -0.3951
vn 0.3556 0.9084 -0.2201
vn 0.4930 0.8015 -0.3383
vn 0.4226 0.8998 -0.1084
vn 0.5946 0.7834 -0.1810
vn 0.3859 0.9217 0.0382
vn 0.5512 0.8318 0.0658
vn 0.3165 0.9446 0.0865
vn 0.4359 0.8858 0.1595
vn 0.3159 0.9365 0.1524
vn 0.4568 0.7899 0.4091
vn 0.6471 0.6786 0.3475
vn 0.1794 0.9113 0.3706
vn 0.1853 0.7437 0.6424
vn 0.5568 0.5287 0.6407
vn 0.1195 0.9446 0.3056
vn 0.0178 0.8625 0.5058
vn 0.1626 0.9640 0.2104
vn 0.1054 0.9754 0.1935
vn 0.0143 0.9633 0.2682
vn 0.1691 0.9784 0.1189
vn 0.1793 0.9821 0.0575
vn 0.0847 0.9887 0.1237
vn 0.2018 0.9717 0.1226
vn 0.1911 0.9792 0.0684
vn 0.1851 0.9682 0.1682
vn 0.2215 0.9691 0.1085
vn 0.1998 0.9717 0.1256
vn 0.2537 0.9647 0.0700
vn 0.2602 0.9629 0.0717
vn 0.2428 0.9683 0.0578
vn 0.2427 0.9682 0.0606
vn 0.2816 0.9563 0.0791
vn 0.2554 0.9668 -0.0016
vn 0.3170 0.9482 0.0209
vn 0.1830 0.9661 0.1821
vn 0.2165 0.9692 -0.1172
vn 0.2425 0.9561 -0.1644
vn 0.2298 0.9702 -0.0775
vn 0.2133 0.9757 -0.0496
vn 0.1803 0.9833 -0.0246
vn 0.1507 0.9864 -0.0659
vn 0.2162 0.9755 0.0401
vn 0.2174 0.9754 0.0354
vn 0.1981 0.9799 0.0233
vn 0.1522 0.9880 -0.0257
vn 0.1617 0.9866 0.0218
vn 0.1852 0.5197 0.8340
vn 0.9875 0.0196 -0.1562
vn 0.9053 0.1710 -0.3889
vn 0.9435 -0.2790 -0.1790
vn 0.8845 0.4371 -0.1631
vn 0.8022 0.5009 -0.3249
vn 0.6732 0.7248 -0.1465
vn 0.6162 0.7519 -0.2343
vn 0.7521 0.6587 -0.0197
vn 0.9071 0.4173 0.0558
vn 0.9684 -0.0456 0.2451
vn 0.5199 0.2589 0.8140
vn 0.6560 0.5696 0.4951
vn 0.3110 0.7122 0.6294
vn 0.3958 0.8504 0.3467
vn 0.6438 0.7169 0.2676
vn 0.4353 0.9001 -0.0211
vn 0.5782 0.8150 -0.0383
vn 0.4262 0.8196 -0.3829
vn 0.4685 0.8249 -0.3163
vn 0.3608 0.6612 -0.6577
vn 0.3862 0.7589 -0.5243
vn 0.2806 0.8415 -0.4616
vn 0.3377 0.5906 -0.7329
vn 0.2355 0.7833 -0.5753
vn 0.1415 0.9382 -0.3159
vn 0.1882 0.6076 -0.7716
vn 0.1241 0.7860 -0.6057
vn 0.1924 0.3562 -0.9144
vn 0.0808 0.5778 -0.8122
vn 0.1831 0.0680 -0.9807
vn 0.0316 0.2864 -0.9576
vn 0.2034 -0.0439 -0.9781
vn 0.1471 -0.0668 -0.9869
vn 0.2038 -0.0667 -0.9767
vn 0.0506 -0.0829 -0.9953
vn 0.2157 -0.1909 -0.9576
vn -0.1040 -0.2431 -0.9644
vn 0.1447 -0.4486 -0.8819
vn -0.1584 -0.0915 -0.9831
vn -0.2952 -0.3887 -0.8728
vn -0.2192 -0.4607 -0.8600
vn -0.3098 -0.3880 -0.8680
vn -0.4073 -0.7558 -0.5128
vn -0.3769 -0.6942 -0.6133
vn -0.3754 -0.8470 -0.3764
vn -0.3500 -0.8828 0.3132
vn -0.3551 -0.9239 0.1425
vn -0.4029 -0.8463 0.3486
vn -0.3172 -0.6004 0.7341
vn -0.2385 -0.6551 0.7169
vn -0.2559 -0.3770 0.8902
vn -0.1202 -0.3342 0.9348
vn -0.2703 -0.2571 0.9278
vn -0.0759 -0.1670 0.9830
vn -0.3890 -0.3556 0.8498
vn -0.1480 -0.2532 0.9560
vn -0.5195 -0.5214 0.6769
vn -0.2848 -0.3977 0.8722
vn -0.2381 -0.2398 0.9412
vn -0.3642 -0.3678 0.8556
vn -0.2793 -0.2656 0.9227
vn -0.1432 -0.2941 0.9450
vn -0.2859 -0.2383 0.9282
vn -0.1405 -0.2605 0.9552
vn -0.2301 0.0573 0.9715
vn 0.1401 0.3295 0.9337
vn -0.3242 -0.1005 0.9406
vn 0.1062 0.6636 0.7405
vn 0.0931 0.7777 0.6218
vn 0.3179 0.8937 0.3166
vn 0.2527 0.9170 0.3086
vn 0.4455 0.8906 -0.0914
vn 0.3708 0.9255 -0.0766
vn 0.4907 0.7490 -0.4453
vn 0.3925 0.8039 -0.4469
vn 0.4509 0.5212 -0.7246
vn 0.3519 0.5865 -0.7295
vn 0.3864 0.3798 -0.8405
vn 0.2665 0.3653 -0.8919
vn 0.2333 0.4115 -0.8810
vn 0.1929 0.2323 -0.9533
vn 0.1237 0.2342 -0.9643
vn 0.2845 0.3057 -0.9087
vn 0.0295 0.1276 -0.9914
vn 0.2476 0.0784 -0.9657
vn 0.1313 0.1667 -0.9772
vn 0.0930 0.1930 -0.9768
vn -0.0138 0.1130 -0.9935
vn 0.0319 0.1676 -0.9853
vn -0.0374 0.1285 -0.9910
vn -0.0257 0.1325 -0.9909
vn -0.0649 0.0914 -0.9937
vn 0.0605 0.2162 -0.9745
vn -0.0595 -0.0059 -0.9982
vn -0.1372 -0.0113 -0.9905
vn 0.0226 -0.0586 -0.9980
vn -0.2506 -0.5967 -0.7624
vn -0.2606 -0.4804 -0.8374
vn -0.2912 -0.6585 -0.6939
vn -0.4640 -0.8630 -0.1998
vn -0.3937 -0.8871 -0.2409
vn -0.5024 -0.8493 -0.1623
vn -0.5228 -0.7666 0.3729
vn -0.4916 -0.7860 0.3748
vn -0.5024 -0.6101 0.6127
vn -0.4223 -0.5707 0.7043
vn -0.5256 -0.5354 0.6611
vn -0.4060 -0.4503 0.7953
vn -0.5637 -0.4889 0.6657
vn -0.4339 -0.3960 0.8093
vn -0.6605 -0.5934 0.4600
vn -0.5474 -0.5020 0.6695
vn -0.7067 -0.6051 0.3667
vn -0.6281 -0.5865 0.5114
vn -0.7186 -0.5090 0.4739
vn -0.6250 -0.4930 0.6053
vn -0.5480 -0.4457 0.7078
vn -0.5692 -0.3427 0.7474
vn -0.5291 -0.2943 0.7959
vn -0.3574 -0.0355 0.9333
vn -0.4224 -0.0492 0.9051
vn 0.2025 0.5663 0.7989
vn 0.1447 0.6231 0.7686
vn 0.4492 0.7383 0.5031
vn 0.3866 0.8043 0.4513
vn 0.6807 0.7298 -0.0636
vn 0.5678 0.8187 -0.0853
vn 0.6953 0.5830 -0.4203
vn 0.6011 0.6686 -0.4377
vn 0.6604 0.5027 -0.5578
vn 0.5568 0.5084 -0.6569
vn 0.6160 0.4724 -0.6304
vn 0.4986 0.4311 -0.7521
vn 0.5402 0.4050 -0.7377
vn 0.4120 0.3290 -0.8497
vn 0.3021 0.2580 -0.9177
vn 0.3894 0.3630 -0.8465
vn 0.2596 0.2682 -0.9277
vn 0.3595 0.3786 -0.8529
vn 0.2232 0.3060 -0.9255
vn 0.3289 0.4035 -0.8538
vn 0.1524 0.2911 -0.9445
vn 0.4301 0.4741 -0.7682
vn 0.3183 0.3157 -0.8939
vn 0.2139 0.2656 -0.9400
vn 0.3351 0.3669 -0.8678
vn 0.0307 -0.1096 -0.9935
vn 0.0740 -0.0801 -0.9940
vn -0.0455 -0.2048 -0.9777
vn -0.4632 -0.5678 -0.6805
vn -0.3733 -0.6910 -0.6190
vn -0.4970 -0.3766 -0.7817
vn -0.8333 -0.5519 -0.0319
vn -0.7085 -0.7041 -0.0478
vn -0.7924 -0.4831 0.3725
vn -0.6699 -0.6521 0.3549
vn -0.7706 -0.4498 0.4514
vn -0.6253 -0.5836 0.5180
vn -0.7620 -0.4209 0.4920
vn -0.6236 -0.5573 0.5483
vn -0.7801 -0.4409 0.4439
vn -0.6526 -0.5528 0.5183
vn -0.8275 -0.5090 0.2370
vn -0.7140 -0.6245 0.3166
vn -0.8369 -0.5181 0.1767
vn -0.7325 -0.6302 0.2576
vn -0.8325 -0.4893 0.2599
vn -0.7397 -0.5728 0.3532
vn -0.6926 -0.3248 0.6440
vn -0.6612 -0.3586 0.6590
vn -0.6457 -0.2986 0.7027
vn -0.2851 0.0835 0.9549
vn -0.3545 0.0818 0.9315
vn 0.2223 0.4935 0.8409
vn 0.1705 0.5401 0.8241
vn 0.5651 0.6860 0.4584
vn 0.5234 0.7219 0.4526
vn 0.7288 0.6840 -0.0328
vn 0.7100 0.7013 -0.0637
vn 0.7237 0.6114 -0.3201
vn 0.7072 0.5951 -0.3817
vn 0.7033 0.5884 -0.3990
vn 0.6765 0.5629 -0.4749
vn 0.6833 0.5674 -0.4595
vn 0.6470 0.5572 -0.5205
vn 0.6660 0.5790 -0.4703
vn 0.5934 0.5233 -0.6116
vn 0.6349 0.6033 -0.4827
vn 0.5546 0.5466 -0.6273
vn 0.5041 0.4267 -0.7508
vn 0.5209 0.5789 -0.6273
vn 0.4705 0.4611 -0.7523
vn 0.5989 0.6160 -0.5116
vn 0.5195 0.5420 -0.6606
vn 0.4641 0.5454 -0.6980
vn 0.6416 0.4726 -0.6042
vn 0.3076 0.2318 -0.9229
vn 0.3401 0.2948 -0.8930
vn 0.3237 0.1652 -0.9316
vn -0.2202 -0.1772 -0.9592
vn -0.2136 -0.1642 -0.9630
vn -0.2289 -0.1303 -0.9647
vn -0.5364 -0.2783 -0.7968
vn -0.5076 -0.3295 -0.7961
vn -0.9031 -0.4291 -0.0185
vn -0.8473 -0.5293 -0.0429
vn -0.8573 -0.3967 0.3282
vn -0.7956 -0.4931 0.3519
vn -0.8493 -0.3887 0.3571
vn -0.7887 -0.4680 0.3987
vn -0.8563 -0.3791 0.3507
vn -0.7910 -0.4374 0.4277
vn -0.8671 -0.3712 0.3323
vn -0.8168 -0.4127 0.4030
vn -0.9046 -0.3769 0.1990
vn -0.8688 -0.4407 0.2259
vn -0.9140 -0.3637 0.1798
vn -0.8694 -0.4586 0.1841
vn -0.9024 -0.3371 0.2684
vn -0.8458 -0.4579 0.2738
vn -0.7090 -0.2249 0.6684
vn -0.6610 -0.3278 0.6750
vn -0.0810 0.0557 0.9952
vn -0.1175 0.0018 0.9931
vn -0.2135 0.0565 0.9753
vn 0.3646 0.2680 0.8918
vn 0.3021 0.3802 0.8742
vn 0.7923 0.4705 0.3884
vn 0.7038 0.5513 0.4480
vn 0.8812 0.4681 -0.0659
vn 0.8470 0.5316 -0.0062
vn 0.8750 0.4266 -0.2288
vn 0.8430 0.4877 -0.2268
vn 0.8798 0.4057 -0.2478
vn 0.8207 0.4917 -0.2908
vn 0.8699 0.3914 -0.3000
vn 0.7834 0.4936 -0.3777
vn 0.8562 0.3966 -0.3310
vn 0.7711 0.5094 -0.3821
vn 0.8479 0.4132 -0.3321
vn 0.7636 0.5165 -0.3875
vn 0.8338 0.4281 -0.3486
vn 0.7422 0.5201 -0.4226
vn 0.8582 0.3991 -0.3230
vn 0.8350 0.3734 -0.4042
vn 0.7703 0.4314 -0.4696
vn 0.3148 0.1233 -0.9411
vn 0.8494 0.3011 -0.4335
vn 0.3683 0.1238 -0.9214
vn -0.2279 -0.0692 -0.9712
vn 0.4046 0.0417 -0.9135
vn -0.1888 -0.1443 -0.9714
vn -0.6686 -0.2457 -0.7019
vn -0.2736 -0.1434 -0.9511
vn -0.5993 -0.2094 -0.7727
vn -0.9803 -0.1929 0.0426
vn -0.6120 -0.1516 -0.7762
vn -0.9914 -0.1311 -0.0012
vn -0.9779 -0.0961 0.1855
vn -0.9955 -0.0927 -0.0175
vn -0.9961 -0.0529 0.0710
vn -0.9943 -0.0084 0.1062
vn -0.9979 0.0397 -0.0516
vn -0.9967 0.0720 -0.0383
vn -0.9932 0.1152 -0.0180
vn -0.9826 0.1435 -0.1178
vn -0.9818 0.1502 -0.1163
vn -0.9716 0.1644 -0.1704
vn -0.9257 0.3209 -0.2002
vn -0.8898 0.3052 -0.3393
vn -0.8784 0.3406 -0.3353
vn -0.8271 0.3171 -0.4640
vn -0.8180 0.3576 -0.4506
vn -0.8424 0.4539 -0.2905
vn -0.7539 0.3732 -0.5407
vn -0.8134 0.4600 -0.3562
vn -0.8263 0.5527 0.1083
vn -0.7593 0.5367 -0.3681
vn -0.7805 0.6103 0.1357
vn -0.5420 0.4930 0.6806
vn -0.7164 0.6718 0.1881
vn -0.5399 0.5729 0.6167
vn 0.0662 0.0610 0.9959
vn -0.5610 0.5191 0.6448
vn 0.0753 -0.0678 0.9949
vn 0.4250 -0.3804 0.8214
vn 0.0833 -0.0365 0.9959
vn 0.4303 -0.3479 0.8330
vn 0.4323 -0.3338 0.8377
vn 0.4688 -0.2835 0.8366
vn 0.4626 -0.2857 0.8393
vn 0.4810 -0.3085 0.8207
vn 0.4340 -0.2837 0.8551
vn 0.4602 -0.2663 0.8469
vn 0.4512 -0.2324 0.8616
vn 0.4564 -0.1705 0.8733
vn 0.4631 -0.1565 0.8724
vn 0.4521 -0.1337 0.8819
vn 0.4571 -0.1056 0.8831
vn 0.4545 -0.0782 0.8873
vn 0.4901 -0.0825 0.8678
vn 0.4254 0.0341 0.9044
vn 0.5668 -0.0141 0.8237
vn 0.4264 -0.0540 0.9029
vn 0.4344 0.1183 0.8929
vn 0.4312 0.1596 0.8880
vn 0.5813 0.6151 0.5327
vn 0.6841 0.6162 0.3904
vn 0.3958 0.0091 0.9183
vn 0.5855 0.5995 0.5457
vn 0.4500 -0.0986 0.8876
vn 0.6508 0.5918 0.4756
vn 0.6686 0.5970 0.4433
vn 0.5750 0.8180 0.0165
vn 0.5549 0.8305 0.0490
vn 0.5512 0.8318 -0.0650
vn 0.5498 0.8351 -0.0183
vn 0.6269 0.7791 0.0037
vn 0.6240 0.7771 0.0821
vn 0.6655 0.7451 0.0442
vn 0.7318 0.6110 0.3018
vn 0.8083 0.5609 0.1789
vn 0.8106 0.5701 0.1335
vn 0.9061 0.1590 0.3920
vn 0.9543 0.1639 0.2498
vn 0.8093 -0.2679 0.5227
vn 0.8794 -0.3064 0.3644
vn 0.7939 0.2971 0.5305
vn 0.7301 -0.1020 0.6756
vn 0.5824 0.0680 0.8100
vn 0.4537 -0.1108 0.8842
vn 0.6358 -0.3316 0.6970
vn 0.4046 -0.1955 0.8933
vn 0.6102 -0.4015 0.6830
vn 0.3758 -0.2853 0.8817
vn 0.5495 -0.4801 0.6838
vn 0.5162 -0.6102 0.6010
vn 0.3619 -0.6347 0.6827
vn 0.2093 -0.7800 0.5898
vn -0.2697 -0.8241 0.4982
vn -0.2016 -0.5303 0.8235
vn 0.0980 -0.6989 0.7085
vn 0.4517 -0.7206 0.5259
vn 0.1054 -0.1451 0.9838
vn 0.3963 -0.2005 0.8960
vn 0.6982 -0.2484 0.6714
vn 0.1931 0.0955 0.9765
vn 0.6020 0.2332 0.7637
vn 0.9167 0.3260 0.2313
vn 0.5209 -0.0506 0.8521
vn 0.9581 -0.0715 0.2772
vn 0.9988 -0.0436 0.0213
vn 0.7907 -0.5066 0.3437
vn 0.8449 -0.5267 0.0937
vn 0.8565 -0.5159 0.0149
vn 0.7672 -0.6367 0.0774
vn 0.7608 -0.6488 0.0159
vn 0.7404 -0.5935 0.3155
vn 0.7212 -0.6620 0.2043
vn 0.7297 -0.6835 0.0203
vn 0.5381 -0.4154 0.7334
vn 0.5049 -0.4540 0.7342
vn 0.2020 -0.1344 0.9701
vn 0.0881 -0.1104 0.9900
vn -0.0064 -0.0425 0.9991
vn 0.0171 -0.0274 0.9995
vn 0.0372 -0.0505 0.9980
vn -0.0036 -0.0338 0.9994
vn 0.0120 -0.0315 0.9994
vn -0.0000 -0.0223 0.9998
vn -0.0068 -0.0273 0.9996
vn -0.0104 -0.0251 0.9996
vn -0.0049 -0.0340 0.9994
vn -0.0149 0.0279 0.9995
vn 0.0095 -0.0078 0.9999
vn 0.2950 0.2824 0.9128
vn 0.1840 -0.0514 0.9816
vn -0.0141 -0.0064 0.9999
vn -0.0123 0.0010 0.9999
vn 0.0467 0.0167 0.9988
vn -0.0001 0.0018 1.0000
vn 0.0179 0.0310 0.9994
vn 0.0077 0.0048 1.0000
vn -0.0094 0.0197 0.9998
vn -0.0122 0.0236 0.9996
vn -0.0342 0.0243 0.9991
vn -0.0221 0.0296 0.9993
vn -0.0323 0.0223 0.9992
vn -0.0363 0.0202 0.9991
vn -0.0481 0.0226 0.9986
vn -0.0392 0.0195 0.9990
vn -0.0554 -0.0428 0.9975
vn -0.0616 -0.0281 0.9977
vn -0.0715 -0.0289 0.9970
vn -0.0793 -0.0442 0.9959
vn -0.6038 0.1340 0.7858
vn -0.5411 -0.2312 0.8085
vn -0.5753 0.4672 0.6714
vn -0.7624 0.6471 0.0092
vn -0.9753 0.2026 0.0885
vn -0.7638 0.6432 -0.0545
vn -0.9733 0.2288 -0.0152
vn -0.7281 0.6846 0.0364
vn -0.7316 0.6804 -0.0434
vn -0.7254 0.6854 0.0641
vn -0.7297 0.6837 -0.0114
vn -0.7001 0.7002 0.1399
vn -0.7099 0.7039 0.0238
vn -0.5950 0.8013 0.0622
vn -0.5913 0.8064 0.0059
vn -0.7124 0.7017 -0.0058
vn -0.2058 0.9784 0.0212
vn -0.1925 0.9812 -0.0135
vn -0.5777 0.8153 -0.0400
vn -0.2249 0.9451 0.2371
vn -0.4111 0.0635 0.9094
vn -0.4300 0.6979 0.5727
vn -0.1605 0.4470 0.8800
vn -0.0224 0.0184 0.9996
vn -0.5121 0.6927 0.5078
vn -0.1726 0.2379 0.9558
vn -0.0211 0.0344 0.9992
vn -0.5255 0.5331 0.6630
vn -0.0802 0.0615 0.9949
vn -0.0202 0.0089 0.9998
vn -0.1737 0.1588 0.9719
vn -0.0244 0.0242 0.9994
vn -0.6674 0.6249 0.4051
vn -0.6391 0.6123 0.4655
vn -0.1109 0.1337 0.9848
vn -0.0358 0.0058 0.9993
vn -0.0261 0.0261 0.9993
vn -0.0057 -0.0040 1.0000
vn -0.0040 -0.0046 1.0000
vn -0.0080 0.0083 0.9999
vn -0.0038 0.0057 1.0000
vn -0.0022 -0.0066 1.0000
vn -0.0058 0.0122 0.9999
vn -0.0029 -0.0038 1.0000
vn 0.0015 0.0118 0.9999
vn -0.0008 0.0177 0.9998
vn -0.0067 0.0162 0.9998
vn 0.0127 0.0370 0.9992
vn -0.0222 0.0132 0.9997
vn -0.0044 0.0114 0.9999
vn 0.0170 -0.0606 0.9980
vn 0.0178 0.0403 0.9990
vn 0.0040 -0.0033 1.0000
vn 0.1095 -0.0710 0.9914
vn 0.0110 -0.0057 0.9999
vn 0.1556 -0.0470 0.9867
vn 0.1040 -0.0225 0.9943
vn 0.5534 -0.0724 0.8298
vn 0.6809 -0.3500 0.6434
vn -0.0207 -0.0275 0.9994
vn -0.0421 -0.0742 0.9964
vn 0.0080 -0.0009 1.0000
vn 0.0553 0.0190 0.9983
vn 0.0025 -0.0004 1.0000
vn 0.0124 -0.0017 0.9999
vn 0.0779 -0.0134 0.9969
vn 0.0105 0.0268 0.9996
vn 0.1383 -0.0575 0.9887
vn -0.0132 0.0292 0.9995
vn 0.0005 0.0447 0.9990
vn 0.0147 0.0243 0.9996
vn 0.0373 0.0682 0.9970
vn 0.0191 0.0440 0.9988
vn -0.0579 -0.1609 0.9853
vn -0.1454 -0.2868 0.9469
vn 0.0004 0.0116 0.9999
vn -0.0712 0.0164 0.9973
vn -0.2879 -0.2402 0.9271
vn -0.8343 -0.0951 0.5431
vn -0.7972 0.3519 0.4906
vn -0.5902 0.3471 0.7289
vn -0.7000 -0.0317 0.7134
vn -0.2848 0.3898 0.8757
vn -0.5341 0.5196 0.6670
vn -0.3176 0.2401 0.9173
vn -0.2059 0.5242 0.8264
vn -0.4931 0.6047 0.6255
vn -0.2694 0.8130 0.5162
vn -0.4945 0.8203 0.2875
vn -0.6993 0.6316 0.3347
vn -0.0676 0.9855 0.1555
vn -0.1549 0.9876 0.0266
vn -0.5619 0.8253 0.0560
vn 0.3536 0.9349 -0.0317
vn 0.3467 0.9374 -0.0333
vn 0.5120 0.8565 -0.0655
vn 0.4835 0.8724 -0.0722
vn 0.3413 0.9330 -0.1146
vn 0.3676 0.9299 -0.0097
vn 0.3957 0.8838 -0.2497
vn 0.5235 0.8442 -0.1157
vn -0.3244 0.7388 -0.5908
vn -0.2032 0.5991 -0.7745
vn 0.4669 0.8346 -0.2922
vn -0.5376 0.1661 -0.8267
vn -0.4549 0.1427 -0.8790
vn -0.1801 0.5445 -0.8192
vn -0.4697 0.1842 -0.8634
vn -0.1918 0.5286 -0.8269
vn -0.4642 0.1650 -0.8702
vn -0.5217 0.1920 -0.8312
vn -0.4942 0.2242 -0.8400
vn -0.5284 0.2204 -0.8199
vn -0.5222 0.1981 -0.8295
vn -0.5108 0.1677 -0.8432
vn -0.5376 0.2200 -0.8140
vn -0.4659 0.1430 -0.8732
vn -0.4261 0.1114 -0.8978
vn -0.2296 -0.0638 -0.9712
vn -0.1555 -0.0930 -0.9834
vn 0.1760 -0.3533 -0.9188
vn 0.2636 -0.3688 -0.8913
vn 0.5666 -0.5653 -0.5995
vn 0.6144 -0.5605 -0.5553
vn 0.7876 -0.6015 -0.1333
vn 0.8135 -0.5633 -0.1446
vn 0.6481 -0.5371 -0.5398
vn 0.8240 -0.4642 0.3250
vn 0.8660 -0.4368 0.2434
vn 0.8394 -0.5165 -0.1695
vn 0.9174 -0.3670 0.1537
vn 0.8860 -0.4104 -0.2157
vn 0.9937 0.1069 -0.0334
vn 0.9654 0.0483 -0.2564
vn 0.9466 -0.3182 -0.0528
vn 0.8957 -0.3177 -0.3111
vn 0.9425 -0.3267 0.0705
vn 0.8100 -0.5768 0.1054
vn 0.8045 -0.5905 -0.0642
vn 0.7183 -0.6931 0.0608
vn 0.6567 -0.7464 -0.1077
vn 0.8384 -0.5384 -0.0851
vn 0.8125 -0.5626 -0.1527
vn 0.9371 0.3452 -0.0514
vn 0.9424 0.3338 -0.0202
vn 0.9996 -0.0116 -0.0257
vn 0.9992 0.0285 -0.0269
vn 0.8838 -0.4532 0.1163
vn 0.9414 0.3372 -0.0027
vn 0.7339 -0.6347 0.2421
vn 0.7721 -0.5777 0.2648
vn 0.9093 -0.3036 0.2844
vn 0.6276 -0.2056 0.7509
vn 0.7306 -0.2152 0.6480
vn 0.7803 -0.4453 0.4392
vn 0.5674 -0.2070 0.7970
vn 0.5476 -0.2534 0.7974
vn 0.4669 -0.2044 0.8604
vn 0.4714 -0.1356 0.8714
vn 0.5135 -0.2452 0.8223
vn 0.4915 -0.2621 0.8305
vn 0.4449 -0.2085 0.8709
vn 0.5134 -0.3434 0.7864
vn 0.5073 -0.3638 0.7812
vn 0.4804 -0.2896 0.8279
vn 0.5688 -0.4286 0.7020
vn 0.4873 -0.3918 0.7804
vn 0.4691 -0.3498 0.8109
vn 0.6206 -0.4098 0.6685
vn 0.5602 -0.4312 0.7073
vn 0.4589 -0.3934 0.7966
vn 0.6268 -0.4310 0.6492
vn 0.4519 -0.2676 0.8510
vn 0.4355 -0.3313 0.8370
vn 0.4824 -0.1805 0.8572
vn -0.0016 0.1710 0.9853
vn -0.0368 0.1372 0.9899
vn -0.0057 0.2005 0.9797
vn -0.5541 0.4948 0.6694
vn -0.5419 0.4672 0.6986
vn -0.6359 0.3862 0.6682
vn -0.9098 0.4083 0.0745
vn -0.8241 0.5564 0.1062
vn -0.9329 0.3431 0.1093
vn -0.9545 0.2461 -0.1683
vn -0.8960 0.3749 -0.2380
vn -0.9861 0.1544 -0.0608
vn -0.9847 0.1376 -0.1069
vn -0.9606 0.1992 -0.1938
vn -0.9956 0.0748 -0.0560
vn -0.9978 0.0569 0.0334
vn -0.9882 0.1335 -0.0746
vn -0.9876 -0.0285 0.1544
vn -0.9735 -0.0409 0.2249
vn -0.9920 0.0307 0.1228
vn -0.9500 -0.1284 0.2845
vn -0.9502 -0.1366 0.2802
vn -0.9733 -0.0654 0.2202
vn -0.9131 -0.2703 0.3052
vn -0.9304 -0.2702 0.2479
vn -0.9567 -0.1494 0.2499
vn -0.8997 -0.3329 0.2824
vn -0.9303 -0.3667 -0.0098
vn -0.9617 -0.2685 0.0547
vn -0.8966 -0.3067 0.3195
vn -0.8979 -0.2995 0.3226
vn -0.9121 -0.2690 0.3093
vn -0.9057 -0.2986 0.3010
vn -0.9215 -0.2680 0.2811
vn -0.9573 -0.2664 0.1120
vn -0.9658 -0.1250 0.2270
vn -0.9897 -0.1380 0.0373
vn -0.9898 -0.1234 0.0705
vn -0.9995 -0.0326 0.0030
vn -0.9996 -0.0232 0.0179
vn -0.9737 -0.0005 0.2279
vn -0.9955 0.0916 -0.0223
vn -0.9600 0.1233 0.2516
vn -0.7231 0.1537 0.6734
vn -0.9465 0.2090 0.2460
vn -0.7107 0.2360 0.6627
vn -0.1611 0.1844 0.9696
vn -0.6500 0.3709 0.6633
vn -0.0990 0.2012 0.9745
vn 0.5040 -0.0229 0.8634
vn -0.0299 0.1906 0.9812
vn 0.4818 -0.0697 0.8735
vn 0.8104 -0.2958 0.5057
vn 0.4956 -0.1248 0.8596
vn 0.7602 -0.3103 0.5708
vn 0.8185 -0.3297 0.4705
vn 0.6837 -0.3581 0.6359
vn 0.7358 -0.3897 0.5538
vn 0.7746 -0.4065 0.4844
vn 0.6605 -0.4734 0.5828
vn 0.6756 -0.4726 0.5658
vn 0.7202 -0.4674 0.5127
vn 0.6718 -0.4076 0.6186
vn 0.6888 -0.4101 0.5978
vn 0.6911 -0.3932 0.6065
vn 0.6022 -0.3920 0.6955
vn 0.6287 -0.3454 0.6967
vn 0.6660 -0.3379 0.6650
vn 0.5258 -0.3311 0.7836
vn 0.5922 -0.3715 0.7150
vn 0.7526 -0.5345 0.3845
vn 0.5904 -0.2821 0.7562
vn 0.7877 -0.4648 0.4044
vn 0.8201 -0.5681 -0.0684
vn 0.7620 -0.4487 0.4670
vn 0.7996 -0.5946 -0.0839
vn 0.6408 -0.5904 -0.4907
vn 0.7728 -0.6304 -0.0733
vn 0.6274 -0.5577 -0.5435
vn 0.6136 -0.5614 -0.5552
vn 0.7927 -0.6059 -0.0674
vn 0.8071 -0.5859 -0.0725
vn 0.7762 -0.4505 0.4411
vn 0.7746 -0.4732 0.4196
vn 0.8153 -0.4246 0.3937
vn 0.7626 -0.3910 0.5153
vn 0.6982 -0.3734 0.6108
vn 0.8235 -0.3877 0.4142
vn 0.8163 -0.4063 0.4105
vn 0.7428 -0.4268 0.5158
vn 0.8926 -0.3310 0.3061
vn 0.8789 -0.3544 0.3193
vn 0.8115 -0.4252 0.4008
vn 0.9359 -0.2736 0.2219
vn 0.9013 -0.2759 0.3340
vn 0.8407 -0.3290 0.4301
vn 0.9718 -0.1862 0.1446
vn 0.9602 -0.2251 0.1655
vn 0.8863 -0.3250 0.3299
vn 0.9751 -0.2010 0.0942
vn 0.9064 -0.1411 0.3982
vn 0.8818 -0.1841 0.4341
vn 0.9199 -0.0187 0.3918
vn 0.4970 0.0823 0.8639
vn 0.5322 0.0219 0.8463
vn 0.4786 0.0778 0.8746
vn -0.1797 0.0947 0.9792
vn -0.1183 0.1486 0.9818
vn -0.1823 0.0989 0.9783
vn -0.7050 -0.0035 0.7092
vn -0.7071 0.0620 0.7044
vn -0.6899 -0.1200 0.7139
vn -0.9302 -0.2158 0.2969
vn -0.9652 -0.0840 0.2476
vn -0.9082 -0.3137 0.2771
vn -0.9363 -0.3166 0.1520
vn -0.9611 -0.2428 0.1317
vn -0.6680 -0.2383 0.7050
vn -0.0676 -0.0174 0.9976
vn -0.1209 0.0376 0.9920
vn 0.4572 0.1920 0.8684
vn 0.4599 0.1574 0.8739
vn 0.8911 0.2138 0.4002
vn 0.4685 0.1834 0.8642
vn 0.9248 0.1699 0.3405
vn 0.9889 0.1258 -0.0789
vn 0.9387 0.0425 0.3420
vn 0.9990 0.0176 -0.0410
vn 0.9858 0.0092 -0.1675
vn 0.9980 -0.0599 0.0210
vn 0.9889 -0.0624 -0.1349
vn 0.9928 -0.0519 -0.1077
vn 0.9802 -0.1958 -0.0290
vn 0.9896 -0.1436 0.0067
vn 0.9955 -0.0936 0.0168
vn 0.9800 -0.1530 0.1274
vn 0.9831 -0.1449 0.1120
vn 0.9831 -0.1327 0.1259
vn 0.9481 -0.2586 0.1850
vn 0.9512 -0.2338 0.2014
vn 0.9579 -0.2285 0.1736
vn 0.9045 -0.3005 0.3027
vn 0.9220 -0.2822 0.2652
vn 0.9402 -0.3405 -0.0123
vn 0.8445 -0.3999 0.3563
vn 0.8622 -0.5065 -0.0010
vn 0.6532 -0.5310 -0.5398
vn 0.8298 -0.5550 -0.0588
vn 0.6325 -0.5728 -0.5214
vn 0.3923 -0.4898 -0.7786
vn 0.5985 -0.5612 -0.5717
vn 0.3759 -0.4778 -0.7940
vn -0.3826 0.0503 -0.9226
vn 0.3206 -0.4058 -0.8559
vn -0.4167 0.0730 -0.9061
vn -0.6541 0.2629 -0.7092
vn -0.4112 0.1899 -0.8915
vn -0.5612 0.3457 -0.7520
vn -0.5938 0.3894 -0.7041
vn -0.5297 0.2454 -0.8119
vn -0.5490 0.3318 -0.7672
vn -0.6809 0.3701 -0.6320
vn -0.6937 0.3309 -0.6397
vn -0.5934 0.3924 -0.7028
vn -0.5747 0.3864 -0.7214
vn -0.5290 0.3768 -0.7604
vn -0.4980 0.3923 -0.7734
vn -0.4514 0.3553 -0.8185
vn -0.5125 0.2409 -0.8242
vn -0.4633 0.2585 -0.8477
vn -0.4562 0.3067 -0.8353
vn -0.4177 0.1748 -0.8916
vn -0.4700 0.2205 -0.8547
vn -0.6157 0.3236 -0.7185
vn -0.5036 0.1778 -0.8454
vn -0.6723 0.2943 -0.6792
vn -0.8564 0.5099 -0.0811
vn -0.7144 0.2787 -0.6418
vn -0.8563 0.4962 -0.1429
vn -0.7206 0.5613 0.4070
vn -0.5591 0.8182 -0.1340
vn -0.5505 0.7743 0.3121
vn -0.5451 0.4681 0.6955
vn -0.7200 0.5443 0.4305
vn -0.5137 0.4837 0.7086
vn -0.5740 0.4340 0.6944
vn -0.7477 0.5041 0.4322
vn -0.7230 0.5454 0.4241
vn -0.7907 0.5686 -0.2268
vn -0.8442 0.5233 -0.1160
vn -0.7155 0.6172 -0.3274
vn -0.4918 0.3872 -0.7799
vn -0.5198 0.3633 -0.7732
vn -0.5046 0.4181 -0.7554
vn -0.4793 0.3706 -0.7956
vn -0.4597 0.3483 -0.8169
vn -0.5676 0.3507 -0.7448
vn -0.5790 0.3494 -0.7366
vn -0.5006 0.3470 -0.7931
vn -0.5934 0.4315 -0.6795
vn -0.6680 0.4748 -0.5730
vn -0.6526 0.3957 -0.6462
vn -0.7560 0.4435 -0.4815
vn -0.7771 0.4243 -0.4648
vn -0.6875 0.4690 -0.5544
vn -0.7874 0.3943 -0.4739
vn -0.6916 0.4387 -0.5737
vn -0.7316 0.2985 -0.6129
vn -0.6453 0.3432 -0.6825
vn -0.8058 0.2531 -0.5353
vn -0.3354 -0.0677 -0.9396
vn -0.4378 0.0249 -0.8987
vn -0.2022 -0.1785 -0.9629
vn 0.2404 -0.3241 -0.9150
vn 0.3174 -0.3822 -0.8679
vn 0.2366 -0.3077 -0.9216
vn 0.7733 -0.3642 -0.5190
vn 0.7197 -0.4047 -0.5642
vn 0.8346 -0.2110 -0.5089
vn 0.9908 -0.1351 -0.0095
vn 0.9618 -0.2739 0.0037
vn 0.9986 -0.0340 -0.0396
vn 0.9984 -0.0254 0.0503
vn 0.9862 -0.1222 0.1113
vn 0.9987 -0.0025 -0.0500
vn 0.9974 -0.0323 -0.0648
vn 0.9983 -0.0521 0.0252
vn 0.9879 0.0663 -0.1400
vn 0.9900 0.0445 -0.1339
vn 0.9962 -0.0427 -0.0765
vn 0.9730 0.1357 -0.1870
vn 0.9702 0.1290 -0.2051
vn 0.9876 0.0221 -0.1556
vn 0.9329 0.2147 -0.2891
vn 0.9426 0.1827 -0.2794
vn 0.9711 0.1210 -0.2059
vn 0.9018 0.3082 -0.3030
vn 0.9365 0.3377 -0.0943
vn 0.9771 0.1906 -0.0948
vn 0.9076 0.4082 -0.0985
vn 0.8355 0.3855 0.3915
vn 0.8550 0.3280 0.4016
vn 0.8804 0.3897 -0.2702
vn 0.8793 0.3859 -0.2790
vn 0.9039 0.2856 -0.3185
vn 0.9237 0.2863 -0.2548
vn 0.8787 0.3862 -0.2807
vn 0.9251 0.2950 -0.2391
vn 0.8755 0.3956 -0.2773
vn 0.9197 0.3033 -0.2495
vn 0.8679 0.4044 -0.2883
vn 0.9022 0.3146 -0.2952
vn 0.9406 0.2683 -0.2078
vn 0.9299 0.2709 -0.2487
vn 0.8418 0.2170 -0.4942
vn 0.9659 0.1382 -0.2188
vn 0.8808 0.1365 -0.4534
vn 0.3306 0.0116 -0.9437
vn 0.9333 0.0599 -0.3541
vn 0.2989 -0.0961 -0.9494
vn -0.2576 -0.1434 -0.9556
vn 0.3105 -0.0969 -0.9456
vn -0.1712 -0.1209 -0.9778
vn -0.7360 -0.1440 -0.6614
vn -0.1115 -0.1722 -0.9787
vn -0.8519 -0.0611 -0.5202
vn -0.9952 0.0096 -0.0977
vn -0.8645 0.0531 -0.4998
vn -0.9802 0.1461 -0.1336
vn -0.9828 0.1421 -0.1176
vn -0.9454 0.2560 -0.2016
vn -0.9356 0.2880 -0.2043
vn -0.9322 0.3135 -0.1809
vn -0.9203 0.2717 -0.2813
vn -0.9177 0.3066 -0.2525
vn -0.8850 0.3228 -0.3356
vn -0.8400 0.3918 -0.3753
vn -0.7946 0.3654 -0.4849
vn -0.7550 0.3483 -0.5556
vn -0.7007 0.4199 -0.5768
vn -0.6692 0.4150 -0.6164
vn -0.6797 0.4389 -0.5876
vn -0.5592 0.4497 -0.6965
vn -0.5538 0.5033 -0.6634
vn -0.6962 0.6589 -0.2850
vn -0.5729 0.3738 -0.7295
vn -0.7139 0.6247 -0.3163
vn -0.6818 0.6726 0.2877
vn -0.6914 0.5970 -0.4069
vn -0.6953 0.6684 0.2643
vn -0.4228 0.4466 0.7885
vn -0.7308 0.6119 0.3025
vn -0.4357 0.3871 0.8126
vn 0.0832 0.0252 0.9962
vn -0.5070 0.4326 0.7455
vn 0.1342 -0.0501 0.9897
vn 0.4206 -0.3038 0.8549
vn 0.2758 -0.0894 0.9570
vn 0.4396 -0.1949 0.8768
vn 0.4450 -0.1780 0.8777
vn 0.4467 -0.1337 0.8846
vn 0.4571 -0.1374 0.8788
vn 0.4530 -0.1250 0.8827
vn 0.4369 -0.1440 0.8879
vn 0.4281 -0.1063 0.8974
vn 0.4235 -0.1553 0.8925
vn 0.3643 -0.0544 0.9297
vn 0.3695 -0.1205 0.9214
vn -0.8503 0.3741 -0.3702
vn -0.9225 0.2515 -0.2928
vn -0.8546 0.3509 -0.3829
vn -0.8402 0.1152 -0.5298
vn -0.8462 0.1679 -0.5057
vn -0.1153 -0.1734 -0.9781
vn -0.1730 -0.1888 -0.9667
vn 0.2890 -0.1952 -0.9372
vn 0.2424 -0.2094 -0.9473
vn 0.9423 0.0198 -0.3343
vn 0.9119 -0.1077 -0.3959
vn 0.9772 0.0829 -0.1955
vn 0.9928 0.0284 -0.1163
vn 0.9736 0.1389 -0.1813
vn 0.9844 0.0809 -0.1561
vn 0.9425 0.2585 -0.2117
vn 0.9728 0.1378 -0.1861
vn 0.9435 0.2476 -0.2201
vn -0.4359 0.1367 -0.8895
vn -0.4630 0.1900 -0.8657
vn -0.5452 0.2361 -0.8043
vn -0.3676 0.0229 -0.9297
vn 0.2894 -0.3789 -0.8790
vn 0.2006 -0.3936 -0.8971
vn 0.4078 0.2341 0.8825
vn -0.9344 -0.3136 0.1689
vn 0.4379 0.8977 -0.0493
vn 0.5332 0.8384 -0.1131
vn 0.5965 0.7980 -0.0860
vn 0.4293 0.9019 0.0483
vn 0.5540 0.8283 0.0839
vn 0.1028 0.9488 0.2987
vn 0.3098 0.8657 0.3931
vn 0.5098 0.7731 0.3773
vn 0.0166 0.7297 0.6836
vn 0.2499 0.6191 0.7445
vn 0.4857 0.4966 0.7194
vn 0.0634 0.4248 0.9031
vn 0.3181 0.2435 0.9162
vn -0.0589 0.2243 0.9727
vn 0.1990 0.0439 0.9790
vn -0.0866 0.1204 0.9889
vn 0.1796 -0.0277 0.9833
vn 0.7492 0.6099 0.2584
vn 0.6410 0.7132 0.2836
vn 0.7374 0.3539 0.5753
vn 0.6493 0.7587 -0.0537
vn 0.6759 0.7363 0.0311
vn -0.4037 0.0484 0.9136
vn 0.4950 -0.3115 0.8112
vn 0.8610 -0.5074 -0.0360
vn 0.7588 -0.6507 -0.0296
vn 0.8905 -0.3226 0.3208
vn -0.2047 -0.3813 0.9015
vn -0.3868 -0.8073 0.4458
vn -0.1156 -0.8387 0.5322
vn -0.1889 -0.9419 0.2778
vn 0.1642 -0.9243 0.3445
vn 0.6022 -0.7973 -0.0420
vn 0.2345 -0.9674 -0.0958
vn 0.0575 -0.7443 0.6653
vn 0.2724 -0.4735 0.8376
vn 0.6787 0.7293 0.0865
vn 0.6630 0.7418 -0.1003
vn 0.7085 0.7041 -0.0474
vn 0.4295 -0.1063 0.8968
vn -0.6514 -0.2368 -0.7208
vn -0.3743 -0.2583 0.8906
vn 0.1883 0.9793 -0.0744
vn 0.0607 0.9538 -0.2943
vn 0.0361 0.9443 -0.3270
vn 0.2223 -0.2201 0.9498
vn 0.9097 -0.3065 0.2801
vn 0.8019 -0.5542 -0.2231
vn 0.7093 0.6080 -0.3567
vn -0.7259 0.6457 -0.2369
vn -0.6664 0.5587 -0.4937
vn -0.6661 0.5548 0.4986
vn -0.8362 0.5109 0.1992
vn -0.6948 0.6481 0.3119
vn 0.8865 -0.1329 0.4432
vn 0.7600 0.0834 0.6446
vn -0.0097 0.2093 0.9778
vn -0.1776 -0.0727 0.9814
vn -0.8827 -0.3942 0.2558
vn -0.4964 -0.1982 -0.8452
vn -0.6083 -0.5395 0.5822
vn -0.5551 -0.5290 0.6419
vn -0.4734 -0.7281 0.4957
vn -0.3181 -0.5462 0.7749
vn -0.3196 -0.6844 0.6554
vn 0.0787 -0.0088 0.9969
vn 0.0385 -0.1115 0.9930
vn -0.0173 -0.1304 0.9913
vn 0.3596 0.4903 0.7939
vn 0.2684 0.4591 0.8469
vn 0.2584 0.4911 0.8319
vn 0.4153 0.7855 0.4588
vn 0.3542 0.7832 0.5111
vn 0.3583 0.7782 0.5157
vn 0.3946 0.9187 -0.0163
vn 0.4053 0.9126 0.0535
vn 0.4051 0.9132 0.0446
vn 0.3737 0.8560 -0.3572
vn 0.3706 0.8652 -0.3378
vn 0.3795 0.8484 -0.3690
vn 0.3516 0.8053 -0.4773
vn 0.3550 0.8204 -0.4483
vn 0.4041 0.8083 -0.4283
vn 0.3574 0.8185 -0.4499
vn 0.4119 0.8018 -0.4330
vn 0.4157 0.8140 -0.4058
vn 0.4195 0.8077 -0.4142
vn 0.4210 0.8097 -0.4087
vn 0.4489 0.7952 -0.4077
vn 0.4233 0.8080 -0.4098
vn 0.4466 0.7952 -0.4101
vn 0.5012 0.7517 -0.4286
vn 0.4453 0.7942 -0.4135
vn 0.4991 0.7571 -0.4216
vn 0.5958 0.6826 -0.4232
vn 0.4961 0.7561 -0.4269
vn 0.5962 0.6787 -0.4288
vn 0.5982 0.6943 -0.4002
vn 0.5653 0.6564 -0.4995
vn 0.5572 0.6470 -0.5206
vn 0.6222 0.5917 -0.5126
vn 0.2901 0.3980 -0.8703
vn 0.2833 0.3479 -0.8937
vn 0.3293 0.2979 -0.8960
vn -0.2368 -0.1067 -0.9657
vn -0.2048 -0.0739 -0.9760
vn -0.2318 -0.0581 -0.9710
vn -0.5211 -0.2862 -0.8041
vn -0.5691 -0.2766 -0.7743
vn -0.5858 -0.2391 -0.7744
vn -0.8639 -0.4987 -0.0708
vn -0.8938 -0.4449 -0.0562
vn -0.9419 -0.2972 -0.1563
vn -0.8581 -0.4694 0.2082
vn -0.9266 -0.3445 0.1506
vn -0.9472 -0.2994 0.1145
vn -0.9006 -0.3545 0.2515
vn -0.9306 -0.3158 0.1850
vn -0.9781 -0.1584 0.1347
vn -0.9228 -0.3338 0.1923
vn -0.9760 -0.1694 0.1371
vn -0.9841 -0.1596 0.0781
vn -0.9693 -0.1851 0.1616
vn -0.9805 -0.1760 0.0878
vn -0.9968 -0.0801 0.0056
vn -0.9763 -0.1928 0.0983
vn -0.9944 -0.1051 0.0125
vn -0.9976 0.0139 -0.0682
vn -0.9917 -0.1228 0.0373
vn -0.9992 -0.0048 -0.0393
vn -0.9911 0.0628 -0.1172
vn -0.9977 -0.0222 0.0644
vn -0.9939 0.0839 0.0716
vn -0.9730 0.2282 0.0353
vn -0.8685 0.1350 0.4769
vn -0.8547 0.2108 0.4744
vn -0.8562 0.2067 0.4735
vn -0.5053 0.1652 0.8470
vn -0.5019 0.1660 0.8489
vn -0.4563 0.2083 0.8651
vn 0.0894 0.0227 0.9957
vn 0.0509 0.0537 0.9973
vn 0.0313 0.0586 0.9978
vn 0.7330 -0.1768 0.6569
vn 0.7407 -0.2574 0.6205
vn 0.7531 -0.2566 0.6058
vn 0.8761 -0.3243 0.3567
vn 0.8705 -0.3439 0.3521
vn 0.8357 -0.4179 0.3563
vn 0.8860 -0.3689 0.2809
vn 0.8467 -0.4279 0.3163
vn 0.8747 -0.3846 0.2950
vn 0.8453 -0.4177 0.3332
vn 0.8376 -0.3849 0.3877
vn 0.7970 -0.3713 0.4764
vn 0.6570 -0.4547 0.6014
vn 0.7784 -0.3822 0.4980
vn 0.6322 -0.4829 0.6059
vn 0.7697 -0.4031 0.4950
vn 0.6156 -0.5132 0.5981
vn 0.7684 -0.4434 0.4615
vn 0.6273 -0.5568 0.5446
vn 0.8230 -0.5260 0.2146
vn 0.6975 -0.6903 0.1924
vn 0.8092 -0.5414 -0.2283
vn 0.6470 -0.7142 -0.2670
vn 0.5799 -0.7474 -0.3240
vn 0.4441 -0.5925 -0.6720
vn 0.4522 -0.5643 -0.6907
vn 0.4094 -0.4789 -0.7766
vn 0.0354 0.0161 -0.9992
vn -0.0445 0.2517 -0.9668
vn 0.0746 0.3515 -0.9332
vn -0.1761 0.4214 -0.8896
vn -0.0365 0.4438 -0.8954
vn -0.2874 0.5119 -0.8095
vn -0.1329 0.5154 -0.8466
vn -0.2821 0.4391 -0.8530
vn 0.0650 -0.2558 -0.9645
vn 0.5634 -0.4092 -0.7178
vn 0.8425 -0.4681 0.2665
vn 0.8531 -0.4895 -0.1803
vn 0.8054 -0.4454 0.3910
vn 0.8702 -0.3448 0.3520
vn 0.8888 -0.3660 0.2757
vn 0.8727 -0.3353 0.3549
vn 0.8905 -0.3033 0.3392
vn 0.8928 -0.3039 0.3324
vn 0.8930 -0.3021 0.3337
vn 0.9331 -0.2135 0.2895
vn 0.9274 -0.2319 0.2937
vn 0.9414 -0.2064 0.2666
vn 0.9533 -0.2064 0.2204
vn 0.9450 -0.2168 0.2449
vn 0.9667 -0.1939 0.1670
vn 0.9915 -0.0596 0.1152
vn 0.9870 -0.0622 0.1480
vn 0.9895 -0.0591 0.1316
vn 0.9958 -0.0125 0.0905
vn 0.9976 -0.0421 0.0542
vn 0.9610 0.0074 0.2765
vn 0.9452 0.1262 0.3012
vn 0.9923 0.1214 0.0240
vn 0.6564 0.0309 0.7537
vn 0.6541 0.1070 0.7488
vn 0.0556 0.0350 0.9978
vn -0.0088 0.0326 0.9994
vn -0.5400 0.0091 0.8416
vn -0.5641 -0.0468 0.8244
vn -0.9004 -0.1043 0.4225
vn -0.9003 -0.2139 0.3791
vn -0.5887 -0.1229 0.7990
vn -0.9629 -0.2294 0.1421
vn -0.9471 -0.2356 0.2179
vn -0.9032 -0.2337 0.3600
vn -0.8937 -0.3687 0.2555
vn -0.8425 -0.3657 0.3954
vn -0.9035 -0.3627 0.2283
vn -0.8579 -0.4232 0.2915
vn -0.8445 -0.4432 0.3008
vn -0.8754 -0.4022 0.2682
vn -0.7843 -0.5339 0.3161
vn -0.7720 -0.5378 0.3389
vn -0.7949 -0.5207 0.3114
vn -0.7945 -0.4869 0.3629
vn -0.7915 -0.4961 0.3571
vn -0.7998 -0.4812 0.3588
vn -0.7146 -0.5831 0.3863
vn -0.7042 -0.5944 0.3884
vn -0.7219 -0.5753 0.3844
vn -0.6749 -0.6236 0.3946
vn -0.6678 -0.6219 0.4090
vn -0.7065 -0.6365 0.3095
vn -0.6523 -0.6740 0.3468
vn -0.6220 -0.6655 0.4127
vn -0.7506 -0.6535 -0.0973
vn -0.6869 -0.6879 -0.2345
vn -0.4413 -0.3225 -0.8374
vn -0.4439 -0.3920 -0.8058
vn -0.8305 -0.5542 -0.0568
vn -0.7750 -0.5788 0.2535
vn -0.8392 -0.4879 0.2403
vn -0.8026 -0.4724 0.3643
vn -0.8178 -0.4862 0.3079
vn -0.8068 -0.5030 0.3101
vn -0.8921 -0.3705 0.2586
vn -0.8860 -0.3849 0.2587
vn -0.9123 -0.3470 0.2174
vn -0.9100 -0.3550 0.2142
vn -0.9640 -0.2043 0.1704
vn -0.9593 -0.2215 0.1750
vn -0.9721 -0.2113 0.1015
vn -0.9869 -0.1260 0.1006
vn -0.9005 -0.0195 0.4344
vn -0.5065 0.1471 0.8496
vn 0.0261 0.0962 0.9950
vn 0.0564 0.0959 0.9938
vn 0.6974 0.0063 0.7167
vn 0.7040 -0.0390 0.7091
vn 0.6863 -0.1437 0.7129
vn 0.9435 -0.1408 0.3000
vn 0.9178 -0.2172 0.3324
vn 0.9051 -0.2435 0.3487
vn 0.9519 -0.2339 0.1977
vn 0.9362 -0.2734 0.2210
vn 0.9052 -0.3398 0.2553
vn 0.9328 -0.2984 0.2021
vn 0.9079 -0.3373 0.2489
vn 0.9061 -0.3028 0.2955
vn 0.8884 -0.3262 0.3230
vn 0.9584 -0.2247 0.1758
vn 0.9697 -0.1738 0.1715
vn 0.9618 -0.0444 0.2700
vn 0.8749 -0.3274 0.3568
vn 0.8134 -0.3993 0.4230
vn 0.8046 -0.4247 0.4150
vn -0.2597 -0.1661 -0.9513
vn 0.3364 0.4255 -0.8401
vn -0.1914 -0.1924 -0.9625
vn 0.4809 0.7358 -0.4769
vn 0.2860 0.4810 -0.8288
vn 0.4426 0.7913 -0.4218
vn 0.4229 0.7661 -0.4841
vn 0.4232 0.8057 -0.4145
vn 0.4222 0.8025 -0.4216
vn 0.4196 0.8100 -0.4096
vn 0.4175 0.8096 -0.4127
vn 0.3675 0.8326 -0.4144
vn 0.3694 0.8392 -0.3992
vn 0.3643 0.8051 -0.4680
vn 0.3780 0.8324 -0.4052
vn 0.3439 0.8005 -0.4908
vn 0.3434 0.8117 -0.4725
vn 0.3589 0.8510 -0.3833
vn 0.3378 0.8117 -0.4764
vn 0.4444 0.8905 -0.0969
vn 0.3927 0.8259 -0.4045
vn 0.5086 0.7836 0.3568
vn 0.5044 0.8421 -0.1909
vn 0.4516 0.5953 0.6645
vn 0.5620 0.7958 0.2255
vn -0.2138 0.5325 -0.8190
vn -0.5890 -0.6030 0.5380
vn -0.6312 -0.7514 0.1924
vn 0.1613 0.9820 -0.0983
vn 0.6876 0.3888 0.6133
vn -0.0874 -0.9537 -0.2879
vn -0.4762 -0.8654 0.1559
vn -0.2820 -0.9594 -0.0090
vn -0.6784 -0.6962 0.2349
vn -0.4740 -0.8583 0.1965
vn -0.7942 -0.3577 0.4912
vn -0.6967 -0.2938 0.6544
vn -0.4509 -0.8809 0.1440
vn -0.6897 0.5034 0.5206
vn -0.3539 0.6756 0.6468
vn -0.2915 0.9168 0.2728
vn 0.0263 0.9591 0.2819
vn -0.8675 0.4163 0.2723
vn -0.5758 0.8119 0.0959
vn -0.8799 0.3933 0.2668
vn -0.6394 0.7688 0.0076
vn -0.8167 0.4697 0.3352
vn -0.6459 0.7597 -0.0755
vn -0.4912 0.4342 0.7551
vn -0.5993 0.6795 0.4232
vn -0.7869 0.0954 0.6096
vn -0.6135 -0.3137 0.7247
vn -0.8949 -0.0916 0.4368
vn -0.6862 -0.5515 0.4744
vn -0.1817 0.7328 0.6557
vn -0.4076 0.8559 0.3184
vn -0.1276 0.8416 0.5248
vn -0.4910 0.8420 0.2234
vn -0.5609 0.7948 0.2316
vn -0.7795 0.6083 0.1494
vn -0.6884 0.7226 -0.0636
vn -0.1455 0.9159 0.3742
vn 0.3797 0.7874 0.4856
vn 0.3022 0.6413 0.7053
vn 0.1367 0.5054 0.8520
vn -0.3154 0.0894 0.9447
vn -0.9097 -0.2608 0.3231
vn -0.4451 -0.7898 0.4220
vn 0.4140 0.7123 0.5668
vn -0.5559 0.8239 -0.1101
vn -0.1622 0.9734 -0.1618
vn -0.5048 0.2169 0.8355
vn 0.8102 0.2729 -0.5188
vn 0.4372 0.0530 -0.8978
vn 0.4571 0.8340 -0.3089
vn -0.3519 -0.8347 0.4237
vn -0.3859 -0.8156 0.4312
vn -0.3878 -0.8140 0.4325
vn -0.4008 -0.8051 0.4373
vn -0.4009 -0.8045 0.4382
vn -0.4007 -0.8013 0.4443
vn -0.4036 -0.7974 0.4486
vn -0.4292 -0.7786 0.4578
vn -0.4295 -0.7769 0.4604
vn -0.5031 -0.7339 0.4563
vn -0.4908 -0.7220 0.4876
vn -0.5184 -0.6981 0.4939
vn -0.4101 -0.6165 0.6721
vn -0.4766 -0.5890 0.6526
vn -0.1387 -0.2641 0.9545
vn -0.1441 -0.2453 0.9587
vn 0.4072 0.3044 0.8611
vn 0.4323 0.2644 0.8621
vn 0.6932 0.4976 0.5214
vn -0.6167 0.2751 -0.7375
vn -0.4712 0.3996 -0.7863
vn -0.6209 0.5350 -0.5729
vn -0.5214 0.3214 -0.7905
vn -0.4204 0.6328 -0.6502
vn 0.9054 0.4133 -0.0976
vn -0.4272 -0.7942 0.4321
vn 0.1118 0.4180 -0.9016
vn -0.0070 -0.0041 -1.0000
vn 0.0096 -0.0041 -0.9999
vn -0.0002 0.0143 -0.9999
vn -0.1504 -0.0522 0.9872
vn -0.2706 -0.0978 0.9577
vn -0.7286 0.5482 0.4105
vn -0.7964 0.5917 0.1251
vn -0.9732 -0.1028 0.2059
vn -0.8293 -0.1335 0.5426
vn 0.9337 0.3512 0.0701
vn -0.1629 0.9850 0.0564
vn -0.2429 0.9700 -0.0113
vn -0.2472 0.9689 0.0039
vn -0.3018 0.4794 -0.8241
vn 0.7216 0.2340 -0.6516
vn 0.8910 0.1686 -0.4215
vn 0.6012 -0.2738 -0.7507
vn -0.1087 -0.9906 -0.0836
vn -0.5464 0.3768 0.7480
vn 0.4107 0.9100 0.0563
vn 0.0865 -0.0745 -0.9935
vn 0.5696 -0.2759 -0.7742
vn 0.4256 -0.2351 -0.8738
vn 0.0009 -0.0008 -1.0000
vn 0.0005 -0.0005 -1.0000
vn -0.2625 0.9649 0.0075
vn 0.4244 0.0982 -0.9001
vn -0.3033 0.3077 -0.9018
vn 0.2108 0.9767 0.0399
vn 0.2290 0.9721 0.0506
vn -0.7186 -0.0530 -0.6934
vn -0.8763 0.3863 0.2880
vn -0.6815 0.7230 0.1129
vn -0.9477 0.2077 0.2424
vn -0.9646 0.2309 -0.1277
vn 0.4245 0.7855 -0.4504
vn -0.8102 0.0643 -0.5826
vn -0.4533 -0.5421 -0.7075
vn 0.0575 -0.3972 0.9159
vn 0.0268 -0.2041 0.9786
vn 0.1080 -0.8697 -0.4816
vn -0.2108 -0.0214 -0.9773
vn 0.7250 -0.6116 0.3167
vn 0.6049 -0.3358 0.7220
vn 0.4744 -0.5909 0.6525
vn 0.7556 -0.6365 0.1547
vn 0.3793 -0.8072 0.4523
vn 0.8041 -0.5582 0.2044
vn 0.0749 -0.3516 0.9331
vn -0.1864 -0.7572 0.6260
vn -0.3004 -0.0544 0.9523
vn -0.6732 -0.4194 0.6090
vn -0.5689 0.2014 0.7973
vn -0.9149 0.0420 0.4015
vn -0.7657 0.5335 0.3592
vn -0.8849 0.4591 0.0787
vn -0.0101 0.2026 0.9792
vn -0.3257 0.4173 0.8484
vn 0.3476 -0.0724 0.9348
vn -0.4151 0.2148 0.8840
vn -0.6461 -0.5005 0.5762
vn -0.8115 0.2565 -0.5250
vn -0.2321 0.2925 0.9277
vn -0.5806 0.8028 0.1360
vn -0.2559 -0.1833 0.9492
vn -0.7797 -0.4585 0.4264
vn 0.3411 0.6392 0.6893
vn 0.4534 -0.7657 -0.4562
vn 0.8150 0.5766 0.0575
vn -0.7826 0.5978 -0.1736
vn -0.1220 0.0383 -0.9918
vn 0.9924 0.1053 -0.0633
vn 0.9875 0.0218 -0.1562
vn 0.4084 -0.8921 0.1932
vn -0.1180 -0.0318 0.9925
vn -0.0475 0.0518 0.9975
vn 0.5561 0.4963 -0.6667
vn 0.3428 -0.4746 -0.8107
vn 0.8997 0.2673 -0.3449
vn 0.1479 -0.0513 -0.9877
vn -0.0134 -0.4668 -0.8842
vn -0.9749 0.0752 0.2095
vn 0.6137 0.3023 -0.7294
vn -0.0965 -0.1080 -0.9895
vn -0.0049 0.1032 -0.9946
vn -0.7057 0.6898 -0.1615
vt 0.226084 0.886818
vt 0.221838 0.888560
vt 0.219496 0.885822
vt 0.226343 0.883700
vt 0.230498 0.885292
vt 0.228469 0.888185
vt 0.224125 0.890688
vt 0.439863 0.933218
vt 0.439734 0.941052
vt 0.436583 0.940296
vt 0.438127 0.932267
vt 0.222470 0.900739
vt 0.219518 0.901283
vt 0.222492 0.895759
vt 0.225722 0.897405
vt 0.870190 0.671492
vt 0.871955 0.672504
vt 0.875616 0.678823
vt 0.874100 0.678823
vt 0.220122 0.909620
vt 0.218152 0.909666
vt 0.240328 0.891713
vt 0.237641 0.888026
vt 0.240833 0.886121
vt 0.243975 0.889073
vt 0.923396 0.653669
vt 0.928624 0.656799
vt 0.926426 0.663239
vt 0.917589 0.662253
vt 0.235051 0.893936
vt 0.234888 0.890621
vt 0.678746 0.904468
vt 0.682199 0.903825
vt 0.682199 0.908503
vt 0.678015 0.907512
vt 0.875182 0.672488
vt 0.877993 0.678326
vt 0.438870 0.927371
vt 0.434783 0.932395
vt 0.430376 0.932196
vt 0.432091 0.925672
vt 0.660596 0.863146
vt 0.665383 0.861863
vt 0.664107 0.867173
vt 0.662484 0.867365
vt 0.432055 0.915898
vt 0.436318 0.915806
vt 0.440095 0.915220
vt 0.443212 0.922816
vt 0.661056 0.856751
vt 0.664859 0.855495
vt 0.909153 0.654260
vt 0.914661 0.653071
vt 0.909538 0.661999
vt 0.904892 0.661122
vt 0.907657 0.650443
vt 0.915392 0.647781
vt 0.900756 0.660103
vt 0.678512 0.882562
vt 0.679538 0.878669
vt 0.682308 0.878798
vt 0.682308 0.883272
vt 0.659967 0.848781
vt 0.660635 0.846121
vt 0.665413 0.848582
vt 0.662573 0.851382
vt 0.659327 0.853554
vt 0.657102 0.850345
vt 0.655946 0.847588
vt 0.404851 0.873963
vt 0.397634 0.872760
vt 0.398431 0.869403
vt 0.400176 0.870099
vt 0.404906 0.879282
vt 0.397911 0.875649
vt 0.844574 0.895660
vt 0.847692 0.894648
vt 0.849634 0.897547
vt 0.844402 0.900180
vt 0.353798 0.813901
vt 0.354040 0.809473
vt 0.356564 0.809280
vt 0.356752 0.813901
vt 0.384718 0.849038
vt 0.388249 0.852910
vt 0.384771 0.856807
vt 0.381180 0.850369
vt 0.381219 0.841580
vt 0.385576 0.842992
vt 0.391717 0.846968
vt 0.850909 0.901124
vt 0.853286 0.895528
vt 0.854839 0.899733
vt 0.844402 0.904443
vt 0.851461 0.906367
vt 0.844757 0.910270
vt 0.404126 0.854320
vt 0.398672 0.835604
vt 0.411697 0.846958
vt 0.404943 0.858803
vt 0.397836 0.859638
vt 0.395163 0.857084
vt 0.804193 0.913817
vt 0.804193 0.924335
vt 0.798705 0.923892
vt 0.799916 0.918275
vt 0.424524 0.856468
vt 0.414197 0.862395
vt 0.886093 0.923234
vt 0.881904 0.925375
vt 0.878549 0.921758
vt 0.880419 0.917640
vt 0.670007 0.903630
vt 0.674209 0.911151
vt 0.666036 0.903587
vt 0.669325 0.898417
vt 0.925071 0.446891
vt 0.927993 0.483717
vt 0.919141 0.482042
vt 0.920809 0.452329
vt 0.396516 0.866154
vt 0.399652 0.863004
vt 0.402411 0.866962
vt 0.399067 0.868872
vt 0.404144 0.861404
vt 0.405449 0.864036
vt 0.408779 0.863575
vt 0.661790 0.899343
vt 0.657843 0.905792
vt 0.655710 0.897699
vt 0.662963 0.890590
vt 0.663826 0.914536
vt 0.666630 0.892179
vt 0.417009 0.870941
vt 0.411381 0.868205
vt 0.421403 0.868925
vt 0.416785 0.875026
vt 0.408401 0.871240
vt 0.424882 0.873406
vt 0.433143 0.861354
vt 0.863136 0.911659
vt 0.867415 0.912683
vt 0.867760 0.914776
vt 0.863258 0.913281
vt 0.871815 0.715094
vt 0.872319 0.712819
vt 0.874942 0.713142
vt 0.873786 0.715775
vt 0.871646 0.719077
vt 0.870190 0.716838
vt 0.761972 0.426048
vt 0.762665 0.427653
vt 0.756584 0.429343
vt 0.756865 0.426805
vt 0.756494 0.423998
vt 0.762350 0.423620
vt 0.625398 0.897298
vt 0.624005 0.896172
vt 0.625628 0.893008
vt 0.626909 0.896264
vt 0.211850 0.944471
vt 0.209139 0.947899
vt 0.205913 0.945677
vt 0.208961 0.939386
vt 0.880482 0.866232
vt 0.879049 0.855076
vt 0.882140 0.854073
vt 0.883368 0.861748
vt 0.214572 0.940529
vt 0.217152 0.945527
vt 0.663704 0.923522
vt 0.673292 0.919309
vt 0.674603 0.928345
vt 0.659446 0.926740
vt 0.649809 0.915406
vt 0.653688 0.911840
vt 0.278634 0.701484
vt 0.271710 0.712893
vt 0.261291 0.712456
vt 0.263154 0.703096
vt 0.672462 0.935530
vt 0.668529 0.935520
vt 0.903164 0.414342
vt 0.906470 0.411505
vt 0.907623 0.419845
vt 0.904171 0.420656
vt 0.877514 0.834333
vt 0.881044 0.841586
vt 0.878441 0.842189
vt 0.873245 0.832007
vt 0.937609 0.760740
vt 0.928944 0.758836
vt 0.929011 0.750849
vt 0.942319 0.749380
vt 0.538093 0.912297
vt 0.531188 0.908118
vt 0.531085 0.903359
vt 0.537285 0.903852
vt 0.940104 0.767902
vt 0.936377 0.767992
vt 0.933492 0.763553
vt 0.538093 0.891940
vt 0.537365 0.897112
vt 0.531428 0.897940
vt 0.532141 0.894327
vt 0.870191 0.888113
vt 0.875746 0.891174
vt 0.874189 0.895350
vt 0.870191 0.895514
vt 0.917470 0.764014
vt 0.911664 0.765416
vt 0.905376 0.752521
vt 0.910236 0.752565
vt 0.917554 0.752104
vt 0.922348 0.760716
vt 0.918828 0.771289
vt 0.915374 0.772788
vt 0.877103 0.899263
vt 0.874224 0.899701
vt 0.878864 0.896506
vt 0.881161 0.902223
vt 0.877908 0.903448
vt 0.874946 0.904904
vt 0.792303 0.908094
vt 0.789999 0.907069
vt 0.789449 0.901701
vt 0.792755 0.903241
vt 0.810233 0.921424
vt 0.808860 0.917366
vt 0.813554 0.917668
vt 0.812513 0.922591
vt 0.797267 0.903802
vt 0.796461 0.908901
vt 0.936076 0.783945
vt 0.937557 0.779406
vt 0.940537 0.781349
vt 0.938607 0.785952
vt 0.832751 0.921629
vt 0.830068 0.921472
vt 0.830553 0.918146
vt 0.834338 0.918844
vt 0.933428 0.784042
vt 0.934750 0.777719
vt 0.871731 0.905957
vt 0.870803 0.901270
vt 0.921355 0.781464
vt 0.920773 0.784192
vt 0.918029 0.779346
vt 0.919880 0.776963
vt 0.874173 0.908887
vt 0.871502 0.908513
vt 0.878429 0.909136
vt 0.884935 0.902141
vt 0.883905 0.909650
vt 0.827766 0.900456
vt 0.827400 0.894648
vt 0.830020 0.895083
vt 0.832363 0.900834
vt 0.830640 0.908778
vt 0.828772 0.909540
vt 0.826451 0.902668
vt 0.875924 0.908981
vt 0.833374 0.908625
vt 0.918854 0.785044
vt 0.915473 0.781464
vt 0.855672 0.406986
vt 0.858462 0.400978
vt 0.860013 0.401306
vt 0.855832 0.412532
vt 0.850616 0.408905
vt 0.855699 0.400928
vt 0.852218 0.417084
vt 0.927708 0.791462
vt 0.931558 0.790385
vt 0.934662 0.792298
vt 0.933195 0.794331
vt 0.926700 0.786491
vt 0.930005 0.786231
vt 0.931314 0.797127
vt 0.924667 0.795839
vt 0.918763 0.794488
vt 0.920992 0.790889
vt 0.922244 0.786421
vt 0.933021 0.789257
vt 0.932365 0.785945
vt 0.934161 0.785811
vt 0.935146 0.789329
vt 0.954862 0.954784
vt 0.957664 0.952857
vt 0.964598 0.957290
vt 0.963370 0.959794
vt 0.949709 0.946233
vt 0.952590 0.945677
vt 0.948253 0.955697
vt 0.945552 0.947235
vt 0.955400 0.960972
vt 0.948784 0.960912
vt 0.479720 0.777820
vt 0.478305 0.792480
vt 0.474723 0.787535
vt 0.477872 0.770411
vt 0.482453 0.767808
vt 0.484930 0.777088
vt 0.513130 0.892186
vt 0.516372 0.895005
vt 0.513784 0.896553
vt 0.509775 0.895084
vt 0.955417 0.347774
vt 0.950800 0.348207
vt 0.951048 0.344443
vt 0.955403 0.343480
vt 0.516672 0.891940
vt 0.518569 0.894675
vt 0.947890 0.796348
vt 0.943329 0.799022
vt 0.943364 0.796314
vt 0.947003 0.793220
vt 0.947293 0.802154
vt 0.942949 0.802800
vt 0.473798 0.765416
vt 0.475597 0.755390
vt 0.480947 0.754949
vt 0.480215 0.761774
vt 0.469350 0.780634
vt 0.678999 0.885112
vt 0.682308 0.887580
vt 0.681661 0.892501
vt 0.678999 0.893766
vt 0.545010 0.827842
vt 0.554258 0.825153
vt 0.559038 0.828431
vt 0.550739 0.829101
vt 0.642757 0.391276
vt 0.655522 0.385303
vt 0.656697 0.392301
vt 0.643311 0.394958
vt 0.563263 0.834510
vt 0.557552 0.842069
vt 0.841638 0.372983
vt 0.848091 0.383344
vt 0.843586 0.388417
vt 0.834423 0.373288
vt 0.639032 0.395793
vt 0.626986 0.361115
vt 0.633881 0.357494
vt 0.827951 0.342032
vt 0.835045 0.343239
vt 0.180699 0.946078
vt 0.173388 0.949494
vt 0.181264 0.927882
vt 0.191151 0.927103
vt 0.205597 0.639591
vt 0.211153 0.655372
vt 0.208362 0.663947
vt 0.203712 0.663110
vt 0.189035 0.955785
vt 0.178443 0.961837
vt 0.958740 0.319426
vt 0.960635 0.318627
vt 0.961519 0.321733
vt 0.958401 0.321667
vt 0.955531 0.320718
vt 0.956899 0.318127
vt 0.958523 0.316303
vt 0.945467 0.336687
vt 0.946161 0.333690
vt 0.949253 0.334949
vt 0.949902 0.337469
vt 0.942009 0.337802
vt 0.941477 0.333910
vt 0.943587 0.332225
vt 0.849863 0.892808
vt 0.847993 0.888319
vt 0.849641 0.886454
vt 0.851402 0.889843
vt 0.946511 0.341434
vt 0.942465 0.341716
vt 0.950671 0.341006
vt 0.952897 0.318797
vt 0.949891 0.317394
vt 0.950460 0.315816
vt 0.954131 0.316814
vt 0.868351 0.875341
vt 0.865213 0.878407
vt 0.863119 0.875745
vt 0.865811 0.873388
vt 0.746942 0.705332
vt 0.746864 0.708592
vt 0.744221 0.707917
vt 0.743746 0.704566
vt 0.953938 0.323718
vt 0.951452 0.321931
vt 0.951457 0.331502
vt 0.952072 0.333002
vt 0.949004 0.333089
vt 0.949234 0.331226
vt 0.953081 0.329871
vt 0.955331 0.331027
vt 0.950176 0.328712
vt 0.484179 0.734398
vt 0.484550 0.736433
vt 0.480639 0.735203
vt 0.481767 0.733183
vt 0.927289 0.331345
vt 0.927384 0.329520
vt 0.930401 0.329124
vt 0.929119 0.331234
vt 0.926366 0.334530
vt 0.924567 0.333346
vt 0.928807 0.334653
vt 0.930957 0.330887
vt 0.489604 0.736262
vt 0.491502 0.731872
vt 0.493669 0.733217
vt 0.492489 0.737278
vt 0.489682 0.740458
vt 0.486885 0.740256
vt 0.487374 0.736821
vt 0.492191 0.740493
vt 0.681647 0.287632
vt 0.681258 0.343571
vt 0.666333 0.346316
vt 0.655383 0.296068
vt 0.651415 0.280220
vt 0.674514 0.268443
vt 0.695642 0.293521
vt 0.689831 0.344758
vt 0.576495 0.905432
vt 0.574281 0.895340
vt 0.591481 0.894278
vt 0.587416 0.908068
vt 0.622516 0.304127
vt 0.645411 0.351841
vt 0.608676 0.315979
vt 0.580921 0.275262
vt 0.587225 0.269341
vt 0.622372 0.283508
vt 0.573197 0.282495
vt 0.237203 0.308717
vt 0.260079 0.350230
vt 0.247917 0.355726
vt 0.221181 0.321549
vt 0.193053 0.286189
vt 0.199707 0.279346
vt 0.237404 0.288746
vt 0.185411 0.293443
vt 0.608590 0.916143
vt 0.605941 0.931030
vt 0.592145 0.928697
vt 0.599371 0.911544
vt 0.604306 0.899222
vt 0.615056 0.910158
vt 0.617867 0.928733
vt 0.319246 0.620992
vt 0.316015 0.613591
vt 0.328850 0.612029
vt 0.329369 0.623036
vt 0.315173 0.626186
vt 0.307457 0.616931
vt 0.328923 0.631497
vt 0.281463 0.294052
vt 0.274736 0.276302
vt 0.281141 0.344983
vt 0.300994 0.297541
vt 0.294159 0.344405
vt 0.350050 0.619247
vt 0.341637 0.621968
vt 0.343591 0.610606
vt 0.355727 0.609584
vt 0.355706 0.624656
vt 0.344025 0.630504
vt 0.365824 0.609870
vt 0.885110 0.244150
vt 0.883505 0.254486
vt 0.879895 0.253962
vt 0.880793 0.242845
vt 0.881503 0.229246
vt 0.885184 0.229526
vt 0.888420 0.229192
vt 0.888150 0.242658
vt 0.886763 0.254287
vt 0.724083 0.875075
vt 0.722526 0.886019
vt 0.719371 0.885505
vt 0.719545 0.874083
vt 0.672048 0.604541
vt 0.676489 0.603519
vt 0.675997 0.615915
vt 0.673069 0.615851
vt 0.719489 0.861831
vt 0.722682 0.862210
vt 0.673225 0.590522
vt 0.675829 0.590168
vt 0.335383 0.882983
vt 0.342315 0.890176
vt 0.339694 0.896609
vt 0.335514 0.894650
vt 0.331445 0.893184
vt 0.330237 0.882849
vt 0.340490 0.877843
vt 0.345713 0.884708
vt 0.725307 0.036675
vt 0.717548 0.033811
vt 0.720072 0.018823
vt 0.723679 0.020163
vt 0.723911 0.056065
vt 0.716841 0.052900
vt 0.789449 0.924132
vt 0.789449 0.912839
vt 0.793606 0.913487
vt 0.795775 0.919186
vt 0.726352 0.029856
vt 0.732417 0.033270
vt 0.732930 0.040135
vt 0.730002 0.058970
vt 0.329340 0.901885
vt 0.327390 0.892409
vt 0.331924 0.901297
vt 0.867469 0.618963
vt 0.868351 0.621152
vt 0.862476 0.622351
vt 0.861235 0.619849
vt 0.858798 0.614470
vt 0.863295 0.611652
vt 0.376047 0.467532
vt 0.375640 0.470219
vt 0.371054 0.466963
vt 0.373840 0.464723
vt 0.381946 0.467968
vt 0.382660 0.472109
vt 0.381193 0.463613
vt 0.914996 0.028078
vt 0.915096 0.033366
vt 0.909558 0.034475
vt 0.909465 0.030700
vt 0.929353 0.027214
vt 0.929831 0.030380
vt 0.450270 0.947945
vt 0.447068 0.947178
vt 0.451569 0.931050
vt 0.454591 0.929922
vt 0.094669 0.681085
vt 0.096158 0.684590
vt 0.090339 0.685301
vt 0.091551 0.679594
vt 0.099867 0.677253
vt 0.101660 0.680292
vt 0.096322 0.674833
vt 0.089645 0.644770
vt 0.094729 0.639591
vt 0.096529 0.640671
vt 0.093022 0.647533
vt 0.900109 0.027787
vt 0.905247 0.024084
vt 0.905431 0.031382
vt 0.900418 0.033266
vt 0.897100 0.036605
vt 0.895238 0.035332
vt 0.078995 0.662766
vt 0.076398 0.670420
vt 0.059206 0.673194
vt 0.059981 0.670846
vt 0.447312 0.909228
vt 0.449946 0.908791
vt 0.448646 0.932543
vt 0.446623 0.938100
vt 0.449999 0.893195
vt 0.452957 0.892951
vt 0.085142 0.663267
vt 0.083378 0.669303
vt 0.844909 0.036035
vt 0.847795 0.031489
vt 0.849887 0.033130
vt 0.848234 0.035721
vt 0.845699 0.043208
vt 0.842262 0.046054
vt 0.841153 0.030726
vt 0.845160 0.027763
vt 0.415317 0.939592
vt 0.417080 0.941489
vt 0.412474 0.946950
vt 0.412133 0.942906
vt 0.416900 0.933918
vt 0.419822 0.932967
vt 0.412842 0.936070
vt 0.463455 0.082528
vt 0.460574 0.083087
vt 0.458487 0.074132
vt 0.465823 0.072066
vt 0.467295 0.090114
vt 0.460723 0.089827
vt 0.472466 0.081758
vt 0.776142 0.920706
vt 0.773898 0.926123
vt 0.769849 0.924016
vt 0.774391 0.917718
vt 0.780061 0.920637
vt 0.778235 0.927402
vt 0.780015 0.915382
vt 0.827912 0.013206
vt 0.825782 0.017132
vt 0.814465 0.009676
vt 0.815360 0.006232
vt 0.815858 0.003657
vt 0.826587 0.008154
vt 0.836089 0.011039
vt 0.838328 0.015100
vt 0.548946 0.447093
vt 0.548919 0.445423
vt 0.554474 0.448812
vt 0.554267 0.451133
vt 0.553867 0.454071
vt 0.549459 0.450729
vt 0.833980 0.007737
vt 0.825447 0.005290
vt 0.444847 0.080980
vt 0.447311 0.083070
vt 0.443228 0.086367
vt 0.441073 0.082277
vt 0.439936 0.077015
vt 0.444871 0.077664
vt 0.764723 0.912394
vt 0.768141 0.908854
vt 0.769299 0.911122
vt 0.764505 0.915196
vt 0.408581 0.930529
vt 0.407329 0.938025
vt 0.399652 0.934403
vt 0.404527 0.924184
vt 0.409562 0.916297
vt 0.413170 0.927204
vt 0.166863 0.713516
vt 0.166134 0.719025
vt 0.160259 0.717234
vt 0.160789 0.713392
vt 0.160815 0.710436
vt 0.165456 0.709138
vt 0.170363 0.716394
vt 0.168854 0.719808
vt 0.170039 0.706576
vt 0.171682 0.708661
vt 0.174125 0.711570
vt 0.408192 0.096927
vt 0.407296 0.093989
vt 0.411761 0.092256
vt 0.410805 0.097229
vt 0.420727 0.088965
vt 0.416760 0.095431
vt 0.414477 0.093219
vt 0.414967 0.088548
vt 0.424649 0.094438
vt 0.420176 0.099140
vt 0.415015 0.083971
vt 0.421809 0.082017
vt 0.172741 0.722827
vt 0.171102 0.720901
vt 0.172876 0.718546
vt 0.175344 0.722538
vt 0.173298 0.726891
vt 0.171353 0.726230
vt 0.169420 0.725360
vt 0.188759 0.675803
vt 0.193159 0.681363
vt 0.192530 0.683237
vt 0.188283 0.680019
vt 0.450182 0.063185
vt 0.444909 0.063902
vt 0.443963 0.061568
vt 0.448732 0.060289
vt 0.786667 0.894648
vt 0.786275 0.900051
vt 0.782196 0.902838
vt 0.780807 0.898418
vt 0.179749 0.718640
vt 0.182975 0.722233
vt 0.177809 0.727163
vt 0.872850 0.826779
vt 0.875689 0.822441
vt 0.877729 0.824262
vt 0.872767 0.829052
vt 0.870191 0.827654
vt 0.873008 0.821492
vt 0.403172 0.077581
vt 0.404671 0.075340
vt 0.407055 0.077969
vt 0.404699 0.079924
vt 0.447906 0.057825
vt 0.443706 0.057998
vt 0.447645 0.052279
vt 0.451086 0.054658
vt 0.453449 0.057084
vt 0.400538 0.070651
vt 0.399392 0.065909
vt 0.410540 0.060086
vt 0.411564 0.063262
vt 0.113166 0.921618
vt 0.105031 0.905415
vt 0.107751 0.905690
vt 0.115729 0.920056
vt 0.413261 0.066159
vt 0.406286 0.072420
vt 0.399510 0.074606
vt 0.390210 0.918858
vt 0.390246 0.923055
vt 0.387942 0.924003
vt 0.388407 0.918281
vt 0.390285 0.912335
vt 0.391841 0.914658
vt 0.393250 0.918608
vt 0.399896 0.909326
vt 0.403770 0.910555
vt 0.399908 0.917212
vt 0.396765 0.912546
vt 0.399592 0.905618
vt 0.405263 0.906161
vt 0.395207 0.908864
vt 0.437581 0.051446
vt 0.424278 0.059338
vt 0.423807 0.055556
vt 0.438304 0.046174
vt 0.432754 0.060477
vt 0.424278 0.064306
vt 0.443516 0.051237
vt 0.438725 0.058837
vt 0.127081 0.911519
vt 0.124715 0.914478
vt 0.119346 0.905470
vt 0.124233 0.905181
vt 0.132263 0.912606
vt 0.131679 0.917239
vt 0.131683 0.905220
vt 0.157343 0.900720
vt 0.153456 0.904983
vt 0.152404 0.898449
vt 0.157862 0.895136
vt 0.160629 0.902383
vt 0.155324 0.909384
vt 0.162301 0.894637
vt 0.133423 0.888722
vt 0.131734 0.896241
vt 0.123683 0.895418
vt 0.127864 0.885085
vt 0.135978 0.878147
vt 0.139976 0.884551
vt 0.142311 0.893646
vt 0.144274 0.870458
vt 0.144525 0.866636
vt 0.150169 0.868734
vt 0.147834 0.872739
vt 0.140084 0.871127
vt 0.138560 0.866675
vt 0.143229 0.875326
vt 0.367351 0.640842
vt 0.367041 0.642335
vt 0.367041 0.639797
vt 0.367318 0.639591
vt 0.394190 0.874918
vt 0.395647 0.873330
vt 0.397117 0.878934
vt 0.395691 0.881797
vt 0.391631 0.876336
vt 0.391537 0.869436
vt 0.387925 0.865394
vt 0.390651 0.861225
vt 0.394569 0.864748
vt 0.865219 0.904205
vt 0.868350 0.904749
vt 0.867335 0.909471
vt 0.863583 0.909819
vt 0.859344 0.908378
vt 0.860448 0.905334
vt 0.861265 0.901944
vt 0.864807 0.901032
vt 0.859685 0.897713
vt 0.862839 0.897025
vt 0.677733 0.878221
vt 0.679172 0.875504
vt 0.680735 0.875851
vt 0.354609 0.815741
vt 0.356463 0.815898
vt 0.356463 0.820062
vt 0.353798 0.820092
vt 0.859344 0.894875
vt 0.861434 0.894648
vt 0.682308 0.895606
vt 0.682308 0.901822
vt 0.678015 0.901985
vt 0.678260 0.897252
vt 0.381574 0.859817
vt 0.378785 0.862734
vt 0.372788 0.851976
vt 0.376876 0.851295
vt 0.386643 0.869045
vt 0.373640 0.838264
vt 0.377488 0.840168
vt 0.382279 0.820981
vt 0.385450 0.823391
vt 0.388240 0.826290
vt 0.398534 0.802657
vt 0.401334 0.805367
vt 0.404230 0.808896
vt 0.391640 0.829430
vt 0.410045 0.815491
vt 0.419859 0.784598
vt 0.427590 0.788872
vt 0.446389 0.801086
vt 0.427624 0.829026
vt 0.459660 0.809973
vt 0.442366 0.838384
vt 0.465182 0.814433
vt 0.449527 0.840396
vt 0.467993 0.817081
vt 0.452920 0.841805
vt 0.438124 0.862875
vt 0.455958 0.843146
vt 0.441774 0.864289
vt 0.427406 0.876549
vt 0.444869 0.865777
vt 0.430169 0.879890
vt 0.416030 0.882928
vt 0.416037 0.878144
vt 0.432410 0.882607
vt 0.416196 0.886688
vt 0.404273 0.883700
vt 0.416338 0.890100
vt 0.403392 0.886775
vt 0.423876 0.916567
vt 0.424576 0.904128
vt 0.428057 0.903779
vt 0.427735 0.916142
vt 0.427401 0.925369
vt 0.423738 0.925780
vt 0.426450 0.932236
vt 0.423815 0.932367
vt 0.429297 0.940270
vt 0.426006 0.940783
vt 0.390665 0.877305
vt 0.384507 0.871471
vt 0.428396 0.951354
vt 0.425336 0.951342
vt 0.376374 0.864966
vt 0.430577 0.965095
vt 0.427658 0.964596
vt 0.369191 0.852294
vt 0.931248 0.810916
vt 0.934369 0.809681
vt 0.934985 0.822221
vt 0.931712 0.822973
vt 0.370642 0.836792
vt 0.935117 0.841883
vt 0.932099 0.841625
vt 0.379025 0.818869
vt 0.935244 0.866277
vt 0.932214 0.866200
vt 0.392784 0.797944
vt 0.395682 0.800233
vt 0.407073 0.776902
vt 0.409892 0.778640
vt 0.412986 0.780465
vt 0.423732 0.757932
vt 0.427279 0.759983
vt 0.431527 0.762229
vt 0.416276 0.782199
vt 0.437704 0.764603
vt 0.445329 0.751304
vt 0.451378 0.754715
vt 0.457163 0.758165
vt 0.446045 0.767734
vt 0.465079 0.762780
vt 0.459007 0.774032
vt 0.464090 0.752113
vt 0.469977 0.754894
vt 0.471290 0.746562
vt 0.476516 0.748525
vt 0.520849 0.927843
vt 0.511547 0.926875
vt 0.509573 0.923388
vt 0.518377 0.922347
vt 0.480934 0.749390
vt 0.480733 0.743603
vt 0.484709 0.744281
vt 0.488073 0.744496
vt 0.485131 0.749530
vt 0.507345 0.919897
vt 0.514808 0.918780
vt 0.501809 0.919476
vt 0.500694 0.916076
vt 0.505602 0.916282
vt 0.511719 0.915471
vt 0.504685 0.912558
vt 0.510146 0.912249
vt 0.514986 0.911518
vt 0.516892 0.914230
vt 0.485537 0.754372
vt 0.484289 0.760169
vt 0.487134 0.759409
vt 0.490487 0.766829
vt 0.486794 0.767414
vt 0.493408 0.780077
vt 0.489493 0.778640
vt 0.488287 0.800260
vt 0.485523 0.798130
vt 0.482416 0.795618
vt 0.473399 0.821439
vt 0.470779 0.819347
vt 0.458904 0.844604
vt 0.475916 0.823394
vt 0.461746 0.846102
vt 0.447836 0.867311
vt 0.743675 0.894229
vt 0.744026 0.918045
vt 0.741262 0.918571
vt 0.740915 0.894965
vt 0.742490 0.872485
vt 0.745269 0.872840
vt 0.737392 0.894988
vt 0.738881 0.872054
vt 0.743408 0.855025
vt 0.746740 0.855443
vt 0.433893 0.884738
vt 0.734271 0.894789
vt 0.735536 0.871629
vt 0.739829 0.854524
vt 0.732283 0.870950
vt 0.736384 0.854124
vt 0.431834 0.903491
vt 0.435614 0.903430
vt 0.728955 0.870295
vt 0.733264 0.854150
vt 0.439377 0.903807
vt 0.441037 0.891940
vt 0.444783 0.893865
vt 0.442721 0.905216
vt 0.443018 0.915435
vt 0.948255 0.637771
vt 0.958697 0.640251
vt 0.956307 0.643050
vt 0.947583 0.641731
vt 0.942427 0.642824
vt 0.941650 0.639062
vt 0.940698 0.635781
vt 0.948528 0.634480
vt 0.954091 0.646003
vt 0.946691 0.645303
vt 0.942415 0.645712
vt 0.951484 0.649783
vt 0.945249 0.648893
vt 0.942141 0.647953
vt 0.759232 0.888231
vt 0.762197 0.892677
vt 0.758126 0.892373
vt 0.756119 0.886819
vt 0.756576 0.881308
vt 0.759491 0.882960
vt 0.655293 0.845317
vt 0.661121 0.843909
vt 0.759994 0.877685
vt 0.762197 0.880165
vt 0.667344 0.846243
vt 0.668857 0.844576
vt 0.674679 0.851154
vt 0.671919 0.851864
vt 0.668952 0.853275
vt 0.672682 0.860140
vt 0.669209 0.860763
vt 0.670400 0.868129
vt 0.667093 0.867357
vt 0.877664 0.663232
vt 0.880843 0.669474
vt 0.878063 0.671366
vt 0.875890 0.666688
vt 0.666191 0.875679
vt 0.663518 0.873735
vt 0.884122 0.676665
vt 0.881194 0.677526
vt 0.886350 0.685804
vt 0.883372 0.685372
vt 0.879912 0.685429
vt 0.876978 0.685722
vt 0.884325 0.693535
vt 0.880486 0.693088
vt 0.877848 0.693397
vt 0.226100 0.923690
vt 0.223518 0.924793
vt 0.221181 0.917273
vt 0.223116 0.916592
vt 0.879529 0.700260
vt 0.876864 0.700665
vt 0.230711 0.929454
vt 0.227703 0.930977
vt 0.223319 0.932729
vt 0.220050 0.925451
vt 0.234972 0.932748
vt 0.232105 0.934578
vt 0.227890 0.936667
vt 0.221793 0.938788
vt 0.218007 0.932902
vt 0.235114 0.936445
vt 0.231517 0.938768
vt 0.225535 0.941978
vt 0.234028 0.940310
vt 0.228790 0.944035
vt 0.877896 0.878149
vt 0.875010 0.878771
vt 0.876441 0.866600
vt 0.875619 0.855096
vt 0.872226 0.879116
vt 0.873473 0.867009
vt 0.872761 0.855024
vt 0.871806 0.842689
vt 0.872693 0.843082
vt 0.218853 0.953562
vt 0.224488 0.949922
vt 0.226924 0.951872
vt 0.219809 0.957102
vt 0.212487 0.961631
vt 0.213406 0.958034
vt 0.708219 0.419528
vt 0.693893 0.418800
vt 0.695255 0.415657
vt 0.709155 0.418029
vt 0.721366 0.420350
vt 0.721213 0.422149
vt 0.707215 0.422452
vt 0.693029 0.422086
vt 0.679809 0.422458
vt 0.680602 0.418624
vt 0.706569 0.425058
vt 0.692580 0.425666
vt 0.679072 0.425690
vt 0.664795 0.422462
vt 0.665927 0.420222
vt 0.692588 0.429208
vt 0.678168 0.428633
vt 0.664237 0.424602
vt 0.653916 0.421205
vt 0.653492 0.418753
vt 0.677515 0.431420
vt 0.664022 0.427409
vt 0.654250 0.423649
vt 0.644794 0.419469
vt 0.644925 0.417134
vt 0.663599 0.429900
vt 0.653784 0.426060
vt 0.643812 0.422008
vt 0.632340 0.417345
vt 0.633723 0.414648
vt 0.837140 0.913020
vt 0.837194 0.904456
vt 0.839733 0.904321
vt 0.839909 0.912803
vt 0.840601 0.922119
vt 0.837429 0.922442
vt 0.631081 0.419389
vt 0.617606 0.414140
vt 0.618848 0.411856
vt 0.874847 0.379730
vt 0.871033 0.391842
vt 0.868985 0.391789
vt 0.872239 0.379473
vt 0.874037 0.365166
vt 0.877558 0.365661
vt 0.874298 0.351412
vt 0.877763 0.351730
vt 0.869135 0.378990
vt 0.870753 0.364558
vt 0.870726 0.350962
vt 0.870218 0.338308
vt 0.873923 0.338669
vt 0.867338 0.363857
vt 0.866994 0.350455
vt 0.866402 0.337937
vt 0.866175 0.325751
vt 0.869941 0.326120
vt 0.862930 0.349923
vt 0.862352 0.337554
vt 0.862269 0.325341
vt 0.862448 0.313330
vt 0.866194 0.313762
vt 0.858166 0.337155
vt 0.858253 0.324874
vt 0.858664 0.312806
vt 0.859574 0.300688
vt 0.863203 0.301311
vt 0.854308 0.324369
vt 0.854931 0.312232
vt 0.855961 0.300032
vt 0.857285 0.287920
vt 0.860871 0.288656
vt 0.851219 0.311660
vt 0.852382 0.299376
vt 0.853756 0.287192
vt 0.855304 0.274889
vt 0.858855 0.275608
vt 0.848860 0.298714
vt 0.850274 0.286453
vt 0.851809 0.274168
vt 0.853518 0.261831
vt 0.856967 0.262491
vt 0.846999 0.285531
vt 0.848548 0.273371
vt 0.850349 0.261078
vt 0.851520 0.249262
vt 0.854729 0.249915
vt 0.628057 0.735643
vt 0.619882 0.745992
vt 0.617269 0.743788
vt 0.625527 0.733641
vt 0.633136 0.723705
vt 0.635713 0.725626
vt 0.640472 0.713660
vt 0.643174 0.715520
vt 0.622943 0.731671
vt 0.630449 0.721679
vt 0.637723 0.711683
vt 0.644578 0.701189
vt 0.647432 0.702935
vt 0.718264 0.964258
vt 0.717812 0.971211
vt 0.715083 0.969842
vt 0.715350 0.962998
vt 0.715490 0.955623
vt 0.718513 0.956688
vt 0.715594 0.946865
vt 0.718627 0.948086
vt 0.711800 0.963485
vt 0.711945 0.956120
vt 0.711970 0.947525
vt 0.712460 0.938882
vt 0.716006 0.938445
vt 0.708492 0.957110
vt 0.708535 0.948526
vt 0.709026 0.939653
vt 0.709726 0.930306
vt 0.713157 0.929584
vt 0.705101 0.949568
vt 0.705560 0.940483
vt 0.706262 0.931091
vt 0.707074 0.920844
vt 0.710424 0.920029
vt 0.702024 0.941325
vt 0.702713 0.931854
vt 0.703584 0.921550
vt 0.704252 0.910244
vt 0.707824 0.909743
vt 0.699097 0.932598
vt 0.699945 0.922100
vt 0.700570 0.910671
vt 0.701018 0.899086
vt 0.704796 0.898797
vt 0.696312 0.922627
vt 0.696958 0.911139
vt 0.697362 0.899346
vt 0.697815 0.887430
vt 0.701410 0.887320
vt 0.693398 0.911593
vt 0.693764 0.899600
vt 0.694275 0.887522
vt 0.694893 0.875177
vt 0.698346 0.875069
vt 0.690276 0.899915
vt 0.690789 0.887648
vt 0.691477 0.875285
vt 0.691738 0.862796
vt 0.695025 0.862633
vt 0.687672 0.888150
vt 0.687973 0.875430
vt 0.688993 0.863031
vt 0.688492 0.850440
vt 0.691205 0.850270
vt 0.391857 0.287038
vt 0.398480 0.297935
vt 0.395718 0.299555
vt 0.389309 0.288399
vt 0.384046 0.276634
vt 0.387019 0.275410
vt 0.380186 0.263801
vt 0.383362 0.262885
vt 0.386488 0.289779
vt 0.380946 0.277728
vt 0.377060 0.264550
vt 0.374240 0.251160
vt 0.377523 0.250651
vt 0.378869 0.278350
vt 0.374762 0.264978
vt 0.371705 0.251414
vt 0.369774 0.237749
vt 0.372236 0.237742
vt 0.880153 0.070873
vt 0.881102 0.081170
vt 0.878086 0.080365
vt 0.877133 0.069850
vt 0.124752 0.857743
vt 0.121457 0.857173
vt 0.125979 0.849389
vt 0.129307 0.850052
vt 0.130977 0.840571
vt 0.134341 0.841421
vt 0.875991 0.060330
vt 0.873730 0.069351
vt 0.872578 0.059658
vt 0.122617 0.848229
vt 0.127576 0.839592
vt 0.133176 0.830016
vt 0.136536 0.831065
vt 0.119182 0.847000
vt 0.124151 0.838572
vt 0.129815 0.828943
vt 0.135356 0.819960
vt 0.138832 0.820902
vt 0.120607 0.837494
vt 0.126298 0.827752
vt 0.131763 0.818983
vt 0.137007 0.808845
vt 0.140561 0.809727
vt 0.122709 0.826743
vt 0.128116 0.818031
vt 0.133416 0.807908
vt 0.139199 0.797445
vt 0.142634 0.798555
vt 0.124567 0.817151
vt 0.129988 0.807006
vt 0.135855 0.796345
vt 0.142293 0.785586
vt 0.145428 0.786661
vt 0.126637 0.805987
vt 0.132640 0.795149
vt 0.139241 0.784365
vt 0.146754 0.773145
vt 0.149706 0.774455
vt 0.129619 0.793457
vt 0.136279 0.782557
vt 0.144152 0.771400
vt 0.152217 0.759733
vt 0.154617 0.761165
vt 0.133917 0.780302
vt 0.141910 0.769197
vt 0.149936 0.757688
vt 0.158302 0.746363
vt 0.160310 0.747888
vt 0.585506 0.453378
vt 0.598063 0.461598
vt 0.596257 0.463687
vt 0.583887 0.456107
vt 0.571319 0.450910
vt 0.572427 0.448296
vt 0.561140 0.447943
vt 0.561674 0.445680
vt 0.582493 0.458963
vt 0.570164 0.453872
vt 0.560701 0.450802
vt 0.554600 0.446723
vt 0.569412 0.457125
vt 0.560419 0.454074
vt 0.569167 0.459719
vt 0.560236 0.456890
vt 0.568879 0.461973
vt 0.560278 0.459904
vt 0.553220 0.457558
vt 0.548376 0.454679
vt 0.559466 0.462796
vt 0.552181 0.461867
vt 0.546223 0.460993
vt 0.842388 0.021705
vt 0.836337 0.023199
vt 0.551663 0.466319
vt 0.545010 0.466996
vt 0.559012 0.466212
vt 0.558489 0.469523
vt 0.551362 0.469949
vt 0.545642 0.471119
vt 0.557930 0.472390
vt 0.551000 0.472446
vt 0.545693 0.472881
vt 0.985462 0.908369
vt 0.986101 0.901462
vt 0.988014 0.902244
vt 0.987334 0.909049
vt 0.986678 0.914086
vt 0.984690 0.913642
vt 0.985640 0.918822
vt 0.983337 0.918741
vt 0.990104 0.909890
vt 0.989198 0.914715
vt 0.988298 0.919476
vt 0.987506 0.926219
vt 0.983516 0.926419
vt 0.991616 0.915182
vt 0.991002 0.919933
vt 0.991425 0.926361
vt 0.990215 0.936781
vt 0.985435 0.936591
vt 0.433217 0.105942
vt 0.426490 0.107687
vt 0.424938 0.105333
vt 0.430981 0.102969
vt 0.440918 0.098399
vt 0.443295 0.101834
vt 0.994368 0.937296
vt 0.992804 0.946451
vt 0.988684 0.946159
vt 0.428125 0.098889
vt 0.438219 0.094430
vt 0.445950 0.089929
vt 0.448775 0.093451
vt 0.450144 0.085205
vt 0.453133 0.087667
vt 0.435390 0.089801
vt 0.432292 0.084648
vt 0.431871 0.078550
vt 0.198616 0.705828
vt 0.193609 0.713805
vt 0.190677 0.707376
vt 0.194071 0.698952
vt 0.195395 0.692999
vt 0.201112 0.699787
vt 0.440648 0.072315
vt 0.445204 0.071307
vt 0.188923 0.694044
vt 0.191075 0.686852
vt 0.197249 0.689664
vt 0.186117 0.691246
vt 0.187582 0.684072
vt 0.440553 0.065363
vt 0.433619 0.068765
vt 0.432728 0.065614
vt 0.439281 0.062943
vt 0.424667 0.071742
vt 0.424708 0.068809
vt 0.181898 0.695952
vt 0.183486 0.699042
vt 0.179195 0.705924
vt 0.176934 0.703115
vt 0.416820 0.073203
vt 0.415221 0.069732
vt 0.411409 0.077981
vt 0.409682 0.074727
vt 0.186647 0.702365
vt 0.182363 0.709307
vt 0.176798 0.714653
vt 0.185852 0.713712
vt 0.188790 0.718258
vt 0.449504 0.071393
vt 0.448178 0.079075
vt 0.445367 0.066028
vt 0.449159 0.066789
vt 0.453234 0.073552
vt 0.450969 0.080369
vt 0.774468 0.903631
vt 0.776175 0.906687
vt 0.770378 0.913123
vt 0.772256 0.915433
vt 0.766727 0.921187
vt 0.765103 0.918068
vt 0.778379 0.910455
vt 0.784207 0.908514
vt 0.784971 0.915869
vt 0.783902 0.921983
vt 0.787609 0.907632
vt 0.787609 0.916845
vt 0.786331 0.923470
vt 0.783788 0.930894
vt 0.781359 0.928865
vt 0.974433 0.951348
vt 0.971482 0.951628
vt 0.972187 0.944601
vt 0.975300 0.945031
vt 0.978963 0.945523
vt 0.977829 0.951609
vt 0.977224 0.936508
vt 0.981088 0.936586
vt 0.983708 0.945894
vt 0.982308 0.952229
vt 0.986658 0.953159
vt 0.979846 0.926824
vt 0.973934 0.936295
vt 0.975635 0.927719
vt 0.449362 0.108624
vt 0.456305 0.103861
vt 0.459164 0.107050
vt 0.452148 0.112515
vt 0.443984 0.115928
vt 0.439952 0.110646
vt 0.455907 0.117080
vt 0.448369 0.122033
vt 0.440111 0.122760
vt 0.435513 0.114658
vt 0.428712 0.109256
vt 0.429764 0.119608
vt 0.427177 0.111068
vt 0.838415 0.044770
vt 0.835386 0.035918
vt 0.420270 0.114289
vt 0.418176 0.107038
vt 0.832834 0.026262
vt 0.828582 0.032189
vt 0.821783 0.024103
vt 0.825388 0.045696
vt 0.816785 0.040023
vt 0.806685 0.037189
vt 0.811172 0.016770
vt 0.793296 0.036648
vt 0.796459 0.014383
vt 0.798213 0.006686
vt 0.780207 0.015471
vt 0.781236 0.007790
vt 0.781828 0.004288
vt 0.799059 0.003427
vt 0.782388 0.001773
vt 0.799667 0.000920
vt 0.132351 0.713463
vt 0.118931 0.702516
vt 0.121508 0.700802
vt 0.134441 0.711303
vt 0.148756 0.718115
vt 0.147654 0.719859
vt 0.815674 0.001525
vt 0.136455 0.709048
vt 0.150067 0.714942
vt 0.159269 0.720157
vt 0.137664 0.708062
vt 0.151235 0.712610
vt 0.870374 0.821203
vt 0.873768 0.807724
vt 0.876806 0.808551
vt 0.152594 0.711003
vt 0.875094 0.792102
vt 0.878214 0.792953
vt 0.881372 0.793780
vt 0.880055 0.809521
vt 0.884469 0.794614
vt 0.883061 0.810931
vt 0.887394 0.795604
vt 0.885715 0.812169
vt 0.878970 0.827317
vt 0.882387 0.779003
vt 0.885230 0.779803
vt 0.105486 0.888765
vt 0.111894 0.873575
vt 0.114328 0.874944
vt 0.108029 0.889846
vt 0.117331 0.876914
vt 0.111306 0.891263
vt 0.111448 0.905688
vt 0.118918 0.918493
vt 0.114878 0.892695
vt 0.115441 0.905644
vt 0.122007 0.916439
vt 0.130907 0.920748
vt 0.129948 0.923963
vt 0.142967 0.923839
vt 0.142415 0.926725
vt 0.128590 0.926725
vt 0.143365 0.920151
vt 0.156730 0.913072
vt 0.157739 0.916424
vt 0.143560 0.915982
vt 0.143374 0.910834
vt 0.143016 0.903505
vt 0.151080 0.889473
vt 0.147032 0.880403
vt 0.152309 0.877013
vt 0.156802 0.886203
vt 0.155904 0.874111
vt 0.161003 0.883932
vt 0.158507 0.871615
vt 0.164326 0.882008
vt 0.165871 0.894257
vt 0.166826 0.880447
vt 0.168800 0.893885
vt 0.166503 0.905481
vt 0.163694 0.904016
vt 0.171015 0.893562
vt 0.168306 0.906699
vt 0.158049 0.919418
vt 0.437386 0.043619
vt 0.448015 0.037098
vt 0.450578 0.038271
vt 0.422904 0.052802
vt 0.697989 0.447514
vt 0.712508 0.447067
vt 0.713031 0.450267
vt 0.696438 0.450385
vt 0.452610 0.040595
vt 0.699385 0.445570
vt 0.712080 0.444613
vt 0.713639 0.454042
vt 0.697456 0.454083
vt 0.455411 0.043576
vt 0.714411 0.457875
vt 0.698627 0.457612
vt 0.457270 0.046697
vt 0.715159 0.461813
vt 0.699713 0.461344
vt 0.689230 0.463363
vt 0.687492 0.460046
vt 0.715900 0.465973
vt 0.700336 0.465152
vt 0.689496 0.466407
vt 0.716500 0.468094
vt 0.700845 0.468568
vt 0.688514 0.469348
vt 0.700616 0.472968
vt 0.687177 0.474478
vt 0.456788 0.059056
vt 0.461023 0.063031
vt 0.454373 0.067405
vt 0.701186 0.479373
vt 0.687238 0.484567
vt 0.718033 0.477731
vt 0.719684 0.494602
vt 0.704480 0.495734
vt 0.690086 0.495817
vt 0.717206 0.471650
vt 0.733595 0.471008
vt 0.734521 0.476046
vt 0.732315 0.467351
vt 0.744869 0.467227
vt 0.747222 0.470417
vt 0.730605 0.465662
vt 0.148988 0.639707
vt 0.149761 0.641950
vt 0.136659 0.641638
vt 0.135234 0.639591
vt 0.125108 0.644593
vt 0.123060 0.642459
vt 0.742657 0.465754
vt 0.729516 0.462221
vt 0.741705 0.462852
vt 0.494971 0.946373
vt 0.491967 0.946049
vt 0.492255 0.937639
vt 0.494788 0.938351
vt 0.492981 0.927071
vt 0.494971 0.927566
vt 0.488333 0.946465
vt 0.488638 0.937703
vt 0.489273 0.927177
vt 0.489791 0.916118
vt 0.493350 0.916054
vt 0.485066 0.937735
vt 0.485582 0.927290
vt 0.486140 0.916222
vt 0.486655 0.904070
vt 0.490182 0.904190
vt 0.481921 0.927338
vt 0.482495 0.916353
vt 0.483016 0.904109
vt 0.483490 0.892097
vt 0.487053 0.892438
vt 0.478783 0.916491
vt 0.479360 0.904270
vt 0.479877 0.891940
vt 0.475391 0.916849
vt 0.475957 0.904784
vt 0.476442 0.892274
vt 0.472663 0.917479
vt 0.473082 0.905972
vt 0.122449 0.862632
vt 0.124847 0.864541
vt 0.135269 0.860125
vt 0.136974 0.863102
vt 0.127342 0.867071
vt 0.129973 0.870017
vt 0.120246 0.879205
vt 0.132738 0.873614
vt 0.123690 0.881931
vt 0.118985 0.894119
vt 0.143940 0.859583
vt 0.144392 0.862945
vt 0.152341 0.862708
vt 0.151556 0.865458
vt 0.160543 0.869312
vt 0.152548 0.860498
vt 0.161689 0.867423
vt 0.168717 0.879112
vt 0.726703 0.444387
vt 0.739194 0.445368
vt 0.740333 0.448395
vt 0.727588 0.447151
vt 0.740842 0.451859
vt 0.728181 0.450726
vt 0.741115 0.455560
vt 0.728547 0.454566
vt 0.741316 0.459205
vt 0.728970 0.458361
vt 0.484710 0.946905
vt 0.480973 0.946982
vt 0.481444 0.937621
vt 0.477378 0.946445
vt 0.477941 0.937368
vt 0.478250 0.927363
vt 0.474638 0.936532
vt 0.474774 0.927129
vt 0.472071 0.935031
vt 0.472233 0.926597
vt 0.474085 0.945087
vt 0.875855 0.777927
vt 0.872700 0.777472
vt 0.490502 0.892701
vt 0.879145 0.778415
vt 0.872650 0.791323
vt 0.870191 0.776688
vt 0.493465 0.892549
vt 0.493421 0.904056
vt 0.111639 0.673126
vt 0.115240 0.686543
vt 0.112878 0.687533
vt 0.108899 0.673575
vt 0.109721 0.660977
vt 0.113034 0.661439
vt 0.105031 0.674305
vt 0.105855 0.660325
vt 0.112288 0.649366
vt 0.115542 0.651412
vt 0.118190 0.652329
vt 0.327475 0.000920
vt 0.340899 0.001010
vt 0.340957 0.004177
vt 0.327049 0.004102
vt 0.314943 0.004490
vt 0.315971 0.001164
vt 0.326869 0.008883
vt 0.314736 0.009822
vt 0.757090 0.470778
vt 0.758401 0.475979
vt 0.748423 0.475607
vt 0.754763 0.467712
vt 0.759281 0.489215
vt 0.748312 0.491515
vt 0.735164 0.493244
vt 0.749594 0.511244
vt 0.736556 0.513139
vt 0.721953 0.512936
vt 0.283217 0.917777
vt 0.283217 0.903962
vt 0.290378 0.901136
vt 0.290854 0.913553
vt 0.723580 0.519996
vt 0.709388 0.519896
vt 0.706894 0.512326
vt 0.698132 0.522045
vt 0.693280 0.510953
vt 0.690855 0.524190
vt 0.684261 0.512111
vt 0.484921 0.093617
vt 0.477047 0.097308
vt 0.482445 0.108349
vt 0.475910 0.112376
vt 0.470320 0.104096
vt 0.463902 0.099819
vt 0.463280 0.111176
vt 0.460269 0.097456
vt 0.468192 0.117264
vt 0.460351 0.122278
vt 0.480329 0.135710
vt 0.472111 0.139149
vt 0.464033 0.142261
vt 0.453391 0.125765
vt 0.748580 0.912421
vt 0.749186 0.904760
vt 0.756711 0.904514
vt 0.755773 0.913491
vt 0.456185 0.144383
vt 0.446147 0.127550
vt 0.748580 0.897700
vt 0.755935 0.897265
vt 0.448197 0.145523
vt 0.435688 0.128533
vt 0.441686 0.147436
vt 0.426329 0.129091
vt 0.821557 0.068851
vt 0.828621 0.073005
vt 0.830309 0.113847
vt 0.822384 0.109928
vt 0.812640 0.106526
vt 0.812810 0.065990
vt 0.801118 0.104055
vt 0.802015 0.064416
vt 0.788581 0.103276
vt 0.790157 0.063767
vt 0.777276 0.102804
vt 0.777876 0.064076
vt 0.778479 0.038857
vt 0.767256 0.066649
vt 0.764505 0.042923
vt 0.765443 0.019348
vt 0.365579 0.016507
vt 0.362898 0.041577
vt 0.351917 0.041550
vt 0.353735 0.016624
vt 0.354672 0.008502
vt 0.366817 0.008515
vt 0.765970 0.011654
vt 0.355038 0.004593
vt 0.367351 0.004719
vt 0.766231 0.008024
vt 0.354647 0.001554
vt 0.366956 0.001698
vt 0.766801 0.005502
vt 0.109415 0.688995
vt 0.340812 0.008609
vt 0.340312 0.017940
vt 0.327112 0.020139
vt 0.339744 0.042047
vt 0.327153 0.042870
vt 0.315503 0.044188
vt 0.315145 0.023187
vt 0.327241 0.061546
vt 0.317423 0.059684
vt 0.758780 0.510005
vt 0.756955 0.525647
vt 0.748112 0.521887
vt 0.758684 0.557504
vt 0.750749 0.552659
vt 0.740875 0.547928
vt 0.736805 0.519957
vt 0.754064 0.595400
vt 0.744032 0.591683
vt 0.731519 0.589701
vt 0.727387 0.543806
vt 0.719213 0.588614
vt 0.713022 0.542380
vt 0.707918 0.588697
vt 0.702491 0.544855
vt 0.698467 0.589655
vt 0.693939 0.546898
vt 0.493450 0.128669
vt 0.517759 0.165711
vt 0.510674 0.168779
vt 0.487307 0.132345
vt 0.503267 0.171941
vt 0.538437 0.204082
vt 0.530989 0.207453
vt 0.523055 0.211288
vt 0.495385 0.175072
vt 0.515062 0.214863
vt 0.487243 0.177580
vt 0.507467 0.218076
vt 0.479111 0.179466
vt 0.500148 0.221119
vt 0.472184 0.182432
vt 0.539552 0.253014
vt 0.532315 0.256932
vt 0.832304 0.158962
vt 0.832218 0.205882
vt 0.823912 0.202245
vt 0.824345 0.155186
vt 0.813166 0.199142
vt 0.813600 0.151938
vt 0.801400 0.197139
vt 0.801421 0.149471
vt 0.788877 0.196023
vt 0.788682 0.148028
vt 0.777214 0.195267
vt 0.776996 0.147539
vt 0.768645 0.194819
vt 0.768165 0.147402
vt 0.767942 0.102726
vt 0.354277 0.104342
vt 0.347607 0.151075
vt 0.339496 0.147458
vt 0.345833 0.101498
vt 0.348440 0.064117
vt 0.358214 0.065859
vt 0.336119 0.098298
vt 0.337981 0.062983
vt 0.326242 0.095176
vt 0.331070 0.143391
vt 0.322301 0.139096
vt 0.314031 0.135280
vt 0.317304 0.092026
vt 0.312978 0.184475
vt 0.305501 0.180364
vt 0.298751 0.176641
vt 0.306809 0.132081
vt 0.309550 0.088241
vt 0.288429 0.224554
vt 0.281816 0.219098
vt 0.757459 0.637978
vt 0.759032 0.677064
vt 0.748443 0.671495
vt 0.747513 0.633550
vt 0.738328 0.668101
vt 0.735602 0.631112
vt 0.728065 0.666585
vt 0.723853 0.629962
vt 0.717354 0.667110
vt 0.712368 0.630312
vt 0.707314 0.669146
vt 0.702658 0.631473
vt 0.545088 0.200756
vt 0.575986 0.230252
vt 0.569842 0.234389
vt 0.605404 0.247343
vt 0.599885 0.253575
vt 0.593968 0.261038
vt 0.562748 0.239010
vt 0.555116 0.243558
vt 0.547212 0.248188
vt 0.625356 0.261147
vt 0.623380 0.271158
vt 0.646587 0.259881
vt 0.648501 0.269044
vt 0.665845 0.248288
vt 0.670396 0.257215
vt 0.690304 0.215953
vt 0.696302 0.222708
vt 0.703281 0.229972
vt 0.713773 0.180679
vt 0.720146 0.186801
vt 0.726156 0.192710
vt 0.707397 0.237474
vt 0.732894 0.198196
vt 0.715654 0.242446
vt 0.346186 0.722984
vt 0.335882 0.763285
vt 0.326540 0.760232
vt 0.336474 0.720604
vt 0.722618 0.247998
vt 0.703750 0.296679
vt 0.348320 0.676601
vt 0.325868 0.716768
vt 0.337977 0.674592
vt 0.342412 0.639591
vt 0.351958 0.639634
vt 0.696985 0.344786
vt 0.916773 0.339744
vt 0.925059 0.340906
vt 0.924101 0.383567
vt 0.916483 0.381092
vt 0.702464 0.386536
vt 0.695938 0.385695
vt 0.687272 0.385481
vt 0.707223 0.412747
vt 0.699100 0.408606
vt 0.688003 0.402747
vt 0.673184 0.393804
vt 0.673056 0.384861
vt 0.698252 0.414032
vt 0.687060 0.406643
vt 0.672494 0.398434
vt 0.656955 0.396210
vt 0.685778 0.409411
vt 0.671889 0.402060
vt 0.656887 0.399212
vt 0.644398 0.397078
vt 0.643998 0.396057
vt 0.671594 0.404553
vt 0.657224 0.400642
vt 0.644682 0.398248
vt 0.634321 0.395483
vt 0.634509 0.394189
vt 0.657349 0.401807
vt 0.644978 0.399640
vt 0.634195 0.397180
vt 0.623486 0.393363
vt 0.624126 0.391428
vt 0.645021 0.401653
vt 0.633986 0.399185
vt 0.622875 0.395055
vt 0.267025 0.916315
vt 0.264260 0.907543
vt 0.266729 0.905367
vt 0.268966 0.914219
vt 0.633755 0.401156
vt 0.622312 0.396748
vt 0.265007 0.918452
vt 0.261608 0.909817
vt 0.259510 0.901571
vt 0.262287 0.899174
vt 0.262722 0.920601
vt 0.258876 0.912108
vt 0.256581 0.903940
vt 0.254498 0.896008
vt 0.257434 0.893588
vt 0.256213 0.914415
vt 0.253665 0.906239
vt 0.251599 0.898295
vt 0.249978 0.891203
vt 0.252805 0.888906
vt 0.250859 0.908440
vt 0.248696 0.900531
vt 0.247162 0.893499
vt 0.802927 0.907697
vt 0.803195 0.901319
vt 0.806583 0.902603
vt 0.806358 0.909148
vt 0.572496 0.382573
vt 0.585084 0.385939
vt 0.584419 0.387454
vt 0.571894 0.384266
vt 0.559424 0.381425
vt 0.559852 0.379757
vt 0.546709 0.378806
vt 0.547017 0.377190
vt 0.571164 0.386418
vt 0.558912 0.383602
vt 0.546298 0.380878
vt 0.533191 0.378244
vt 0.533549 0.376128
vt 0.558191 0.386651
vt 0.545624 0.384097
vt 0.532569 0.381531
vt 0.519429 0.378872
vt 0.520056 0.375808
vt 0.544932 0.387477
vt 0.531873 0.384893
vt 0.518629 0.382304
vt 0.505504 0.378777
vt 0.506444 0.375556
vt 0.531308 0.387507
vt 0.517981 0.384879
vt 0.504600 0.381370
vt 0.885101 0.267266
vt 0.883125 0.279699
vt 0.880067 0.279823
vt 0.881854 0.267272
vt 0.876601 0.279161
vt 0.878288 0.266611
vt 0.873092 0.278477
vt 0.874752 0.265907
vt 0.876338 0.253407
vt 0.877345 0.242078
vt 0.871176 0.265181
vt 0.872721 0.252800
vt 0.873735 0.241276
vt 0.874327 0.228050
vt 0.877958 0.228494
vt 0.869022 0.252157
vt 0.870002 0.240531
vt 0.870657 0.227605
vt 0.871248 0.213428
vt 0.874903 0.213722
vt 0.866257 0.239850
vt 0.866992 0.227109
vt 0.867640 0.213144
vt 0.867993 0.199369
vt 0.871679 0.199518
vt 0.863366 0.226598
vt 0.864057 0.212869
vt 0.864335 0.199257
vt 0.864120 0.185839
vt 0.867915 0.185745
vt 0.860485 0.212591
vt 0.860741 0.199181
vt 0.860460 0.185911
vt 0.859788 0.172351
vt 0.863448 0.172128
vt 0.857201 0.199086
vt 0.856937 0.185956
vt 0.856306 0.172573
vt 0.854955 0.159037
vt 0.858619 0.158697
vt 0.853851 0.185921
vt 0.853117 0.172766
vt 0.851756 0.159434
vt 0.850806 0.145783
vt 0.854065 0.145407
vt 0.675422 0.643779
vt 0.671756 0.656618
vt 0.668659 0.655716
vt 0.672230 0.643069
vt 0.674461 0.629673
vt 0.677597 0.630164
vt 0.679238 0.616396
vt 0.669016 0.642282
vt 0.671285 0.629167
vt 0.722214 0.897954
vt 0.720931 0.909500
vt 0.718189 0.908290
vt 0.719062 0.896969
vt 0.714756 0.908523
vt 0.715475 0.897288
vt 0.715889 0.885730
vt 0.715974 0.873952
vt 0.712004 0.897837
vt 0.712404 0.886261
vt 0.712445 0.874200
vt 0.712613 0.861989
vt 0.716067 0.861792
vt 0.708815 0.886781
vt 0.708888 0.874515
vt 0.709138 0.862222
vt 0.708683 0.849294
vt 0.712129 0.849010
vt 0.705304 0.874764
vt 0.705575 0.862365
vt 0.705187 0.849519
vt 0.704433 0.836284
vt 0.707965 0.836029
vt 0.702028 0.862460
vt 0.701635 0.849707
vt 0.700872 0.836529
vt 0.699980 0.823410
vt 0.703563 0.823062
vt 0.698114 0.849909
vt 0.697299 0.836790
vt 0.696415 0.823767
vt 0.695533 0.810804
vt 0.699106 0.810403
vt 0.693785 0.837048
vt 0.692879 0.824110
vt 0.691991 0.811187
vt 0.691165 0.798629
vt 0.694627 0.798164
vt 0.689388 0.824390
vt 0.688432 0.811503
vt 0.687811 0.798772
vt 0.686657 0.786808
vt 0.690043 0.786633
vt 0.685681 0.811310
vt 0.685172 0.798442
vt 0.971482 0.810095
vt 0.974327 0.808697
vt 0.978833 0.817527
vt 0.975745 0.819025
vt 0.983168 0.827218
vt 0.980041 0.828672
vt 0.378344 0.210902
vt 0.377681 0.223908
vt 0.374555 0.224175
vt 0.375154 0.210779
vt 0.376443 0.197282
vt 0.379882 0.197602
vt 0.378012 0.183634
vt 0.381447 0.184010
vt 0.372114 0.210400
vt 0.373183 0.196777
vt 0.374903 0.183094
vt 0.376989 0.169637
vt 0.380068 0.170356
vt 0.153903 0.812676
vt 0.148607 0.822721
vt 0.145521 0.822561
vt 0.150754 0.812229
vt 0.156109 0.802348
vt 0.159050 0.802482
vt 0.161401 0.791400
vt 0.164197 0.791912
vt 0.147451 0.811416
vt 0.152832 0.801574
vt 0.158376 0.790566
vt 0.164670 0.779412
vt 0.167516 0.780218
vt 0.149494 0.800637
vt 0.155238 0.789656
vt 0.161741 0.778533
vt 0.168427 0.766666
vt 0.171222 0.767621
vt 0.151999 0.788727
vt 0.158718 0.777593
vt 0.165546 0.765645
vt 0.171914 0.753583
vt 0.174280 0.754398
vt 0.155656 0.776563
vt 0.162733 0.764605
vt 0.169597 0.752669
vt 0.390605 0.114737
vt 0.397566 0.105403
vt 0.399557 0.107042
vt 0.392415 0.116260
vt 0.160006 0.763535
vt 0.167246 0.751660
vt 0.388952 0.113254
vt 0.395695 0.103792
vt 0.401361 0.097638
vt 0.403087 0.099156
vt 0.173627 0.741839
vt 0.165021 0.750680
vt 0.171622 0.740890
vt 0.175094 0.733372
vt 0.176949 0.734163
vt 0.180518 0.728417
vt 0.169469 0.739809
vt 0.173249 0.732562
vt 0.174879 0.728518
vt 0.167011 0.738436
vt 0.171094 0.731745
vt 0.164979 0.737255
vt 0.169051 0.731160
vt 0.554451 0.445018
vt 0.167184 0.730804
vt 0.162836 0.749548
vt 0.157350 0.762434
vt 0.152653 0.775551
vt 0.148656 0.787710
vt 0.146113 0.799657
vt 0.144056 0.810577
vt 0.142198 0.821786
vt 0.139785 0.831896
vt 0.370067 0.210005
vt 0.371001 0.196259
vt 0.142573 0.831928
vt 0.137447 0.841558
vt 0.371169 0.224176
vt 0.375456 0.237508
vt 0.369191 0.223881
vt 0.378920 0.237024
vt 0.380792 0.249982
vt 0.686891 0.824257
vt 0.690283 0.837294
vt 0.687632 0.837354
vt 0.694632 0.850095
vt 0.698499 0.862538
vt 0.701848 0.874938
vt 0.705096 0.887132
vt 0.708483 0.898402
vt 0.711299 0.909127
vt 0.713863 0.919347
vt 0.717331 0.919034
vt 0.716700 0.929190
vt 0.720114 0.920130
vt 0.719654 0.930168
vt 0.719004 0.939335
vt 0.656716 0.678416
vt 0.661667 0.666892
vt 0.664664 0.668047
vt 0.659673 0.679775
vt 0.653840 0.691371
vt 0.650841 0.689817
vt 0.662813 0.681217
vt 0.656686 0.692892
vt 0.650401 0.704787
vt 0.853080 0.225050
vt 0.854174 0.211831
vt 0.857016 0.212292
vt 0.856314 0.225631
vt 0.855542 0.238044
vt 0.852228 0.237424
vt 0.859805 0.226108
vt 0.859046 0.238633
vt 0.858189 0.250478
vt 0.862607 0.239219
vt 0.861727 0.251016
vt 0.860481 0.263135
vt 0.865347 0.251566
vt 0.864037 0.263788
vt 0.862443 0.276336
vt 0.867604 0.264467
vt 0.866001 0.277053
vt 0.864457 0.289361
vt 0.869547 0.277771
vt 0.868052 0.290034
vt 0.866824 0.301901
vt 0.871621 0.290680
vt 0.870455 0.302468
vt 0.869895 0.314179
vt 0.874017 0.302999
vt 0.873516 0.314632
vt 0.873599 0.326476
vt 0.877149 0.315073
vt 0.877250 0.326839
vt 0.877552 0.338955
vt 0.880272 0.326591
vt 0.880470 0.338714
vt 0.880316 0.351576
vt 0.605670 0.406676
vt 0.593206 0.402043
vt 0.594173 0.399283
vt 0.606840 0.404098
vt 0.620130 0.409310
vt 0.879114 0.365346
vt 0.608062 0.401136
vt 0.621235 0.406526
vt 0.634518 0.411841
vt 0.257361 0.939935
vt 0.251465 0.932113
vt 0.252880 0.929657
vt 0.259293 0.937658
vt 0.266325 0.943287
vt 0.264775 0.946302
vt 0.261397 0.935030
vt 0.267945 0.940248
vt 0.273612 0.945755
vt 0.272435 0.948325
vt 0.271279 0.951272
vt 0.653908 0.416406
vt 0.643733 0.412456
vt 0.643510 0.410237
vt 0.655013 0.413990
vt 0.667702 0.417134
vt 0.655965 0.411510
vt 0.668858 0.413864
vt 0.681447 0.414980
vt 0.669656 0.410549
vt 0.682705 0.411953
vt 0.696654 0.414278
vt 0.894599 0.405115
vt 0.894298 0.398497
vt 0.897030 0.397654
vt 0.898172 0.406164
vt 0.899478 0.415971
vt 0.896761 0.413622
vt 0.893226 0.412592
vt 0.891279 0.405909
vt 0.875283 0.842991
vt 0.870191 0.830892
vt 0.899849 0.398347
vt 0.900810 0.409447
vt 0.899087 0.389438
vt 0.902134 0.388971
vt 0.902869 0.399992
vt 0.896657 0.390550
vt 0.670541 0.407572
vt 0.656993 0.405946
vt 0.657196 0.403375
vt 0.671354 0.406075
vt 0.684271 0.410481
vt 0.656676 0.408642
vt 0.644539 0.406025
vt 0.644858 0.403936
vt 0.643967 0.408087
vt 0.633505 0.404777
vt 0.633546 0.403038
vt 0.271242 0.934935
vt 0.269564 0.937453
vt 0.263731 0.932437
vt 0.266212 0.929768
vt 0.257725 0.924970
vt 0.260261 0.922735
vt 0.255214 0.927295
vt 0.251082 0.918910
vt 0.253600 0.916696
vt 0.248832 0.921163
vt 0.245815 0.912900
vt 0.248182 0.910598
vt 0.608946 0.398775
vt 0.621785 0.404325
vt 0.595249 0.396256
vt 0.596178 0.393760
vt 0.582662 0.392216
vt 0.583622 0.389467
vt 0.581713 0.395540
vt 0.569527 0.392519
vt 0.570309 0.389296
vt 0.581070 0.398221
vt 0.568974 0.395132
vt 0.556857 0.392513
vt 0.557440 0.389931
vt 0.880100 0.314922
vt 0.877610 0.303516
vt 0.880708 0.303499
vt 0.878645 0.291903
vt 0.881795 0.291872
vt 0.875128 0.291303
vt 0.544368 0.390077
vt 0.596874 0.391968
vt 0.245900 0.902703
vt 0.267861 0.927529
vt 0.269218 0.925296
vt 0.899043 0.382405
vt 0.901162 0.381011
vt 0.905184 0.388202
vt 0.906059 0.399370
vt 0.684971 0.411850
vt 0.697252 0.417621
vt 0.697165 0.420570
vt 0.707285 0.419193
vt 0.706236 0.423418
vt 0.705654 0.426507
vt 0.715444 0.425192
vt 0.714862 0.430246
vt 0.910189 0.417152
vt 0.914770 0.426455
vt 0.910816 0.429099
vt 0.920274 0.435384
vt 0.917160 0.435721
vt 0.202952 0.942371
vt 0.205338 0.935385
vt 0.906955 0.428834
vt 0.884561 0.912257
vt 0.886093 0.911490
vt 0.205923 0.926744
vt 0.209181 0.928984
vt 0.205337 0.921220
vt 0.209573 0.922115
vt 0.212866 0.924156
vt 0.213030 0.931362
vt 0.216414 0.925325
vt 0.213136 0.916966
vt 0.215705 0.917549
vt 0.218654 0.917675
vt 0.215785 0.909566
vt 0.213101 0.909335
vt 0.214083 0.901303
vt 0.216970 0.901470
vt 0.216858 0.894050
vt 0.219622 0.895223
vt 0.226270 0.892501
vt 0.230266 0.890281
vt 0.231541 0.893188
vt 0.228057 0.895310
vt 0.926380 0.639999
vt 0.926143 0.644000
vt 0.922070 0.643698
vt 0.921841 0.639746
vt 0.922069 0.636890
vt 0.927510 0.636961
vt 0.913536 0.639813
vt 0.912864 0.637264
vt 0.443006 0.941629
vt 0.443013 0.950898
vt 0.439431 0.951116
vt 0.443544 0.936113
vt 0.444783 0.963439
vt 0.440953 0.964183
vt 0.437415 0.964543
vt 0.435751 0.950910
vt 0.434092 0.964837
vt 0.432174 0.951049
vt 0.432841 0.940063
vt 0.938060 0.809121
vt 0.941506 0.808853
vt 0.941790 0.821785
vt 0.938373 0.821964
vt 0.941929 0.841936
vt 0.938554 0.841913
vt 0.941997 0.866437
vt 0.938617 0.866394
vt 0.942872 0.890606
vt 0.939505 0.890712
vt 0.936144 0.890832
vt 0.941444 0.914462
vt 0.937813 0.914853
vt 0.934432 0.915544
vt 0.933437 0.891192
vt 0.940958 0.934327
vt 0.937072 0.935254
vt 0.420626 0.756046
vt 0.434288 0.741725
vt 0.437180 0.744192
vt 0.934600 0.935611
vt 0.941077 0.948071
vt 0.936957 0.948269
vt 0.448464 0.737434
vt 0.451199 0.740444
vt 0.440959 0.747572
vt 0.455140 0.744125
vt 0.457865 0.734709
vt 0.461018 0.739515
vt 0.466108 0.743600
vt 0.459847 0.748533
vt 0.466188 0.734952
vt 0.471069 0.739148
vt 0.475995 0.741949
vt 0.474091 0.735756
vt 0.478848 0.738154
vt 0.483378 0.739585
vt 0.476360 0.732984
vt 0.924249 0.327785
vt 0.925720 0.323159
vt 0.929227 0.322828
vt 0.927796 0.326727
vt 0.923922 0.331081
vt 0.469152 0.731775
vt 0.471698 0.729466
vt 0.464521 0.727708
vt 0.466807 0.726077
vt 0.462023 0.730412
vt 0.457975 0.726733
vt 0.460562 0.724192
vt 0.454956 0.731092
vt 0.936252 0.957373
vt 0.942060 0.956716
vt 0.942234 0.961753
vt 0.935996 0.962608
vt 0.948898 0.964896
vt 0.942552 0.965275
vt 0.936555 0.966217
vt 0.949213 0.967845
vt 0.943396 0.967921
vt 0.937882 0.968668
vt 0.944360 0.969632
vt 0.939687 0.970323
vt 0.934215 0.315072
vt 0.936005 0.316244
vt 0.932126 0.319167
vt 0.929159 0.318637
vt 0.932821 0.969386
vt 0.931248 0.966672
vt 0.938286 0.317899
vt 0.935564 0.320473
vt 0.933155 0.323590
vt 0.938564 0.321201
vt 0.936513 0.323869
vt 0.934570 0.326473
vt 0.931460 0.326767
vt 0.760817 0.706966
vt 0.760457 0.703269
vt 0.762455 0.703945
vt 0.762455 0.707023
vt 0.484501 0.731293
vt 0.481543 0.729918
vt 0.483448 0.726767
vt 0.486296 0.728370
vt 0.488863 0.730061
vt 0.486927 0.733060
vt 0.485530 0.733858
vt 0.482811 0.732407
vt 0.487665 0.724276
vt 0.490309 0.725933
vt 0.492890 0.727474
vt 0.491904 0.720457
vt 0.494514 0.722098
vt 0.497226 0.723587
vt 0.495336 0.728791
vt 0.499558 0.724521
vt 0.497320 0.729708
vt 0.495598 0.734145
vt 0.364971 0.640308
vt 0.364447 0.644453
vt 0.361787 0.644197
vt 0.362195 0.640132
vt 0.933376 0.334351
vt 0.935758 0.335015
vt 0.935493 0.338418
vt 0.932732 0.337780
vt 0.494570 0.738015
vt 0.934647 0.341630
vt 0.931315 0.340632
vt 0.928605 0.339426
vt 0.930393 0.336453
vt 0.496811 0.911905
vt 0.496987 0.908094
vt 0.499810 0.908435
vt 0.499999 0.912465
vt 0.497276 0.915488
vt 0.504261 0.908588
vt 0.500344 0.904245
vt 0.504611 0.904587
vt 0.509664 0.905296
vt 0.509552 0.908790
vt 0.515308 0.905842
vt 0.514561 0.908682
vt 0.873609 0.601506
vt 0.876579 0.601797
vt 0.875967 0.610934
vt 0.872608 0.610102
vt 0.870191 0.609492
vt 0.871126 0.601457
vt 0.875584 0.626203
vt 0.872054 0.625151
vt 0.492896 0.766727
vt 0.496818 0.781266
vt 0.746740 0.984923
vt 0.743110 0.984342
vt 0.740486 0.966292
vt 0.743704 0.966936
vt 0.489858 0.801723
vt 0.739144 0.942698
vt 0.742172 0.943139
vt 0.744772 0.942995
vt 0.746370 0.966815
vt 0.738209 0.918440
vt 0.736054 0.942223
vt 0.735180 0.918195
vt 0.732994 0.941847
vt 0.732172 0.917832
vt 0.731205 0.894359
vt 0.729217 0.917409
vt 0.728236 0.893737
vt 0.726402 0.916950
vt 0.725923 0.892849
vt 0.726542 0.869816
vt 0.976035 0.674497
vt 0.976564 0.700039
vt 0.974202 0.699998
vt 0.973694 0.674463
vt 0.967112 0.653335
vt 0.970794 0.651855
vt 0.970318 0.674356
vt 0.964033 0.654431
vt 0.966792 0.674231
vt 0.959754 0.655960
vt 0.962695 0.673624
vt 0.955568 0.657939
vt 0.948440 0.653430
vt 0.949087 0.660856
vt 0.943438 0.657150
vt 0.939548 0.654960
vt 0.942859 0.652005
vt 0.753275 0.891431
vt 0.755868 0.895425
vt 0.748901 0.895303
vt 0.748580 0.891209
vt 0.748904 0.886284
vt 0.752405 0.886172
vt 0.938124 0.652551
vt 0.934034 0.653072
vt 0.933356 0.647993
vt 0.936798 0.647406
vt 0.753425 0.880681
vt 0.932191 0.640189
vt 0.935812 0.639550
vt 0.938703 0.638806
vt 0.939600 0.646228
vt 0.931231 0.629824
vt 0.934706 0.629307
vt 0.937585 0.629878
vt 0.878921 0.722472
vt 0.882477 0.722635
vt 0.879939 0.731544
vt 0.876746 0.731569
vt 0.874305 0.732177
vt 0.875740 0.723805
vt 0.675659 0.860267
vt 0.874183 0.742065
vt 0.871881 0.742074
vt 0.673205 0.869312
vt 0.872411 0.752582
vt 0.870190 0.752040
vt 0.668624 0.877647
vt 0.670011 0.879289
vt 0.660832 0.887000
vt 0.659431 0.883652
vt 0.657731 0.880679
vt 0.653734 0.893341
vt 0.652168 0.889579
vt 0.650487 0.885763
vt 0.887620 0.694708
vt 0.644610 0.893306
vt 0.642952 0.889453
vt 0.641893 0.886321
vt 0.649183 0.882938
vt 0.883071 0.701142
vt 0.637389 0.890887
vt 0.636416 0.887671
vt 0.881442 0.706006
vt 0.878168 0.704807
vt 0.859344 0.920370
vt 0.863379 0.920285
vt 0.863433 0.923893
vt 0.859591 0.924066
vt 0.880135 0.709065
vt 0.876914 0.707940
vt 0.859427 0.917643
vt 0.863179 0.917651
vt 0.867574 0.919552
vt 0.867760 0.922157
vt 0.859877 0.915590
vt 0.863287 0.915344
vt 0.867571 0.917173
vt 0.237663 0.937514
vt 0.240195 0.938717
vt 0.236711 0.941646
vt 0.870191 0.886273
vt 0.872715 0.885830
vt 0.242739 0.940482
vt 0.239252 0.943376
vt 0.234089 0.947254
vt 0.231653 0.945464
vt 0.240409 0.945600
vt 0.235312 0.949513
vt 0.227266 0.954989
vt 0.219108 0.960326
vt 0.734541 0.421786
vt 0.746975 0.420720
vt 0.747840 0.422738
vt 0.735147 0.424017
vt 0.720833 0.424941
vt 0.735533 0.427023
vt 0.720313 0.427807
vt 0.705941 0.428179
vt 0.719864 0.430487
vt 0.705748 0.431537
vt 0.692733 0.432836
vt 0.706081 0.435072
vt 0.692543 0.436743
vt 0.676805 0.434401
vt 0.691747 0.439977
vt 0.675835 0.436289
vt 0.662835 0.431664
vt 0.839651 0.895613
vt 0.837140 0.896016
vt 0.863005 0.412882
vt 0.859644 0.426209
vt 0.857453 0.426135
vt 0.860997 0.412865
vt 0.842211 0.894648
vt 0.842023 0.903282
vt 0.842561 0.911850
vt 0.865230 0.402461
vt 0.858632 0.412161
vt 0.862918 0.402306
vt 0.866296 0.391539
vt 0.863380 0.391443
vt 0.865974 0.378635
vt 0.860843 0.391235
vt 0.862887 0.378481
vt 0.863838 0.363193
vt 0.859765 0.377893
vt 0.859779 0.362470
vt 0.858600 0.349469
vt 0.855177 0.361800
vt 0.854095 0.349129
vt 0.853956 0.336747
vt 0.849470 0.348842
vt 0.849835 0.336332
vt 0.850419 0.323863
vt 0.845948 0.335848
vt 0.846633 0.323356
vt 0.847581 0.311058
vt 0.843269 0.322681
vt 0.844409 0.310192
vt 0.845663 0.297775
vt 0.601643 0.765943
vt 0.592918 0.776264
vt 0.590388 0.774197
vt 0.599300 0.763923
vt 0.608323 0.753801
vt 0.610653 0.755889
vt 0.597160 0.762153
vt 0.606184 0.752066
vt 0.614837 0.741866
vt 0.604757 0.750986
vt 0.613479 0.740887
vt 0.621505 0.730633
vt 0.629236 0.720767
vt 0.715184 0.976538
vt 0.715491 0.983509
vt 0.712014 0.983449
vt 0.711707 0.976836
vt 0.711598 0.970311
vt 0.708387 0.978030
vt 0.708198 0.971283
vt 0.708382 0.964532
vt 0.704842 0.972450
vt 0.704922 0.965629
vt 0.705019 0.958228
vt 0.701420 0.966777
vt 0.701562 0.959371
vt 0.701694 0.950645
vt 0.698086 0.960510
vt 0.698347 0.951735
vt 0.698447 0.942133
vt 0.695032 0.952839
vt 0.694908 0.942977
vt 0.695512 0.933340
vt 0.691485 0.943975
vt 0.691984 0.934068
vt 0.692731 0.923141
vt 0.688492 0.934815
vt 0.689255 0.923703
vt 0.689920 0.912056
vt 0.686092 0.924541
vt 0.686726 0.912776
vt 0.687284 0.900617
vt 0.414172 0.319267
vt 0.423453 0.329007
vt 0.421391 0.331129
vt 0.411968 0.321264
vt 0.403345 0.310762
vt 0.405641 0.308960
vt 0.409315 0.323607
vt 0.400502 0.312866
vt 0.392935 0.301286
vt 0.398296 0.314516
vt 0.391176 0.302426
vt 0.384513 0.290687
vt 0.882653 0.103925
vt 0.884085 0.116117
vt 0.881168 0.115894
vt 0.879627 0.103425
vt 0.878806 0.091876
vt 0.882057 0.092215
vt 0.876276 0.103502
vt 0.875387 0.091881
vt 0.874701 0.080155
vt 0.871907 0.091925
vt 0.871236 0.079999
vt 0.870235 0.068952
vt 0.869064 0.059004
vt 0.867673 0.079857
vt 0.866632 0.068592
vt 0.865390 0.058441
vt 0.115613 0.845677
vt 0.862924 0.068269
vt 0.861744 0.057858
vt 0.112035 0.844417
vt 0.117077 0.836430
vt 0.860899 0.048169
vt 0.858183 0.057308
vt 0.857415 0.047339
vt 0.113621 0.835286
vt 0.119236 0.825746
vt 0.110238 0.834086
vt 0.115842 0.824719
vt 0.121108 0.816183
vt 0.112764 0.823371
vt 0.117819 0.814498
vt 0.123460 0.804344
vt 0.115504 0.812151
vt 0.121026 0.802066
vt 0.127247 0.791286
vt 0.621462 0.479620
vt 0.632350 0.489228
vt 0.630064 0.491253
vt 0.619473 0.481573
vt 0.608213 0.472208
vt 0.610174 0.470150
vt 0.617329 0.484028
vt 0.606295 0.474735
vt 0.594231 0.466661
vt 0.714256 0.718582
vt 0.716401 0.730332
vt 0.713959 0.731760
vt 0.711767 0.720272
vt 0.593579 0.468784
vt 0.581548 0.461788
vt 0.709385 0.709540
vt 0.708598 0.721581
vt 0.706669 0.711413
vt 0.581165 0.464018
vt 0.705268 0.722801
vt 0.703432 0.713055
vt 0.702002 0.705177
vt 0.705272 0.703270
vt 0.701869 0.724084
vt 0.700097 0.714752
vt 0.698759 0.707048
vt 0.568616 0.464179
vt 0.580850 0.467929
vt 0.580322 0.470608
vt 0.568389 0.467107
vt 0.579789 0.473216
vt 0.567880 0.470158
vt 0.579339 0.475678
vt 0.567459 0.473169
vt 0.579053 0.477884
vt 0.567116 0.475574
vt 0.557246 0.474166
vt 0.988464 0.892382
vt 0.988002 0.880402
vt 0.990798 0.880492
vt 0.991448 0.892699
vt 0.990933 0.903017
vt 0.994704 0.892803
vt 0.994042 0.903573
vt 0.992861 0.910416
vt 0.419312 0.114131
vt 0.414560 0.119274
vt 0.413044 0.117207
vt 0.417585 0.112136
vt 0.421046 0.108404
vt 0.422585 0.110456
vt 0.415455 0.110076
vt 0.419183 0.106084
vt 0.422693 0.102448
vt 0.417206 0.103600
vt 0.413327 0.108124
vt 0.411369 0.106036
vt 0.414992 0.100958
vt 0.409217 0.104218
vt 0.413093 0.098904
vt 0.407107 0.102409
vt 0.403956 0.110167
vt 0.401751 0.108618
vt 0.404990 0.100793
vt 0.396529 0.119296
vt 0.394436 0.117826
vt 0.406081 0.111783
vt 0.398656 0.120742
vt 0.176682 0.755098
vt 0.179031 0.755733
vt 0.173817 0.768422
vt 0.390330 0.131702
vt 0.400919 0.122341
vt 0.392504 0.133160
vt 0.385454 0.144680
vt 0.383540 0.143521
vt 0.394911 0.134807
vt 0.388048 0.146117
vt 0.383256 0.157795
vt 0.380278 0.156799
vt 0.169882 0.780783
vt 0.390660 0.147207
vt 0.386416 0.158733
vt 0.383101 0.170978
vt 0.989642 0.846579
vt 0.992572 0.856932
vt 0.989454 0.858204
vt 0.986640 0.847896
vt 0.983756 0.838296
vt 0.986909 0.837070
vt 0.684838 0.762400
vt 0.684819 0.750938
vt 0.688266 0.751136
vt 0.688362 0.762516
vt 0.688899 0.774562
vt 0.685378 0.774735
vt 0.691803 0.761970
vt 0.692391 0.773879
vt 0.693537 0.786020
vt 0.695806 0.773080
vt 0.696982 0.785346
vt 0.698098 0.797639
vt 0.700444 0.784681
vt 0.701597 0.797101
vt 0.702717 0.809982
vt 0.705087 0.796562
vt 0.706336 0.809597
vt 0.707121 0.822752
vt 0.709911 0.809261
vt 0.710677 0.822486
vt 0.711439 0.835764
vt 0.714242 0.822222
vt 0.714916 0.835509
vt 0.715574 0.848729
vt 0.718371 0.835295
vt 0.719044 0.848533
vt 0.721549 0.835193
vt 0.722265 0.848585
vt 0.671147 0.576822
vt 0.668344 0.563638
vt 0.670793 0.562745
vt 0.673823 0.576166
vt 0.673955 0.561882
vt 0.677076 0.575585
vt 0.679281 0.589523
vt 0.679490 0.575259
vt 0.681920 0.589294
vt 0.682421 0.603211
vt 0.679760 0.603267
vt 0.849916 0.119412
vt 0.852478 0.118554
vt 0.853336 0.131680
vt 0.850505 0.132128
vt 0.855918 0.118088
vt 0.856876 0.131428
vt 0.857780 0.145100
vt 0.860562 0.131200
vt 0.861516 0.144818
vt 0.862348 0.158416
vt 0.865341 0.144515
vt 0.866161 0.158086
vt 0.867229 0.171897
vt 0.870048 0.157737
vt 0.871070 0.171650
vt 0.871723 0.185670
vt 0.874853 0.171402
vt 0.875488 0.185623
vt 0.875384 0.199691
vt 0.879179 0.185594
vt 0.879020 0.199877
vt 0.878508 0.214013
vt 0.882616 0.200056
vt 0.882056 0.214283
vt 0.886082 0.200214
vt 0.885508 0.214415
vt 0.889214 0.200098
vt 0.888438 0.214252
vt 0.465664 0.367167
vt 0.452485 0.361315
vt 0.453841 0.358804
vt 0.466742 0.364891
vt 0.480117 0.370591
vt 0.479406 0.373598
vt 0.468089 0.361960
vt 0.481152 0.367416
vt 0.494267 0.371959
vt 0.493420 0.375279
vt 0.492873 0.377854
vt 0.482030 0.364774
vt 0.494967 0.368948
vt 0.507219 0.372650
vt 0.495333 0.367131
vt 0.507734 0.370484
vt 0.520427 0.373677
vt 0.688154 0.985894
vt 0.687683 0.978832
vt 0.691011 0.977561
vt 0.691446 0.984577
vt 0.844402 0.925608
vt 0.844457 0.922090
vt 0.850847 0.919402
vt 0.850834 0.922963
vt 0.844429 0.918481
vt 0.850758 0.915767
vt 0.691596 0.991074
vt 0.695048 0.989849
vt 0.695264 0.996583
vt 0.691837 0.997782
vt 0.688453 0.999080
vt 0.688250 0.992371
vt 0.698513 0.988621
vt 0.698774 0.995351
vt 0.806352 0.895811
vt 0.809859 0.896979
vt 0.810080 0.903868
vt 0.802927 0.894648
vt 0.813338 0.898141
vt 0.813554 0.905102
vt 0.813303 0.911977
vt 0.809799 0.910550
vt 0.359458 0.859959
vt 0.359301 0.846532
vt 0.361114 0.846440
vt 0.361259 0.859964
vt 0.360627 0.873370
vt 0.358777 0.873230
vt 0.255662 0.886504
vt 0.363106 0.859929
vt 0.362485 0.873477
vt 0.260236 0.891101
vt 0.262905 0.888631
vt 0.264950 0.896784
vt 0.265733 0.886327
vt 0.267682 0.894543
vt 0.269223 0.903202
vt 0.270837 0.892749
vt 0.272178 0.901265
vt 0.273045 0.909842
vt 0.270724 0.911949
vt 0.613319 0.385757
vt 0.612622 0.387372
vt 0.275689 0.900604
vt 0.275750 0.908678
vt 0.275963 0.915883
vt 0.274068 0.917076
vt 0.272553 0.918781
vt 0.279246 0.908803
vt 0.278257 0.915082
vt 0.279246 0.919118
vt 0.277963 0.920844
vt 0.276531 0.922446
vt 0.558523 0.816465
vt 0.565752 0.806311
vt 0.569071 0.808303
vt 0.561412 0.818531
vt 0.552970 0.824476
vt 0.279159 0.901344
vt 0.572062 0.809989
vt 0.565585 0.820878
vt 0.844781 0.360785
vt 0.845048 0.348487
vt 0.849971 0.361233
vt 0.849897 0.374432
vt 0.843666 0.369921
vt 0.855573 0.376913
vt 0.858198 0.391309
vt 0.854372 0.389462
vt 0.851107 0.397022
vt 0.848158 0.401193
vt 0.216385 0.662383
vt 0.214398 0.670049
vt 0.218526 0.676815
vt 0.213479 0.697387
vt 0.208062 0.694457
vt 0.202952 0.692237
vt 0.212349 0.741884
vt 0.206364 0.742683
vt 0.172873 0.930861
vt 0.172855 0.900409
vt 0.183083 0.894239
vt 0.197035 0.890725
vt 0.172855 0.865251
vt 0.185614 0.859583
vt 0.844497 0.444532
vt 0.849517 0.481316
vt 0.833928 0.479023
vt 0.831427 0.441550
vt 0.816976 0.479272
vt 0.814444 0.441807
vt 0.851946 0.517284
vt 0.835414 0.515119
vt 0.818676 0.515415
vt 0.803859 0.518467
vt 0.801395 0.482675
vt 0.833025 0.539998
vt 0.817670 0.541119
vt 0.803397 0.543661
vt 0.792957 0.547700
vt 0.791978 0.522377
vt 0.813288 0.564905
vt 0.801005 0.565204
vt 0.791917 0.565484
vt 0.808449 0.583301
vt 0.797741 0.580186
vt 0.790192 0.576022
vt 0.803029 0.594952
vt 0.793507 0.589444
vt 0.346847 0.636741
vt 0.328563 0.637751
vt 0.586213 0.843909
vt 0.587784 0.850176
vt 0.567954 0.851012
vt 0.569119 0.843909
vt 0.312153 0.632512
vt 0.989387 0.615896
vt 0.979445 0.621352
vt 0.980248 0.606341
vt 0.990093 0.602975
vt 0.300419 0.621353
vt 0.979863 0.581974
vt 0.990141 0.580155
vt 0.291385 0.599723
vt 0.300647 0.597046
vt 0.281793 0.554733
vt 0.291975 0.551880
vt 0.303592 0.549145
vt 0.311894 0.594698
vt 0.317756 0.546046
vt 0.326847 0.591929
vt 0.332340 0.542018
vt 0.345662 0.587971
vt 0.343850 0.538844
vt 0.357535 0.584559
vt 0.354494 0.536710
vt 0.367351 0.582221
vt 0.329857 0.487950
vt 0.339544 0.485692
vt 0.788989 0.487690
vt 0.787130 0.449025
vt 0.799469 0.443990
vt 0.783663 0.411961
vt 0.796949 0.407450
vt 0.812934 0.404955
vt 0.794017 0.373714
vt 0.810541 0.371911
vt 0.825188 0.372478
vt 0.829338 0.403696
vt 0.789578 0.337917
vt 0.804791 0.336828
vt 0.818484 0.339119
vt 0.800822 0.295846
vt 0.814634 0.296362
vt 0.825553 0.297519
vt 0.833503 0.299510
vt 0.813431 0.247659
vt 0.823759 0.249497
vt 0.832057 0.251552
vt 0.565959 0.288473
vt 0.600601 0.322600
vt 0.801005 0.246177
vt 0.786470 0.295674
vt 0.788079 0.245057
vt 0.774499 0.296408
vt 0.776589 0.244181
vt 0.764505 0.299152
vt 0.766937 0.243815
vt 0.319972 0.245158
vt 0.310358 0.241783
vt 0.328472 0.193710
vt 0.336381 0.198568
vt 0.304751 0.235372
vt 0.320754 0.188992
vt 0.296577 0.229994
vt 0.269225 0.264344
vt 0.263930 0.255684
vt 0.237723 0.275957
vt 0.238099 0.266158
vt 0.002545 0.932437
vt 0.000920 0.911751
vt 0.014157 0.911064
vt 0.014948 0.925755
vt 0.259463 0.247509
vt 0.366906 0.877175
vt 0.366906 0.899399
vt 0.359650 0.894583
vt 0.358777 0.875317
vt 0.759281 0.701430
vt 0.748287 0.693361
vt 0.025769 0.921160
vt 0.026746 0.909126
vt 0.035298 0.908973
vt 0.034300 0.919524
vt 0.739655 0.689537
vt 0.041810 0.910472
vt 0.042705 0.920896
vt 0.731182 0.689123
vt 0.732774 0.697124
vt 0.724859 0.700949
vt 0.722175 0.691111
vt 0.609703 0.242427
vt 0.629394 0.246288
vt 0.627231 0.253722
vt 0.711158 0.694592
vt 0.061095 0.922136
vt 0.049720 0.915028
vt 0.049425 0.901597
vt 0.060861 0.908074
vt 0.072322 0.913899
vt 0.072192 0.929040
vt 0.050709 0.882732
vt 0.060580 0.887862
vt 0.070596 0.892377
vt 0.054359 0.847806
vt 0.063300 0.850079
vt 0.070315 0.851975
vt 0.058802 0.809064
vt 0.066956 0.809194
vt 0.685164 0.208889
vt 0.702368 0.169316
vt 0.707871 0.174731
vt 0.711953 0.130523
vt 0.718389 0.135609
vt 0.725074 0.141004
vt 0.724403 0.095792
vt 0.731518 0.100040
vt 0.738530 0.105444
vt 0.731694 0.146493
vt 0.745179 0.110368
vt 0.738148 0.151824
vt 0.752017 0.115855
vt 0.744397 0.156556
vt 0.328514 0.798194
vt 0.324305 0.830586
vt 0.314479 0.828352
vt 0.319521 0.795987
vt 0.303264 0.824932
vt 0.308730 0.792264
vt 0.315675 0.756477
vt 0.299111 0.788765
vt 0.306027 0.751732
vt 0.315484 0.711392
vt 0.297766 0.745407
vt 0.306242 0.704787
vt 0.316364 0.664284
vt 0.326829 0.670065
vt 0.936656 0.304352
vt 0.948735 0.306320
vt 0.947669 0.341340
vt 0.934767 0.341156
vt 0.925325 0.300755
vt 0.946538 0.383711
vt 0.933549 0.385685
vt 0.947358 0.430986
vt 0.930270 0.422823
vt 0.920438 0.414119
vt 0.913976 0.407418
vt 0.923430 0.428829
vt 0.917405 0.421899
vt 0.912176 0.413516
vt 0.961287 0.340496
vt 0.960610 0.382402
vt 0.964772 0.431333
vt 0.972885 0.381186
vt 0.977437 0.429887
vt 0.982757 0.480861
vt 0.970635 0.481045
vt 0.951050 0.478261
vt 0.987458 0.534148
vt 0.975938 0.534829
vt 0.961498 0.535813
vt 0.945898 0.536273
vt 0.942006 0.495589
vt 0.966488 0.584245
vt 0.950794 0.585625
vt 0.934993 0.585852
vt 0.930614 0.536238
vt 0.968130 0.609564
vt 0.955229 0.612116
vt 0.942275 0.612987
vt 0.930975 0.613071
vt 0.922419 0.585364
vt 0.550413 0.887221
vt 0.548625 0.875334
vt 0.567846 0.868423
vt 0.569349 0.877151
vt 0.571919 0.886682
vt 0.553598 0.897986
vt 0.558960 0.908124
vt 0.591200 0.875493
vt 0.591796 0.885005
vt 0.611224 0.881596
vt 0.608415 0.890819
vt 0.850021 0.589321
vt 0.841076 0.588372
vt 0.851820 0.567653
vt 0.860760 0.571585
vt 0.622165 0.904072
vt 0.861438 0.544721
vt 0.871581 0.550757
vt 0.878294 0.557289
vt 0.866312 0.575679
vt 0.865452 0.520652
vt 0.875235 0.525655
vt 0.216605 0.875942
vt 0.211115 0.846425
vt 0.221020 0.845802
vt 0.226234 0.875828
vt 0.212069 0.796970
vt 0.221161 0.796223
vt 0.231770 0.795437
vt 0.233202 0.845652
vt 0.238924 0.874386
vt 0.248096 0.794747
vt 0.251599 0.844760
vt 0.253922 0.873562
vt 0.265481 0.794025
vt 0.269611 0.844085
vt 0.268880 0.873469
vt 0.281399 0.843193
vt 0.281139 0.872418
vt 0.578696 0.925437
vt 0.567143 0.918202
vt 0.553992 0.933738
vt 0.545010 0.925644
vt 0.290854 0.842336
vt 0.275853 0.794137
vt 0.284324 0.793697
vt 0.911783 0.585011
vt 0.909549 0.535876
vt 0.918262 0.536221
vt 0.920516 0.613247
vt 0.911115 0.481811
vt 0.279435 0.739789
vt 0.271370 0.740511
vt 0.278499 0.710796
vt 0.913914 0.452996
vt 0.261120 0.741141
vt 0.244465 0.741679
vt 0.245651 0.709484
vt 0.230395 0.703950
vt 0.232896 0.691855
vt 0.247336 0.700656
vt 0.229567 0.741187
vt 0.219901 0.741822
vt 0.220649 0.700545
vt 0.223572 0.683333
vt 0.234833 0.687585
vt 0.249080 0.695821
vt 0.264448 0.699157
vt 0.235570 0.684684
vt 0.250302 0.692676
vt 0.675659 0.945840
vt 0.671673 0.946526
vt 0.664515 0.937425
vt 0.668315 0.948393
vt 0.660889 0.938513
vt 0.652044 0.929573
vt 0.655551 0.928284
vt 0.643286 0.918312
vt 0.646348 0.917172
vt 0.637647 0.907155
vt 0.640482 0.905837
vt 0.643745 0.904342
vt 0.637368 0.900097
vt 0.640923 0.899089
vt 0.646584 0.897161
vt 0.648803 0.902027
vt 0.639034 0.894944
vt 0.635429 0.895899
vt 0.633783 0.891616
vt 0.632783 0.888342
vt 0.632175 0.896370
vt 0.630647 0.891908
vt 0.629898 0.889140
vt 0.878822 0.711651
vt 0.875806 0.710638
vt 0.881829 0.713177
vt 0.880243 0.715334
vt 0.877559 0.714052
vt 0.878694 0.717419
vt 0.876258 0.716549
vt 0.877081 0.720632
vt 0.874273 0.720347
vt 0.761510 0.421146
vt 0.755737 0.421611
vt 0.754729 0.419794
vt 0.760299 0.419273
vt 0.748517 0.425279
vt 0.748931 0.428113
vt 0.735617 0.429773
vt 0.748952 0.430682
vt 0.735829 0.432330
vt 0.719595 0.433009
vt 0.735618 0.434584
vt 0.719531 0.436021
vt 0.706385 0.438689
vt 0.719759 0.439156
vt 0.706498 0.442547
vt 0.690644 0.441897
vt 0.735561 0.436619
vt 0.640575 0.919400
vt 0.637790 0.920190
vt 0.632365 0.909194
vt 0.634970 0.908321
vt 0.629240 0.902416
vt 0.631678 0.901872
vt 0.634421 0.901075
vt 0.629313 0.896562
vt 0.627822 0.892164
vt 0.682308 0.862697
vt 0.682308 0.873664
vt 0.679347 0.873512
vt 0.678816 0.862192
vt 0.855817 0.441587
vt 0.852811 0.442354
vt 0.853841 0.426367
vt 0.851689 0.427965
vt 0.224168 0.676487
vt 0.204127 0.797998
vt 0.202952 0.847209
vt 0.861035 0.486074
vt 0.847773 0.541479
vt 0.840082 0.565128
vt 0.826910 0.564568
vt 0.830946 0.586651
vt 0.819829 0.585436
vt 0.610817 0.862467
vt 0.612137 0.872227
vt 0.590690 0.866507
vt 0.589278 0.858260
vt 0.607798 0.853448
vt 0.567581 0.859402
vt 0.968912 0.625028
vt 0.958260 0.627467
vt 0.269826 0.502792
vt 0.258921 0.453032
vt 0.267752 0.450393
vt 0.279361 0.500451
vt 0.278559 0.447592
vt 0.291244 0.497481
vt 0.291127 0.444502
vt 0.304390 0.494575
vt 0.303636 0.441296
vt 0.317715 0.491192
vt 0.315391 0.438458
vt 0.289789 0.393789
vt 0.300429 0.391403
vt 0.309251 0.390076
vt 0.324455 0.436371
vt 0.303569 0.345124
vt 0.780387 0.377644
vt 0.776424 0.340214
vt 0.310953 0.299701
vt 0.277773 0.396926
vt 0.266653 0.399992
vt 0.257142 0.402830
vt 0.238925 0.361050
vt 0.232356 0.365158
vt 0.207306 0.333628
vt 0.213188 0.328671
vt 0.981065 0.335921
vt 0.982351 0.380149
vt 0.972611 0.338753
vt 0.171860 0.303622
vt 0.177756 0.299434
vt 0.979909 0.265087
vt 0.971138 0.268102
vt 0.968442 0.233079
vt 0.977676 0.231609
vt 0.145226 0.270943
vt 0.153480 0.267699
vt 0.115275 0.242246
vt 0.123247 0.239520
vt 0.132071 0.236655
vt 0.162046 0.264063
vt 0.141311 0.233483
vt 0.170807 0.259796
vt 0.150288 0.230736
vt 0.179541 0.255157
vt 0.206577 0.270405
vt 0.188065 0.250632
vt 0.212660 0.263365
vt 0.003229 0.886964
vt 0.004427 0.859508
vt 0.013732 0.865669
vt 0.014281 0.890523
vt 0.024755 0.870765
vt 0.026421 0.893302
vt 0.034112 0.874789
vt 0.034767 0.895388
vt 0.042489 0.878476
vt 0.041704 0.897795
vt 0.034449 0.840668
vt 0.044717 0.844420
vt 0.035099 0.805226
vt 0.047448 0.807549
vt 0.037656 0.772316
vt 0.050950 0.774521
vt 0.061716 0.774864
vt 0.056052 0.741417
vt 0.065853 0.742195
vt 0.705534 0.126069
vt 0.711596 0.087514
vt 0.717563 0.091737
vt 0.696522 0.164010
vt 0.061163 0.715700
vt 0.070618 0.713010
vt 0.047607 0.715818
vt 0.051800 0.702831
vt 0.066952 0.701593
vt 0.710795 0.051228
vt 0.710699 0.032075
vt 0.042862 0.739400
vt 0.028061 0.736970
vt 0.031737 0.714779
vt 0.025214 0.769530
vt 0.014345 0.765180
vt 0.016629 0.733931
vt 0.023335 0.801990
vt 0.012829 0.796780
vt 0.140388 0.197920
vt 0.132126 0.200281
vt 0.109595 0.169794
vt 0.117957 0.167261
vt 0.023405 0.836231
vt 0.013012 0.830977
vt 0.166558 0.225803
vt 0.158962 0.228353
vt 0.124151 0.201780
vt 0.004832 0.824505
vt 0.114892 0.204330
vt 0.090984 0.174165
vt 0.100941 0.171905
vt 0.071931 0.144562
vt 0.082184 0.140264
vt 0.091063 0.136665
vt 0.066442 0.110645
vt 0.076212 0.106873
vt 0.007782 0.729196
vt 0.007097 0.704954
vt 0.018156 0.711022
vt 0.096949 0.133682
vt 0.006772 0.687928
vt 0.019693 0.694172
vt 0.035062 0.699048
vt 0.023341 0.682780
vt 0.038363 0.686467
vt 0.056031 0.688074
vt 0.040543 0.680278
vt 0.058351 0.681496
vt 0.073347 0.679494
vt 0.070477 0.687201
vt 0.714002 0.015631
vt 0.714813 0.005950
vt 0.719925 0.008216
vt 0.716245 0.000920
vt 0.720642 0.003122
vt 0.366906 0.910302
vt 0.366083 0.912863
vt 0.362193 0.912828
vt 0.362900 0.908298
vt 0.722309 0.009632
vt 0.356569 0.912863
vt 0.358247 0.908059
vt 0.357435 0.901567
vt 0.361576 0.901239
vt 0.087858 0.677962
vt 0.091472 0.674273
vt 0.085734 0.684346
vt 0.085957 0.673662
vt 0.088029 0.668032
vt 0.093258 0.668273
vt 0.098738 0.669419
vt 0.096017 0.661339
vt 0.101575 0.662387
vt 0.377583 0.449820
vt 0.386266 0.448453
vt 0.387861 0.453414
vt 0.379075 0.454263
vt 0.103190 0.671592
vt 0.388698 0.458391
vt 0.380012 0.459060
vt 0.373079 0.460593
vt 0.372907 0.456190
vt 0.389389 0.463587
vt 0.401512 0.459605
vt 0.401141 0.464467
vt 0.400868 0.469424
vt 0.389885 0.468638
vt 0.400780 0.473886
vt 0.390594 0.473146
vt 0.401125 0.477706
vt 0.391908 0.477349
vt 0.383785 0.476064
vt 0.755185 0.874441
vt 0.756057 0.867363
vt 0.759756 0.865411
vt 0.759074 0.872264
vt 0.351958 0.888542
vt 0.348509 0.893415
vt 0.748580 0.875845
vt 0.749723 0.869482
vt 0.755798 0.860368
vt 0.759753 0.859477
vt 0.750164 0.862321
vt 0.748580 0.854124
vt 0.753504 0.854184
vt 0.759001 0.855037
vt 0.344043 0.899384
vt 0.347039 0.902975
vt 0.340429 0.908465
vt 0.339037 0.905288
vt 0.336827 0.902767
vt 0.335873 0.909582
vt 0.334097 0.907181
vt 0.894929 0.981734
vt 0.894344 0.976287
vt 0.896996 0.975759
vt 0.897610 0.980968
vt 0.334264 0.901437
vt 0.899649 0.975998
vt 0.900049 0.980551
vt 0.893922 0.969654
vt 0.896972 0.969273
vt 0.899939 0.969823
vt 0.897179 0.961228
vt 0.899996 0.962244
vt 0.855419 0.624590
vt 0.846775 0.627388
vt 0.845766 0.623890
vt 0.854071 0.621239
vt 0.844498 0.620433
vt 0.852314 0.617235
vt 0.842933 0.617164
vt 0.849888 0.613359
vt 0.855194 0.609482
vt 0.858477 0.605651
vt 0.847817 0.609992
vt 0.852262 0.606060
vt 0.854780 0.602527
vt 0.850307 0.603500
vt 0.852639 0.600427
vt 0.324857 0.919458
vt 0.323366 0.921810
vt 0.321442 0.921088
vt 0.321887 0.918698
vt 0.323131 0.914774
vt 0.327082 0.915437
vt 0.318267 0.918639
vt 0.318270 0.915610
vt 0.318133 0.909853
vt 0.323676 0.907684
vt 0.870190 0.928462
vt 0.870234 0.921910
vt 0.875935 0.921504
vt 0.875170 0.927311
vt 0.316902 0.901028
vt 0.322805 0.899008
vt 0.870190 0.911490
vt 0.876709 0.914351
vt 0.314092 0.891790
vt 0.321197 0.890707
vt 0.307013 0.875293
vt 0.317013 0.877812
vt 0.324525 0.880978
vt 0.756589 0.047975
vt 0.761752 0.053925
vt 0.762665 0.082584
vt 0.755360 0.076412
vt 0.748693 0.069907
vt 0.752763 0.044365
vt 0.743121 0.066897
vt 0.748355 0.042154
vt 0.735980 0.063196
vt 0.739048 0.041343
vt 0.322865 0.859709
vt 0.313000 0.857132
vt 0.302134 0.854828
vt 0.298207 0.874597
vt 0.292694 0.851454
vt 0.293982 0.820414
vt 0.939647 0.158549
vt 0.936629 0.125011
vt 0.945226 0.129288
vt 0.947699 0.162897
vt 0.948266 0.197266
vt 0.939118 0.193037
vt 0.955744 0.164694
vt 0.957174 0.199400
vt 0.958357 0.234121
vt 0.948866 0.233307
vt 0.939041 0.229977
vt 0.966694 0.199334
vt 0.960346 0.270587
vt 0.949193 0.270790
vt 0.972484 0.303538
vt 0.961771 0.305368
vt 0.964448 0.165404
vt 0.973976 0.164536
vt 0.976530 0.198369
vt 0.088215 0.212493
vt 0.080977 0.214740
vt 0.052520 0.185547
vt 0.060740 0.183147
vt 0.070153 0.179572
vt 0.096140 0.209776
vt 0.080282 0.176680
vt 0.105168 0.207062
vt 0.051433 0.153416
vt 0.061551 0.149261
vt 0.030261 0.125352
vt 0.041724 0.121030
vt 0.054393 0.115721
vt 0.029014 0.099468
vt 0.042335 0.093461
vt 0.055146 0.088710
vt 0.037557 0.083045
vt 0.049704 0.076181
vt 0.059358 0.072052
vt 0.065927 0.085540
vt 0.010349 0.677202
vt 0.000920 0.669309
vt 0.006922 0.663553
vt 0.015736 0.670723
vt 0.026573 0.676848
vt 0.018600 0.667354
vt 0.028952 0.672504
vt 0.041593 0.675516
vt 0.029794 0.670039
vt 0.042068 0.673079
vt 0.058788 0.676843
vt 0.075298 0.674820
vt 0.355977 0.787614
vt 0.355922 0.774958
vt 0.358372 0.775157
vt 0.358057 0.787879
vt 0.042704 0.671246
vt 0.360790 0.775244
vt 0.360334 0.787820
vt 0.043018 0.669334
vt 0.060514 0.668751
vt 0.363106 0.775325
vt 0.362676 0.787810
vt 0.356173 0.803777
vt 0.353798 0.804470
vt 0.369191 0.940720
vt 0.369191 0.923933
vt 0.371331 0.924441
vt 0.371752 0.940832
vt 0.456075 0.892203
vt 0.459654 0.891940
vt 0.456434 0.906958
vt 0.452919 0.907719
vt 0.463001 0.892050
vt 0.460605 0.906524
vt 0.459704 0.929122
vt 0.464313 0.906688
vt 0.464129 0.928640
vt 0.463179 0.946746
vt 0.457832 0.947074
vt 0.915511 0.020688
vt 0.915778 0.015560
vt 0.928525 0.017980
vt 0.928896 0.022393
vt 0.943874 0.017774
vt 0.944914 0.021651
vt 0.945791 0.025222
vt 0.960847 0.018858
vt 0.961487 0.022177
vt 0.962022 0.025317
vt 0.946576 0.028302
vt 0.962596 0.028437
vt 0.947410 0.031528
vt 0.930653 0.033138
vt 0.915995 0.035314
vt 0.948236 0.034514
vt 0.931295 0.035565
vt 0.916685 0.037461
vt 0.910057 0.038709
vt 0.909676 0.036489
vt 0.931822 0.038079
vt 0.917614 0.039914
vt 0.910721 0.041006
vt 0.907077 0.041564
vt 0.906605 0.039379
vt 0.918511 0.042572
vt 0.911396 0.043473
vt 0.314534 0.921190
vt 0.313959 0.919186
vt 0.318450 0.920905
vt 0.919403 0.045311
vt 0.912139 0.046433
vt 0.313434 0.916634
vt 0.304989 0.918231
vt 0.304170 0.915038
vt 0.312881 0.912470
vt 0.913143 0.051093
vt 0.920492 0.048989
vt 0.922803 0.055355
vt 0.915353 0.060193
vt 0.311057 0.905094
vt 0.929065 0.072181
vt 0.920469 0.073918
vt 0.305769 0.894906
vt 0.938368 0.098210
vt 0.930019 0.096139
vt 0.941544 0.071296
vt 0.947897 0.099415
vt 0.954369 0.131636
vt 0.958016 0.100425
vt 0.962906 0.131912
vt 0.955974 0.070889
vt 0.970911 0.070533
vt 0.968160 0.100992
vt 0.970218 0.131017
vt 0.983204 0.069223
vt 0.978306 0.100297
vt 0.042001 0.155863
vt 0.953135 0.050798
vt 0.969785 0.049321
vt 0.983023 0.047014
vt 0.969110 0.043510
vt 0.982609 0.040386
vt 0.016945 0.105057
vt 0.012361 0.099108
vt 0.024025 0.091712
vt 0.010448 0.095402
vt 0.021750 0.087416
vt 0.034829 0.078337
vt 0.021711 0.084083
vt 0.033517 0.075588
vt 0.043977 0.066502
vt 0.045579 0.070257
vt 0.032201 0.071896
vt 0.043126 0.063114
vt 0.050860 0.059755
vt 0.051942 0.063047
vt 0.009913 0.660833
vt 0.042448 0.060003
vt 0.050064 0.056705
vt 0.353798 0.763700
vt 0.356155 0.763755
vt 0.019458 0.665225
vt 0.041583 0.057132
vt 0.049269 0.053884
vt 0.358311 0.763713
vt 0.040345 0.054879
vt 0.048394 0.051260
vt 0.360258 0.763642
vt 0.039109 0.052878
vt 0.047258 0.048916
vt 0.377272 0.901195
vt 0.379118 0.901745
vt 0.374336 0.912313
vt 0.372201 0.911806
vt 0.381205 0.902838
vt 0.376819 0.913015
vt 0.374098 0.924891
vt 0.379510 0.913939
vt 0.377094 0.925151
vt 0.377600 0.940145
vt 0.374388 0.940666
vt 0.380194 0.925235
vt 0.380534 0.938998
vt 0.387548 0.953733
vt 0.384221 0.955393
vt 0.381246 0.956225
vt 0.383479 0.937126
vt 0.390502 0.951031
vt 0.467666 0.907762
vt 0.470231 0.909118
vt 0.469751 0.928269
vt 0.467530 0.928455
vt 0.470231 0.944167
vt 0.467652 0.945778
vt 0.917202 0.011057
vt 0.919396 0.008127
vt 0.928808 0.010265
vt 0.928394 0.013895
vt 0.941601 0.010631
vt 0.942756 0.013893
vt 0.956286 0.009358
vt 0.958241 0.012026
vt 0.959852 0.015445
vt 0.970702 0.007960
vt 0.972261 0.010885
vt 0.973194 0.013891
vt 0.002402 0.074071
vt 0.001293 0.071224
vt 0.013134 0.062825
vt 0.014024 0.065469
vt 0.015287 0.068283
vt 0.003986 0.077076
vt 0.973842 0.017127
vt 0.016770 0.071338
vt 0.005882 0.079968
vt 0.974214 0.020298
vt 0.018285 0.074523
vt 0.007882 0.082890
vt 0.974645 0.023515
vt 0.019903 0.077714
vt 0.009645 0.085922
vt 0.975439 0.026809
vt 0.963616 0.031647
vt 0.977115 0.029888
vt 0.965174 0.034278
vt 0.949326 0.036657
vt 0.967171 0.036665
vt 0.950510 0.038602
vt 0.932670 0.041215
vt 0.951376 0.041877
vt 0.933608 0.043707
vt 0.952106 0.044971
vt 0.934566 0.046640
vt 0.936735 0.052420
vt 0.968624 0.040034
vt 0.979650 0.032779
vt 0.981846 0.036404
vt 0.983386 0.024175
vt 0.986444 0.027160
vt 0.990140 0.030519
vt 0.021333 0.081174
vt 0.010356 0.088895
vt 0.031015 0.068199
vt 0.029935 0.065076
vt 0.028951 0.062258
vt 0.028089 0.059517
vt 0.027258 0.057087
vt 0.037759 0.051170
vt 0.026432 0.055334
vt 0.036357 0.049841
vt 0.387670 0.894855
vt 0.389348 0.896568
vt 0.383458 0.904402
vt 0.385891 0.893466
vt 0.390838 0.898676
vt 0.385418 0.906212
vt 0.382087 0.914992
vt 0.387225 0.908147
vt 0.384476 0.916081
vt 0.382980 0.925010
vt 0.386503 0.917220
vt 0.385504 0.924546
vt 0.386131 0.934749
vt 0.388615 0.932474
vt 0.394381 0.944541
vt 0.392753 0.947932
vt 0.405035 0.949609
vt 0.403778 0.953730
vt 0.402246 0.957266
vt 0.412979 0.950188
vt 0.413074 0.952972
vt 0.418624 0.942948
vt 0.922159 0.005937
vt 0.929764 0.007674
vt 0.931110 0.005655
vt 0.939798 0.006351
vt 0.940737 0.008165
vt 0.421898 0.932170
vt 0.419132 0.921248
vt 0.420829 0.918962
vt 0.953842 0.007291
vt 0.413877 0.908982
vt 0.415126 0.906607
vt 0.965781 0.004242
vt 0.968518 0.005643
vt 0.416157 0.903937
vt 0.407047 0.899913
vt 0.407724 0.896976
vt 0.974888 0.000920
vt 0.977532 0.002319
vt 0.407760 0.894334
vt 0.398510 0.896886
vt 0.397903 0.894105
vt 0.012994 0.060508
vt 0.025787 0.054260
vt 0.000920 0.068348
vt 0.392026 0.901103
vt 0.397051 0.891940
vt 0.398887 0.899595
vt 0.393079 0.903580
vt 0.388864 0.910177
vt 0.394145 0.906191
vt 0.399238 0.902541
vt 0.406208 0.902847
vt 0.412012 0.912337
vt 0.416842 0.923828
vt 0.396450 0.940472
vt 0.406063 0.944858
vt 0.391241 0.929791
vt 0.394974 0.924953
vt 0.903527 0.040284
vt 0.902912 0.038224
vt 0.906212 0.037220
vt 0.903967 0.042228
vt 0.901905 0.036041
vt 0.905941 0.034910
vt 0.898942 0.038284
vt 0.900339 0.039951
vt 0.901031 0.041874
vt 0.851146 0.596792
vt 0.851753 0.598722
vt 0.849106 0.601326
vt 0.848333 0.599328
vt 0.899144 0.042551
vt 0.897452 0.041226
vt 0.847973 0.598021
vt 0.844178 0.602084
vt 0.843217 0.600776
vt 0.284353 0.898424
vt 0.285294 0.895896
vt 0.287823 0.896469
vt 0.286342 0.899296
vt 0.895310 0.040297
vt 0.895664 0.043454
vt 0.893505 0.043738
vt 0.893205 0.039995
vt 0.891394 0.044746
vt 0.891425 0.040479
vt 0.893400 0.035105
vt 0.422997 0.450288
vt 0.430064 0.452718
vt 0.429821 0.454542
vt 0.422584 0.451663
vt 0.414829 0.448200
vt 0.415456 0.446798
vt 0.099303 0.642143
vt 0.096241 0.649490
vt 0.422077 0.453861
vt 0.414564 0.450457
vt 0.400614 0.447135
vt 0.400430 0.444387
vt 0.100217 0.651366
vt 0.090238 0.662147
vt 0.414365 0.453589
vt 0.401505 0.450841
vt 0.383955 0.444799
vt 0.413788 0.457579
vt 0.401671 0.454937
vt 0.412680 0.461777
vt 0.420637 0.460375
vt 0.419756 0.463882
vt 0.418802 0.467360
vt 0.411558 0.465732
vt 0.417741 0.470699
vt 0.410583 0.469584
vt 0.416724 0.473930
vt 0.409797 0.473086
vt 0.424938 0.472538
vt 0.423924 0.475616
vt 0.423188 0.478289
vt 0.415984 0.476650
vt 0.409198 0.476137
vt 0.433155 0.478086
vt 0.432394 0.480860
vt 0.332635 0.913498
vt 0.328271 0.918085
vt 0.325942 0.915724
vt 0.330701 0.911186
vt 0.893854 0.961011
vt 0.891279 0.961775
vt 0.891573 0.951251
vt 0.894455 0.950908
vt 0.897796 0.951409
vt 0.895971 0.940143
vt 0.899178 0.940740
vt 0.902136 0.941962
vt 0.900679 0.952648
vt 0.836820 0.631632
vt 0.826460 0.636841
vt 0.825253 0.634097
vt 0.835645 0.628376
vt 0.823912 0.631357
vt 0.834265 0.625200
vt 0.822844 0.628785
vt 0.832966 0.622181
vt 0.906176 0.957191
vt 0.909328 0.945385
vt 0.912408 0.946509
vt 0.908865 0.958514
vt 0.832010 0.619425
vt 0.841378 0.614137
vt 0.831075 0.616651
vt 0.840009 0.611168
vt 0.846244 0.607141
vt 0.838812 0.608079
vt 0.845161 0.604354
vt 0.837703 0.605117
vt 0.829818 0.613674
vt 0.828358 0.610874
vt 0.826565 0.609167
vt 0.836393 0.603737
vt 0.282795 0.891318
vt 0.285455 0.890868
vt 0.282795 0.896049
vt 0.285266 0.884076
vt 0.288459 0.884354
vt 0.288388 0.891400
vt 0.898028 0.046942
vt 0.901910 0.052725
vt 0.898898 0.053575
vt 0.895246 0.047525
vt 0.290854 0.892721
vt 0.289639 0.897639
vt 0.896232 0.055247
vt 0.892817 0.049022
vt 0.438845 0.454640
vt 0.450217 0.457806
vt 0.450027 0.460348
vt 0.438687 0.457012
vt 0.449486 0.462984
vt 0.438253 0.459574
vt 0.429284 0.457015
vt 0.437504 0.462715
vt 0.428530 0.459834
vt 0.421429 0.456722
vt 0.427681 0.462927
vt 0.436743 0.465646
vt 0.435941 0.468619
vt 0.426852 0.466113
vt 0.435081 0.471721
vt 0.425950 0.469350
vt 0.434135 0.474893
vt 0.446452 0.474684
vt 0.445459 0.477878
vt 0.444394 0.481124
vt 0.457039 0.481413
vt 0.455861 0.484621
vt 0.454834 0.486741
vt 0.443459 0.483636
vt 0.682421 0.860352
vt 0.679101 0.860330
vt 0.678816 0.851820
vt 0.682058 0.851864
vt 0.892992 0.940176
vt 0.894632 0.928949
vt 0.897638 0.928961
vt 0.896359 0.917963
vt 0.899373 0.918134
vt 0.902751 0.918662
vt 0.901017 0.929673
vt 0.906011 0.919203
vt 0.904096 0.930737
vt 0.909133 0.919723
vt 0.906761 0.931616
vt 0.816690 0.643133
vt 0.815596 0.640834
vt 0.912176 0.920333
vt 0.909411 0.932466
vt 0.814413 0.638505
vt 0.915482 0.920989
vt 0.912497 0.933353
vt 0.906751 0.944266
vt 0.918893 0.921731
vt 0.915675 0.934295
vt 0.922197 0.922587
vt 0.918700 0.935275
vt 0.915295 0.947710
vt 0.911450 0.959875
vt 0.921213 0.936138
vt 0.917950 0.948896
vt 0.821571 0.624111
vt 0.820417 0.621376
vt 0.811499 0.630117
vt 0.809605 0.627793
vt 0.818641 0.618694
vt 0.807238 0.626182
vt 0.816514 0.617261
vt 0.805481 0.625733
vt 0.814643 0.616463
vt 0.284057 0.878043
vt 0.287326 0.877782
vt 0.906538 0.060821
vt 0.910918 0.070440
vt 0.907892 0.071250
vt 0.903359 0.061675
vt 0.904853 0.072866
vt 0.900422 0.063433
vt 0.902148 0.074592
vt 0.897938 0.065443
vt 0.461890 0.462909
vt 0.461584 0.465140
vt 0.899471 0.076425
vt 0.895560 0.067754
vt 0.461052 0.467746
vt 0.472120 0.473529
vt 0.471476 0.475806
vt 0.460323 0.470316
vt 0.448678 0.465959
vt 0.459577 0.473015
vt 0.448027 0.468853
vt 0.458815 0.475729
vt 0.447276 0.471764
vt 0.458027 0.478449
vt 0.470139 0.480393
vt 0.469386 0.482833
vt 0.468335 0.485728
vt 0.480428 0.487725
vt 0.479177 0.490423
vt 0.477607 0.493226
vt 0.467078 0.488568
vt 0.488938 0.496462
vt 0.486799 0.499014
vt 0.484913 0.500937
vt 0.476289 0.494645
vt 0.679132 0.844074
vt 0.682421 0.843909
vt 0.495097 0.506886
vt 0.492803 0.508821
vt 0.896834 0.907203
vt 0.896492 0.896124
vt 0.900033 0.896216
vt 0.900244 0.907217
vt 0.903894 0.896030
vt 0.903861 0.907338
vt 0.907636 0.895808
vt 0.907229 0.907435
vt 0.911292 0.895575
vt 0.910652 0.907580
vt 0.914988 0.895450
vt 0.914124 0.907854
vt 0.918737 0.895624
vt 0.917692 0.908322
vt 0.922507 0.895889
vt 0.921285 0.908878
vt 0.926315 0.896081
vt 0.924873 0.909471
vt 0.929408 0.895862
vt 0.927859 0.909849
vt 0.925032 0.923304
vt 0.803469 0.639580
vt 0.795569 0.650055
vt 0.792891 0.647954
vt 0.800993 0.637201
vt 0.789950 0.646445
vt 0.798469 0.635832
vt 0.918060 0.080869
vt 0.922367 0.091809
vt 0.919262 0.091381
vt 0.915226 0.080554
vt 0.913597 0.070881
vt 0.915481 0.092070
vt 0.911939 0.081314
vt 0.912115 0.093268
vt 0.908784 0.082648
vt 0.908717 0.094594
vt 0.905824 0.084130
vt 0.905471 0.095966
vt 0.902836 0.085710
vt 0.902108 0.097139
vt 0.899995 0.087340
vt 0.897127 0.078389
vt 0.898715 0.098262
vt 0.897169 0.088900
vt 0.482736 0.481849
vt 0.482118 0.483709
vt 0.470806 0.478094
vt 0.481382 0.485587
vt 0.894276 0.090443
vt 0.895463 0.099432
vt 0.492015 0.491886
vt 0.490778 0.493958
vt 0.892676 0.101028
vt 0.896421 0.110196
vt 0.893348 0.111309
vt 0.500013 0.502007
vt 0.497650 0.504474
vt 0.508661 0.511538
vt 0.505988 0.513670
vt 0.503093 0.515879
vt 0.513410 0.523963
vt 0.510315 0.525933
vt 0.507809 0.527345
vt 0.500664 0.517578
vt 0.895730 0.884570
vt 0.894917 0.872970
vt 0.898408 0.872999
vt 0.899285 0.884578
vt 0.902303 0.872547
vt 0.903189 0.884282
vt 0.906167 0.872116
vt 0.907008 0.883934
vt 0.910094 0.871694
vt 0.910918 0.883601
vt 0.913981 0.871303
vt 0.914781 0.883321
vt 0.917859 0.871148
vt 0.918623 0.883209
vt 0.921681 0.871012
vt 0.922412 0.883158
vt 0.925522 0.870718
vt 0.926062 0.882961
vt 0.928845 0.869753
vt 0.929116 0.882344
vt 0.782345 0.674322
vt 0.778044 0.686911
vt 0.774575 0.685786
vt 0.779325 0.672956
vt 0.785343 0.660221
vt 0.788402 0.661937
vt 0.776228 0.671909
vt 0.782413 0.658943
vt 0.925176 0.104579
vt 0.926809 0.117754
vt 0.923660 0.117610
vt 0.922134 0.104472
vt 0.919975 0.118064
vt 0.918411 0.105030
vt 0.916277 0.118803
vt 0.914753 0.105840
vt 0.912494 0.119541
vt 0.910920 0.106737
vt 0.908645 0.120279
vt 0.907210 0.107665
vt 0.904787 0.120969
vt 0.903547 0.108555
vt 0.901040 0.121599
vt 0.899920 0.109369
vt 0.897405 0.122201
vt 0.901870 0.133889
vt 0.898193 0.134470
vt 0.894805 0.135067
vt 0.894091 0.122856
vt 0.516014 0.522125
vt 0.898979 0.147291
vt 0.895527 0.147866
vt 0.522745 0.533501
vt 0.519997 0.535207
vt 0.516565 0.537049
vt 0.528714 0.545762
vt 0.525939 0.547200
vt 0.522507 0.548642
vt 0.519919 0.549522
vt 0.514397 0.537980
vt 0.530926 0.559651
vt 0.527623 0.560635
vt 0.524866 0.561319
vt 0.892080 0.838815
vt 0.895693 0.839066
vt 0.896415 0.849867
vt 0.892787 0.849925
vt 0.531475 0.573203
vt 0.528778 0.573576
vt 0.891395 0.828243
vt 0.895272 0.828553
vt 0.899157 0.828589
vt 0.899631 0.838800
vt 0.891363 0.818028
vt 0.895049 0.818557
vt 0.898773 0.818935
vt 0.902539 0.819211
vt 0.903039 0.828485
vt 0.894908 0.809499
vt 0.898546 0.810191
vt 0.902247 0.810879
vt 0.736948 0.843752
vt 0.740626 0.843246
vt 0.740035 0.851939
vt 0.736248 0.852115
vt 0.733328 0.844286
vt 0.734366 0.835071
vt 0.737952 0.834604
vt 0.741581 0.834076
vt 0.745055 0.833334
vt 0.744336 0.842728
vt 0.738800 0.823892
vt 0.742255 0.823375
vt 0.745414 0.822522
vt 0.748597 0.821713
vt 0.748501 0.832556
vt 0.742920 0.812270
vt 0.745788 0.811385
vt 0.748746 0.810519
vt 0.752086 0.809910
vt 0.752079 0.821222
vt 0.745798 0.799928
vt 0.748560 0.799049
vt 0.751775 0.798403
vt 0.755215 0.798248
vt 0.755816 0.809871
vt 0.747658 0.787220
vt 0.750725 0.786563
vt 0.754118 0.786309
vt 0.756747 0.786592
vt 0.758000 0.798787
vt 0.749046 0.774188
vt 0.752594 0.773830
vt 0.755685 0.773831
vt 0.820270 0.821808
vt 0.817722 0.824328
vt 0.808363 0.815074
vt 0.810813 0.812863
vt 0.750645 0.761360
vt 0.753109 0.761523
vt 0.829347 0.831078
vt 0.827043 0.833410
vt 0.824962 0.835537
vt 0.815512 0.826578
vt 0.838488 0.840032
vt 0.836105 0.842319
vt 0.833932 0.844467
vt 0.831684 0.846660
vt 0.822844 0.837693
vt 0.844589 0.851754
vt 0.842337 0.853877
vt 0.840098 0.855972
vt 0.837889 0.858036
vt 0.829513 0.848803
vt 0.849822 0.862714
vt 0.847402 0.864808
vt 0.845039 0.866875
vt 0.842745 0.868937
vt 0.835613 0.860149
vt 0.851913 0.871214
vt 0.849448 0.873252
vt 0.847100 0.875330
vt 0.844856 0.877399
vt 0.840444 0.870991
vt 0.852440 0.878310
vt 0.850006 0.880330
vt 0.847722 0.882346
vt 0.845727 0.884279
vt 0.842734 0.879457
vt 0.851924 0.884337
vt 0.854369 0.882311
vt 0.855521 0.885594
vt 0.853222 0.887575
vt 0.946604 0.331375
vt 0.947215 0.329336
vt 0.857241 0.880163
vt 0.858753 0.883255
vt 0.948147 0.326916
vt 0.860229 0.877993
vt 0.862020 0.880952
vt 0.949878 0.324545
vt 0.952091 0.326302
vt 0.957291 0.324600
vt 0.955299 0.327307
vt 0.960598 0.325054
vt 0.958339 0.328120
vt 0.963742 0.325497
vt 0.961046 0.329414
vt 0.957126 0.332508
vt 0.952981 0.334628
vt 0.963203 0.331158
vt 0.958809 0.334580
vt 0.954068 0.336972
vt 0.960167 0.337198
vt 0.954953 0.339893
vt 0.960766 0.339889
vt 0.964926 0.333092
vt 0.941980 0.805750
vt 0.935960 0.805263
vt 0.936804 0.802995
vt 0.928807 0.805111
vt 0.929346 0.802660
vt 0.930207 0.799922
vt 0.937481 0.800292
vt 0.938089 0.797652
vt 0.938582 0.794878
vt 0.942979 0.793555
vt 0.945762 0.790931
vt 0.938643 0.792113
vt 0.941955 0.790782
vt 0.943874 0.788746
vt 0.824509 0.921476
vt 0.824458 0.916597
vt 0.827358 0.917549
vt 0.827244 0.921629
vt 0.941334 0.787187
vt 0.943401 0.783400
vt 0.945598 0.785645
vt 0.947174 0.787781
vt 0.520849 0.895022
vt 0.519324 0.892228
vt 0.948948 0.780344
vt 0.950887 0.782656
vt 0.952093 0.784685
vt 0.948099 0.789843
vt 0.952936 0.786025
vt 0.949244 0.791480
vt 0.956791 0.776822
vt 0.959301 0.779277
vt 0.961213 0.781581
vt 0.888971 0.612559
vt 0.885640 0.612432
vt 0.885496 0.602920
vt 0.887844 0.603396
vt 0.967373 0.768541
vt 0.970102 0.770044
vt 0.889394 0.626870
vt 0.886005 0.627349
vt 0.882475 0.627256
vt 0.882392 0.612107
vt 0.888883 0.642852
vt 0.885782 0.643730
vt 0.882412 0.644054
vt 0.879025 0.644056
vt 0.879066 0.626881
vt 0.734272 0.964791
vt 0.731360 0.964049
vt 0.729927 0.941540
vt 0.737332 0.965498
vt 0.885624 0.661392
vt 0.888895 0.660475
vt 0.727294 0.940979
vt 0.975947 0.725914
vt 0.973948 0.750256
vt 0.971465 0.749801
vt 0.973312 0.726096
vt 0.968262 0.749339
vt 0.969904 0.726358
vt 0.970873 0.699869
vt 0.966310 0.726739
vt 0.967364 0.699879
vt 0.962257 0.727468
vt 0.963618 0.699862
vt 0.957537 0.728593
vt 0.959320 0.699956
vt 0.957124 0.672881
vt 0.948890 0.699072
vt 0.944464 0.672984
vt 0.939075 0.663358
vt 0.924317 0.675328
vt 0.935935 0.658772
vt 0.923946 0.700309
vt 0.910496 0.701587
vt 0.912262 0.676258
vt 0.904946 0.702894
vt 0.905835 0.677791
vt 0.901149 0.703472
vt 0.901490 0.678492
vt 0.897598 0.703726
vt 0.897814 0.678639
vt 0.894125 0.703803
vt 0.894365 0.678596
vt 0.897162 0.659205
vt 0.891802 0.678574
vt 0.894034 0.658238
vt 0.902410 0.644795
vt 0.905114 0.647293
vt 0.914619 0.643655
vt 0.922471 0.648102
vt 0.891279 0.657525
vt 0.900650 0.642878
vt 0.948608 0.821429
vt 0.951014 0.822647
vt 0.951718 0.842078
vt 0.948736 0.841758
vt 0.945286 0.841850
vt 0.945166 0.821548
vt 0.945156 0.808697
vt 0.949059 0.809014
vt 0.948677 0.866456
vt 0.945355 0.866415
vt 0.949776 0.890683
vt 0.946260 0.890563
vt 0.952194 0.914083
vt 0.948513 0.914089
vt 0.944947 0.914218
vt 0.951978 0.932728
vt 0.948329 0.933163
vt 0.944833 0.933644
vt 0.954861 0.944763
vt 0.902287 0.781343
vt 0.904289 0.779593
vt 0.908992 0.785794
vt 0.907149 0.787334
vt 0.958960 0.951548
vt 0.894215 0.770687
vt 0.896753 0.769624
vt 0.900069 0.768556
vt 0.906845 0.777963
vt 0.954475 0.932161
vt 0.891382 0.752238
vt 0.893936 0.751997
vt 0.897373 0.752011
vt 0.903808 0.767440
vt 0.953989 0.914339
vt 0.952438 0.891028
vt 0.891308 0.728703
vt 0.894650 0.729037
vt 0.898033 0.729502
vt 0.901157 0.752282
vt 0.891279 0.703822
vt 0.951360 0.866691
vt 0.907463 0.766207
vt 0.901547 0.730076
vt 0.905527 0.730863
vt 0.912178 0.733169
vt 0.926021 0.733738
vt 0.946666 0.732228
vt 0.954222 0.748939
vt 0.960079 0.749102
vt 0.955932 0.762819
vt 0.949657 0.761355
vt 0.950431 0.771491
vt 0.946013 0.769292
vt 0.946248 0.778025
vt 0.943088 0.775756
vt 0.939761 0.773609
vt 0.936427 0.772593
vt 0.953757 0.774141
vt 0.959933 0.764995
vt 0.963578 0.766759
vt 0.964585 0.749067
vt 0.912485 0.774840
vt 0.909658 0.776337
vt 0.912961 0.783537
vt 0.911474 0.784585
vt 0.835300 0.909071
vt 0.835300 0.901590
vt 0.965635 0.954894
vt 0.909551 0.790380
vt 0.913781 0.792600
vt 0.912171 0.795729
vt 0.907999 0.793134
vt 0.832909 0.895509
vt 0.917141 0.797549
vt 0.916223 0.800526
vt 0.911259 0.798791
vt 0.969642 0.960590
vt 0.968713 0.963417
vt 0.915881 0.803308
vt 0.910923 0.801915
vt 0.967732 0.966425
vt 0.962760 0.963757
vt 0.966206 0.969199
vt 0.961757 0.967095
vt 0.955458 0.965304
vt 0.960434 0.969744
vt 0.955280 0.968304
vt 0.959001 0.971381
vt 0.954797 0.970069
vt 0.949637 0.969624
vt 0.945952 0.313745
vt 0.951108 0.313844
vt 0.946347 0.315568
vt 0.941925 0.316076
vt 0.940679 0.314593
vt 0.735577 0.704190
vt 0.739907 0.703270
vt 0.740467 0.704557
vt 0.737169 0.705643
vt 0.734718 0.706513
vt 0.732053 0.705173
vt 0.738212 0.708478
vt 0.736054 0.709535
vt 0.471350 0.724630
vt 0.473730 0.722436
vt 0.476547 0.723742
vt 0.474185 0.726436
vt 0.940664 0.318734
vt 0.475268 0.718571
vt 0.478205 0.719761
vt 0.481552 0.721093
vt 0.480077 0.725109
vt 0.477892 0.728204
vt 0.484809 0.722656
vt 0.483542 0.715866
vt 0.486615 0.717335
vt 0.489337 0.718895
vt 0.489399 0.710233
vt 0.491995 0.711730
vt 0.494508 0.713305
vt 0.496655 0.701277
vt 0.499193 0.702947
vt 0.501786 0.704560
vt 0.497194 0.714866
vt 0.504613 0.706059
vt 0.500116 0.716215
vt 0.507444 0.707181
vt 0.502775 0.717071
vt 0.364110 0.657307
vt 0.363831 0.667722
vt 0.360569 0.667688
vt 0.361013 0.657318
vt 0.361459 0.649480
vt 0.364296 0.649722
vt 0.358251 0.656671
vt 0.358866 0.648913
vt 0.359283 0.643604
vt 0.938032 0.331146
vt 0.937233 0.326645
vt 0.939771 0.325438
vt 0.940649 0.330055
vt 0.938608 0.334906
vt 0.359472 0.639591
vt 0.938734 0.338445
vt 0.938442 0.341954
vt 0.942693 0.345199
vt 0.938476 0.345401
vt 0.934370 0.344984
vt 0.946913 0.344956
vt 0.501547 0.900549
vt 0.503197 0.897099
vt 0.507325 0.897804
vt 0.505583 0.900934
vt 0.511810 0.898890
vt 0.510481 0.901972
vt 0.517558 0.900212
vt 0.516545 0.903113
vt 0.879591 0.602329
vt 0.882714 0.602717
vt 0.879216 0.611594
vt 0.883432 0.596985
vt 0.886727 0.596792
vt 0.946902 0.348400
vt 0.844258 0.886087
vt 0.840975 0.881385
vt 0.846789 0.890006
vt 0.935946 0.320378
vt 0.938515 0.319027
vt 0.836087 0.874846
vt 0.838154 0.872969
vt 0.829066 0.866358
vt 0.831124 0.864359
vt 0.833342 0.862277
vt 0.823259 0.855106
vt 0.825306 0.853027
vt 0.827402 0.850919
vt 0.816809 0.843802
vt 0.818793 0.841806
vt 0.820758 0.839809
vt 0.809859 0.832523
vt 0.811521 0.830731
vt 0.813497 0.828659
vt 0.802824 0.820844
vt 0.804364 0.819164
vt 0.806090 0.817336
vt 0.795426 0.809432
vt 0.797264 0.807575
vt 0.799645 0.805394
vt 0.789159 0.797267
vt 0.791705 0.795199
vt 0.794671 0.793176
vt 0.802382 0.803235
vt 0.784553 0.784710
vt 0.787607 0.783074
vt 0.758617 0.810707
vt 0.758541 0.822221
vt 0.755704 0.821301
vt 0.758617 0.832858
vt 0.755629 0.831633
vt 0.751924 0.831831
vt 0.755195 0.841875
vt 0.751633 0.841643
vt 0.748013 0.842121
vt 0.751141 0.850410
vt 0.747444 0.850874
vt 0.743763 0.851458
vt 0.910147 0.819833
vt 0.913896 0.820393
vt 0.914501 0.828697
vt 0.910747 0.828356
vt 0.906948 0.828351
vt 0.906359 0.819369
vt 0.911418 0.837942
vt 0.907500 0.838138
vt 0.903549 0.838485
vt 0.908127 0.848633
vt 0.904162 0.849067
vt 0.900259 0.849502
vt 0.905158 0.860525
vt 0.901242 0.860980
vt 0.897368 0.861307
vt 0.893719 0.861315
vt 0.909093 0.860062
vt 0.912987 0.859656
vt 0.912036 0.848272
vt 0.915883 0.848373
vt 0.916830 0.859473
vt 0.915193 0.838109
vt 0.918981 0.838258
vt 0.919676 0.848343
vt 0.918257 0.828970
vt 0.921958 0.828598
vt 0.922774 0.837948
vt 0.917646 0.820796
vt 0.921325 0.820252
vt 0.776297 0.749095
vt 0.773889 0.749069
vt 0.772033 0.736780
vt 0.774448 0.737007
vt 0.754851 0.850786
vt 0.758143 0.843102
vt 0.757983 0.852284
vt 0.777112 0.761046
vt 0.773841 0.761919
vt 0.770427 0.749681
vt 0.781950 0.772259
vt 0.778607 0.773709
vt 0.775642 0.775289
vt 0.770970 0.763202
vt 0.781952 0.786507
vt 0.941503 0.232396
vt 0.938523 0.233840
vt 0.936457 0.222611
vt 0.939634 0.221340
vt 0.943577 0.242971
vt 0.940810 0.244697
vt 0.937713 0.246293
vt 0.935240 0.235150
vt 0.787344 0.798986
vt 0.942525 0.254926
vt 0.939594 0.256681
vt 0.936446 0.258344
vt 0.934393 0.247800
vt 0.793769 0.811188
vt 0.801231 0.822665
vt 0.792312 0.812861
vt 0.937789 0.267899
vt 0.934973 0.269674
vt 0.933116 0.259862
vt 0.808270 0.834258
vt 0.799722 0.824443
vt 0.806644 0.836053
vt 0.798213 0.826240
vt 0.814814 0.845815
vt 0.813029 0.847633
vt 0.804987 0.837876
vt 0.821382 0.857005
vt 0.935097 0.301575
vt 0.932164 0.302740
vt 0.930627 0.293762
vt 0.933877 0.292437
vt 0.936975 0.310726
vt 0.934127 0.312078
vt 0.357600 0.666881
vt 0.359871 0.678933
vt 0.356937 0.678107
vt 0.363231 0.679253
vt 0.361963 0.690980
vt 0.358428 0.690655
vt 0.355380 0.689775
vt 0.360790 0.702473
vt 0.357384 0.702377
vt 0.354361 0.701554
vt 0.356846 0.714306
vt 0.353798 0.713606
vt 0.928691 0.284393
vt 0.926302 0.274728
vt 0.929406 0.273242
vt 0.931739 0.282889
vt 0.923485 0.264381
vt 0.926735 0.263010
vt 0.929870 0.261441
vt 0.932176 0.271468
vt 0.796741 0.828018
vt 0.924014 0.252026
vt 0.927384 0.250627
vt 0.930842 0.249206
vt 0.924427 0.238872
vt 0.928099 0.237698
vt 0.931821 0.236504
vt 0.925392 0.225503
vt 0.929229 0.224543
vt 0.932869 0.223539
vt 0.926728 0.211741
vt 0.930554 0.211079
vt 0.934166 0.210366
vt 0.928352 0.198220
vt 0.932093 0.197635
vt 0.935370 0.196843
vt 0.937410 0.209359
vt 0.930146 0.184347
vt 0.933337 0.183798
vt 0.767292 0.750606
vt 0.765354 0.737533
vt 0.768552 0.737015
vt 0.764505 0.724320
vt 0.767966 0.724110
vt 0.771443 0.724286
vt 0.768685 0.711252
vt 0.772178 0.711738
vt 0.774528 0.712403
vt 0.774013 0.724735
vt 0.923360 0.847957
vt 0.926331 0.846735
vt 0.927240 0.857718
vt 0.924324 0.858852
vt 0.920622 0.859314
vt 0.774288 0.699387
vt 0.770867 0.698515
vt 0.767600 0.697897
vt 0.771432 0.684976
vt 0.765618 0.711076
vt 0.929871 0.157281
vt 0.926770 0.157511
vt 0.925434 0.144046
vt 0.928741 0.144027
vt 0.931967 0.170591
vt 0.928453 0.171023
vt 0.924692 0.171450
vt 0.923056 0.157928
vt 0.926447 0.184782
vt 0.922632 0.185197
vt 0.920920 0.171880
vt 0.924514 0.198666
vt 0.920596 0.199207
vt 0.918709 0.185671
vt 0.922819 0.212491
vt 0.918897 0.213279
vt 0.916667 0.199817
vt 0.921510 0.226462
vt 0.917819 0.227431
vt 0.915085 0.214071
vt 0.920877 0.240060
vt 0.917400 0.241147
vt 0.914179 0.228363
vt 0.920651 0.253364
vt 0.916890 0.254140
vt 0.913861 0.241905
vt 0.920088 0.264951
vt 0.356824 0.726671
vt 0.360257 0.726643
vt 0.360914 0.738878
vt 0.357323 0.739247
vt 0.353849 0.725903
vt 0.360240 0.714324
vt 0.363320 0.713933
vt 0.363445 0.726014
vt 0.363766 0.702139
vt 0.521373 0.673012
vt 0.518424 0.671315
vt 0.524108 0.660325
vt 0.526848 0.661977
vt 0.523906 0.673855
vt 0.518490 0.685041
vt 0.515938 0.684026
vt 0.513331 0.682450
vt 0.511119 0.680861
vt 0.516235 0.669647
vt 0.509987 0.695132
vt 0.507362 0.693469
vt 0.505023 0.691821
vt 0.502878 0.690239
vt 0.509041 0.679268
vt 0.506932 0.677693
vt 0.512724 0.666605
vt 0.514426 0.668082
vt 0.500735 0.688670
vt 0.498428 0.687055
vt 0.504824 0.676146
vt 0.494175 0.699643
vt 0.491717 0.698006
vt 0.489205 0.696358
vt 0.495875 0.685360
vt 0.486613 0.708591
vt 0.483756 0.706931
vt 0.481000 0.705349
vt 0.486693 0.694751
vt 0.480423 0.714370
vt 0.477526 0.713166
vt 0.475244 0.712142
vt 0.478721 0.703924
vt 0.473180 0.717470
vt 0.738199 0.712305
vt 0.741242 0.711943
vt 0.741238 0.717245
vt 0.738257 0.717654
vt 0.471829 0.721390
vt 0.741034 0.707843
vt 0.744586 0.712310
vt 0.747113 0.712962
vt 0.747163 0.718258
vt 0.744562 0.717616
vt 0.747959 0.725960
vt 0.745355 0.725533
vt 0.741988 0.725475
vt 0.746874 0.736643
vt 0.743571 0.736702
vt 0.740601 0.737390
vt 0.738968 0.725982
vt 0.745480 0.749210
vt 0.742651 0.749930
vt 0.484190 0.693173
vt 0.491006 0.682072
vt 0.493313 0.683648
vt 0.497880 0.671216
vt 0.500214 0.672890
vt 0.502530 0.674530
vt 0.506563 0.661892
vt 0.508785 0.663533
vt 0.510938 0.665132
vt 0.515523 0.652815
vt 0.517406 0.654325
vt 0.739044 0.777319
vt 0.739960 0.789634
vt 0.737163 0.790337
vt 0.736462 0.778071
vt 0.740253 0.801584
vt 0.737161 0.802211
vt 0.734047 0.802795
vt 0.734329 0.791010
vt 0.733806 0.778776
vt 0.730986 0.803412
vt 0.731505 0.791673
vt 0.731256 0.779471
vt 0.522149 0.658643
vt 0.526894 0.647348
vt 0.528918 0.648899
vt 0.728299 0.804301
vt 0.730081 0.814786
vt 0.727211 0.815659
vt 0.532308 0.636956
vt 0.535659 0.637933
vt 0.531924 0.650359
vt 0.534699 0.624657
vt 0.538269 0.625265
vt 0.541624 0.625415
vt 0.539030 0.638406
vt 0.534639 0.650842
vt 0.539702 0.612125
vt 0.543170 0.612011
vt 0.362469 0.750273
vt 0.364971 0.761433
vt 0.361451 0.761802
vt 0.359018 0.750595
vt 0.910422 0.229204
vt 0.907381 0.229246
vt 0.904740 0.215712
vt 0.907681 0.215501
vt 0.911376 0.214839
vt 0.905479 0.201662
vt 0.909061 0.201110
vt 0.912787 0.200454
vt 0.907069 0.187401
vt 0.910899 0.186807
vt 0.914775 0.186222
vt 0.909197 0.173387
vt 0.913138 0.172847
vt 0.917063 0.172344
vt 0.911642 0.159340
vt 0.915553 0.158864
vt 0.919339 0.158392
vt 0.914401 0.145462
vt 0.918070 0.144932
vt 0.921696 0.144426
vt 0.917183 0.131720
vt 0.920892 0.131160
vt 0.924490 0.130804
vt 0.927801 0.130978
vt 0.913431 0.132309
vt 0.910538 0.145947
vt 0.909570 0.132883
vt 0.906610 0.146400
vt 0.905684 0.133374
vt 0.902745 0.146837
vt 0.907659 0.159810
vt 0.903765 0.160248
vt 0.899957 0.160711
vt 0.896819 0.161322
vt 0.905340 0.173906
vt 0.901477 0.174428
vt 0.897838 0.174911
vt 0.533953 0.558375
vt 0.903420 0.187983
vt 0.900026 0.188492
vt 0.537926 0.571312
vt 0.534971 0.572330
vt 0.541320 0.584465
vt 0.538024 0.585356
vt 0.534391 0.585926
vt 0.532257 0.585713
vt 0.539594 0.598544
vt 0.536123 0.598792
vt 0.534311 0.598263
vt 0.891279 0.808697
vt 0.536054 0.611843
vt 0.534234 0.611038
vt 0.726233 0.845485
vt 0.727227 0.835915
vt 0.730815 0.835503
vt 0.729772 0.844823
vt 0.728543 0.825452
vt 0.731917 0.824865
vt 0.735299 0.824326
vt 0.733303 0.814189
vt 0.736562 0.813610
vt 0.739858 0.813046
vt 0.743123 0.800797
vt 0.742505 0.788847
vt 0.745008 0.788043
vt 0.513595 0.651296
vt 0.743302 0.775643
vt 0.745550 0.774846
vt 0.504449 0.660256
vt 0.744563 0.762361
vt 0.747316 0.761608
vt 0.748860 0.748839
vt 0.840591 0.838115
vt 0.831016 0.829552
vt 0.849055 0.847962
vt 0.847064 0.849568
vt 0.856566 0.857156
vt 0.854681 0.858484
vt 0.852260 0.860548
vt 0.859681 0.865103
vt 0.857090 0.867112
vt 0.854432 0.869202
vt 0.860407 0.872073
vt 0.857780 0.874229
vt 0.855078 0.876258
vt 0.862850 0.869912
vt 0.532705 0.623516
vt 0.725923 0.826604
vt 0.542822 0.598104
vt 0.902080 0.202120
vt 0.512764 0.696226
vt 0.946667 0.317024
vt 0.955300 0.314724
vt 0.956747 0.313353
vt 0.960529 0.315209
vt 0.962998 0.317897
vt 0.964228 0.971341
vt 0.968970 0.971195
vt 0.966703 0.972767
vt 0.965283 0.318083
vt 0.966660 0.321801
vt 0.964313 0.321444
vt 0.916294 0.805684
vt 0.911538 0.804590
vt 0.921886 0.804386
vt 0.921874 0.806418
vt 0.928388 0.806857
vt 0.922266 0.801882
vt 0.923110 0.798981
vt 0.966309 0.326385
vt 0.968081 0.327887
vt 0.916429 0.789731
vt 0.875656 0.643715
vt 0.889394 0.597041
vt 0.825884 0.911723
vt 0.827994 0.913671
vt 0.830699 0.914995
vt 0.793537 0.898111
vt 0.795047 0.894648
vt 0.796817 0.894824
vt 0.796435 0.898573
vt 0.791045 0.897498
vt 0.937316 0.788970
vt 0.901260 0.043556
vt 0.082070 0.673595
vt 0.986448 0.428885
vt 0.576389 0.797335
vt 0.578785 0.798828
vt 0.842772 0.335156
vt 0.573426 0.795420
vt 0.581708 0.784691
vt 0.584601 0.786786
vt 0.571192 0.793934
vt 0.579099 0.782811
vt 0.587968 0.772283
vt 0.270660 0.878274
vt 0.272714 0.884891
vt 0.269107 0.884790
vt 0.267222 0.877782
vt 0.586507 0.771191
vt 0.595788 0.761086
vt 0.822604 0.909538
vt 0.822447 0.916936
vt 0.818804 0.916715
vt 0.819085 0.909642
vt 0.819044 0.902687
vt 0.822618 0.902446
vt 0.818763 0.895662
vt 0.822241 0.895595
vt 0.815706 0.908490
vt 0.815632 0.901626
vt 0.815394 0.894648
vt 0.708617 0.984453
vt 0.362506 0.819513
vt 0.362840 0.832871
vt 0.360902 0.832992
vt 0.360758 0.819595
vt 0.360506 0.806311
vt 0.362213 0.806321
vt 0.705077 0.979363
vt 0.358974 0.819670
vt 0.358777 0.806318
vt 0.701725 0.980723
vt 0.701413 0.973691
vt 0.698303 0.981999
vt 0.697925 0.974971
vt 0.697838 0.967992
vt 0.694438 0.976269
vt 0.694303 0.969235
vt 0.694653 0.961611
vt 0.690878 0.970466
vt 0.691272 0.962704
vt 0.691670 0.953919
vt 0.687934 0.963831
vt 0.688342 0.954990
vt 0.688117 0.944949
vt 0.685078 0.956177
vt 0.684843 0.946214
vt 0.685309 0.935851
vt 0.444794 0.346266
vt 0.456860 0.353184
vt 0.455478 0.355804
vt 0.443195 0.348676
vt 0.431709 0.340339
vt 0.433589 0.338051
vt 0.441413 0.351473
vt 0.429488 0.343095
vt 0.418939 0.333672
vt 0.427601 0.345543
vt 0.417134 0.335604
vt 0.407344 0.325459
vt 0.887256 0.142564
vt 0.888162 0.156399
vt 0.884902 0.156447
vt 0.884007 0.142640
vt 0.882957 0.128876
vt 0.886166 0.128876
vt 0.880458 0.142948
vt 0.879299 0.129210
vt 0.877748 0.116158
vt 0.875704 0.129682
vt 0.874182 0.116474
vt 0.872770 0.103734
vt 0.870563 0.116826
vt 0.869192 0.103914
vt 0.868370 0.091964
vt 0.865557 0.104187
vt 0.864731 0.092002
vt 0.863958 0.079747
vt 0.861145 0.092070
vt 0.860319 0.079653
vt 0.859324 0.067953
vt 0.856766 0.079571
vt 0.855786 0.067724
vt 0.854685 0.056802
vt 0.853959 0.046592
vt 0.852289 0.067738
vt 0.851080 0.056557
vt 0.850379 0.046582
vt 0.107168 0.832220
vt 0.847712 0.057301
vt 0.847160 0.047697
vt 0.105031 0.829651
vt 0.110406 0.821173
vt 0.650712 0.510646
vt 0.658802 0.522047
vt 0.656371 0.523385
vt 0.648360 0.512141
vt 0.639821 0.501471
vt 0.642166 0.499624
vt 0.645727 0.514148
vt 0.637135 0.503813
vt 0.627730 0.493587
vt 0.635353 0.505619
vt 0.626268 0.495373
vt 0.718706 0.755401
vt 0.716182 0.756498
vt 0.715451 0.744125
vt 0.718060 0.742867
vt 0.712915 0.757295
vt 0.712168 0.745078
vt 0.710645 0.732955
vt 0.708678 0.745912
vt 0.707288 0.734063
vt 0.705119 0.746733
vt 0.703940 0.735195
vt 0.701628 0.747693
vt 0.700728 0.736453
vt 0.698862 0.725782
vt 0.592361 0.475569
vt 0.592973 0.473431
vt 0.697603 0.737719
vt 0.695952 0.727426
vt 0.591731 0.477652
vt 0.694484 0.738946
vt 0.693091 0.729051
vt 0.591112 0.479709
vt 0.691307 0.740053
vt 0.690221 0.730658
vt 0.590594 0.481711
vt 0.687875 0.740805
vt 0.686967 0.731430
vt 0.985983 0.868734
vt 0.988690 0.868876
vt 0.985946 0.858490
vt 0.991865 0.868478
vt 0.994131 0.880291
vt 0.994851 0.867535
vt 0.997421 0.879700
vt 0.997681 0.892684
vt 0.996646 0.903822
vt 0.405613 0.125870
vt 0.397502 0.136516
vt 0.403323 0.124117
vt 0.410670 0.115362
vt 0.408357 0.113480
vt 0.691553 0.750450
vt 0.684261 0.740602
vt 0.694847 0.749574
vt 0.695215 0.761203
vt 0.698196 0.748676
vt 0.698682 0.760376
vt 0.699234 0.772281
vt 0.702232 0.759524
vt 0.702746 0.771515
vt 0.703930 0.784040
vt 0.706384 0.770838
vt 0.707406 0.783436
vt 0.708613 0.796082
vt 0.710911 0.782922
vt 0.712131 0.795644
vt 0.713433 0.808941
vt 0.715606 0.795226
vt 0.716900 0.808606
vt 0.717717 0.821956
vt 0.720276 0.808196
vt 0.720956 0.821729
vt 0.664105 0.550889
vt 0.658224 0.538655
vt 0.660593 0.537187
vt 0.666498 0.549771
vt 0.663716 0.535570
vt 0.669567 0.548585
vt 0.666470 0.534387
vt 0.672157 0.547777
vt 0.676535 0.561294
vt 0.849864 0.080141
vt 0.848933 0.068469
vt 0.853365 0.079546
vt 0.854126 0.092269
vt 0.850792 0.092650
vt 0.857595 0.092132
vt 0.858403 0.104635
vt 0.854863 0.104919
vt 0.851386 0.105385
vt 0.859484 0.117803
vt 0.861980 0.104417
vt 0.863158 0.117534
vt 0.864371 0.130903
vt 0.866911 0.117210
vt 0.868262 0.130539
vt 0.869253 0.144147
vt 0.872033 0.130147
vt 0.873091 0.143768
vt 0.873884 0.157380
vt 0.876869 0.143354
vt 0.877644 0.157046
vt 0.878571 0.171164
vt 0.881293 0.156704
vt 0.882253 0.170942
vt 0.882811 0.185582
vt 0.885857 0.170752
vt 0.886447 0.185566
vt 0.889066 0.170671
vt 0.889439 0.185490
vt 0.439858 0.353879
vt 0.653472 0.525201
vt 0.651529 0.526770
vt 0.643816 0.515879
vt 0.717654 0.781786
vt 0.718957 0.794694
vt 0.714387 0.782419
vt 0.713617 0.769917
vt 0.716981 0.769243
vt 0.710045 0.770402
vt 0.709420 0.757991
vt 0.705814 0.758709
vt 0.469166 0.359572
vt 0.684696 0.965166
vt 0.687503 0.971722
vt 0.684261 0.973199
vt 0.694852 0.983286
vt 0.701942 0.987309
vt 0.844402 0.914823
vt 0.850687 0.912111
vt 0.359012 0.833124
vt 0.702257 0.994088
vt 0.362982 0.846335
vt 0.815394 0.915410
vt 0.263844 0.879169
vt 0.261020 0.881489
vt 0.274346 0.892573
vt 0.563892 0.805100
vt 0.243975 0.942852
vt 0.873235 0.710556
vt 0.877188 0.742095
vt 0.875308 0.752442
vt 0.876230 0.765256
vt 0.872485 0.765983
vt 0.880378 0.742428
vt 0.878824 0.751782
vt 0.879992 0.761047
vt 0.882165 0.751461
vt 0.883992 0.758662
vt 0.887968 0.764801
vt 0.885126 0.768279
vt 0.882999 0.774848
vt 0.206158 0.916045
vt 0.207425 0.909374
vt 0.210266 0.909078
vt 0.209838 0.915995
vt 0.208298 0.900831
vt 0.211000 0.901013
vt 0.211379 0.891121
vt 0.213819 0.892431
vt 0.217528 0.883329
vt 0.925304 0.632435
vt 0.927945 0.630896
vt 0.928831 0.640644
vt 0.926280 0.640941
vt 0.225668 0.880674
vt 0.887968 0.726212
vt 0.885443 0.733551
vt 0.883138 0.732270
vt 0.885640 0.723929
vt 0.883123 0.742941
vt 0.225253 0.877782
vt 0.232877 0.879517
vt 0.231808 0.881852
vt 0.237928 0.882566
vt 0.235516 0.884787
vt 0.233134 0.887673
vt 0.929960 0.651960
vt 0.934476 0.655981
vt 0.929647 0.654119
vt 0.929911 0.647624
vt 0.926007 0.647944
vt 0.903448 0.379915
vt 0.853901 0.198889
vt 0.667677 0.669138
vt 0.665740 0.654766
vt 0.405406 0.092280
vt 0.410136 0.088707
vt 0.185815 0.724363
vt 0.190289 0.722645
vt 0.123688 0.699531
vt 0.871712 0.807219
vt 0.990419 0.953293
vt 0.549036 0.444387
vt 0.221068 0.909891
vt 0.498187 0.918732
vt 0.167966 0.724776
vt 0.166594 0.724505
vt 0.907605 0.020876
vt 0.369191 0.462887
vt 0.739038 0.034972
vt 0.798552 0.898762
vt 0.801087 0.904116
vt 0.933146 0.779495
vt 0.930112 0.779117
vt 0.931483 0.769220
vt 0.934258 0.771748
vt 0.801087 0.910999
vt 0.522689 0.914136
vt 0.526616 0.914165
vt 0.527811 0.920924
vt 0.522689 0.919362
vt 0.806033 0.913817
vt 0.813254 0.913817
vt 0.926424 0.778666
vt 0.927471 0.767792
vt 0.523222 0.905814
vt 0.522689 0.901956
vt 0.922767 0.778329
vt 0.923026 0.768050
vt 0.523729 0.897478
vt 0.919424 0.778300
vt 0.919583 0.769951
vt 0.525699 0.893830
vt 0.881738 0.894080
vt 0.918752 0.786086
vt 0.825871 0.909883
vt 0.824458 0.903901
vt 0.884631 0.853000
vt 0.682226 0.875717
vt 0.353808 0.806444
vt 0.355894 0.806311
vt 0.393964 0.869788
vt 0.853930 0.903805
vt 0.760457 0.708863
vt 0.762540 0.708906
vt 0.762540 0.711084
vt 0.760870 0.710688
vt 0.395769 0.867807
vt 0.367172 0.646587
vt 0.367041 0.645212
vt 0.367172 0.644175
s 0
usemtl Material.004
f 1/1/1 87/2/1 88/3/1 89/4/1
f 1/1/2 89/4/2 90/5/2 91/6/2
f 1/1/3 91/6/3 92/7/3 87/2/3
f 2/8/4 93/9/4 94/10/4 4/11/4
f 2/12/5 95/13/5 96/14/5 97/15/5
f 2/16/6 4/17/6 98/18/6 99/19/6
f 2/12/7 99/20/7 100/21/7 95/13/7
f 3/22/8 101/23/8 102/24/8 103/25/8
f 3/26/9 103/27/9 104/28/9 105/29/9
f 3/22/10 106/30/10 107/31/10 101/23/10
f 4/32/11 108/33/11 5/34/11 109/35/11
f 4/17/12 109/36/12 110/37/12 98/18/12
f 5/38/13 108/39/13 111/40/13 112/41/13
f 5/42/14 113/43/14 114/44/14 109/45/14
f 5/38/15 112/41/15 115/46/15 116/47/15
f 5/38/16 116/47/16 117/48/16 118/49/16
f 5/42/17 118/50/17 119/51/17 113/43/17
f 6/52/18 120/53/18 121/54/18 122/55/18
f 6/52/19 123/56/19 124/57/19 120/53/19
f 6/52/20 122/55/20 125/58/20 123/56/20
f 127/59/21 128/60/21 129/61/21 7/62/21
f 8/63/22 131/64/22 132/65/22 133/66/22
f 8/63/23 133/66/23 134/67/23 135/68/23
f 8/63/24 135/68/24 136/69/24 131/64/24
f 9/70/25 7/71/25 137/72/25 138/73/25
f 9/70/26 139/74/26 130/75/26 7/71/26
f 9/76/27 138/77/27 140/78/27 141/79/27
f 7/80/28 129/81/28 142/82/28 137/83/28
f 10/84/29 143/85/29 144/86/29 145/87/29
f 10/84/30 145/87/30 146/88/30 147/89/30
f 10/84/31 147/89/31 148/90/31 143/85/31
f 11/91/32 140/78/32 149/92/32 150/93/32
f 11/91/33 152/94/33 141/79/33 140/78/33
f 11/91/34 153/95/34 17/96/34 152/94/34
f 12/97/35 148/90/35 156/98/35 157/99/35
f 12/97/36 158/100/36 159/101/36 160/102/36
f 12/103/37 17/104/37 153/105/37 158/106/37
f 12/97/38 157/99/38 161/107/38 17/108/38
f 13/109/39 162/110/39 163/111/39 164/112/39
f 13/113/40 165/114/40 166/115/40 162/116/40
f 13/117/41 167/118/41 168/119/41 165/120/41
f 169/121/42 170/122/42 150/123/42 149/124/42
f 14/125/43 170/122/43 159/101/43 158/100/43
f 14/125/44 151/126/44 150/123/44 170/122/44
f 14/125/45 158/100/45 153/127/45 151/126/45
f 15/128/46 171/129/46 172/130/46 173/131/46
f 166/115/47 175/132/47 171/129/47 15/128/47
f 15/128/48 173/131/48 174/133/48 166/115/48
f 16/134/49 152/135/49 17/108/49 176/136/49
f 16/134/50 177/137/50 141/138/50 152/135/50
f 16/134/51 176/136/51 178/139/51 177/137/51
f 17/108/52 161/107/52 179/140/52 176/136/52
f 18/141/53 180/142/53 181/143/53 182/144/53
f 18/145/54 182/146/54 183/147/54 184/148/54
f 18/145/55 184/148/55 185/149/55 180/150/55
f 19/151/56 186/152/56 187/153/56 188/154/56
f 19/151/57 188/154/57 189/155/57 190/156/57
f 19/157/58 190/158/58 191/159/58 186/160/58
f 20/161/59 192/162/59 193/163/59 194/164/59
f 196/165/60 197/166/60 192/167/60 20/168/60
f 20/161/61 194/164/61 195/169/61 196/170/61
f 21/171/62 175/132/62 198/172/62 199/173/62
f 21/171/63 200/174/63 201/175/63 202/176/63
f 21/171/64 202/176/64 171/129/64 175/132/64
f 21/177/65 199/178/65 203/179/65 204/180/65
f 21/171/66 204/181/66 205/182/66 200/174/66
f 22/183/67 206/184/67 207/185/67 208/186/67
f 22/187/68 208/188/68 209/189/68 210/190/68
f 23/191/69 211/192/69 212/193/69 213/194/69
f 23/195/70 214/196/70 215/197/70 211/198/70
f 23/191/71 216/199/71 217/200/71 214/201/71
f 24/202/72 218/203/72 219/204/72 220/205/72
f 24/206/73 220/207/73 221/208/73 222/209/73
f 24/210/74 223/211/74 224/212/74 225/213/74
f 24/210/75 225/213/75 226/214/75 218/215/75
f 24/210/76 222/216/76 227/217/76 223/211/76
f 25/218/77 228/219/77 221/208/77 229/220/77
f 25/218/78 229/220/78 230/221/78 231/222/78
f 25/218/79 231/222/79 232/223/79 228/219/79
f 26/224/80 233/225/80 234/226/80 235/227/80
f 26/228/81 236/229/81 237/230/81 233/231/81
f 26/224/82 235/227/82 238/232/82 236/233/82
f 27/234/83 239/235/83 240/236/83 241/237/83
f 27/238/84 241/239/84 242/240/84 234/241/84
f 27/234/85 234/242/85 233/243/85 239/235/85
f 28/244/86 243/245/86 228/219/86 232/223/86
f 28/246/87 30/247/87 244/248/87 243/249/87
f 28/244/88 232/223/88 245/250/88 30/251/88
f 29/252/89 230/221/89 246/253/89 247/254/89
f 29/255/90 247/256/90 248/257/90 249/258/90
f 29/255/91 250/259/91 251/260/91 252/261/91
f 29/252/92 252/262/92 231/222/92 230/221/92
f 29/255/93 249/258/93 253/263/93 250/259/93
f 30/247/94 245/264/94 254/265/94 244/248/94
f 31/266/95 255/267/95 256/268/95 257/269/95
f 259/270/96 260/271/96 255/267/96 31/266/96
f 31/266/97 257/269/97 258/272/97 259/270/97
f 32/273/98 261/274/98 262/275/98 263/276/98
f 32/273/99 264/277/99 265/278/99 261/274/99
f 32/273/100 263/276/100 266/279/100 267/280/100
f 32/273/101 267/280/101 268/281/101 269/282/101
f 32/273/102 269/282/102 270/283/102 264/277/102
f 33/284/103 271/285/103 272/286/103 273/287/103
f 33/284/104 261/274/104 265/278/104 271/285/104
f 33/284/105 273/287/105 262/275/105 261/274/105
f 34/288/106 274/289/106 275/290/106 276/291/106
f 34/288/107 277/292/107 278/293/107 274/289/107
f 34/288/108 279/294/108 280/295/108 277/292/108
f 34/288/109 281/296/109 282/297/109 279/294/109
f 35/298/110 283/299/110 284/300/110 285/301/110
f 35/298/111 285/301/111 286/302/111 287/303/111
f 36/304/112 288/305/112 289/306/112 290/307/112
f 36/308/113 290/309/113 291/310/113 292/311/113
f 36/304/114 293/312/114 294/313/114 288/305/114
f 36/314/115 295/315/115 296/316/115 293/317/115
f 36/314/116 292/318/116 297/319/116 295/315/116
f 37/320/117 298/321/117 299/322/117 300/323/117
f 37/320/118 285/301/118 284/300/118 301/324/118
f 37/320/119 300/323/119 286/302/119 285/301/119
f 38/325/120 302/326/120 303/327/120 304/328/120
f 38/329/121 304/330/121 305/331/121 39/332/121
f 38/333/122 306/334/122 307/335/122 302/336/122
f 39/332/123 305/331/123 308/337/123 309/338/123
f 39/339/124 309/340/124 310/341/124 311/342/124
f 39/343/125 312/344/125 313/345/125 38/333/125
f 39/339/126 311/342/126 314/346/126 312/347/126
f 40/348/127 315/349/127 316/350/127 317/351/127
f 311/352/128 310/353/128 315/354/128 40/355/128
f 40/348/129 317/351/129 318/356/129 311/357/129
f 41/358/130 319/359/130 320/360/130 321/361/130
f 41/358/131 321/361/131 322/362/131 323/363/131
f 41/358/132 323/363/132 324/364/132 319/359/132
f 42/365/133 325/366/133 326/367/133 327/368/133
f 42/365/134 328/369/134 329/370/134 330/371/134
f 42/372/135 330/373/135 331/374/135 325/375/135
f 42/365/136 332/376/136 333/377/136 328/369/136
f 42/365/137 327/368/137 334/378/137 332/376/137
f 43/379/138 335/380/138 336/381/138 337/382/138
f 43/379/139 337/382/139 323/363/139 322/362/139
f 43/383/140 338/384/140 339/385/140 340/386/140
f 43/387/141 340/388/141 341/389/141 335/390/141
f 43/379/142 322/362/142 342/391/142 338/392/142
f 44/393/143 343/394/143 344/395/143 345/396/143
f 44/393/144 346/397/144 347/398/144 343/394/144
f 44/393/145 345/396/145 348/399/145 346/397/145
f 45/400/146 349/401/146 350/402/146 351/403/146
f 45/404/147 351/405/147 352/406/147 353/407/147
f 45/404/148 353/407/148 354/408/148 349/409/148
f 46/410/149 354/408/149 353/407/149 355/411/149
f 46/412/150 356/413/150 357/414/150 358/415/150
f 46/412/151 359/416/151 360/417/151 354/418/151
f 46/412/152 358/415/152 361/419/152 359/416/152
f 47/420/153 362/421/153 363/422/153 364/423/153
f 47/420/154 364/423/154 365/424/154 366/425/154
f 47/420/155 367/426/155 368/427/155 362/421/155
f 369/428/156 370/429/156 371/430/156 372/431/156
f 48/432/157 364/423/157 363/422/157 373/433/157
f 48/432/158 373/433/158 313/345/158 374/434/158
f 48/432/159 375/435/159 376/436/159 377/437/159
f 48/432/160 377/437/160 365/424/160 364/423/160
f 48/432/161 374/434/161 378/438/161 375/435/161
f 49/439/162 379/440/162 380/441/162 381/442/162
f 49/439/163 382/443/163 383/444/163 384/445/163
f 49/439/164 381/442/164 385/446/164 382/443/164
f 50/447/165 386/448/165 387/449/165 388/450/165
f 50/447/166 388/450/166 389/451/166 390/452/166
f 50/447/167 390/452/167 391/453/167 386/448/167
f 51/454/168 392/455/168 393/456/168 394/457/168
f 51/454/169 395/458/169 396/459/169 392/455/169
f 51/454/170 394/457/170 397/460/170 395/458/170
f 52/461/171 49/439/171 384/445/171 398/462/171
f 52/461/172 399/463/172 379/440/172 49/439/172
f 52/461/173 400/464/173 401/465/173 399/463/173
f 53/466/174 402/467/174 403/468/174 404/469/174
f 53/466/175 405/470/175 406/471/175 402/467/175
f 53/466/176 404/469/176 407/472/176 405/470/176
f 54/473/177 408/474/177 409/475/177 410/476/177
f 54/473/178 410/476/178 411/477/178 412/478/178
f 54/473/179 412/478/179 413/479/179 414/480/179
f 54/473/180 414/480/180 415/481/180 408/474/180
f 55/482/181 416/483/181 417/484/181 418/485/181
f 55/486/182 419/487/182 420/488/182 416/489/182
f 55/482/183 418/485/183 421/490/183 422/491/183
f 55/486/184 422/492/184 423/493/184 419/487/184
f 56/494/185 424/495/185 425/496/185 426/497/185
f 56/494/186 426/497/186 427/498/186 428/499/186
f 56/494/187 429/500/187 430/501/187 424/495/187
f 57/502/188 431/503/188 432/504/188 433/505/188
f 57/502/189 434/506/189 435/507/189 431/503/189
f 57/508/190 433/509/190 436/510/190 437/511/190
f 57/502/191 437/512/191 438/513/191 439/514/191
f 57/502/192 439/514/192 440/515/192 434/506/192
f 58/516/193 441/517/193 427/498/193 442/518/193
f 58/519/194 442/520/194 443/521/194 444/522/194
f 58/519/195 444/522/195 445/523/195 446/524/195
f 59/525/196 447/526/196 448/527/196 449/528/196
f 59/525/197 450/529/197 451/530/197 447/526/197
f 59/525/198 449/528/198 452/531/198 450/529/198
f 60/532/199 453/533/199 454/534/199 455/535/199
f 60/532/200 456/536/200 457/537/200 453/533/200
f 60/538/201 455/539/201 458/540/201 459/541/201
f 61/542/202 460/543/202 461/544/202 462/545/202
f 61/542/203 463/546/203 464/547/203 460/543/203
f 61/542/204 462/545/204 465/548/204 463/546/204
f 62/549/205 466/550/205 467/551/205 468/552/205
f 62/553/206 469/554/206 470/555/206 471/556/206
f 62/553/207 471/556/207 472/557/207 466/558/207
f 63/559/208 473/560/208 474/561/208 475/562/208
f 63/563/209 476/564/209 469/565/209 62/566/209
f 63/563/210 475/567/210 477/568/210 476/564/210
f 63/559/211 62/549/211 468/552/211 478/569/211
f 63/559/212 478/569/212 479/570/212 473/560/212
f 64/571/213 480/572/213 481/573/213 482/574/213
f 64/571/214 482/574/214 483/575/214 484/576/214
f 64/571/215 485/577/215 486/578/215 480/572/215
f 65/579/216 487/580/216 488/581/216 489/582/216
f 65/579/217 490/583/217 491/584/217 487/580/217
f 65/579/218 489/582/218 492/585/218 490/583/218
f 66/586/219 493/587/219 494/588/219 495/589/219
f 497/590/220 498/591/220 493/587/220 66/586/220
f 66/586/221 495/589/221 496/592/221 497/590/221
f 67/593/222 499/594/222 500/595/222 501/596/222
f 67/593/223 502/597/223 503/598/223 499/594/223
f 67/593/224 501/596/224 504/599/224 502/597/224
f 68/600/225 505/601/225 506/602/225 507/603/225
f 68/600/226 507/603/226 508/604/226 509/605/226
f 68/600/227 509/605/227 510/606/227 511/607/227
f 69/608/228 512/609/228 513/610/228 514/611/228
f 69/608/229 514/611/229 515/612/229 510/613/229
f 69/614/230 510/606/230 509/605/230 516/615/230
f 70/616/231 517/617/231 518/618/231 519/619/231
f 70/616/232 519/619/232 520/620/232 521/621/232
f 70/622/233 521/623/233 522/624/233 517/625/233
f 71/626/234 523/627/234 524/628/234 525/629/234
f 71/626/235 525/629/235 526/630/235 527/631/235
f 71/626/236 527/631/236 492/585/236 523/627/236
f 72/632/237 528/633/237 529/634/237 530/635/237
f 72/632/238 530/635/238 531/636/238 532/637/238
f 72/632/239 533/638/239 534/639/239 528/633/239
f 72/632/240 532/637/240 535/640/240 536/641/240
f 72/632/241 536/641/241 537/642/241 533/638/241
f 538/643/242 539/644/242 540/645/242 541/646/242
f 73/647/243 542/648/243 543/649/243 544/650/243
f 73/647/244 545/651/244 546/652/244 542/648/244
f 73/647/245 544/650/245 547/653/245 548/654/245
f 74/655/246 549/656/246 550/657/246 551/658/246
f 74/655/247 551/658/247 552/659/247 553/660/247
f 74/655/248 553/660/248 554/661/248 549/656/248
f 75/662/249 555/663/249 556/664/249 557/665/249
f 75/666/250 557/667/250 558/668/250 559/669/250
f 75/670/251 560/671/251 561/672/251 555/673/251
f 551/658/252 562/674/252 563/675/252 564/676/252
f 76/677/253 566/678/253 567/679/253 568/680/253
f 76/677/254 531/681/254 569/682/254 566/678/254
f 76/683/255 568/684/255 532/685/255 531/686/255
f 77/687/256 559/669/256 558/668/256 570/688/256
f 77/687/257 570/688/257 571/689/257 572/690/257
f 77/687/258 572/690/258 573/691/258 559/669/258
f 78/692/259 574/693/259 575/694/259 576/695/259
f 78/696/260 577/697/260 578/698/260 574/699/260
f 78/692/261 576/695/261 579/700/261 580/701/261
f 78/692/262 580/701/262 568/684/262 567/702/262
f 79/703/263 581/704/263 582/705/263 583/706/263
f 79/703/264 583/706/264 584/707/264 585/708/264
f 79/703/265 585/708/265 586/709/265 581/704/265
f 80/710/266 587/711/266 588/712/266 589/713/266
f 80/710/267 590/714/267 591/715/267 587/711/267
f 80/710/268 589/713/268 592/716/268 590/714/268
f 81/717/269 593/718/269 594/719/269 595/720/269
f 81/717/270 596/721/270 597/722/270 593/718/270
f 81/717/271 598/723/271 599/724/271 596/721/271
f 82/725/272 600/726/272 601/727/272 602/728/272
f 82/725/273 603/729/273 604/730/273 600/726/273
f 82/725/274 602/728/274 605/731/274 603/729/274
f 83/732/275 606/733/275 607/734/275 608/735/275
f 83/732/276 609/736/276 610/737/276 606/733/276
f 83/732/277 608/735/277 611/738/277 609/736/277
f 84/739/278 612/740/278 613/741/278 614/742/278
f 84/739/279 614/742/279 615/743/279 616/744/279
f 84/739/280 616/744/280 617/745/280 612/740/280
f 85/746/281 618/747/281 619/748/281 620/749/281
f 85/746/282 621/750/282 622/751/282 618/747/282
f 85/746/283 620/749/283 623/752/283 621/750/283
f 86/753/284 624/754/284 625/755/284 626/756/284
f 627/757/285 126/758/285 130/75/285 628/759/285
f 627/757/286 628/759/286 629/760/286 630/761/286
f 631/762/287 632/763/287 633/764/287 634/765/287
f 635/766/288 634/767/288 169/768/288 149/769/288
f 635/766/289 149/769/289 140/770/289 138/771/289
f 635/766/290 138/771/290 137/772/290 636/773/290
f 636/773/291 137/772/291 142/774/291 637/775/291
f 637/776/292 638/777/292 639/778/292 128/60/292
f 637/779/293 128/780/293 127/781/293 636/782/293
f 637/775/294 142/774/294 640/783/294 638/784/294
f 634/765/295 633/764/295 160/102/295 159/101/295
f 634/785/296 159/786/296 170/787/296 169/788/296
f 633/764/297 144/86/297 143/85/297 160/102/297
f 633/764/298 632/763/298 641/789/298 144/86/298
f 641/789/299 642/790/299 643/791/299 644/792/299
f 641/789/300 644/792/300 145/87/300 144/86/300
f 641/789/301 632/763/301 645/793/301 642/790/301
f 644/792/302 643/791/302 646/794/302 647/795/302
f 644/792/303 647/795/303 146/88/303 145/87/303
f 647/795/304 646/794/304 648/796/304 649/797/304
f 647/795/305 649/797/305 650/798/305 146/88/305
f 650/798/306 649/797/306 651/799/306 652/800/306
f 650/798/307 652/800/307 653/801/307 654/802/307
f 650/798/308 654/802/308 147/89/308 146/88/308
f 654/802/309 653/801/309 655/803/309 156/98/309
f 654/802/310 156/98/310 148/90/310 147/89/310
f 655/803/311 653/801/311 656/804/311 657/805/311
f 655/803/312 657/805/312 658/806/312 659/807/312
f 655/803/313 659/807/313 157/99/313 156/98/313
f 659/807/312 658/806/312 660/808/312 661/809/312
f 659/807/314 661/809/314 161/107/314 157/99/314
f 661/809/315 660/808/315 662/810/315 663/811/315
f 661/809/316 663/811/316 179/140/316 161/107/316
f 663/811/317 662/810/317 664/812/317 665/813/317
f 663/811/318 665/813/318 666/814/318 179/140/318
f 666/814/319 665/813/319 667/815/319 668/816/319
f 666/814/320 668/816/320 669/817/320 178/139/320
f 666/814/321 178/139/321 176/136/321 179/140/321
f 669/817/322 668/816/322 670/818/322 671/819/322
f 669/817/323 671/819/323 672/820/323 673/821/323
f 669/817/324 673/821/324 177/137/324 178/139/324
f 673/821/325 672/820/325 139/74/325 9/70/325
f 673/821/326 9/70/326 141/138/326 177/137/326
f 672/820/327 671/819/327 674/822/327 675/823/327
f 672/820/328 675/823/328 676/824/328 139/74/328
f 676/824/329 675/823/329 677/825/329 678/826/329
f 676/824/330 678/826/330 629/760/330 628/759/330
f 676/824/331 628/759/331 130/75/331 139/74/331
f 678/827/332 677/828/332 679/829/332 680/830/332
f 678/827/333 680/830/333 681/831/333 629/832/333
f 681/831/334 680/830/334 115/46/334 112/41/334
f 681/831/335 112/41/335 111/40/335 682/833/335
f 681/831/336 682/833/336 630/834/336 629/832/336
f 682/833/337 111/40/337 683/835/337 684/836/337
f 682/837/338 684/838/338 645/793/338 630/761/338
f 684/836/339 683/835/339 685/839/339 686/840/339
f 684/838/340 686/841/340 642/790/340 645/793/340
f 686/840/341 685/839/341 687/842/341 688/843/341
f 686/841/342 688/844/342 643/791/342 642/790/342
f 688/845/343 687/846/343 689/847/343 690/848/343
f 688/844/344 690/849/344 646/794/344 643/791/344
f 690/848/345 689/847/345 691/850/345 692/851/345
f 690/849/346 692/852/346 648/796/346 646/794/346
f 692/851/347 691/850/347 693/853/347 694/854/347
f 692/852/348 694/855/348 695/856/348 648/796/348
f 695/856/349 694/855/349 696/857/349 697/858/349
f 695/856/350 697/858/350 698/859/350 651/799/350
f 695/856/351 651/799/351 649/797/351 648/796/351
f 698/859/352 697/858/352 699/860/352 700/861/352
f 698/859/353 700/861/353 701/862/353 702/863/353
f 698/859/354 702/863/354 652/800/354 651/799/354
f 702/863/355 701/862/355 703/864/355 656/804/355
f 702/863/356 656/804/356 653/801/356 652/800/356
f 703/864/357 701/862/357 704/865/357 705/866/357
f 703/864/358 705/866/358 706/867/358 707/868/358
f 703/864/359 707/868/359 657/805/359 656/804/359
f 707/868/360 706/867/360 708/869/360 709/870/360
f 707/868/361 709/870/361 658/806/361 657/805/361
f 709/870/362 708/869/362 37/320/362 301/324/362
f 709/870/363 301/324/363 660/808/363 658/806/363
f 708/869/364 706/867/364 710/871/364 711/872/364
f 708/869/365 711/872/365 298/321/365 37/320/365
f 711/872/366 710/871/366 712/873/366 713/874/366
f 711/875/367 713/876/367 714/877/367 298/878/367
f 714/879/368 713/874/368 715/880/368 716/881/368
f 714/879/369 716/881/369 717/882/369 718/883/369
f 714/877/370 718/884/370 299/885/370 298/878/370
f 718/884/371 717/886/371 719/887/371 720/888/371
f 718/884/372 720/888/372 721/889/372 299/885/372
f 721/889/373 720/888/373 722/890/373 723/891/373
f 721/889/374 723/891/374 724/892/374 725/893/374
f 721/894/375 725/895/375 300/323/375 299/322/375
f 725/895/376 724/896/376 726/897/376 727/898/376
f 725/895/377 727/898/377 286/302/377 300/323/377
f 727/898/378 726/897/378 728/899/378 729/900/378
f 727/898/379 729/900/379 287/303/379 286/302/379
f 729/900/380 728/899/380 730/901/380 731/902/380
f 729/900/381 731/902/381 732/903/381 287/303/381
f 732/903/382 283/299/382 35/298/382 287/303/382
f 732/903/383 731/902/383 733/904/383 734/905/383
f 732/903/384 734/905/384 664/812/384 283/299/384
f 734/905/385 733/904/385 735/906/385 667/815/385
f 734/905/386 667/815/386 665/813/386 664/812/386
f 735/906/387 733/904/387 736/907/387 737/908/387
f 735/906/388 737/908/388 738/909/388 670/818/388
f 735/906/389 670/818/389 668/816/389 667/815/389
f 738/910/390 737/911/390 739/912/390 740/913/390
f 738/910/391 740/913/391 741/914/391 674/915/391
f 738/909/392 674/822/392 671/819/392 670/818/392
f 741/914/393 740/913/393 742/916/393 743/917/393
f 741/914/394 743/917/394 679/918/394 677/919/394
f 741/920/395 677/825/395 675/823/395 674/822/395
f 743/917/396 742/916/396 744/921/396 745/922/396
f 743/917/397 745/922/397 746/923/397 679/918/397
f 746/923/398 745/922/398 747/924/398 748/925/398
f 746/926/399 748/927/399 116/47/399 115/46/399
f 746/926/400 115/46/400 680/830/400 679/829/400
f 748/925/401 747/924/401 749/928/401 750/929/401
f 748/927/402 750/930/402 117/48/402 116/47/402
f 750/930/403 749/931/403 751/932/403 752/933/403
f 750/930/404 752/933/404 753/934/404 117/48/404
f 753/935/405 752/936/405 754/937/405 755/938/405
f 753/935/406 755/938/406 135/939/406 134/940/406
f 753/935/407 134/940/407 118/941/407 117/942/407
f 755/938/408 754/937/408 756/943/408 757/944/408
f 755/938/409 757/944/409 136/945/409 135/939/409
f 757/944/410 756/943/410 758/946/410 759/947/410
f 757/944/411 759/947/411 760/948/411 136/945/411
f 760/949/412 759/950/412 761/951/412 762/952/412
f 760/949/413 762/952/413 763/953/413 764/954/413
f 760/955/414 764/956/414 131/64/414 136/69/414
f 764/954/415 763/953/415 765/957/415 766/958/415
f 764/956/416 766/959/416 132/65/416 131/64/416
f 766/959/417 765/960/417 767/961/417 768/962/417
f 766/959/418 768/962/418 769/963/418 132/65/418
f 769/963/419 119/51/419 133/66/419 132/65/419
f 769/963/420 768/962/420 770/964/420 771/965/420
f 769/963/421 771/965/421 113/43/421 119/51/421
f 771/965/422 770/964/422 772/966/422 773/967/422
f 771/968/423 773/969/423 114/970/423 113/971/423
f 773/967/424 772/966/424 774/972/424 775/973/424
f 773/969/425 775/974/425 776/975/425 114/970/425
f 776/975/426 110/37/426 109/36/426 114/970/426
f 776/975/427 775/974/427 777/976/427 778/977/427
f 776/975/428 778/977/428 779/978/428 110/37/428
f 779/978/429 780/979/429 98/18/429 110/37/429
f 779/978/430 778/977/430 781/980/430 782/981/430
f 779/978/431 782/981/431 783/982/431 780/979/431
f 783/983/432 784/984/432 785/985/432 780/986/432
f 783/982/433 782/981/433 786/987/433 787/988/433
f 783/983/434 787/989/434 788/990/434 784/984/434
f 788/990/435 789/991/435 790/992/435 784/984/435
f 788/990/436 787/989/436 791/993/436 792/994/436
f 788/990/437 792/994/437 793/995/437 789/991/437
f 793/995/438 794/996/438 795/997/438 789/991/438
f 793/995/439 792/994/439 796/998/439 797/999/439
f 793/995/440 797/999/440 798/1000/440 794/996/440
f 798/1000/441 196/170/441 195/169/441 794/996/441
f 798/1000/442 797/999/442 799/1001/442 800/1002/442
f 798/1003/443 800/1004/443 801/1005/443 196/165/443
f 801/1005/444 802/1006/444 197/166/444 196/165/444
f 801/1005/445 800/1004/445 803/1007/445 804/1008/445
f 801/1005/446 804/1008/446 805/1009/446 802/1006/446
f 805/1009/447 806/1010/447 807/1011/447 802/1006/447
f 805/1012/448 804/1013/448 808/1014/448 809/1015/448
f 805/1012/449 809/1015/449 810/1016/449 806/1017/449
f 810/1018/450 811/1019/450 812/1020/450 806/1021/450
f 810/1018/451 809/1022/451 813/1023/451 814/1024/451
f 810/1018/452 814/1024/452 815/1025/452 811/1019/452
f 815/1025/453 816/1026/453 817/1027/453 811/1019/453
f 815/1025/454 814/1024/454 818/1028/454 819/1029/454
f 815/1025/455 819/1029/455 820/1030/455 816/1026/455
f 820/1030/456 821/1031/456 822/1032/456 816/1026/456
f 820/1030/457 819/1029/457 823/1033/457 824/1034/457
f 820/1030/458 824/1034/458 825/1035/458 821/1031/458
f 825/1035/459 826/1036/459 827/1037/459 821/1031/459
f 825/1035/460 824/1034/460 828/1038/460 829/1039/460
f 825/1035/461 829/1039/461 830/1040/461 826/1036/461
f 830/1040/462 831/1041/462 832/1042/462 826/1036/462
f 830/1040/463 829/1039/463 833/1043/463 834/1044/463
f 830/1040/464 834/1044/464 835/1045/464 831/1041/464
f 835/1045/465 836/1046/465 837/1047/465 831/1041/465
f 835/1048/466 834/1049/466 838/1050/466 839/1051/466
f 835/1048/467 839/1051/467 840/1052/467 836/1053/467
f 840/1054/468 841/1055/468 842/1056/468 836/1046/468
f 840/1057/469 839/1058/469 843/1059/469 844/1060/469
f 840/1057/470 844/1060/470 845/1061/470 841/1062/470
f 845/1061/471 846/1063/471 847/1064/471 841/1062/471
f 845/1061/472 844/1060/472 848/1065/472 849/1066/472
f 845/1061/473 849/1066/473 850/1067/473 846/1063/473
f 850/1067/474 851/1068/474 852/1069/474 846/1063/474
f 850/1067/475 849/1066/475 853/1070/475 854/1071/475
f 850/1067/476 854/1071/476 855/1072/476 851/1068/476
f 855/1072/477 856/1073/477 857/1074/477 851/1068/477
f 855/1072/478 854/1071/478 858/1075/478 859/1076/478
f 855/1072/479 859/1076/479 860/1077/479 856/1073/479
f 860/1077/480 861/1078/480 862/1079/480 856/1073/480
f 860/1077/481 859/1076/481 863/1080/481 864/1081/481
f 860/1077/482 864/1081/482 865/1082/482 861/1078/482
f 865/1082/483 866/1083/483 867/1084/483 861/1078/483
f 865/1082/484 864/1081/484 868/1085/484 869/1086/484
f 865/1082/485 869/1086/485 870/1087/485 866/1083/485
f 870/1087/486 871/1088/486 872/1089/486 866/1083/486
f 870/1087/487 869/1086/487 873/1090/487 874/1091/487
f 870/1087/488 874/1091/488 875/1092/488 871/1088/488
f 875/1092/489 876/1093/489 877/1094/489 871/1088/489
f 875/1092/490 874/1091/490 878/1095/490 879/1096/490
f 875/1092/491 879/1096/491 880/1097/491 876/1093/491
f 880/1097/492 881/1098/492 882/1099/492 876/1093/492
f 880/1097/493 879/1096/493 883/1100/493 884/1101/493
f 880/1097/494 884/1101/494 885/1102/494 881/1098/494
f 885/1102/495 886/1103/495 887/1104/495 881/1098/495
f 885/1105/496 884/1106/496 888/1107/496 889/1108/496
f 885/1105/497 889/1108/497 890/1109/497 886/1110/497
f 890/1109/498 891/1111/498 892/1112/498 886/1110/498
f 890/1109/499 889/1108/499 893/1113/499 894/1114/499
f 890/1109/500 894/1114/500 895/1115/500 891/1111/500
f 895/1115/501 896/1116/501 897/1117/501 891/1111/501
f 895/1118/502 894/1119/502 898/1120/502 899/1121/502
f 895/1118/503 899/1121/503 900/1122/503 896/1123/503
f 900/1122/504 901/1124/504 902/1125/504 896/1123/504
f 900/1122/505 899/1121/505 903/1126/505 904/1127/505
f 900/1122/506 904/1127/506 905/1128/506 901/1124/506
f 905/1128/507 906/1129/507 907/1130/507 901/1124/507
f 905/1128/508 904/1127/508 908/1131/508 909/1132/508
f 905/1128/509 909/1132/509 910/1133/509 906/1129/509
f 910/1133/510 911/1134/510 912/1135/510 906/1129/510
f 910/1133/511 909/1132/511 913/1136/511 914/1137/511
f 910/1133/512 914/1137/512 915/1138/512 911/1134/512
f 915/1138/513 916/1139/513 917/1140/513 911/1134/513
f 915/1138/514 914/1137/514 918/1141/514 919/1142/514
f 915/1138/515 919/1142/515 920/1143/515 916/1139/515
f 920/1143/516 921/1144/516 922/1145/516 916/1139/516
f 920/1143/517 919/1142/517 923/1146/517 924/1147/517
f 920/1143/518 924/1147/518 925/1148/518 921/1144/518
f 925/1148/519 926/1149/519 927/1150/519 921/1144/519
f 925/1148/520 924/1147/520 928/1151/520 929/1152/520
f 925/1148/521 929/1152/521 930/1153/521 926/1149/521
f 930/1153/522 931/1154/522 932/1155/522 926/1149/522
f 930/1153/523 929/1152/523 933/1156/523 934/1157/523
f 930/1153/524 934/1157/524 935/1158/524 931/1154/524
f 935/1158/525 936/1159/525 937/1160/525 931/1154/525
f 935/1158/526 934/1157/526 938/1161/526 939/1162/526
f 935/1158/527 939/1162/527 940/1163/527 936/1159/527
f 940/1163/528 941/1164/528 942/1165/528 936/1159/528
f 940/1163/529 939/1162/529 943/1166/529 944/1167/529
f 940/1163/530 944/1167/530 945/1168/530 941/1164/530
f 945/1168/531 946/1169/531 947/1170/531 941/1164/531
f 945/1171/532 944/1172/532 948/1173/532 949/1174/532
f 945/1171/533 949/1174/533 950/1175/533 946/1176/533
f 950/1175/534 951/1177/534 952/1178/534 946/1176/534
f 950/1175/535 949/1174/535 953/1179/535 954/1180/535
f 950/1175/536 954/1180/536 955/1181/536 951/1177/536
f 955/1181/537 956/1182/537 957/1183/537 951/1177/537
f 955/1181/538 954/1180/538 958/1184/538 959/1185/538
f 955/1181/539 959/1185/539 960/1186/539 956/1182/539
f 960/1186/540 961/1187/540 962/1188/540 956/1182/540
f 960/1189/541 959/1190/541 963/1191/541 964/1192/541
f 960/1193/542 964/1194/542 965/1195/542 961/1196/542
f 965/1195/543 966/1197/543 967/1198/543 961/1196/543
f 965/1199/544 964/1192/544 968/1200/544 969/1201/544
f 965/1195/545 969/1202/545 970/1203/545 966/1197/545
f 970/1203/546 971/1204/546 972/1205/546 966/1197/546
f 970/1203/547 969/1202/547 973/1206/547 974/1207/547
f 970/1203/548 974/1207/548 975/1208/548 971/1204/548
f 975/1208/549 976/1209/549 977/1210/549 971/1204/549
f 975/1208/550 974/1207/550 978/1211/550 979/1212/550
f 975/1208/551 979/1212/551 980/1213/551 976/1209/551
f 980/1213/552 981/1214/552 982/1215/552 976/1209/552
f 980/1213/553 979/1212/553 983/1216/553 984/1217/553
f 980/1213/554 984/1217/554 985/1218/554 981/1214/554
f 985/1218/555 986/1219/555 987/1220/555 981/1214/555
f 985/1218/556 984/1217/556 988/1221/556 989/1222/556
f 985/1218/557 989/1222/557 990/1223/557 986/1219/557
f 990/1223/558 991/1224/558 992/1225/558 986/1219/558
f 990/1223/559 989/1222/559 993/1226/559 994/1227/559
f 990/1223/560 994/1227/560 995/1228/560 991/1224/560
f 995/1228/561 996/1229/561 997/1230/561 991/1224/561
f 995/1228/562 994/1227/562 998/1231/562 999/1232/562
f 995/1228/563 999/1232/563 1000/1233/563 996/1229/563
f 1000/1233/564 1001/1234/564 1002/1235/564 996/1229/564
f 1000/1233/565 999/1232/565 1003/1236/565 1004/1237/565
f 1000/1233/566 1004/1237/566 1005/1238/566 1001/1234/566
f 1005/1238/567 1006/1239/567 1007/1240/567 1001/1234/567
f 1005/1241/568 1004/1242/568 1008/1243/568 1009/1244/568
f 1005/1241/569 1009/1244/569 1010/1245/569 1006/1246/569
f 1010/1245/570 1011/1247/570 1012/1248/570 1006/1246/570
f 1010/1245/571 1009/1244/571 1013/1249/571 1014/1250/571
f 1010/1245/572 1014/1250/572 1015/1251/572 1011/1247/572
f 1015/1251/573 513/610/573 1016/1252/573 1011/1247/573
f 1015/1251/574 1014/1250/574 1017/1253/574 1018/1254/574
f 1015/1251/575 1018/1254/575 514/611/575 513/610/575
f 1018/1254/576 1017/1253/576 1019/1255/576 1020/1256/576
f 1018/1254/577 1020/1256/577 515/612/577 514/611/577
f 1020/1256/578 1019/1255/578 1021/1257/578 1022/1258/578
f 1020/1256/579 1022/1258/579 1023/1259/579 515/612/579
f 1023/1259/580 511/1260/580 510/613/580 515/612/580
f 1023/1259/581 1022/1258/581 1024/1261/581 1025/1262/581
f 1023/1259/582 1025/1262/582 1026/1263/582 511/1260/582
f 1026/1264/583 1027/1265/583 68/600/583 511/607/583
f 1026/1263/584 1025/1262/584 1028/1266/584 486/1267/584
f 1026/1264/585 486/578/585 485/577/585 1027/1265/585
f 1028/1266/586 1025/1262/586 1024/1261/586 1029/1268/586
f 1028/1266/587 1029/1268/587 1030/1269/587 1031/1270/587
f 1028/1266/588 1031/1270/588 480/1271/588 486/1267/588
f 1031/1270/589 1030/1269/589 1032/1272/589 1033/1273/589
f 1031/1270/590 1033/1273/590 481/1274/590 480/1271/590
f 1033/1275/591 1032/1276/591 1034/1277/591 1035/1278/591
f 1033/1275/592 1035/1278/592 1036/1279/592 481/1280/592
f 1036/1279/593 1037/1281/593 482/1282/593 481/1280/593
f 1036/1279/594 1035/1278/594 1038/1283/594 1039/1284/594
f 1036/1279/595 1039/1284/595 1040/1285/595 1037/1281/595
f 1040/1285/596 1041/1286/596 1042/1287/596 1037/1281/596
f 1040/1285/597 1039/1284/597 1043/1288/597 1044/1289/597
f 1040/1285/598 1044/1289/598 1045/1290/598 1041/1286/598
f 1045/1290/599 1046/1291/599 1047/1292/599 1041/1286/599
f 1045/1293/600 1044/1294/600 1048/1295/600 1049/1296/600
f 1045/1293/601 1049/1296/601 1050/1297/601 1046/1298/601
f 1050/1299/602 1051/1300/602 1052/1301/602 1046/1291/602
f 1050/1297/603 1049/1296/603 1053/1302/603 1054/1303/603
f 1050/1297/604 1054/1303/604 1055/1304/604 1051/1305/604
f 1055/1304/605 1056/1306/605 1057/1307/605 1051/1305/605
f 1055/1304/606 1054/1303/606 1058/1308/606 518/618/606
f 1055/1304/607 518/618/607 517/617/607 1056/1306/607
f 1058/1308/608 1054/1303/608 1053/1302/608 545/651/608
f 1058/1308/609 545/651/609 73/647/609 1059/1309/609
f 1058/1308/610 1059/1309/610 519/619/610 518/618/610
f 1059/1309/611 73/647/611 548/654/611 1060/1310/611
f 1059/1309/612 1060/1310/612 520/620/612 519/619/612
f 1060/1311/613 548/1312/613 1061/1313/613 1062/1314/613
f 1060/1311/614 1062/1314/614 1063/1315/614 520/1316/614
f 1063/1317/615 1064/1318/615 521/621/615 520/620/615
f 1063/1315/616 1062/1314/616 1065/1319/616 1066/1320/616
f 1063/1315/617 1066/1320/617 556/664/617 1064/1321/617
f 1066/1320/618 1065/1319/618 1067/1322/618 1068/1323/618
f 1066/1320/619 1068/1323/619 557/665/619 556/664/619
f 1068/1324/620 1067/1325/620 1069/1326/620 1070/1327/620
f 1068/1324/621 1070/1327/621 558/668/621 557/667/621
f 1070/1327/622 1069/1326/622 596/721/622 599/724/622
f 1070/1327/623 599/724/623 570/688/623 558/668/623
f 1069/1326/624 1067/1325/624 1071/1328/624 1072/1329/624
f 1069/1326/625 1072/1329/625 597/722/625 596/721/625
f 1072/1330/626 1071/1331/626 1073/1332/626 1074/1333/626
f 1072/1329/627 1074/1334/627 1075/1335/627 597/722/627
f 1075/1335/628 1074/1334/628 536/1336/628 535/1337/628
f 1075/1335/629 535/1337/629 580/701/629 579/700/629
f 1075/1335/630 579/700/630 593/718/630 597/722/630
f 1074/1333/631 1073/1332/631 537/642/631 536/641/631
f 1073/1332/632 1071/1331/632 1076/1338/632 1077/1339/632
f 1073/1332/633 1077/1339/633 1078/1340/633 537/642/633
f 1078/1340/634 1077/1339/634 1079/1341/634 562/674/634
f 1078/1340/635 562/674/635 551/658/635 550/657/635
f 1078/1340/636 550/657/636 533/638/636 537/642/636
f 1079/1341/637 1061/1313/637 548/1312/637 547/1342/637
f 1079/1341/638 547/1342/638 563/675/638 562/674/638
f 1079/1341/639 1077/1339/639 1076/1338/639 1061/1313/639
f 1076/1338/640 1065/1319/640 1062/1314/640 1061/1313/640
f 1076/1338/641 1071/1331/641 1067/1322/641 1065/1319/641
f 1064/1318/642 1080/1343/642 522/1344/642 521/621/642
f 1064/1318/643 556/1345/643 555/1346/643 1080/1343/643
f 1080/1343/644 1081/1347/644 1082/1348/644 522/1344/644
f 1080/1349/645 555/673/645 561/672/645 1081/1350/645
f 1082/1351/646 1083/1352/646 1057/1353/646 1056/1354/646
f 1082/1351/647 1056/1354/647 517/625/647 522/624/647
f 1082/1351/648 1081/1350/648 1084/1355/648 1083/1352/648
f 1084/1355/649 504/599/649 501/596/649 1083/1352/649
f 1084/1355/650 1081/1350/650 561/672/650 1085/1356/650
f 1084/1355/651 1085/1356/651 1086/1357/651 504/599/651
f 1086/1357/652 1087/1358/652 502/597/652 504/599/652
f 1086/1357/653 1085/1356/653 494/1359/653 493/1360/653
f 1086/1357/654 493/1360/654 498/1361/654 1087/1358/654
f 1087/1358/655 498/1361/655 1088/1362/655 1089/1363/655
f 1087/1358/656 1089/1363/656 503/598/656 502/597/656
f 1089/1364/657 1088/1365/657 1090/1366/657 1091/1367/657
f 1089/1364/658 1091/1367/658 1092/1368/658 503/1369/658
f 1092/1368/659 1091/1367/659 1093/1370/659 1094/1371/659
f 1092/1368/660 1094/1371/660 1047/1292/660 1095/1372/660
f 1092/1368/661 1095/1372/661 499/1373/661 503/1369/661
f 1095/1372/662 1047/1292/662 1046/1291/662 1052/1301/662
f 1095/1372/663 1052/1301/663 500/1374/663 499/1373/663
f 1094/1371/664 1093/1370/664 483/1375/664 1042/1287/664
f 1094/1371/665 1042/1287/665 1041/1286/665 1047/1292/665
f 1093/1370/666 1091/1367/666 1090/1366/666 1096/1376/666
f 1093/1370/667 1096/1376/667 484/1377/667 483/1375/667
f 1096/1378/668 1090/1379/668 1097/1380/668 1098/1381/668
f 1096/1378/669 1098/1381/669 1099/1382/669 484/1383/669
f 1099/1382/670 1098/1381/670 1100/1384/670 1101/1385/670
f 1099/1382/671 1101/1385/671 1102/1386/671 1103/1387/671
f 1099/1382/672 1103/1387/672 64/1388/672 484/1383/672
f 1103/1387/673 1102/1386/673 1104/1389/673 1105/1390/673
f 1103/1391/674 1105/1392/674 485/577/674 64/571/674
f 1105/1390/675 1104/1389/675 1106/1393/675 1107/1394/675
f 1105/1392/676 1107/1395/676 1027/1265/676 485/577/676
f 1107/1395/677 1106/1396/677 1108/1397/677 505/601/677
f 1107/1395/678 505/601/678 68/600/678 1027/1265/678
f 1108/1397/679 1106/1396/679 1109/1398/679 1110/1399/679
f 1108/1397/680 1110/1399/680 1111/1400/680 1112/1401/680
f 1108/1397/681 1112/1401/681 506/602/681 505/601/681
f 1112/1401/682 1111/1400/682 1113/1402/682 1114/1403/682
f 1112/1401/683 1114/1403/683 1115/1404/683 506/602/683
f 1115/1404/684 1114/1403/684 1116/1405/684 1117/1406/684
f 1115/1404/685 1117/1406/685 1118/1407/685 1119/1408/685
f 1115/1404/686 1119/1408/686 507/603/686 506/602/686
f 1119/1408/687 1118/1407/687 1120/1409/687 1121/1410/687
f 1119/1408/688 1121/1410/688 508/604/688 507/603/688
f 1121/1411/689 1120/1412/689 1122/1413/689 1123/1414/689
f 1121/1411/690 1123/1414/690 1124/1415/690 508/1416/690
f 1124/1417/691 516/615/691 509/605/691 508/604/691
f 1124/1415/692 1123/1414/692 1125/1418/692 1126/1419/692
f 1124/1415/693 1126/1419/693 529/634/693 516/1420/693
f 1126/1419/694 1125/1418/694 1127/1421/694 1128/1422/694
f 1126/1419/695 1128/1422/695 530/635/695 529/634/695
f 1128/1423/696 1127/1424/696 1129/1425/696 569/682/696
f 1128/1422/697 569/1426/697 531/636/697 530/635/697
f 1129/1425/698 1127/1424/698 1130/1427/698 1131/1428/698
f 1129/1425/699 1131/1428/699 1132/1429/699 1133/1430/699
f 1129/1425/700 1133/1430/700 566/678/700 569/682/700
f 1133/1430/701 1132/1429/701 1134/1431/701 1135/1432/701
f 1133/1430/702 1135/1432/702 567/679/702 566/678/702
f 1135/1432/703 1134/1431/703 1136/1433/703 577/1434/703
f 1135/1432/704 577/1434/704 78/1435/704 567/679/704
f 1136/1433/705 1134/1431/705 1137/1436/705 1138/1437/705
f 1136/1438/706 1138/1439/706 1139/1440/706 1140/1441/706
f 1136/1438/707 1140/1441/707 578/698/707 577/697/707
f 1140/1441/708 1139/1440/708 1141/1442/708 1142/1443/708
f 1140/1441/709 1142/1443/709 1143/1444/709 578/698/709
f 1143/1444/710 1144/1445/710 574/699/710 578/698/710
f 1143/1444/711 1142/1443/711 1145/1446/711 1146/1447/711
f 1143/1444/712 1146/1447/712 1147/1448/712 1144/1445/712
f 1147/1448/713 1148/1449/713 1149/1450/713 1144/1445/713
f 1147/1448/714 1146/1447/714 601/727/714 600/726/714
f 1147/1448/715 600/726/715 604/730/715 1148/1449/715
f 1149/1450/716 1150/1451/716 1151/1452/716 575/1453/716
f 1149/1450/717 575/1453/717 574/699/717 1144/1445/717
f 1149/1450/718 1148/1449/718 1152/1454/718 1150/1451/718
f 1152/1454/719 1153/1455/719 1154/1456/719 1150/1451/719
f 1152/1454/720 1148/1449/720 604/730/720 1155/1457/720
f 1152/1454/721 1155/1457/721 610/737/721 1153/1455/721
f 1155/1457/722 604/730/722 603/729/722 1156/1458/722
f 1155/1457/723 1156/1458/723 606/733/723 610/737/723
f 1156/1458/724 603/729/724 605/731/724 1157/1459/724
f 1156/1458/725 1157/1459/725 607/734/725 606/733/725
f 1157/1459/726 605/731/726 612/740/726 617/745/726
f 1157/1459/727 617/745/727 1158/1460/727 607/734/727
f 1158/1460/728 1159/1461/728 1160/1462/728 1161/1463/728
f 1158/1460/729 1161/1463/729 608/735/729 607/734/729
f 1158/1460/730 617/745/730 616/744/730 1159/1461/730
f 1161/1463/731 1160/1462/731 1162/1464/731 1163/1465/731
f 1161/1463/732 1163/1465/732 611/738/732 608/735/732
f 1163/1465/733 1162/1464/733 1164/1466/733 1165/1467/733
f 1163/1465/734 1165/1467/734 1166/1468/734 611/738/734
f 1166/1468/735 1165/1467/735 1167/1469/735 1168/1470/735
f 1166/1468/736 1168/1470/736 1169/1471/736 1170/1472/736
f 1166/1468/737 1170/1472/737 609/736/737 611/738/737
f 1170/1472/738 1169/1471/738 1154/1456/738 1153/1455/738
f 1170/1472/739 1153/1455/739 610/737/739 609/736/739
f 1169/1471/740 1168/1470/740 1171/1473/740 1172/1474/740
f 1169/1471/741 1172/1474/741 1173/1475/741 1154/1456/741
f 1173/1476/742 1172/1477/742 1174/1478/742 595/720/742
f 1173/1476/743 595/720/743 594/719/743 1151/1479/743
f 1173/1475/744 1151/1452/744 1150/1451/744 1154/1456/744
f 1174/1480/745 1175/1481/745 1176/1482/745 1177/1483/745
f 1174/1478/746 1177/1484/746 81/717/746 595/720/746
f 1174/1480/747 1172/1485/747 1171/1486/747 1175/1481/747
f 1177/1483/748 1176/1482/748 1178/1487/748 1179/1488/748
f 1177/1484/749 1179/1489/749 598/723/749 81/717/749
f 1179/1488/750 1178/1487/750 1180/1490/750 1181/1491/750
f 1179/1489/751 1181/1492/751 571/689/751 598/723/751
f 1181/1491/752 1180/1490/752 1182/1493/752 1183/1494/752
f 1181/1491/753 1183/1494/753 572/1495/753 571/1496/753
f 1183/1494/754 1182/1493/754 1184/1497/754 1185/1498/754
f 1183/1494/755 1185/1498/755 573/1499/755 572/1495/755
f 1185/1498/756 1184/1497/756 1186/1500/756 1187/1501/756
f 1185/1498/757 1187/1501/757 1188/1502/757 573/1499/757
f 1188/1502/758 1187/1501/758 1189/1503/758 1190/1504/758
f 1188/1505/759 1190/1506/759 560/1507/759 75/666/759
f 1188/1505/760 75/666/760 559/669/760 573/691/760
f 1190/1504/761 1189/1503/761 1191/1508/761 495/1509/761
f 1190/1506/762 495/589/762 494/588/762 560/1507/762
f 1191/1508/763 1192/1510/763 1193/1511/763 1194/1512/763
f 1191/1508/764 1194/1512/764 496/1513/764 495/1509/764
f 1191/1508/765 1189/1503/765 1195/1514/765 1192/1510/765
f 1195/1514/766 1196/1515/766 1197/1516/766 1192/1510/766
f 1195/1514/767 1189/1503/767 1187/1501/767 1186/1500/767
f 1195/1514/768 1186/1500/768 1198/1517/768 1196/1515/768
f 1198/1517/769 1199/1518/769 1200/1519/769 1196/1515/769
f 1198/1517/770 1186/1500/770 1184/1497/770 1201/1520/770
f 1198/1521/771 1201/1522/771 1202/1523/771 1199/1524/771
f 1202/1523/772 1203/1525/772 1204/1526/772 1199/1524/772
f 1202/1527/773 1201/1520/773 1205/1528/773 1206/1529/773
f 1202/1530/774 1206/1531/774 1207/1532/774 1203/1533/774
f 1207/1532/775 1208/1534/775 1209/1535/775 1203/1533/775
f 1207/1532/776 1206/1531/776 1210/1536/776 1211/1537/776
f 1207/1532/777 1211/1537/777 1212/1538/777 1208/1534/777
f 1212/1538/778 1213/1539/778 1214/1540/778 1208/1534/778
f 1212/1538/779 1211/1537/779 1215/1541/779 1216/1542/779
f 1212/1538/780 1216/1542/780 1217/1543/780 1213/1539/780
f 1217/1543/781 1218/1544/781 1219/1545/781 1213/1539/781
f 1217/1543/782 1216/1542/782 1220/1546/782 1221/1547/782
f 1217/1543/783 1221/1547/783 1222/1548/783 1218/1544/783
f 1222/1548/784 1223/1549/784 1224/1550/784 1218/1544/784
f 1222/1548/785 1221/1547/785 1225/1551/785 1226/1552/785
f 1222/1548/786 1226/1552/786 1137/1553/786 1223/1549/786
f 1226/1552/787 1225/1551/787 1227/1554/787 1228/1555/787
f 1226/1552/788 1228/1555/788 1138/1556/788 1137/1553/788
f 1228/1555/789 1227/1554/789 1229/1557/789 1230/1558/789
f 1228/1559/790 1230/1560/790 1139/1440/790 1138/1439/790
f 1230/1560/791 1229/1561/791 1231/1562/791 1232/1563/791
f 1230/1560/792 1232/1563/792 1141/1442/792 1139/1440/792
f 1232/1563/793 1231/1562/793 622/751/793 1233/1564/793
f 1232/1563/794 1233/1564/794 1234/1565/794 1141/1442/794
f 1234/1565/795 1145/1446/795 1142/1443/795 1141/1442/795
f 1234/1565/796 1233/1564/796 1235/1566/796 1236/1567/796
f 1234/1565/797 1236/1567/797 1237/1568/797 1145/1446/797
f 1237/1568/798 601/727/798 1146/1447/798 1145/1446/798
f 1237/1568/799 1236/1567/799 614/742/799 613/741/799
f 1237/1568/800 613/741/800 602/728/800 601/727/800
f 1236/1567/801 1235/1566/801 615/743/801 614/742/801
f 1235/1566/802 1233/1564/802 622/751/802 621/750/802
f 1235/1566/803 621/750/803 623/752/803 615/743/803
f 1231/1562/804 1229/1561/804 1238/1569/804 1239/1570/804
f 1231/1562/805 1239/1570/805 618/747/805 622/751/805
f 1239/1570/806 1238/1569/806 1240/1571/806 1241/1572/806
f 1239/1570/807 1241/1572/807 619/748/807 618/747/807
f 1241/1572/808 1240/1571/808 1242/1573/808 1164/1466/808
f 1241/1572/809 1164/1466/809 1162/1464/809 619/748/809
f 1242/1573/810 1240/1571/810 1243/1574/810 1244/1575/810
f 1242/1573/811 1244/1575/811 1245/1576/811 1167/1469/811
f 1242/1573/812 1167/1469/812 1165/1467/812 1164/1466/812
f 1245/1577/813 1244/1578/813 1246/1579/813 1247/1580/813
f 1245/1577/814 1247/1580/814 1175/1481/814 1171/1486/814
f 1245/1576/815 1171/1473/815 1168/1470/815 1167/1469/815
f 1247/1580/816 1246/1579/816 1248/1581/816 1249/1582/816
f 1247/1580/817 1249/1582/817 1176/1482/817 1175/1481/817
f 1249/1582/818 1248/1581/818 1250/1583/818 1251/1584/818
f 1249/1582/819 1251/1584/819 1178/1487/819 1176/1482/819
f 1251/1584/820 1250/1583/820 1210/1585/820 1252/1586/820
f 1251/1584/821 1252/1586/821 1180/1490/821 1178/1487/821
f 1252/1586/822 1210/1585/822 1206/1529/822 1205/1528/822
f 1252/1586/823 1205/1528/823 1182/1493/823 1180/1490/823
f 1250/1587/824 1215/1541/824 1211/1537/824 1210/1536/824
f 1250/1587/825 1248/1588/825 1253/1589/825 1215/1541/825
f 1253/1589/826 1220/1546/826 1216/1542/826 1215/1541/826
f 1253/1589/827 1248/1588/827 1246/1590/827 1254/1591/827
f 1253/1589/828 1254/1591/828 1255/1592/828 1220/1546/828
f 1255/1592/829 1225/1551/829 1221/1547/829 1220/1546/829
f 1255/1592/830 1254/1591/830 1243/1593/830 1256/1594/830
f 1255/1592/831 1256/1594/831 1227/1554/831 1225/1551/831
f 1256/1594/832 1243/1593/832 1240/1595/832 1238/1596/832
f 1256/1594/833 1238/1596/833 1229/1557/833 1227/1554/833
f 1254/1591/834 1246/1590/834 1244/1597/834 1243/1593/834
f 1224/1598/835 1131/1428/835 1130/1427/835 1257/1599/835
f 1224/1550/836 1257/1600/836 1219/1545/836 1218/1544/836
f 1224/1598/837 1223/1601/837 1132/1429/837 1131/1428/837
f 1257/1599/838 1130/1427/838 1258/1602/838 1259/1603/838
f 1257/1600/839 1259/1604/839 1260/1605/839 1219/1545/839
f 1260/1606/840 1259/1607/840 1261/1608/840 1262/1609/840
f 1260/1606/841 1262/1609/841 1263/1610/841 1214/1611/841
f 1260/1605/842 1214/1540/842 1213/1539/842 1219/1545/842
f 1263/1610/843 1262/1609/843 1264/1612/843 1265/1613/843
f 1263/1610/844 1265/1613/844 1266/1614/844 1209/1615/844
f 1263/1610/845 1209/1615/845 1208/1616/845 1214/1611/845
f 1266/1617/846 1265/1618/846 1267/1619/846 1268/1620/846
f 1266/1617/847 1268/1620/847 1269/1621/847 1204/1622/847
f 1266/1614/848 1204/1526/848 1203/1525/848 1209/1615/848
f 1269/1621/849 1268/1620/849 1270/1623/849 1271/1624/849
f 1269/1625/850 1271/1626/850 1272/1627/850 1200/1519/850
f 1269/1625/851 1200/1519/851 1199/1518/851 1204/1628/851
f 1272/1627/852 1271/1626/852 1273/1629/852 1274/1630/852
f 1272/1627/853 1274/1630/853 1275/1631/853 1197/1516/853
f 1272/1627/854 1197/1516/854 1196/1515/854 1200/1519/854
f 1275/1631/855 1274/1630/855 1276/1632/855 1277/1633/855
f 1275/1631/856 1277/1633/856 1278/1634/856 1193/1511/856
f 1275/1631/857 1193/1511/857 1192/1510/857 1197/1516/857
f 1278/1635/858 1277/1636/858 1279/1637/858 1280/1638/858
f 1278/1634/859 1280/1639/859 1281/1640/859 1282/1641/859
f 1278/1634/860 1282/1641/860 1194/1512/860 1193/1511/860
f 1282/1641/861 1281/1640/861 1283/1642/861 1284/1643/861
f 1282/1641/862 1284/1643/862 496/1513/862 1194/1512/862
f 1284/1643/863 1283/1642/863 1285/1644/863 1286/1645/863
f 1284/1646/864 1286/1647/864 497/590/864 496/592/864
f 1286/1647/865 1285/1648/865 1287/1649/865 1288/1650/865
f 1286/1647/866 1288/1650/866 1289/1651/866 497/590/866
f 1289/1651/867 1288/1650/867 1290/1652/867 1097/1380/867
f 1289/1651/868 1097/1380/868 1090/1379/868 1088/1653/868
f 1289/1651/869 1088/1653/869 498/591/869 497/590/869
f 1290/1652/870 1288/1650/870 1287/1649/870 1291/1654/870
f 1290/1652/871 1291/1654/871 1292/1655/871 1100/1384/871
f 1290/1652/872 1100/1384/872 1098/1381/872 1097/1380/872
f 1292/1655/873 1291/1654/873 1293/1656/873 1294/1657/873
f 1292/1655/874 1294/1657/874 1295/1658/874 1296/1659/874
f 1292/1660/875 1296/1661/875 1101/1662/875 1100/1663/875
f 1296/1659/876 1295/1658/876 1297/1664/876 1298/1665/876
f 1296/1661/877 1298/1666/877 1102/1667/877 1101/1662/877
f 1298/1665/878 1297/1664/878 1299/1668/878 1300/1669/878
f 1298/1665/879 1300/1669/879 1104/1389/879 1102/1386/879
f 1300/1669/880 1299/1668/880 1301/1670/880 1109/1671/880
f 1300/1669/881 1109/1671/881 1106/1393/881 1104/1389/881
f 1301/1672/882 1299/1673/882 1302/1674/882 1303/1675/882
f 1301/1672/883 1303/1675/883 1304/1676/883 1305/1677/883
f 1301/1672/884 1305/1677/884 1110/1399/884 1109/1398/884
f 1305/1677/885 1304/1676/885 1306/1678/885 1307/1679/885
f 1305/1677/886 1307/1679/886 1111/1400/886 1110/1399/886
f 1307/1679/887 1306/1678/887 1308/1680/887 1309/1681/887
f 1307/1679/888 1309/1681/888 1113/1402/888 1111/1400/888
f 1309/1681/889 1308/1680/889 1310/1682/889 1311/1683/889
f 1309/1681/890 1311/1683/890 1312/1684/890 1113/1402/890
f 1312/1684/891 1311/1683/891 1313/1685/891 1314/1686/891
f 1312/1684/892 1314/1686/892 1315/1687/892 1116/1405/892
f 1312/1684/893 1116/1405/893 1114/1403/893 1113/1402/893
f 1315/1688/894 1314/1689/894 1316/1690/894 1317/1691/894
f 1315/1688/895 1317/1691/895 1318/1692/895 1319/1693/895
f 1315/1687/896 1319/1694/896 1117/1406/896 1116/1405/896
f 1319/1693/897 1318/1692/897 1320/1695/897 1321/1696/897
f 1319/1694/898 1321/1697/898 1118/1407/898 1117/1406/898
f 1321/1696/899 1320/1695/899 1264/1698/899 1322/1699/899
f 1321/1697/900 1322/1700/900 1120/1409/900 1118/1407/900
f 1322/1701/901 1264/1612/901 1262/1609/901 1261/1608/901
f 1322/1701/902 1261/1608/902 1122/1413/902 1120/1412/902
f 1320/1695/903 1318/1692/903 1323/1702/903 1267/1619/903
f 1320/1695/904 1267/1619/904 1265/1618/904 1264/1698/904
f 1323/1702/905 1318/1692/905 1317/1691/905 1324/1703/905
f 1323/1702/906 1324/1703/906 1325/1704/906 1270/1623/906
f 1323/1702/907 1270/1623/907 1268/1620/907 1267/1619/907
f 1325/1704/908 1324/1703/908 1326/1705/908 1327/1706/908
f 1325/1704/909 1327/1706/909 1328/1707/909 1273/1708/909
f 1325/1704/910 1273/1708/910 1271/1624/910 1270/1623/910
f 1328/1707/911 1327/1706/911 1329/1709/911 1330/1710/911
f 1328/1711/912 1330/1712/912 1331/1713/912 1276/1632/912
f 1328/1711/913 1276/1632/913 1274/1630/913 1273/1629/913
f 1331/1713/914 1330/1712/914 1332/1714/914 1333/1715/914
f 1331/1713/915 1333/1715/915 1334/1716/915 1279/1717/915
f 1331/1713/916 1279/1717/916 1277/1633/916 1276/1632/916
f 1334/1716/917 1333/1715/917 1335/1718/917 1336/1719/917
f 1334/1716/918 1336/1719/918 1337/1720/918 1338/1721/918
f 1334/1716/919 1338/1721/919 1280/1639/919 1279/1717/919
f 1338/1721/920 1337/1720/920 1339/1722/920 1340/1723/920
f 1338/1721/921 1340/1723/921 1281/1640/921 1280/1639/921
f 1340/1723/922 1339/1722/922 1341/1724/922 1342/1725/922
f 1340/1723/923 1342/1725/923 1283/1642/923 1281/1640/923
f 1342/1725/924 1341/1724/924 1343/1726/924 1344/1727/924
f 1342/1725/925 1344/1727/925 1285/1644/925 1283/1642/925
f 1344/1728/926 1343/1729/926 1345/1730/926 1346/1731/926
f 1344/1728/927 1346/1731/927 1287/1649/927 1285/1648/927
f 1346/1731/928 1345/1730/928 1347/1732/928 1293/1656/928
f 1346/1731/929 1293/1656/929 1291/1654/929 1287/1649/929
f 1347/1732/930 1345/1730/930 1348/1733/930 1349/1734/930
f 1347/1732/931 1349/1734/931 1350/1735/931 1351/1736/931
f 1347/1732/932 1351/1736/932 1294/1657/932 1293/1656/932
f 1351/1736/933 1350/1735/933 1352/1737/933 1353/1738/933
f 1351/1736/934 1353/1738/934 1295/1658/934 1294/1657/934
f 1353/1738/935 1352/1737/935 1354/1739/935 1355/1740/935
f 1353/1738/936 1355/1740/936 1297/1664/936 1295/1658/936
f 1355/1740/937 1354/1739/937 1356/1741/937 1302/1742/937
f 1355/1740/938 1302/1742/938 1299/1668/938 1297/1664/938
f 1356/1741/939 1354/1739/939 1357/1743/939 1358/1744/939
f 1356/1745/940 1358/1746/940 1359/1747/940 1360/1748/940
f 1356/1745/941 1360/1748/941 1303/1675/941 1302/1674/941
f 1360/1748/942 1359/1747/942 1361/1749/942 1362/1750/942
f 1360/1748/943 1362/1750/943 1304/1676/943 1303/1675/943
f 1362/1750/944 1361/1749/944 1363/1751/944 1364/1752/944
f 1362/1750/945 1364/1752/945 1306/1678/945 1304/1676/945
f 1364/1752/946 1363/1751/946 1365/1753/946 1366/1754/946
f 1364/1752/947 1366/1754/947 1308/1680/947 1306/1678/947
f 1366/1754/948 1365/1753/948 1367/1755/948 1368/1756/948
f 1366/1754/949 1368/1756/949 1310/1682/949 1308/1680/949
f 1368/1756/950 1367/1755/950 1369/1757/950 1370/1758/950
f 1368/1756/951 1370/1758/951 1371/1759/951 1310/1682/951
f 1371/1760/952 1370/1761/952 1372/1762/952 1373/1763/952
f 1371/1760/953 1373/1763/953 1374/1764/953 1313/1765/953
f 1371/1759/954 1313/1685/954 1311/1683/954 1310/1682/954
f 1374/1764/955 1373/1763/955 1375/1766/955 1376/1767/955
f 1374/1764/956 1376/1767/956 1326/1705/956 1316/1690/956
f 1374/1764/957 1316/1690/957 1314/1689/957 1313/1765/957
f 1376/1767/958 1375/1766/958 1377/1768/958 1329/1709/958
f 1376/1767/959 1329/1709/959 1327/1706/959 1326/1705/959
f 1377/1768/960 1375/1766/960 1378/1769/960 1379/1770/960
f 1377/1768/961 1379/1770/961 1380/1771/961 1332/1772/961
f 1377/1768/962 1332/1772/962 1330/1710/962 1329/1709/962
f 1380/1771/963 1379/1770/963 1381/1773/963 1382/1774/963
f 1380/1771/964 1382/1774/964 1383/1775/964 1335/1776/964
f 1380/1771/965 1335/1776/965 1333/1777/965 1332/1772/965
f 1383/1775/966 1382/1774/966 1384/1778/966 1385/1779/966
f 1383/1780/967 1385/1781/967 1386/1782/967 1387/1783/967
f 1383/1780/968 1387/1783/968 1336/1719/968 1335/1718/968
f 1387/1783/969 1386/1782/969 1388/1784/969 1389/1785/969
f 1387/1783/970 1389/1785/970 1337/1720/970 1336/1719/970
f 1389/1785/971 1388/1784/971 1390/1786/971 1391/1787/971
f 1389/1785/972 1391/1787/972 1339/1722/972 1337/1720/972
f 1391/1787/973 1390/1786/973 1392/1788/973 1393/1789/973
f 1391/1787/974 1393/1789/974 1341/1724/974 1339/1722/974
f 1393/1789/975 1392/1788/975 1394/1790/975 1395/1791/975
f 1393/1789/976 1395/1791/976 1343/1726/976 1341/1724/976
f 1395/1792/977 1394/1793/977 1396/1794/977 1348/1733/977
f 1395/1792/978 1348/1733/978 1345/1730/978 1343/1729/978
f 1396/1794/979 1394/1793/979 1397/1795/979 1398/1796/979
f 1396/1794/980 1398/1796/980 1399/1797/980 1400/1798/980
f 1396/1794/981 1400/1798/981 1349/1734/981 1348/1733/981
f 1400/1798/982 1399/1797/982 376/436/982 1401/1799/982
f 1400/1798/983 1401/1799/983 1350/1735/983 1349/1734/983
f 1401/1799/984 376/436/984 375/435/984 1402/1800/984
f 1401/1799/985 1402/1800/985 1352/1737/985 1350/1735/985
f 1402/1800/986 375/435/986 378/438/986 1357/1743/986
f 1402/1800/987 1357/1743/987 1354/1739/987 1352/1737/987
f 1399/1797/988 1398/1796/988 1403/1801/988 1404/1802/988
f 1399/1797/989 1404/1802/989 377/437/989 376/436/989
f 1404/1802/990 1403/1801/990 1405/1803/990 1406/1804/990
f 1404/1802/991 1406/1804/991 365/424/991 377/437/991
f 1406/1804/992 1405/1803/992 1407/1805/992 1408/1806/992
f 1406/1804/993 1408/1806/993 366/425/993 365/424/993
f 1408/1806/994 1407/1805/994 1409/1807/994 1410/1808/994
f 1408/1806/995 1410/1808/995 1411/1809/995 366/425/995
f 1411/1809/996 1410/1808/996 1412/1810/996 1413/1811/996
f 1411/1809/997 1413/1811/997 1414/1812/997 1415/1813/997
f 1411/1809/998 1415/1813/998 47/420/998 366/425/998
f 1415/1813/999 1414/1812/999 1416/1814/999 1417/1815/999
f 1415/1813/1000 1417/1815/1000 367/426/1000 47/420/1000
f 1417/1816/1001 1416/1817/1001 1418/1818/1001 1419/1819/1001
f 1417/1815/1002 1419/1820/1002 1420/1821/1002 367/426/1002
f 1420/1822/1003 1419/1819/1003 1421/1823/1003 1422/1824/1003
f 1420/1822/1004 1422/1824/1004 1423/1825/1004 1424/1826/1004
f 1420/1821/1005 1424/1827/1005 368/427/1005 367/426/1005
f 1424/1828/1006 1423/1829/1006 1425/1830/1006 1426/1831/1006
f 1424/1827/1007 1426/1832/1007 1427/1833/1007 368/427/1007
f 1427/1833/1008 1428/1834/1008 362/421/1008 368/427/1008
f 1427/1833/1009 1426/1832/1009 1429/1835/1009 1430/1836/1009
f 1427/1833/1010 1430/1836/1010 1431/1837/1010 1428/1834/1010
f 1431/1837/1011 1432/1838/1011 1433/1839/1011 1428/1834/1011
f 1431/1837/1012 1430/1836/1012 1434/1840/1012 1435/1841/1012
f 1431/1837/1013 1435/1841/1013 1436/1842/1013 1432/1838/1013
f 1436/1842/1014 1437/1843/1014 307/335/1014 1432/1838/1014
f 1436/1842/1015 1435/1841/1015 1438/1844/1015 1439/1845/1015
f 1436/1842/1016 1439/1845/1016 1440/1846/1016 1437/1843/1016
f 1440/1846/1017 1441/1847/1017 1442/1848/1017 1437/1843/1017
f 1440/1846/1018 1439/1845/1018 1443/1849/1018 1444/1850/1018
f 1440/1846/1019 1444/1850/1019 1445/1851/1019 1441/1847/1019
f 1445/1851/1020 1446/1852/1020 1447/1853/1020 1441/1847/1020
f 1445/1851/1021 1444/1850/1021 1448/1854/1021 1449/1855/1021
f 1445/1851/1022 1449/1855/1022 1450/1856/1022 1446/1852/1022
f 1450/1856/1023 1451/1857/1023 1452/1858/1023 1446/1852/1023
f 1450/1856/1024 1449/1855/1024 1453/1859/1024 1454/1860/1024
f 1450/1856/1025 1454/1860/1025 1455/1861/1025 1451/1857/1025
f 1455/1862/1026 1456/1863/1026 1457/1864/1026 1451/1865/1026
f 1455/1861/1027 1454/1860/1027 1458/1866/1027 1459/1867/1027
f 1455/1862/1028 1459/1868/1028 1460/1869/1028 1456/1863/1028
f 1460/1869/1029 1461/1870/1029 1462/1871/1029 1456/1863/1029
f 1460/1869/1030 1459/1868/1030 1463/1872/1030 1464/1873/1030
f 1460/1869/1031 1464/1873/1031 1465/1874/1031 1461/1870/1031
f 1465/1874/1032 1466/1875/1032 1467/1876/1032 1461/1870/1032
f 1465/1874/1033 1464/1873/1033 1468/1877/1033 1469/1878/1033
f 1465/1874/1034 1469/1878/1034 1470/1879/1034 1466/1875/1034
f 1470/1879/1035 1471/1880/1035 1472/1881/1035 1466/1875/1035
f 1470/1879/1036 1469/1878/1036 1473/1882/1036 1474/1883/1036
f 1470/1879/1037 1474/1883/1037 1475/1884/1037 1471/1880/1037
f 1475/1885/1038 1476/1886/1038 1477/1887/1038 1471/1888/1038
f 1475/1889/1039 1474/1890/1039 1478/1891/1039 1479/1892/1039
f 1475/1889/1040 1479/1892/1040 1480/1893/1040 1476/1894/1040
f 1480/1893/1041 1481/1895/1041 1482/1896/1041 1476/1894/1041
f 1480/1893/1042 1479/1892/1042 1483/1897/1042 1484/1898/1042
f 1480/1893/1043 1484/1898/1043 1485/1899/1043 1481/1895/1043
f 1485/1899/1044 1486/1900/1044 1487/1901/1044 1481/1895/1044
f 1485/1899/1045 1484/1898/1045 1488/1902/1045 1489/1903/1045
f 1485/1899/1046 1489/1903/1046 1490/1904/1046 1486/1900/1046
f 1490/1904/1047 1491/1905/1047 1492/1906/1047 1486/1900/1047
f 1490/1904/1048 1489/1903/1048 1493/1907/1048 1494/1908/1048
f 1490/1904/1049 1494/1908/1049 1495/1909/1049 1491/1905/1049
f 1495/1909/1050 1496/1910/1050 1497/1911/1050 1491/1905/1050
f 1495/1909/1051 1494/1908/1051 1498/1912/1051 1499/1913/1051
f 1495/1909/1052 1499/1913/1052 415/1914/1052 1496/1910/1052
f 1499/1915/1053 1498/1916/1053 1500/1917/1053 1501/1918/1053
f 1499/1915/1054 1501/1918/1054 408/474/1054 415/481/1054
f 1501/1918/1055 1500/1917/1055 1502/1919/1055 1503/1920/1055
f 1501/1918/1056 1503/1920/1056 409/475/1056 408/474/1056
f 1503/1920/1057 1502/1919/1057 1504/1921/1057 1505/1922/1057
f 1503/1920/1058 1505/1922/1058 1506/1923/1058 409/475/1058
f 1506/1923/1059 1507/1924/1059 410/476/1059 409/475/1059
f 1506/1923/1060 1505/1922/1060 1508/1925/1060 1509/1926/1060
f 1506/1923/1061 1509/1926/1061 1510/1927/1061 1507/1924/1061
f 1510/1927/1062 1511/1928/1062 1512/1929/1062 1507/1924/1062
f 1510/1927/1063 1509/1926/1063 1513/1930/1063 1514/1931/1063
f 1510/1927/1064 1514/1931/1064 1515/1932/1064 1511/1928/1064
f 1515/1932/1065 1516/1933/1065 1517/1934/1065 1511/1928/1065
f 1515/1932/1066 1514/1931/1066 1518/1935/1066 1519/1936/1066
f 1515/1932/1067 1519/1936/1067 1520/1937/1067 1516/1933/1067
f 1520/1937/1068 1521/1938/1068 1522/1939/1068 1516/1933/1068
f 1520/1937/1069 1519/1936/1069 1523/1940/1069 1524/1941/1069
f 1520/1937/1070 1524/1941/1070 1525/1942/1070 1521/1938/1070
f 1525/1942/1071 1526/1943/1071 1527/1944/1071 1521/1938/1071
f 1525/1942/1072 1524/1941/1072 1528/1945/1072 1529/1946/1072
f 1525/1942/1073 1529/1946/1073 1530/1947/1073 1526/1943/1073
f 1530/1947/1074 1531/1948/1074 1532/1949/1074 1526/1943/1074
f 1530/1947/1075 1529/1946/1075 1533/1950/1075 1534/1951/1075
f 1530/1947/1076 1534/1951/1076 1535/1952/1076 1531/1948/1076
f 1535/1952/1077 1536/1953/1077 1537/1954/1077 1531/1948/1077
f 1535/1952/1078 1534/1951/1078 1538/1955/1078 1539/1956/1078
f 1535/1952/1079 1539/1956/1079 1540/1957/1079 1536/1953/1079
f 1540/1957/1080 1541/1958/1080 1542/1959/1080 1536/1953/1080
f 1540/1960/1081 1539/1961/1081 1543/1962/1081 1544/1963/1081
f 1540/1960/1082 1544/1963/1082 1545/1964/1082 1541/1965/1082
f 1545/1964/1083 420/488/1083 1546/1966/1083 1541/1965/1083
f 1545/1964/1084 1544/1963/1084 1547/1967/1084 1548/1968/1084
f 1545/1964/1085 1548/1968/1085 416/489/1085 420/488/1085
f 1548/1969/1086 1547/1970/1086 1549/1971/1086 1550/1972/1086
f 1548/1969/1087 1550/1972/1087 417/484/1087 416/483/1087
f 1550/1972/1088 1549/1971/1088 1551/1973/1088 1552/1974/1088
f 1550/1972/1089 1552/1974/1089 1553/1975/1089 417/484/1089
f 1553/1975/1090 1554/1976/1090 418/485/1090 417/484/1090
f 1553/1975/1091 1552/1974/1091 1555/1977/1091 1556/1978/1091
f 1553/1975/1092 1556/1978/1092 1557/1979/1092 1554/1976/1092
f 1557/1979/1093 1558/1980/1093 1559/1981/1093 1554/1976/1093
f 1557/1979/1094 1556/1978/1094 1560/1982/1094 1561/1983/1094
f 1557/1979/1095 1561/1983/1095 1562/1984/1095 1558/1980/1095
f 1562/1984/1096 1563/1985/1096 1564/1986/1096 1558/1980/1096
f 1562/1984/1097 1561/1983/1097 1565/1987/1097 1566/1988/1097
f 1562/1984/1098 1566/1988/1098 1567/1989/1098 1563/1985/1098
f 1567/1989/1099 1568/1990/1099 1569/1991/1099 1563/1985/1099
f 1567/1989/1100 1566/1988/1100 1570/1992/1100 1571/1993/1100
f 1567/1989/1101 1571/1993/1101 1572/1994/1101 1568/1990/1101
f 1572/1994/1102 1573/1995/1102 1574/1996/1102 1568/1990/1102
f 1572/1994/1103 1571/1993/1103 1575/1997/1103 1576/1998/1103
f 1572/1994/1104 1576/1998/1104 1577/1999/1104 1573/1995/1104
f 1577/1999/1105 1578/2000/1105 1579/2001/1105 1573/1995/1105
f 1577/1999/1106 1576/1998/1106 1580/2002/1106 1581/2003/1106
f 1577/1999/1107 1581/2003/1107 1582/2004/1107 1578/2000/1107
f 1582/2004/1108 1583/2005/1108 1584/2006/1108 1578/2000/1108
f 1582/2004/1109 1581/2003/1109 1585/2007/1109 1586/2008/1109
f 1582/2004/1110 1586/2008/1110 1587/2009/1110 1583/2005/1110
f 1587/2009/1111 1588/2010/1111 1589/2011/1111 1583/2005/1111
f 1587/2009/1112 1586/2008/1112 1590/2012/1112 1591/2013/1112
f 1587/2014/1113 1591/2015/1113 1592/2016/1113 1588/2017/1113
f 1592/2016/1114 1593/2018/1114 1594/2019/1114 1588/2017/1114
f 1592/2020/1115 1591/2021/1115 1595/2022/1115 1596/2023/1115
f 1592/2020/1116 1596/2023/1116 1597/2024/1116 1593/2025/1116
f 1597/2024/1117 1598/2026/1117 1599/2027/1117 1593/2025/1117
f 1597/2024/1118 1596/2023/1118 1600/2028/1118 1601/2029/1118
f 1597/2024/1119 1601/2029/1119 1602/2030/1119 1598/2026/1119
f 1602/2030/1120 1603/2031/1120 1604/2032/1120 1598/2026/1120
f 1602/2033/1121 1601/2034/1121 1605/2035/1121 1606/2036/1121
f 1602/2033/1122 1606/2036/1122 1607/2037/1122 1603/2038/1122
f 1607/2037/1123 1608/2039/1123 1609/2040/1123 1603/2038/1123
f 1607/2037/1124 1606/2036/1124 1610/2041/1124 1611/2042/1124
f 1607/2037/1125 1611/2042/1125 1612/2043/1125 1608/2039/1125
f 1612/2043/1126 1613/2044/1126 1614/2045/1126 1608/2039/1126
f 1612/2043/1127 1611/2042/1127 1615/2046/1127 1616/2047/1127
f 1612/2043/1128 1616/2047/1128 1617/2048/1128 1613/2044/1128
f 1617/2048/1129 1618/2049/1129 1619/2050/1129 1613/2044/1129
f 1617/2048/1130 1616/2047/1130 1620/2051/1130 1621/2052/1130
f 1617/2048/1131 1621/2052/1131 1622/2053/1131 1618/2049/1131
f 1622/2053/1132 1623/2054/1132 1624/2055/1132 1618/2049/1132
f 1622/2053/1133 1621/2052/1133 1625/2056/1133 1626/2057/1133
f 1622/2053/1134 1626/2057/1134 1627/2058/1134 1623/2054/1134
f 1627/2059/1135 1628/2060/1135 1629/2061/1135 1623/2062/1135
f 1627/2058/1136 1626/2057/1136 1630/2063/1136 1631/2064/1136
f 1627/2059/1137 1631/2065/1137 1632/2066/1137 1628/2060/1137
f 1632/2066/1138 1633/2067/1138 1634/2068/1138 1628/2060/1138
f 1632/2069/1139 1631/2064/1139 1635/2070/1139 1636/2071/1139
f 1632/2069/1140 1636/2071/1140 1637/2072/1140 1633/2073/1140
f 1637/2072/1141 564/676/1141 1638/2074/1141 1633/2073/1141
f 1637/2072/1142 1636/2071/1142 1639/2075/1142 1640/2076/1142
f 1637/2072/1143 1640/2076/1143 565/2077/1143 564/676/1143
f 1640/2076/1144 1639/2075/1144 1641/2078/1144 1642/2079/1144
f 1640/2076/1145 1642/2079/1145 552/659/1145 565/2077/1145
f 1642/2079/1146 1641/2078/1146 1012/2080/1146 1643/2081/1146
f 1642/2079/1147 1643/2081/1147 553/660/1147 552/659/1147
f 1643/2082/1148 1012/1248/1148 1011/1247/1148 1016/1252/1148
f 1643/2081/1149 1016/2083/1149 554/661/1149 553/660/1149
f 1641/2078/1150 1639/2075/1150 1644/2084/1150 1007/1240/1150
f 1641/2078/1151 1007/1240/1151 1006/1239/1151 1012/2080/1151
f 1644/2084/1152 1639/2075/1152 1636/2071/1152 1635/2070/1152
f 1644/2084/1153 1635/2070/1153 1645/2085/1153 1002/1235/1153
f 1644/2084/1154 1002/1235/1154 1001/1234/1154 1007/1240/1154
f 1645/2085/1155 1635/2070/1155 1631/2064/1155 1630/2063/1155
f 1645/2085/1156 1630/2063/1156 1646/2086/1156 997/1230/1156
f 1645/2085/1157 997/1230/1157 996/1229/1157 1002/1235/1157
f 1646/2086/1158 1630/2063/1158 1626/2057/1158 1625/2056/1158
f 1646/2086/1159 1625/2056/1159 1647/2087/1159 992/1225/1159
f 1646/2086/1160 992/1225/1160 991/1224/1160 997/1230/1160
f 1647/2087/1161 1625/2056/1161 1621/2052/1161 1620/2051/1161
f 1647/2087/1162 1620/2051/1162 1648/2088/1162 987/1220/1162
f 1647/2087/1163 987/1220/1163 986/1219/1163 992/1225/1163
f 1648/2088/1164 1620/2051/1164 1616/2047/1164 1615/2046/1164
f 1648/2088/1165 1615/2046/1165 1649/2089/1165 982/1215/1165
f 1648/2088/1166 982/1215/1166 981/1214/1166 987/1220/1166
f 1649/2089/1167 1615/2046/1167 1611/2042/1167 1610/2041/1167
f 1649/2089/1168 1610/2041/1168 1650/2090/1168 977/1210/1168
f 1649/2089/1169 977/1210/1169 976/1209/1169 982/1215/1169
f 1650/2090/1170 1610/2041/1170 1606/2036/1170 1605/2035/1170
f 1650/2090/1171 1605/2035/1171 1651/2091/1171 972/1205/1171
f 1650/2090/1172 972/1205/1172 971/1204/1172 977/1210/1172
f 1651/2092/1173 1605/2093/1173 1601/2029/1173 1600/2028/1173
f 1651/2091/1174 1600/2094/1174 1652/2095/1174 967/1198/1174
f 1651/2091/1175 967/1198/1175 966/1197/1175 972/1205/1175
f 1652/2096/1176 1600/2028/1176 1596/2023/1176 1595/2022/1176
f 1652/2096/1177 1595/2022/1177 1653/2097/1177 962/1188/1177
f 1652/2096/1178 962/1188/1178 961/1187/1178 967/2098/1178
f 1653/2097/1179 1595/2022/1179 1591/2021/1179 1590/2099/1179
f 1653/2097/1180 1590/2099/1180 1654/2100/1180 957/1183/1180
f 1653/2097/1181 957/1183/1181 956/1182/1181 962/1188/1181
f 1654/2101/1182 1590/2012/1182 1586/2008/1182 1585/2007/1182
f 1654/2101/1183 1585/2007/1183 1655/2102/1183 952/2103/1183
f 1654/2100/1184 952/1178/1184 951/1177/1184 957/1183/1184
f 1655/2102/1185 1585/2007/1185 1581/2003/1185 1580/2002/1185
f 1655/2102/1186 1580/2002/1186 1656/2104/1186 947/1170/1186
f 1655/2102/1187 947/1170/1187 946/1169/1187 952/2103/1187
f 1656/2104/1188 1580/2002/1188 1576/1998/1188 1575/1997/1188
f 1656/2104/1189 1575/1997/1189 1657/2105/1189 942/1165/1189
f 1656/2104/1190 942/1165/1190 941/1164/1190 947/1170/1190
f 1657/2105/1191 1575/1997/1191 1571/1993/1191 1570/1992/1191
f 1657/2105/1192 1570/1992/1192 1658/2106/1192 937/1160/1192
f 1657/2105/1193 937/1160/1193 936/1159/1193 942/1165/1193
f 1658/2106/1194 1570/1992/1194 1566/1988/1194 1565/1987/1194
f 1658/2106/1195 1565/1987/1195 1659/2107/1195 932/1155/1195
f 1658/2106/1196 932/1155/1196 931/1154/1196 937/1160/1196
f 1659/2107/1197 1565/1987/1197 1561/1983/1197 1560/1982/1197
f 1659/2107/1198 1560/1982/1198 1660/2108/1198 927/1150/1198
f 1659/2107/1199 927/1150/1199 926/1149/1199 932/1155/1199
f 1660/2108/1200 1560/1982/1200 1556/1978/1200 1555/1977/1200
f 1660/2108/1201 1555/1977/1201 1661/2109/1201 922/1145/1201
f 1660/2108/1202 922/1145/1202 921/1144/1202 927/1150/1202
f 1661/2109/1203 1555/1977/1203 1552/1974/1203 1551/1973/1203
f 1661/2109/1204 1551/1973/1204 1662/2110/1204 917/1140/1204
f 1661/2109/1205 917/1140/1205 916/1139/1205 922/1145/1205
f 1662/2110/1206 1551/1973/1206 1549/1971/1206 1663/2111/1206
f 1662/2110/1207 1663/2111/1207 1664/2112/1207 912/1135/1207
f 1662/2110/1208 912/1135/1208 911/1134/1208 917/1140/1208
f 1664/2112/1209 1663/2111/1209 1665/2113/1209 1666/2114/1209
f 1664/2112/1210 1666/2114/1210 1667/2115/1210 907/1130/1210
f 1664/2112/1211 907/1130/1211 906/1129/1211 912/1135/1211
f 1667/2116/1212 1666/2117/1212 1668/2118/1212 1669/2119/1212
f 1667/2116/1213 1669/2119/1213 1670/2120/1213 902/2121/1213
f 1667/2115/1214 902/1125/1214 901/1124/1214 907/1130/1214
f 1670/2120/1215 1669/2119/1215 1671/2122/1215 1672/2123/1215
f 1670/2120/1216 1672/2123/1216 1673/2124/1216 897/1117/1216
f 1670/2120/1217 897/1117/1217 896/1116/1217 902/2121/1217
f 1673/2125/1218 1672/2126/1218 1674/2127/1218 1675/2128/1218
f 1673/2125/1219 1675/2128/1219 1676/2129/1219 892/2130/1219
f 1673/2124/1220 892/1112/1220 891/1111/1220 897/1117/1220
f 1676/2129/1221 1675/2128/1221 1677/2131/1221 1678/2132/1221
f 1676/2129/1222 1678/2132/1222 1679/2133/1222 887/1104/1222
f 1676/2129/1223 887/1104/1223 886/1103/1223 892/2130/1223
f 1679/2133/1224 1678/2132/1224 1680/2134/1224 1681/2135/1224
f 1679/2133/1225 1681/2135/1225 1682/2136/1225 882/1099/1225
f 1679/2133/1226 882/1099/1226 881/1098/1226 887/1104/1226
f 1682/2136/1227 1681/2135/1227 1683/2137/1227 1684/2138/1227
f 1682/2136/1228 1684/2138/1228 1685/2139/1228 877/1094/1228
f 1682/2136/1229 877/1094/1229 876/1093/1229 882/1099/1229
f 1685/2139/1230 1684/2138/1230 1686/2140/1230 1687/2141/1230
f 1685/2139/1231 1687/2141/1231 1688/2142/1231 872/1089/1231
f 1685/2139/1232 872/1089/1232 871/1088/1232 877/1094/1232
f 1688/2142/1233 1687/2141/1233 1689/2143/1233 1690/2144/1233
f 1688/2142/1234 1690/2144/1234 1691/2145/1234 867/1084/1234
f 1688/2142/1235 867/1084/1235 866/1083/1235 872/1089/1235
f 1691/2145/1236 1690/2144/1236 1692/2146/1236 1693/2147/1236
f 1691/2145/1237 1693/2147/1237 1694/2148/1237 862/1079/1237
f 1691/2145/1238 862/1079/1238 861/1078/1238 867/1084/1238
f 1694/2148/1239 1693/2147/1239 1695/2149/1239 1696/2150/1239
f 1694/2148/1240 1696/2150/1240 1697/2151/1240 857/1074/1240
f 1694/2148/1241 857/1074/1241 856/1073/1241 862/1079/1241
f 1697/2151/1242 1696/2150/1242 1698/2152/1242 1699/2153/1242
f 1697/2151/1243 1699/2153/1243 1700/2154/1243 852/1069/1243
f 1697/2151/1244 852/1069/1244 851/1068/1244 857/1074/1244
f 1700/2154/1245 1699/2153/1245 1701/2155/1245 1702/2156/1245
f 1700/2154/1246 1702/2156/1246 1703/2157/1246 847/1064/1246
f 1700/2154/1247 847/1064/1247 846/1063/1247 852/1069/1247
f 1703/2158/1248 1702/2159/1248 1704/2160/1248 1705/2161/1248
f 1703/2158/1249 1705/2161/1249 1706/2162/1249 842/1056/1249
f 1703/2157/1250 842/2163/1250 841/1062/1250 847/1064/1250
f 1706/2162/1251 1705/2161/1251 1707/2164/1251 1708/2165/1251
f 1706/2162/1252 1708/2165/1252 1709/2166/1252 837/1047/1252
f 1706/2162/1253 837/1047/1253 836/1046/1253 842/1056/1253
f 1709/2167/1254 1708/2168/1254 1710/2169/1254 1711/2170/1254
f 1709/2167/1255 1711/2170/1255 1712/2171/1255 832/2172/1255
f 1709/2166/1256 832/1042/1256 831/1041/1256 837/1047/1256
f 1712/2171/1257 1711/2170/1257 1713/2173/1257 1714/2174/1257
f 1712/2171/1258 1714/2174/1258 1715/2175/1258 827/2176/1258
f 1712/2171/1259 827/2176/1259 826/2177/1259 832/2172/1259
f 1715/2178/1260 1714/2179/1260 1716/2180/1260 1717/2181/1260
f 1715/2178/1261 1717/2181/1261 1718/2182/1261 822/1032/1261
f 1715/2178/1262 822/1032/1262 821/1031/1262 827/1037/1262
f 1718/2182/1263 1717/2181/1263 1719/2183/1263 1720/2184/1263
f 1718/2182/1264 1720/2184/1264 1721/2185/1264 817/1027/1264
f 1718/2182/1265 817/1027/1265 816/1026/1265 822/1032/1265
f 1721/2185/1266 1720/2184/1266 1722/2186/1266 1723/2187/1266
f 1721/2185/1267 1723/2187/1267 1724/2188/1267 812/1020/1267
f 1721/2185/1268 812/1020/1268 811/1019/1268 817/1027/1268
f 1724/2189/1269 1723/2190/1269 1725/2191/1269 1726/2192/1269
f 1724/2189/1270 1726/2192/1270 1727/2193/1270 807/2194/1270
f 1724/2189/1271 807/2194/1271 806/2195/1271 812/2196/1271
f 1727/2197/1272 1726/2198/1272 210/190/1272 209/189/1272
f 1727/2197/1273 209/189/1273 192/167/1273 197/166/1273
f 1727/2197/1274 197/166/1274 802/1006/1274 807/1011/1274
f 1726/2192/1275 1725/2191/1275 1728/2199/1275 210/2200/1275
f 1728/2199/1276 1729/2201/1276 1730/2202/1276 1731/2203/1276
f 1728/2199/1277 1731/2203/1277 22/183/1277 210/2200/1277
f 1728/2199/1278 1725/2191/1278 1732/2204/1278 1729/2201/1278
f 1732/2205/1279 1733/2206/1279 1734/2207/1279 1729/2208/1279
f 1732/2205/1280 1725/2209/1280 1723/2187/1280 1722/2186/1280
f 1732/2205/1281 1722/2186/1281 1735/2210/1281 1733/2206/1281
f 1735/2210/1282 1736/2211/1282 1737/2212/1282 1733/2206/1282
f 1735/2210/1283 1722/2186/1283 1720/2184/1283 1719/2183/1283
f 1735/2210/1284 1719/2183/1284 1738/2213/1284 1736/2211/1284
f 1738/2213/1285 1739/2214/1285 1740/2215/1285 1736/2211/1285
f 1738/2213/1286 1719/2183/1286 1717/2181/1286 1716/2180/1286
f 1738/2216/1287 1716/2217/1287 1741/2218/1287 1739/2219/1287
f 1741/2218/1288 1742/2220/1288 1743/2221/1288 1739/2219/1288
f 1741/2218/1289 1716/2217/1289 1714/2174/1289 1713/2173/1289
f 1741/2218/1290 1713/2173/1290 1744/2222/1290 1742/2220/1290
f 1744/2222/1291 1745/2223/1291 1746/2224/1291 1742/2220/1291
f 1744/2222/1292 1713/2173/1292 1711/2170/1292 1710/2169/1292
f 1744/2222/1293 1710/2169/1293 1747/2225/1293 1745/2223/1293
f 1747/2225/1294 1748/2226/1294 1749/2227/1294 1745/2223/1294
f 1747/2228/1295 1710/2229/1295 1708/2165/1295 1707/2164/1295
f 1747/2228/1296 1707/2164/1296 1750/2230/1296 1748/2231/1296
f 1750/2230/1297 1751/2232/1297 1752/2233/1297 1748/2231/1297
f 1750/2230/1298 1707/2164/1298 1705/2161/1298 1704/2160/1298
f 1750/2230/1299 1704/2160/1299 1753/2234/1299 1751/2232/1299
f 1753/2234/1300 1754/2235/1300 1755/2236/1300 1751/2232/1300
f 1753/2234/1301 1704/2160/1301 1702/2159/1301 1701/2237/1301
f 1753/2234/1302 1701/2237/1302 1756/2238/1302 1754/2235/1302
f 1756/2238/1303 1757/2239/1303 1758/2240/1303 1754/2235/1303
f 1756/2241/1304 1701/2155/1304 1699/2153/1304 1698/2152/1304
f 1756/2241/1305 1698/2152/1305 1759/2242/1305 1757/2243/1305
f 1759/2242/1306 1760/2244/1306 1761/2245/1306 1757/2243/1306
f 1759/2242/1307 1698/2152/1307 1696/2150/1307 1695/2149/1307
f 1759/2242/1308 1695/2149/1308 1762/2246/1308 1760/2244/1308
f 1762/2246/1309 1502/1919/1309 1500/1917/1309 1760/2244/1309
f 1762/2246/1310 1695/2149/1310 1693/2147/1310 1692/2146/1310
f 1762/2246/1311 1692/2146/1311 1504/1921/1311 1502/1919/1311
f 1761/2247/1312 1498/1912/1312 1494/1908/1312 1493/1907/1312
f 1761/2247/1313 1493/1907/1313 1758/2240/1313 1757/2239/1313
f 1761/2245/1314 1760/2244/1314 1500/1917/1314 1498/1916/1314
f 1758/2240/1315 1493/1907/1315 1489/1903/1315 1488/1902/1315
f 1758/2240/1316 1488/1902/1316 1755/2236/1316 1754/2235/1316
f 1755/2236/1317 1488/1902/1317 1484/1898/1317 1483/1897/1317
f 1755/2236/1318 1483/1897/1318 1752/2233/1318 1751/2232/1318
f 1752/2233/1319 1483/1897/1319 1479/1892/1319 1478/1891/1319
f 1752/2233/1320 1478/1891/1320 1749/2248/1320 1748/2231/1320
f 1749/2227/1321 1478/2249/1321 1474/1883/1321 1473/1882/1321
f 1749/2227/1322 1473/1882/1322 1746/2224/1322 1745/2223/1322
f 1746/2224/1323 1473/1882/1323 1469/1878/1323 1468/1877/1323
f 1746/2224/1324 1468/1877/1324 1743/2221/1324 1742/2220/1324
f 1743/2221/1325 1468/1877/1325 1464/1873/1325 1463/1872/1325
f 1743/2221/1326 1463/1872/1326 1740/2250/1326 1739/2219/1326
f 1740/2250/1327 1463/1872/1327 1459/1868/1327 1458/2251/1327
f 1740/2215/1328 1458/1866/1328 1737/2212/1328 1736/2211/1328
f 1737/2212/1329 1458/1866/1329 1454/1860/1329 1453/1859/1329
f 1737/2212/1330 1453/1859/1330 1734/2207/1330 1733/2206/1330
f 1734/2207/1331 1453/1859/1331 1449/1855/1331 1448/1854/1331
f 1734/2252/1332 1448/2253/1332 1730/2202/1332 1729/2201/1332
f 1731/2203/1333 1730/2202/1333 1443/2254/1333 1763/2255/1333
f 1731/2203/1334 1763/2255/1334 206/184/1334 22/183/1334
f 1763/2256/1335 1443/1849/1335 1439/1845/1335 1438/1844/1335
f 1763/2256/1336 1438/1844/1336 1764/2257/1336 206/2258/1336
f 1764/2257/1337 1438/1844/1337 1435/1841/1337 1434/1840/1337
f 1764/2257/1338 1434/1840/1338 1765/2259/1338 1766/2260/1338
f 1764/2257/1339 1766/2260/1339 207/2261/1339 206/2258/1339
f 1766/2260/1340 1765/2259/1340 1767/2262/1340 1768/2263/1340
f 1766/2264/1341 1768/2265/1341 1769/2266/1341 207/185/1341
f 1769/2266/1342 1768/2265/1342 154/2267/1342 1770/2268/1342
f 1769/2269/1343 1770/2270/1343 194/164/1343 193/163/1343
f 1769/2266/1344 193/2271/1344 208/186/1344 207/185/1344
f 1770/2272/1345 154/2273/1345 13/109/1345 164/112/1345
f 1770/2270/1346 164/2274/1346 1771/2275/1346 194/164/1346
f 1771/2275/1347 164/2274/1347 163/2276/1347 1772/2277/1347
f 1771/2275/1348 1772/2277/1348 1773/2278/1348 1774/2279/1348
f 1771/2275/1349 1774/2279/1349 195/169/1349 194/164/1349
f 1774/2279/1350 1773/2278/1350 1775/2280/1350 795/997/1350
f 1774/2279/1351 795/997/1351 794/996/1351 195/169/1351
f 1775/2280/1352 1773/2278/1352 1776/2281/1352 1777/2282/1352
f 1775/2280/1353 1777/2282/1353 1778/2283/1353 790/992/1353
f 1775/2280/1354 790/992/1354 789/991/1354 795/997/1354
f 1778/2283/1355 1777/2282/1355 1779/2284/1355 100/21/1355
f 1778/2283/1356 100/21/1356 99/20/1356 785/985/1356
f 1778/2283/1357 785/985/1357 784/984/1357 790/992/1357
f 1779/2284/1358 1780/2285/1358 1781/2286/1358 1782/2287/1358
f 1779/2284/1359 1782/2287/1359 95/13/1359 100/21/1359
f 1779/2284/1360 1777/2282/1360 1776/2281/1360 1780/2285/1360
f 1782/2287/1361 1781/2286/1361 1783/2288/1361 1784/2289/1361
f 1782/2287/1362 1784/2289/1362 96/14/1362 95/13/1362
f 1784/2289/1363 1783/2288/1363 87/2/1363 92/7/1363
f 1784/2289/1364 92/7/1364 1785/2290/1364 96/14/1364
f 1785/2290/1365 1786/2291/1365 1787/2292/1365 1788/2293/1365
f 1785/2290/1366 1788/2293/1366 97/15/1366 96/14/1366
f 1785/2290/1367 92/7/1367 91/6/1367 1786/2291/1367
f 1788/2294/1368 1787/2295/1368 1789/2296/1368 1790/2297/1368
f 1788/2294/1369 1790/2297/1369 1791/2298/1369 97/2299/1369
f 1791/2298/1370 1790/2297/1370 1792/2300/1370 1793/2301/1370
f 1791/2302/1371 1793/2303/1371 1794/2304/1371 93/9/1371
f 1791/2302/1372 93/9/1372 2/8/1372 97/2305/1372
f 1794/2304/1373 1793/2303/1373 1795/2306/1373 1796/2307/1373
f 1794/2304/1374 1796/2307/1374 1797/2308/1374 1798/2309/1374
f 1794/2304/1375 1798/2309/1375 94/10/1375 93/9/1375
f 1798/2309/1376 1797/2308/1376 1799/2310/1376 1800/2311/1376
f 1798/2309/1377 1800/2311/1377 1801/2312/1377 94/10/1377
f 1801/2312/1378 1800/2311/1378 685/839/1378 683/835/1378
f 1801/2312/1379 683/835/1379 111/40/1379 108/39/1379
f 1801/2312/1380 108/39/1380 4/11/1380 94/10/1380
f 1800/2311/1381 1799/2310/1381 687/842/1381 685/839/1381
f 1799/2313/1382 1797/2314/1382 1802/2315/1382 1803/2316/1382
f 1799/2313/1383 1803/2316/1383 689/847/1383 687/846/1383
f 1803/2316/1384 1802/2315/1384 1804/2317/1384 1805/2318/1384
f 1803/2316/1385 1805/2318/1385 691/850/1385 689/847/1385
f 1805/2318/1386 1804/2317/1386 1806/2319/1386 1807/2320/1386
f 1805/2318/1387 1807/2320/1387 693/853/1387 691/850/1387
f 1807/2320/1388 1806/2319/1388 1808/2321/1388 1809/2322/1388
f 1807/2320/1389 1809/2322/1389 1810/2323/1389 693/853/1389
f 1810/2323/1390 1809/2322/1390 1811/2324/1390 1812/2325/1390
f 1810/2323/1391 1812/2325/1391 1813/2326/1391 696/2327/1391
f 1810/2323/1392 696/2327/1392 694/854/1392 693/853/1392
f 1813/2326/1393 1812/2325/1393 1814/2328/1393 1815/2329/1393
f 1813/2330/1394 1815/2331/1394 1816/2332/1394 699/860/1394
f 1813/2330/1395 699/860/1395 697/858/1395 696/857/1395
f 1816/2333/1396 1815/2329/1396 1817/2334/1396 1818/2335/1396
f 1816/2332/1397 1818/2336/1397 1819/2337/1397 1820/2338/1397
f 1816/2332/1398 1820/2338/1398 700/861/1398 699/860/1398
f 1820/2338/1399 1819/2337/1399 1821/2339/1399 704/865/1399
f 1820/2338/1400 704/865/1400 701/862/1400 700/861/1400
f 1821/2339/1401 1819/2337/1401 1822/2340/1401 1823/2341/1401
f 1821/2339/1402 1823/2341/1402 1824/2342/1402 1825/2343/1402
f 1821/2339/1403 1825/2343/1403 705/866/1403 704/865/1403
f 1825/2343/1404 1824/2342/1404 712/873/1404 710/871/1404
f 1825/2343/1405 710/871/1405 706/867/1405 705/866/1405
f 1824/2342/1406 1823/2341/1406 1826/2344/1406 1827/2345/1406
f 1824/2342/1407 1827/2345/1407 1828/2346/1407 712/873/1407
f 1828/2346/1408 1827/2345/1408 1829/2347/1408 1830/2348/1408
f 1828/2346/1409 1830/2348/1409 1831/2349/1409 715/880/1409
f 1828/2346/1410 715/880/1410 713/874/1410 712/873/1410
f 1831/2349/1411 1830/2348/1411 350/402/1411 349/401/1411
f 1831/2349/1412 349/401/1412 354/418/1412 360/417/1412
f 1831/2349/1413 360/417/1413 716/881/1413 715/880/1413
f 1830/2348/1414 1829/2347/1414 1832/2350/1414 350/402/1414
f 1832/2351/1415 1833/2352/1415 1834/2353/1415 1835/2354/1415
f 1832/2351/1416 1835/2354/1416 351/405/1416 350/2355/1416
f 1832/2350/1417 1829/2347/1417 1836/2356/1417 1833/2357/1417
f 1836/2356/1418 1837/2358/1418 1838/2359/1418 1833/2357/1418
f 1836/2356/1419 1829/2347/1419 1827/2345/1419 1826/2344/1419
f 1836/2356/1420 1826/2344/1420 1839/2360/1420 1837/2358/1420
f 1839/2360/1421 1840/2361/1421 1841/2362/1421 1837/2358/1421
f 1839/2360/1422 1826/2344/1422 1823/2341/1422 1822/2340/1422
f 1839/2360/1423 1822/2340/1423 1842/2363/1423 1840/2361/1423
f 1842/2364/1424 1843/2365/1424 1844/2366/1424 1840/2367/1424
f 1842/2363/1425 1822/2340/1425 1819/2337/1425 1818/2336/1425
f 1842/2364/1426 1818/2335/1426 1817/2334/1426 1843/2365/1426
f 1844/2366/1427 282/297/1427 1845/2368/1427 1846/2369/1427
f 1844/2366/1428 1846/2369/1428 1841/2370/1428 1840/2367/1428
f 1844/2366/1429 1843/2365/1429 279/294/1429 282/297/1429
f 1846/2369/1430 1845/2368/1430 1847/2371/1430 1848/2372/1430
f 1846/2369/1431 1848/2372/1431 1849/2373/1431 1841/2370/1431
f 1849/2373/1432 1848/2372/1432 1850/2374/1432 1851/2375/1432
f 1849/2376/1433 1851/2377/1433 1852/2378/1433 1838/2379/1433
f 1849/2373/1434 1838/2380/1434 1837/2381/1434 1841/2370/1434
f 1852/2378/1435 1851/2377/1435 1853/2382/1435 1854/2383/1435
f 1852/2378/1436 1854/2383/1436 1855/2384/1436 1834/2353/1436
f 1852/2378/1437 1834/2353/1437 1833/2352/1437 1838/2379/1437
f 1855/2384/1438 1854/2383/1438 1856/2385/1438 1857/2386/1438
f 1855/2384/1439 1857/2386/1439 1858/2387/1439 1859/2388/1439
f 1855/2384/1440 1859/2388/1440 1835/2354/1440 1834/2353/1440
f 1859/2389/1441 1858/2390/1441 1860/2391/1441 352/2392/1441
f 1859/2388/1442 352/406/1442 351/405/1442 1835/2354/1442
f 1860/2393/1443 1858/2394/1443 1861/2395/1443 1862/2396/1443
f 1860/2393/1444 1862/2396/1444 1863/2397/1444 355/2398/1444
f 1860/2393/1445 355/2398/1445 353/2399/1445 352/2400/1445
f 1863/2397/1446 1862/2396/1446 1864/2401/1446 1865/2402/1446
f 1863/2397/1447 1865/2402/1447 1866/2403/1447 356/413/1447
f 1863/2397/1448 356/413/1448 46/412/1448 355/2398/1448
f 1866/2403/1449 1865/2402/1449 1867/2404/1449 1868/2405/1449
f 1866/2403/1450 1868/2405/1450 1869/2406/1450 1870/2407/1450
f 1866/2403/1451 1870/2407/1451 357/414/1451 356/413/1451
f 1870/2407/1452 1869/2406/1452 1871/2408/1452 1872/2409/1452
f 1870/2407/1453 1872/2409/1453 1873/2410/1453 357/414/1453
f 1873/2411/1454 1872/2412/1454 1874/2413/1454 1875/2414/1454
f 1873/2415/1455 1875/2416/1455 1876/2417/1455 1877/2418/1455
f 1873/2410/1456 1877/2419/1456 358/415/1456 357/414/1456
f 1877/2418/1457 1876/2417/1457 1878/2420/1457 1879/2421/1457
f 1877/2418/1458 1879/2421/1458 361/2422/1458 358/2423/1458
f 1879/2424/1459 1878/2425/1459 1880/2426/1459 1881/2427/1459
f 1879/2424/1460 1881/2427/1460 719/887/1460 361/2428/1460
f 1881/2427/1461 1880/2426/1461 1882/2429/1461 722/890/1461
f 1881/2427/1462 722/890/1462 720/888/1462 719/887/1462
f 1882/2429/1463 1880/2426/1463 1883/2430/1463 1884/2431/1463
f 1882/2429/1464 1884/2431/1464 1885/2432/1464 1886/2433/1464
f 1882/2429/1465 1886/2433/1465 723/891/1465 722/890/1465
f 1886/2433/1466 1885/2432/1466 1887/2434/1466 1888/2435/1466
f 1886/2433/1467 1888/2435/1467 724/892/1467 723/891/1467
f 1888/2436/1468 1887/2437/1468 1889/2438/1468 1890/2439/1468
f 1888/2436/1469 1890/2439/1469 726/2440/1469 724/2441/1469
f 1890/2439/1470 1889/2438/1470 1891/2442/1470 1892/2443/1470
f 1890/2444/1471 1892/2445/1471 728/899/1471 726/897/1471
f 1892/2446/1472 1891/2447/1472 1893/2448/1472 1894/2449/1472
f 1892/2445/1473 1894/2450/1473 730/901/1473 728/899/1473
f 1894/2449/1474 1893/2448/1474 1895/2451/1474 1896/2452/1474
f 1894/2449/1475 1896/2452/1475 736/2453/1475 730/2454/1475
f 1896/2452/1476 1895/2451/1476 1897/2455/1476 739/912/1476
f 1896/2452/1477 739/912/1477 737/911/1477 736/2453/1477
f 1897/2455/1478 1895/2451/1478 1898/2456/1478 1899/2457/1478
f 1897/2455/1479 1899/2457/1479 744/921/1479 742/916/1479
f 1897/2455/1480 742/916/1480 740/913/1480 739/912/1480
f 1899/2457/1481 1898/2456/1481 1900/2458/1481 1901/2459/1481
f 1899/2457/1482 1901/2459/1482 1902/2460/1482 744/921/1482
f 1902/2460/1483 1901/2459/1483 1903/2461/1483 1904/2462/1483
f 1902/2460/1484 1904/2462/1484 749/928/1484 747/924/1484
f 1902/2460/1485 747/924/1485 745/922/1485 744/921/1485
f 1904/2462/1486 1903/2461/1486 1905/2463/1486 1906/2464/1486
f 1904/2462/1487 1906/2464/1487 751/2465/1487 749/928/1487
f 1906/2466/1488 1905/2467/1488 1907/2468/1488 1908/2469/1488
f 1906/2466/1489 1908/2469/1489 1909/2470/1489 751/2471/1489
f 1909/2470/1490 1908/2469/1490 1910/2472/1490 1911/2473/1490
f 1909/2470/1491 1911/2473/1491 756/943/1491 754/937/1491
f 1909/2470/1492 754/937/1492 752/936/1492 751/2471/1492
f 1911/2473/1493 1910/2472/1493 1912/2474/1493 1913/2475/1493
f 1911/2473/1494 1913/2475/1494 758/946/1494 756/943/1494
f 1913/2475/1495 1912/2474/1495 1914/2476/1495 1915/2477/1495
f 1913/2475/1496 1915/2477/1496 1916/2478/1496 758/946/1496
f 1916/2478/1497 1915/2477/1497 1917/2479/1497 1918/2480/1497
f 1916/2478/1498 1918/2480/1498 1919/2481/1498 761/2482/1498
f 1916/2478/1499 761/2482/1499 759/947/1499 758/946/1499
f 1919/2483/1500 1918/2484/1500 1920/2485/1500 1921/2486/1500
f 1919/2483/1501 1921/2486/1501 1922/2487/1501 1923/2488/1501
f 1919/2483/1502 1923/2488/1502 762/952/1502 761/951/1502
f 1923/2489/1503 1922/2490/1503 1924/2491/1503 1925/2492/1503
f 1923/2488/1504 1925/2493/1504 763/953/1504 762/952/1504
f 1925/2492/1505 1924/2491/1505 1926/2494/1505 1927/2495/1505
f 1925/2492/1506 1927/2495/1506 765/2496/1506 763/2497/1506
f 1927/2495/1507 1926/2494/1507 1928/2498/1507 1929/2499/1507
f 1927/2495/1508 1929/2499/1508 767/2500/1508 765/2496/1508
f 1929/2501/1509 1928/2502/1509 1930/2503/1509 1931/2504/1509
f 1929/2501/1510 1931/2504/1510 1932/2505/1510 767/2506/1510
f 1932/2507/1511 770/964/1511 768/962/1511 767/961/1511
f 1932/2505/1512 1931/2504/1512 1933/2508/1512 1934/2509/1512
f 1932/2507/1513 1934/2510/1513 772/966/1513 770/964/1513
f 1934/2509/1514 1933/2508/1514 1935/2511/1514 1936/2512/1514
f 1934/2510/1515 1936/2513/1515 774/972/1515 772/966/1515
f 1936/2513/1516 1935/2514/1516 173/131/1516 1937/2515/1516
f 1936/2513/1517 1937/2515/1517 1938/2516/1517 774/972/1517
f 1938/2516/1518 777/2517/1518 775/973/1518 774/972/1518
f 1938/2516/1519 1937/2515/1519 1939/2518/1519 1940/2519/1519
f 1938/2516/1520 1940/2519/1520 1941/2520/1520 777/2517/1520
f 1941/2521/1521 781/980/1521 778/977/1521 777/976/1521
f 1941/2520/1522 1940/2519/1522 1942/2522/1522 1943/2523/1522
f 1941/2520/1523 1943/2523/1523 1944/2524/1523 781/2525/1523
f 1944/2526/1524 786/987/1524 782/981/1524 781/980/1524
f 1944/2524/1525 1943/2523/1525 1945/2527/1525 1946/2528/1525
f 1944/2526/1526 1946/2529/1526 1947/2530/1526 786/987/1526
f 1947/2531/1527 791/2532/1527 787/2533/1527 786/2534/1527
f 1947/2530/1528 1946/2529/1528 1948/2535/1528 1949/2536/1528
f 1947/2531/1529 1949/2537/1529 1950/2538/1529 791/2532/1529
f 1950/2538/1530 796/2539/1530 792/2540/1530 791/2532/1530
f 1950/2538/1531 1949/2537/1531 1951/2541/1531 1952/2542/1531
f 1950/2538/1532 1952/2542/1532 1953/2543/1532 796/2539/1532
f 1953/2544/1533 799/1001/1533 797/999/1533 796/998/1533
f 1953/2543/1534 1952/2542/1534 182/144/1534 181/143/1534
f 1953/2544/1535 181/2545/1535 1954/2546/1535 799/1001/1535
f 1954/2547/1536 803/1007/1536 800/1004/1536 799/2548/1536
f 1954/2546/1537 181/2545/1537 180/2549/1537 1955/2550/1537
f 1954/2546/1538 1955/2550/1538 1956/2551/1538 803/2552/1538
f 1956/2551/1539 808/1014/1539 804/1013/1539 803/2552/1539
f 1956/2551/1540 1955/2550/1540 1957/2553/1540 1958/2554/1540
f 1956/2551/1541 1958/2554/1541 1959/2555/1541 808/1014/1541
f 1959/2555/1542 813/2556/1542 809/1015/1542 808/1014/1542
f 1959/2557/1543 1958/2558/1543 1960/2559/1543 1961/2560/1543
f 1959/2557/1544 1961/2560/1544 1962/2561/1544 813/1023/1544
f 1962/2561/1545 818/1028/1545 814/1024/1545 813/1023/1545
f 1962/2561/1546 1961/2560/1546 1963/2562/1546 1964/2563/1546
f 1962/2561/1547 1964/2563/1547 1965/2564/1547 818/1028/1547
f 1965/2564/1548 823/1033/1548 819/1029/1548 818/1028/1548
f 1965/2564/1549 1964/2563/1549 1966/2565/1549 1967/2566/1549
f 1965/2564/1550 1967/2566/1550 1968/2567/1550 823/1033/1550
f 1968/2567/1551 828/1038/1551 824/1034/1551 823/1033/1551
f 1968/2567/1552 1967/2566/1552 1969/2568/1552 1970/2569/1552
f 1968/2567/1553 1970/2569/1553 1971/2570/1553 828/1038/1553
f 1971/2570/1554 833/1043/1554 829/1039/1554 828/1038/1554
f 1971/2570/1555 1970/2569/1555 1972/2571/1555 1973/2572/1555
f 1971/2570/1556 1973/2572/1556 1974/2573/1556 833/1043/1556
f 1974/2574/1557 838/1050/1557 834/1049/1557 833/2575/1557
f 1974/2576/1558 1973/2577/1558 1975/2578/1558 1976/2579/1558
f 1974/2574/1559 1976/2580/1559 1977/2581/1559 838/1050/1559
f 1977/2581/1560 843/2582/1560 839/1051/1560 838/1050/1560
f 1977/2583/1561 1976/2579/1561 1978/2584/1561 1979/2585/1561
f 1977/2583/1562 1979/2585/1562 1980/2586/1562 843/1059/1562
f 1980/2586/1563 848/1065/1563 844/1060/1563 843/1059/1563
f 1980/2586/1564 1979/2585/1564 256/268/1564 1981/2587/1564
f 1980/2586/1565 1981/2587/1565 1982/2588/1565 848/1065/1565
f 1982/2588/1566 853/1070/1566 849/1066/1566 848/1065/1566
f 1982/2588/1567 1981/2587/1567 1983/2589/1567 1984/2590/1567
f 1982/2588/1568 1984/2590/1568 1985/2591/1568 853/1070/1568
f 1985/2591/1569 858/1075/1569 854/1071/1569 853/1070/1569
f 1985/2591/1570 1984/2590/1570 1986/2592/1570 1987/2593/1570
f 1985/2591/1571 1987/2593/1571 1988/2594/1571 858/1075/1571
f 1988/2594/1572 863/1080/1572 859/1076/1572 858/1075/1572
f 1988/2594/1573 1987/2593/1573 1989/2595/1573 1990/2596/1573
f 1988/2594/1574 1990/2596/1574 1991/2597/1574 863/1080/1574
f 1991/2597/1575 868/1085/1575 864/1081/1575 863/1080/1575
f 1991/2597/1576 1990/2596/1576 1992/2598/1576 1993/2599/1576
f 1991/2597/1577 1993/2599/1577 1994/2600/1577 868/1085/1577
f 1994/2600/1578 873/1090/1578 869/1086/1578 868/1085/1578
f 1994/2600/1579 1993/2599/1579 1995/2601/1579 1996/2602/1579
f 1994/2600/1580 1996/2602/1580 1997/2603/1580 873/1090/1580
f 1997/2603/1581 878/1095/1581 874/1091/1581 873/1090/1581
f 1997/2603/1582 1996/2602/1582 1998/2604/1582 1999/2605/1582
f 1997/2603/1583 1999/2605/1583 2000/2606/1583 878/1095/1583
f 2000/2606/1584 883/1100/1584 879/1096/1584 878/1095/1584
f 2000/2607/1585 1999/2608/1585 2001/2609/1585 2002/2610/1585
f 2000/2607/1586 2002/2610/1586 2003/2611/1586 883/2612/1586
f 2003/2611/1587 888/1107/1587 884/1106/1587 883/2612/1587
f 2003/2611/1588 2002/2610/1588 2004/2613/1588 2005/2614/1588
f 2003/2611/1589 2005/2614/1589 2006/2615/1589 888/1107/1589
f 2006/2615/1590 893/1113/1590 889/1108/1590 888/1107/1590
f 2006/2615/1591 2005/2614/1591 2007/2616/1591 2008/2617/1591
f 2006/2615/1592 2008/2617/1592 2009/2618/1592 893/1113/1592
f 2009/2618/1593 898/2619/1593 894/1114/1593 893/1113/1593
f 2009/2620/1594 2008/2621/1594 2010/2622/1594 2011/2623/1594
f 2009/2620/1595 2011/2623/1595 2012/2624/1595 898/1120/1595
f 2012/2624/1596 903/1126/1596 899/1121/1596 898/1120/1596
f 2012/2624/1597 2011/2623/1597 2013/2625/1597 2014/2626/1597
f 2012/2624/1598 2014/2626/1598 2015/2627/1598 903/1126/1598
f 2015/2627/1599 908/1131/1599 904/1127/1599 903/1126/1599
f 2015/2627/1600 2014/2626/1600 2016/2628/1600 2017/2629/1600
f 2015/2627/1601 2017/2629/1601 2018/2630/1601 908/1131/1601
f 2018/2630/1602 913/1136/1602 909/1132/1602 908/1131/1602
f 2018/2630/1603 2017/2629/1603 2019/2631/1603 2020/2632/1603
f 2018/2630/1604 2020/2632/1604 2021/2633/1604 913/1136/1604
f 2021/2633/1605 918/1141/1605 914/1137/1605 913/1136/1605
f 2021/2633/1606 2020/2632/1606 2022/2634/1606 2023/2635/1606
f 2021/2633/1607 2023/2635/1607 2024/2636/1607 918/1141/1607
f 2024/2636/1608 923/1146/1608 919/1142/1608 918/1141/1608
f 2024/2636/1609 2023/2635/1609 2025/2637/1609 2026/2638/1609
f 2024/2636/1610 2026/2638/1610 2027/2639/1610 923/1146/1610
f 2027/2639/1611 928/1151/1611 924/1147/1611 923/1146/1611
f 2027/2639/1612 2026/2638/1612 2028/2640/1612 2029/2641/1612
f 2027/2639/1613 2029/2641/1613 2030/2642/1613 928/1151/1613
f 2030/2642/1614 933/1156/1614 929/1152/1614 928/1151/1614
f 2030/2642/1615 2029/2641/1615 2031/2643/1615 2032/2644/1615
f 2030/2642/1616 2032/2644/1616 2033/2645/1616 933/1156/1616
f 2033/2645/1617 938/1161/1617 934/1157/1617 933/1156/1617
f 2033/2645/1618 2032/2644/1618 2034/2646/1618 2035/2647/1618
f 2033/2645/1619 2035/2647/1619 2036/2648/1619 938/1161/1619
f 2036/2648/1620 943/1166/1620 939/1162/1620 938/1161/1620
f 2036/2649/1621 2035/2650/1621 2037/2651/1621 2038/2652/1621
f 2036/2649/1622 2038/2652/1622 2039/2653/1622 943/2654/1622
f 2039/2653/1623 948/1173/1623 944/1172/1623 943/2654/1623
f 2039/2653/1624 2038/2652/1624 2040/2655/1624 2041/2656/1624
f 2039/2653/1625 2041/2656/1625 2042/2657/1625 948/1173/1625
f 2042/2657/1626 953/1179/1626 949/1174/1626 948/1173/1626
f 2042/2657/1627 2041/2656/1627 2043/2658/1627 2044/2659/1627
f 2042/2657/1628 2044/2659/1628 2045/2660/1628 953/1179/1628
f 2045/2660/1629 958/1184/1629 954/1180/1629 953/1179/1629
f 2045/2661/1630 2044/2662/1630 2046/2663/1630 2047/2664/1630
f 2045/2661/1631 2047/2664/1631 2048/2665/1631 958/2666/1631
f 2048/2665/1632 963/1191/1632 959/1190/1632 958/2666/1632
f 2048/2665/1633 2047/2664/1633 2049/2667/1633 2050/2668/1633
f 2048/2665/1634 2050/2668/1634 2051/2669/1634 963/1191/1634
f 2051/2669/1635 968/1200/1635 964/1192/1635 963/1191/1635
f 2051/2669/1636 2050/2668/1636 2052/2670/1636 2053/2671/1636
f 2051/2669/1637 2053/2671/1637 2054/2672/1637 968/1200/1637
f 2054/2672/1638 973/2673/1638 969/1201/1638 968/1200/1638
f 2054/2672/1639 2053/2671/1639 2055/2674/1639 2056/2675/1639
f 2054/2672/1640 2056/2675/1640 2057/2676/1640 973/2673/1640
f 2057/2677/1641 978/1211/1641 974/1207/1641 973/1206/1641
f 2057/2676/1642 2056/2675/1642 2058/2678/1642 2059/2679/1642
f 2057/2677/1643 2059/2680/1643 2060/2681/1643 978/1211/1643
f 2060/2681/1644 983/1216/1644 979/1212/1644 978/1211/1644
f 2060/2682/1645 2059/2679/1645 2061/2683/1645 2062/2684/1645
f 2060/2681/1646 2062/2685/1646 2063/2686/1646 983/1216/1646
f 2063/2686/1647 988/1221/1647 984/1217/1647 983/1216/1647
f 2063/2686/1648 2062/2685/1648 2064/2687/1648 2065/2688/1648
f 2063/2686/1649 2065/2688/1649 2066/2689/1649 988/1221/1649
f 2066/2689/1650 993/1226/1650 989/1222/1650 988/1221/1650
f 2066/2689/1651 2065/2688/1651 2067/2690/1651 2068/2691/1651
f 2066/2689/1652 2068/2691/1652 2069/2692/1652 993/1226/1652
f 2069/2692/1653 998/1231/1653 994/1227/1653 993/1226/1653
f 2069/2692/1654 2068/2691/1654 2070/2693/1654 2071/2694/1654
f 2069/2692/1655 2071/2694/1655 2072/2695/1655 998/1231/1655
f 2072/2695/1656 1003/1236/1656 999/1232/1656 998/1231/1656
f 2072/2696/1657 2071/2697/1657 2073/2698/1657 2074/2699/1657
f 2072/2696/1658 2074/2699/1658 2075/2700/1658 1003/2701/1658
f 2075/2700/1659 1008/1243/1659 1004/1242/1659 1003/2701/1659
f 2075/2700/1660 2074/2699/1660 2076/2702/1660 2077/2703/1660
f 2075/2700/1661 2077/2703/1661 2078/2704/1661 1008/1243/1661
f 2078/2704/1662 1013/1249/1662 1009/1244/1662 1008/1243/1662
f 2078/2705/1663 2077/2706/1663 2079/2707/1663 2080/2708/1663
f 2078/2704/1664 2080/2709/1664 2081/2710/1664 1013/1249/1664
f 2081/2710/1665 1017/1253/1665 1014/1250/1665 1013/1249/1665
f 2081/2711/1666 2080/2708/1666 2082/2712/1666 2083/2713/1666
f 2081/2710/1667 2083/2714/1667 1019/1255/1667 1017/1253/1667
f 2083/2713/1668 2082/2712/1668 2084/2715/1668 2085/2716/1668
f 2083/2713/1669 2085/2716/1669 1021/2717/1669 1019/2718/1669
f 2085/2716/1670 2084/2715/1670 2086/2719/1670 2087/2720/1670
f 2085/2716/1671 2087/2720/1671 2088/2721/1671 1021/2717/1671
f 2088/2722/1672 1024/1261/1672 1022/1258/1672 1021/1257/1672
f 2088/2722/1673 2087/2723/1673 2089/2724/1673 2090/2725/1673
f 2088/2722/1674 2090/2725/1674 1029/1268/1674 1024/1261/1674
f 2090/2725/1675 2089/2724/1675 2091/2726/1675 2092/2727/1675
f 2090/2725/1676 2092/2727/1676 1030/1269/1676 1029/1268/1676
f 2092/2727/1677 2091/2726/1677 2093/2728/1677 2094/2729/1677
f 2092/2727/1678 2094/2729/1678 1032/1272/1678 1030/1269/1678
f 2094/2729/1679 2093/2728/1679 2095/2730/1679 2096/2731/1679
f 2094/2729/1680 2096/2731/1680 1034/2732/1680 1032/1272/1680
f 2096/2733/1681 2095/2734/1681 2097/2735/1681 2098/2736/1681
f 2096/2733/1682 2098/2736/1682 2099/2737/1682 1034/1277/1682
f 2099/2737/1683 1038/1283/1683 1035/1278/1683 1034/1277/1683
f 2099/2737/1684 2098/2736/1684 2100/2738/1684 2101/2739/1684
f 2099/2737/1685 2101/2739/1685 2102/2740/1685 1038/1283/1685
f 2102/2740/1686 1043/1288/1686 1039/1284/1686 1038/1283/1686
f 2102/2741/1687 2101/2742/1687 2103/2743/1687 2104/2744/1687
f 2102/2741/1688 2104/2744/1688 2105/2745/1688 1043/2746/1688
f 2105/2745/1689 1048/1295/1689 1044/1294/1689 1043/2746/1689
f 2105/2745/1690 2104/2744/1690 2106/2747/1690 2107/2748/1690
f 2105/2745/1691 2107/2748/1691 2108/2749/1691 1048/1295/1691
f 2108/2749/1692 1053/1302/1692 1049/1296/1692 1048/1295/1692
f 2108/2749/1693 2107/2748/1693 2109/2750/1693 546/652/1693
f 2108/2749/1694 546/652/1694 545/651/1694 1053/1302/1694
f 2109/2750/1695 2107/2748/1695 2106/2747/1695 2110/2751/1695
f 2109/2750/1696 2110/2751/1696 2111/2752/1696 2112/2753/1696
f 2109/2750/1697 2112/2753/1697 542/648/1697 546/652/1697
f 2112/2753/1698 2111/2752/1698 2113/2754/1698 2114/2755/1698
f 2112/2753/1699 2114/2755/1699 543/649/1699 542/648/1699
f 2114/2755/1700 2113/2754/1700 2115/2756/1700 541/646/1700
f 2114/2755/1701 541/646/1701 540/645/1701 543/649/1701
f 2115/2756/1702 2113/2754/1702 2116/2757/1702 2117/2758/1702
f 2115/2756/1703 2117/2758/1703 1629/2061/1703 2118/2759/1703
f 2115/2756/1704 2118/2759/1704 538/643/1704 541/646/1704
f 2118/2759/1705 1629/2061/1705 1628/2060/1705 1634/2068/1705
f 2118/2759/1706 1634/2068/1706 539/644/1706 538/643/1706
f 2117/2758/1707 2116/2757/1707 2119/2760/1707 1624/2761/1707
f 2117/2758/1708 1624/2761/1708 1623/2062/1708 1629/2061/1708
f 2119/2760/1709 2116/2757/1709 2120/2762/1709 2121/2763/1709
f 2119/2764/1710 2121/2765/1710 2122/2766/1710 1619/2050/1710
f 2119/2764/1711 1619/2050/1711 1618/2049/1711 1624/2055/1711
f 2122/2767/1712 2121/2763/1712 2123/2768/1712 2124/2769/1712
f 2122/2767/1713 2124/2769/1713 2125/2770/1713 1614/2771/1713
f 2122/2766/1714 1614/2045/1714 1613/2044/1714 1619/2050/1714
f 2125/2770/1715 2124/2769/1715 2126/2772/1715 2127/2773/1715
f 2125/2770/1716 2127/2773/1716 2128/2774/1716 1609/2775/1716
f 2125/2776/1717 1609/2040/1717 1608/2039/1717 1614/2045/1717
f 2128/2774/1718 2127/2773/1718 2129/2777/1718 2130/2778/1718
f 2128/2774/1719 2130/2778/1719 2131/2779/1719 1604/2032/1719
f 2128/2774/1720 1604/2032/1720 1603/2031/1720 1609/2775/1720
f 2131/2780/1721 2130/2781/1721 2132/2782/1721 2133/2783/1721
f 2131/2780/1722 2133/2783/1722 2134/2784/1722 1599/2785/1722
f 2131/2779/1723 1599/2027/1723 1598/2026/1723 1604/2032/1723
f 2134/2786/1724 2133/2787/1724 2135/2788/1724 2136/2789/1724
f 2134/2786/1725 2136/2789/1725 2137/2790/1725 1594/2791/1725
f 2134/2784/1726 1594/2019/1726 1593/2018/1726 1599/2785/1726
f 2137/2790/1727 2136/2789/1727 2138/2792/1727 2139/2793/1727
f 2137/2790/1728 2139/2793/1728 2140/2794/1728 1589/2011/1728
f 2137/2790/1729 1589/2011/1729 1588/2010/1729 1594/2791/1729
f 2140/2794/1730 2139/2793/1730 2141/2795/1730 2142/2796/1730
f 2140/2794/1731 2142/2796/1731 2143/2797/1731 1584/2006/1731
f 2140/2794/1732 1584/2006/1732 1583/2005/1732 1589/2011/1732
f 2143/2797/1733 2142/2796/1733 2144/2798/1733 2145/2799/1733
f 2143/2797/1734 2145/2799/1734 2146/2800/1734 1579/2001/1734
f 2143/2797/1735 1579/2001/1735 1578/2000/1735 1584/2006/1735
f 2146/2800/1736 2145/2799/1736 2147/2801/1736 2148/2802/1736
f 2146/2800/1737 2148/2802/1737 2149/2803/1737 1574/1996/1737
f 2146/2800/1738 1574/1996/1738 1573/1995/1738 1579/2001/1738
f 2149/2803/1739 2148/2802/1739 2150/2804/1739 2151/2805/1739
f 2149/2803/1740 2151/2805/1740 2152/2806/1740 1569/1991/1740
f 2149/2803/1741 1569/1991/1741 1568/1990/1741 1574/1996/1741
f 2152/2806/1742 2151/2805/1742 2153/2807/1742 2154/2808/1742
f 2152/2806/1743 2154/2808/1743 2155/2809/1743 1564/1986/1743
f 2152/2806/1744 1564/1986/1744 1563/1985/1744 1569/1991/1744
f 2155/2809/1745 2154/2808/1745 2156/2810/1745 2157/2811/1745
f 2155/2809/1746 2157/2811/1746 421/490/1746 1559/1981/1746
f 2155/2809/1747 1559/1981/1747 1558/1980/1747 1564/1986/1747
f 2157/2811/1748 2156/2810/1748 2158/2812/1748 2159/2813/1748
f 2157/2811/1749 2159/2813/1749 422/491/1749 421/490/1749
f 2159/2814/1750 2158/2815/1750 2160/2816/1750 2161/2817/1750
f 2159/2814/1751 2161/2817/1751 423/493/1751 422/492/1751
f 2161/2817/1752 2160/2816/1752 2162/2818/1752 2163/2819/1752
f 2161/2817/1753 2163/2819/1753 2164/2820/1753 423/493/1753
f 2164/2820/1754 2163/2819/1754 2165/2821/1754 2166/2822/1754
f 2164/2820/1755 2166/2822/1755 2167/2823/1755 2168/2824/1755
f 2164/2820/1756 2168/2824/1756 419/487/1756 423/493/1756
f 2168/2825/1757 2167/2826/1757 2169/2827/1757 1546/2828/1757
f 2168/2824/1758 1546/1966/1758 420/488/1758 419/487/1758
f 2169/2827/1759 2167/2826/1759 2170/2829/1759 2171/2830/1759
f 2169/2827/1760 2171/2830/1760 2172/2831/1760 1542/1959/1760
f 2169/2827/1761 1542/1959/1761 1541/1958/1761 1546/2828/1761
f 2172/2831/1762 2171/2830/1762 2173/2832/1762 2174/2833/1762
f 2172/2831/1763 2174/2833/1763 2175/2834/1763 1537/1954/1763
f 2172/2831/1764 1537/1954/1764 1536/1953/1764 1542/1959/1764
f 2175/2834/1765 2174/2833/1765 2176/2835/1765 2177/2836/1765
f 2175/2834/1766 2177/2836/1766 2178/2837/1766 1532/1949/1766
f 2175/2834/1767 1532/1949/1767 1531/1948/1767 1537/1954/1767
f 2178/2837/1768 2177/2836/1768 2179/2838/1768 2180/2839/1768
f 2178/2837/1769 2180/2839/1769 2181/2840/1769 1527/1944/1769
f 2178/2837/1770 1527/1944/1770 1526/1943/1770 1532/1949/1770
f 2181/2840/1771 2180/2839/1771 2182/2841/1771 2183/2842/1771
f 2181/2840/1772 2183/2842/1772 2184/2843/1772 1522/1939/1772
f 2181/2840/1773 1522/1939/1773 1521/1938/1773 1527/1944/1773
f 2184/2843/1774 2183/2842/1774 2185/2844/1774 2186/2845/1774
f 2184/2843/1775 2186/2845/1775 2187/2846/1775 1517/1934/1775
f 2184/2843/1776 1517/1934/1776 1516/1933/1776 1522/1939/1776
f 2187/2846/1777 2186/2845/1777 2188/2847/1777 2189/2848/1777
f 2187/2846/1778 2189/2848/1778 411/477/1778 1512/1929/1778
f 2187/2846/1779 1512/1929/1779 1511/1928/1779 1517/1934/1779
f 2189/2848/1780 2188/2847/1780 2190/2849/1780 2191/2850/1780
f 2189/2848/1781 2191/2850/1781 412/478/1781 411/477/1781
f 2191/2850/1782 2190/2849/1782 2192/2851/1782 2193/2852/1782
f 2191/2850/1783 2193/2852/1783 413/479/1783 412/478/1783
f 2193/2853/1784 2192/2854/1784 2194/2855/1784 2195/2856/1784
f 2193/2853/1785 2195/2856/1785 2196/2857/1785 413/2858/1785
f 2196/2857/1786 2195/2856/1786 2197/2859/1786 2198/2860/1786
f 2196/2857/1787 2198/2860/1787 2199/2861/1787 2200/2862/1787
f 2196/2857/1788 2200/2862/1788 414/2863/1788 413/2858/1788
f 2200/2862/1789 2199/2861/1789 1497/1911/1789 1496/1910/1789
f 2200/2862/1790 1496/1910/1790 415/1914/1790 414/2863/1790
f 2199/2861/1791 2198/2860/1791 2201/2864/1791 2202/2865/1791
f 2199/2861/1792 2202/2865/1792 2203/2866/1792 1497/1911/1792
f 2203/2866/1793 2202/2865/1793 2204/2867/1793 2205/2868/1793
f 2203/2866/1794 2205/2868/1794 2206/2869/1794 1492/1906/1794
f 2203/2866/1795 1492/1906/1795 1491/1905/1795 1497/1911/1795
f 2206/2870/1796 2205/2871/1796 2207/2872/1796 2208/2873/1796
f 2206/2874/1797 2208/2875/1797 2209/2876/1797 1487/2877/1797
f 2206/2869/1798 1487/1901/1798 1486/1900/1798 1492/1906/1798
f 2209/2876/1799 2208/2875/1799 2210/2878/1799 2211/2879/1799
f 2209/2880/1800 2211/2881/1800 2212/2882/1800 1482/2883/1800
f 2209/2880/1801 1482/2883/1801 1481/2884/1801 1487/2885/1801
f 2212/2882/1802 2211/2881/1802 2213/2886/1802 2214/2887/1802
f 2212/2888/1803 2214/2889/1803 2215/2890/1803 1477/1887/1803
f 2212/2888/1804 1477/1887/1804 1476/1886/1804 1482/2891/1804
f 2215/2890/1805 2214/2889/1805 2216/2892/1805 2217/2893/1805
f 2215/2890/1806 2217/2893/1806 2218/2894/1806 1472/2895/1806
f 2215/2890/1807 1472/2895/1807 1471/1888/1807 1477/1887/1807
f 2218/2896/1808 2217/2897/1808 2219/2898/1808 2220/2899/1808
f 2218/2896/1809 2220/2899/1809 2221/2900/1809 1467/2901/1809
f 2218/2902/1810 1467/1876/1810 1466/1875/1810 1472/1881/1810
f 2221/2900/1811 2220/2899/1811 2222/2903/1811 2223/2904/1811
f 2221/2905/1812 2223/2906/1812 2224/2907/1812 1462/1871/1812
f 2221/2905/1813 1462/1871/1813 1461/1870/1813 1467/1876/1813
f 2224/2907/1814 2223/2906/1814 2225/2908/1814 2226/2909/1814
f 2224/2907/1815 2226/2909/1815 2227/2910/1815 1457/1864/1815
f 2224/2907/1816 1457/1864/1816 1456/1863/1816 1462/1871/1816
f 2227/2910/1817 2226/2909/1817 2228/2911/1817 2229/2912/1817
f 2227/2910/1818 2229/2912/1818 2230/2913/1818 1452/2914/1818
f 2227/2915/1819 1452/1858/1819 1451/1857/1819 1457/2916/1819
f 2230/2913/1820 2229/2912/1820 2231/2917/1820 2232/2918/1820
f 2230/2913/1821 2232/2918/1821 2233/2919/1821 1447/2920/1821
f 2230/2913/1822 1447/2920/1822 1446/2921/1822 1452/2914/1822
f 2233/2919/1823 2232/2918/1823 2234/2922/1823 303/2923/1823
f 2233/2919/1824 303/2923/1824 302/2924/1824 1442/2925/1824
f 2233/2919/1825 1442/2925/1825 1441/2926/1825 1447/2920/1825
f 2234/2927/1826 2235/2928/1826 2236/2929/1826 2237/2930/1826
f 2234/2927/1827 2237/2930/1827 304/330/1827 303/2931/1827
f 2234/2922/1828 2232/2918/1828 2231/2917/1828 2235/2932/1828
f 2237/2930/1829 2236/2929/1829 2238/2933/1829 2239/2934/1829
f 2237/2930/1830 2239/2934/1830 305/331/1830 304/330/1830
f 2239/2935/1831 2238/2936/1831 1992/2598/1831 2240/2937/1831
f 2239/2935/1832 2240/2937/1832 308/2938/1832 305/2939/1832
f 2240/2937/1833 1992/2598/1833 1990/2596/1833 1989/2595/1833
f 2240/2937/1834 1989/2595/1834 2241/2940/1834 308/2938/1834
f 2241/2940/1835 1989/2595/1835 1987/2593/1835 1986/2592/1835
f 2241/2940/1836 1986/2592/1836 2242/2941/1836 2243/2942/1836
f 2241/2940/1837 2243/2942/1837 309/340/1837 308/2938/1837
f 2243/2942/1838 2242/2941/1838 260/271/1838 2244/2943/1838
f 2243/2942/1839 2244/2943/1839 310/341/1839 309/340/1839
f 2244/2943/1840 260/271/1840 259/270/1840 2245/2944/1840
f 2244/2945/1841 2245/2946/1841 315/354/1841 310/353/1841
f 2245/2946/1842 259/2947/1842 2246/2948/1842 2247/2949/1842
f 2245/2946/1843 2247/2949/1843 316/2950/1843 315/354/1843
f 2247/2949/1844 2246/2948/1844 2248/2951/1844 2249/2952/1844
f 2247/2953/1845 2249/2954/1845 2250/2955/1845 316/350/1845
f 2250/2955/1846 2251/2956/1846 317/351/1846 316/350/1846
f 2250/2955/1847 2249/2954/1847 2252/2957/1847 2253/2958/1847
f 2250/2959/1848 2253/2960/1848 2254/2961/1848 2251/2962/1848
f 2254/2961/1849 2255/2963/1849 2256/2964/1849 2251/2962/1849
f 2254/2961/1850 2253/2960/1850 2257/2965/1850 2258/2966/1850
f 2254/2961/1851 2258/2966/1851 2259/2967/1851 2255/2963/1851
f 2259/2967/1852 2260/2968/1852 2261/2969/1852 2255/2963/1852
f 2259/2967/1853 2258/2966/1853 2262/2970/1853 2263/2971/1853
f 2259/2967/1854 2263/2971/1854 2264/2972/1854 2260/2968/1854
f 2264/2972/1855 407/2973/1855 2265/2974/1855 2260/2968/1855
f 2264/2972/1856 2263/2971/1856 2266/2975/1856 2267/2976/1856
f 2264/2972/1857 2267/2976/1857 405/2977/1857 407/2973/1857
f 2267/2976/1858 2266/2975/1858 2268/2978/1858 2269/2979/1858
f 2267/2976/1859 2269/2979/1859 406/2980/1859 405/2977/1859
f 2269/2979/1860 2268/2978/1860 2270/2981/1860 2271/2982/1860
f 2269/2983/1861 2271/2984/1861 397/460/1861 406/471/1861
f 2271/2985/1862 2270/2986/1862 2272/2987/1862 2273/2988/1862
f 2271/2984/1863 2273/2989/1863 395/458/1863 397/460/1863
f 2273/2990/1864 2272/2991/1864 2274/2992/1864 2275/2993/1864
f 2273/2989/1865 2275/2994/1865 396/459/1865 395/458/1865
f 2275/2993/1866 2274/2992/1866 2276/2995/1866 2277/2996/1866
f 2275/2994/1867 2277/2997/1867 2278/2998/1867 396/459/1867
f 2278/2998/1868 2277/2997/1868 2279/2999/1868 2280/3000/1868
f 2278/2998/1869 2280/3000/1869 2281/3001/1869 2282/3002/1869
f 2278/2998/1870 2282/3002/1870 392/455/1870 396/459/1870
f 2282/3002/1871 2281/3001/1871 2283/3003/1871 2284/3004/1871
f 2282/3002/1872 2284/3004/1872 393/456/1872 392/455/1872
f 2284/3004/1873 2283/3003/1873 2285/3005/1873 2286/3006/1873
f 2284/3004/1874 2286/3006/1874 403/468/1874 393/456/1874
f 2286/3006/1875 2285/3005/1875 2287/3007/1875 2288/3008/1875
f 2286/3006/1876 2288/3008/1876 404/469/1876 403/468/1876
f 2288/3008/1877 2287/3007/1877 2289/3009/1877 2265/3010/1877
f 2288/3008/1878 2265/3010/1878 407/472/1878 404/469/1878
f 2289/3009/1879 2287/3007/1879 2290/3011/1879 2291/3012/1879
f 2289/3013/1880 2291/3014/1880 2292/3015/1880 2261/2969/1880
f 2289/3013/1881 2261/2969/1881 2260/2968/1881 2265/2974/1881
f 2292/3015/1882 2291/3014/1882 2293/3016/1882 2294/3017/1882
f 2292/3015/1883 2294/3017/1883 2295/3018/1883 2256/2964/1883
f 2292/3015/1884 2256/2964/1884 2255/2963/1884 2261/2969/1884
f 2295/3018/1885 2294/3017/1885 2296/3019/1885 2297/3020/1885
f 2295/3018/1886 2297/3020/1886 318/3021/1886 317/3022/1886
f 2295/3018/1887 317/3022/1887 2251/2962/1887 2256/2964/1887
f 2297/3020/1888 2296/3019/1888 2298/3023/1888 2299/3024/1888
f 2297/3020/1889 2299/3024/1889 2300/3025/1889 318/3021/1889
f 2300/3025/1890 2299/3024/1890 2301/3026/1890 2302/3027/1890
f 2300/3025/1891 2302/3027/1891 2303/3028/1891 314/346/1891
f 2300/3025/1892 314/346/1892 311/342/1892 318/3021/1892
f 2303/3028/1893 2304/3029/1893 312/347/1893 314/346/1893
f 2303/3028/1894 2302/3027/1894 2305/3030/1894 2306/3031/1894
f 2303/3028/1895 2306/3031/1895 2307/3032/1895 2304/3029/1895
f 2307/3033/1896 378/438/1896 374/434/1896 2304/3034/1896
f 2307/3032/1897 2306/3031/1897 1359/1747/1897 1358/1746/1897
f 2307/3033/1898 1358/1744/1898 1357/1743/1898 378/438/1898
f 2306/3031/1899 2305/3030/1899 1361/1749/1899 1359/1747/1899
f 2305/3030/1900 2302/3027/1900 2301/3026/1900 2308/3035/1900
f 2305/3030/1901 2308/3035/1901 1363/1751/1901 1361/1749/1901
f 2308/3035/1902 2301/3026/1902 2309/3036/1902 2310/3037/1902
f 2308/3035/1903 2310/3037/1903 1365/1753/1903 1363/1751/1903
f 2310/3037/1904 2309/3036/1904 2311/3038/1904 2312/3039/1904
f 2310/3037/1905 2312/3039/1905 1367/1755/1905 1365/1753/1905
f 2312/3039/1906 2311/3038/1906 400/3040/1906 2313/3041/1906
f 2312/3039/1907 2313/3041/1907 1369/1757/1907 1367/1755/1907
f 2313/3042/1908 400/464/1908 52/461/1908 2314/3043/1908
f 2313/3042/1909 2314/3043/1909 2315/3044/1909 1369/3045/1909
f 2315/3044/1910 2314/3043/1910 2316/3046/1910 2317/3047/1910
f 2315/3044/1911 2317/3047/1911 1378/1769/1911 1372/1762/1911
f 2315/3044/1912 1372/1762/1912 1370/1761/1912 1369/3045/1912
f 2317/3047/1913 2316/3046/1913 2318/3048/1913 1381/1773/1913
f 2317/3047/1914 1381/1773/1914 1379/1770/1914 1378/1769/1914
f 2318/3048/1915 2316/3046/1915 398/462/1915 2319/3049/1915
f 2318/3048/1916 2319/3049/1916 2320/3050/1916 1384/1778/1916
f 2318/3048/1917 1384/1778/1917 1382/1774/1917 1381/1773/1917
f 2320/3050/1918 2319/3049/1918 2321/3051/1918 2322/3052/1918
f 2320/3053/1919 2322/3054/1919 2323/3055/1919 2324/3056/1919
f 2320/3050/1920 2324/3057/1920 1385/1779/1920 1384/1778/1920
f 2324/3058/1921 2323/3059/1921 2325/3060/1921 2326/3061/1921
f 2324/3062/1922 2326/3063/1922 1386/1782/1922 1385/1781/1922
f 2326/3064/1923 2325/3065/1923 2327/3066/1923 2328/3067/1923
f 2326/3063/1924 2328/3068/1924 1388/1784/1924 1386/1782/1924
f 2328/3067/1925 2327/3066/1925 2329/3069/1925 2330/3070/1925
f 2328/3068/1926 2330/3071/1926 1390/1786/1926 1388/1784/1926
f 2330/3071/1927 2329/3072/1927 2331/3073/1927 2332/3074/1927
f 2330/3071/1928 2332/3074/1928 1392/1788/1928 1390/1786/1928
f 2332/3075/1929 2331/3076/1929 2333/3077/1929 1397/1795/1929
f 2332/3074/1930 1397/3078/1930 1394/1790/1930 1392/1788/1930
f 2333/3079/1931 2331/3080/1931 2334/3081/1931 2335/3082/1931
f 2333/3079/1932 2335/3082/1932 1405/3083/1932 1403/3084/1932
f 2333/3077/1933 1403/1801/1933 1398/1796/1933 1397/1795/1933
f 2335/3082/1934 2334/3081/1934 2336/3085/1934 2337/3086/1934
f 2335/3082/1935 2337/3086/1935 1407/3087/1935 1405/3083/1935
f 2337/3086/1936 2336/3085/1936 2338/3088/1936 2339/3089/1936
f 2337/3086/1937 2339/3089/1937 1409/3090/1937 1407/3087/1937
f 2339/3089/1938 2338/3088/1938 2340/3091/1938 2341/3092/1938
f 2339/3093/1939 2341/3094/1939 2342/3095/1939 1409/1807/1939
f 2342/3095/1940 2341/3094/1940 2343/3096/1940 2344/3097/1940
f 2342/3095/1941 2344/3097/1941 2345/3098/1941 1412/1810/1941
f 2342/3095/1942 1412/1810/1942 1410/1808/1942 1409/1807/1942
f 2345/3098/1943 2344/3097/1943 2346/3099/1943 2347/3100/1943
f 2345/3098/1944 2347/3100/1944 2348/3101/1944 2349/3102/1944
f 2345/3098/1945 2349/3102/1945 1413/1811/1945 1412/1810/1945
f 2349/3102/1946 2348/3101/1946 2350/3103/1946 2351/3104/1946
f 2349/3102/1947 2351/3104/1947 1414/1812/1947 1413/1811/1947
f 2351/3104/1948 2350/3103/1948 2352/3105/1948 2353/3106/1948
f 2351/3104/1949 2353/3106/1949 1416/1814/1949 1414/1812/1949
f 2353/3107/1950 2352/3108/1950 2354/3109/1950 2355/3110/1950
f 2353/3107/1951 2355/3110/1951 1418/1818/1951 1416/1817/1951
f 2355/3110/1952 2354/3109/1952 2356/3111/1952 2357/3112/1952
f 2355/3110/1953 2357/3112/1953 2358/3113/1953 1418/1818/1953
f 2358/3113/1954 2357/3112/1954 2359/3114/1954 2360/3115/1954
f 2358/3113/1955 2360/3115/1955 2361/3116/1955 1421/1823/1955
f 2358/3113/1956 1421/1823/1956 1419/1819/1956 1418/1818/1956
f 2361/3116/1957 2360/3115/1957 2362/3117/1957 2363/3118/1957
f 2361/3116/1958 2363/3118/1958 2364/3119/1958 2365/3120/1958
f 2361/3116/1959 2365/3120/1959 1422/1824/1959 1421/1823/1959
f 2365/3121/1960 2364/3122/1960 2366/3123/1960 2367/3124/1960
f 2365/3121/1961 2367/3124/1961 1423/1829/1961 1422/3125/1961
f 2367/3124/1962 2366/3123/1962 2368/3126/1962 2369/3127/1962
f 2367/3124/1963 2369/3127/1963 1425/1830/1963 1423/1829/1963
f 2369/3127/1964 2368/3126/1964 2370/3128/1964 2371/3129/1964
f 2369/3127/1965 2371/3129/1965 2372/3130/1965 1425/1830/1965
f 2372/3130/1966 1429/3131/1966 1426/1831/1966 1425/1830/1966
f 2372/3130/1967 2371/3129/1967 155/3132/1967 1767/3133/1967
f 2372/3130/1968 1767/3133/1968 1765/3134/1968 1429/3131/1968
f 2368/3126/1969 2366/3123/1969 2373/3135/1969 2374/3136/1969
f 2368/3126/1970 2374/3136/1970 2375/3137/1970 2370/3128/1970
f 2375/3137/1971 2374/3136/1971 2376/3138/1971 2377/3139/1971
f 2375/3137/1972 2377/3139/1972 2378/3140/1972 2379/3141/1972
f 2375/3137/1973 2379/3141/1973 2380/3142/1973 2370/3128/1973
f 2379/3141/1974 2378/3140/1974 2279/3143/1974 2381/3144/1974
f 2379/3141/1975 2381/3144/1975 2382/3145/1975 2380/3142/1975
f 2382/3145/1976 2383/3146/1976 2384/3147/1976 2380/3142/1976
f 2382/3145/1977 2381/3144/1977 2276/2995/1977 2385/3148/1977
f 2382/3145/1978 2385/3148/1978 2386/3149/1978 2383/3146/1978
f 2386/3149/1979 2387/3150/1979 2388/3151/1979 2383/3146/1979
f 2386/3149/1980 2385/3148/1980 2389/3152/1980 2390/3153/1980
f 2386/3149/1981 2390/3153/1981 2391/3154/1981 2387/3150/1981
f 2391/3154/1982 2392/3155/1982 2393/3156/1982 2387/3150/1982
f 2391/3157/1983 2390/3158/1983 2394/3159/1983 2395/3160/1983
f 2391/3157/1984 2395/3160/1984 2396/3161/1984 2392/3162/1984
f 2396/3161/1985 370/429/1985 2397/3163/1985 2392/3162/1985
f 2396/3161/1986 2395/3160/1986 2398/3164/1986 2399/3165/1986
f 2396/3161/1987 2399/3165/1987 371/430/1987 370/429/1987
f 2399/3165/1988 2398/3164/1988 2400/3166/1988 2401/3167/1988
f 2399/3165/1989 2401/3167/1989 389/451/1989 371/430/1989
f 2401/3168/1990 2400/3169/1990 2402/3170/1990 2403/3171/1990
f 2401/3167/1991 2403/3172/1991 390/452/1991 389/451/1991
f 2403/3171/1992 2402/3170/1992 2404/3173/1992 2405/3174/1992
f 2403/3171/1993 2405/3174/1993 391/3175/1993 390/3176/1993
f 2405/3174/1994 2404/3173/1994 2406/3177/1994 2407/3178/1994
f 2405/3179/1995 2407/3180/1995 2408/3181/1995 391/3182/1995
f 2408/3181/1996 2407/3180/1996 2409/3183/1996 2410/3184/1996
f 2408/3181/1997 2410/3184/1997 2411/3185/1997 2412/3186/1997
f 2408/3181/1998 2412/3186/1998 386/3187/1998 391/3182/1998
f 2412/3186/1999 2411/3185/1999 2413/3188/1999 2414/3189/1999
f 2412/3186/2000 2414/3189/2000 387/3190/2000 386/3187/2000
f 2414/3189/2001 2413/3188/2001 2415/3191/2001 2416/3192/2001
f 2414/3189/2002 2416/3192/2002 2417/3193/2002 387/3190/2002
f 2417/3193/2003 2416/3192/2003 2418/3194/2003 2419/3195/2003
f 2417/3196/2004 2419/3197/2004 369/428/2004 372/431/2004
f 2417/3196/2005 372/431/2005 388/450/2005 387/449/2005
f 2419/3197/2006 2418/3198/2006 2420/3199/2006 2397/3163/2006
f 2419/3197/2007 2397/3163/2007 370/429/2007 369/428/2007
f 2420/3200/2008 2418/3194/2008 2421/3201/2008 2422/3202/2008
f 2420/3203/2009 2422/3204/2009 2423/3205/2009 2393/3156/2009
f 2420/3203/2010 2393/3156/2010 2392/3155/2010 2397/3206/2010
f 2423/3205/2011 2422/3204/2011 2424/3207/2011 168/119/2011
f 2423/3205/2012 168/119/2012 167/118/2012 2388/3151/2012
f 2423/3205/2013 2388/3151/2013 2387/3150/2013 2393/3156/2013
f 2424/3208/2014 2425/3209/2014 199/178/2014 198/3210/2014
f 2424/3207/2015 198/3211/2015 165/120/2015 168/119/2015
f 2424/3208/2016 2422/3202/2016 2421/3201/2016 2425/3209/2016
f 2425/3209/2017 2426/3212/2017 203/179/2017 199/178/2017
f 2425/3209/2018 2421/3201/2018 2415/3191/2018 2426/3212/2018
f 2426/3212/2019 2427/3213/2019 2428/3214/2019 203/179/2019
f 2426/3212/2020 2415/3191/2020 2413/3188/2020 2427/3213/2020
f 2428/3214/2021 2429/3215/2021 2430/3216/2021 2431/3217/2021
f 2428/3214/2022 2431/3217/2022 204/180/2022 203/179/2022
f 2428/3214/2023 2427/3213/2023 2432/3218/2023 2429/3215/2023
f 2432/3218/2024 2433/3219/2024 2434/3220/2024 2429/3215/2024
f 2432/3218/2025 2427/3213/2025 2413/3188/2025 2411/3185/2025
f 2432/3218/2026 2411/3185/2026 2410/3184/2026 2433/3219/2026
f 2434/3220/2027 2246/2948/2027 259/2947/2027 258/3221/2027
f 2434/3220/2028 258/3221/2028 2430/3216/2028 2429/3215/2028
f 2434/3220/2029 2433/3219/2029 2248/2951/2029 2246/2948/2029
f 2433/3219/2030 2410/3184/2030 2409/3183/2030 2248/2951/2030
f 2431/3217/2031 2430/3216/2031 2435/3222/2031 2436/3223/2031
f 2431/3217/2032 2436/3223/2032 205/3224/2032 204/180/2032
f 2436/3223/2033 2435/3222/2033 2437/3225/2033 2438/3226/2033
f 2436/3227/2034 2438/3228/2034 2439/3229/2034 205/182/2034
f 2439/3229/2035 2438/3228/2035 2440/3230/2035 2441/3231/2035
f 2439/3229/2036 2441/3231/2036 2442/3232/2036 2443/3233/2036
f 2439/3229/2037 2443/3233/2037 200/174/2037 205/182/2037
f 2443/3233/2038 2442/3232/2038 2444/3234/2038 2445/3235/2038
f 2443/3233/2039 2445/3235/2039 201/175/2039 200/174/2039
f 2445/3235/2040 2444/3234/2040 2446/3236/2040 2447/3237/2040
f 2445/3235/2041 2447/3237/2041 2448/3238/2041 201/175/2041
f 2448/3238/2042 2447/3237/2042 2449/3239/2042 2450/3240/2042
f 2448/3238/2043 2450/3240/2043 2451/3241/2043 2452/3242/2043
f 2448/3238/2044 2452/3242/2044 202/176/2044 201/175/2044
f 2452/3242/2045 2451/3241/2045 1939/2518/2045 172/130/2045
f 2452/3242/2046 172/130/2046 171/129/2046 202/176/2046
f 2451/3241/2047 1942/2522/2047 1940/2519/2047 1939/2518/2047
f 2451/3241/2048 2450/3240/2048 2453/3243/2048 1942/2522/2048
f 2453/3243/2049 1945/2527/2049 1943/2523/2049 1942/2522/2049
f 2453/3243/2050 2450/3240/2050 2449/3239/2050 2454/3244/2050
f 2453/3243/2051 2454/3244/2051 2455/3245/2051 1945/2527/2051
f 2455/3245/2052 1948/3246/2052 1946/2528/2052 1945/2527/2052
f 2455/3245/2053 2454/3244/2053 2456/3247/2053 2457/3248/2053
f 2455/3245/2054 2457/3248/2054 2458/3249/2054 1948/3246/2054
f 2458/3250/2055 1951/3251/2055 1949/2536/2055 1948/2535/2055
f 2458/3250/2056 2457/3252/2056 2459/3253/2056 2460/3254/2056
f 2458/3250/2057 2460/3254/2057 183/147/2057 1951/3251/2057
f 2460/3254/2058 2459/3253/2058 191/3255/2058 2461/3256/2058
f 2460/3254/2059 2461/3256/2059 184/148/2059 183/147/2059
f 2461/3256/2060 191/3255/2060 190/3257/2060 2462/3258/2060
f 2461/3256/2061 2462/3258/2061 185/149/2061 184/148/2061
f 2462/3259/2062 2463/3260/2062 1957/3261/2062 185/3262/2062
f 2462/3259/2063 190/156/2063 189/155/2063 2463/3260/2063
f 2463/3260/2064 1960/2559/2064 1958/2558/2064 1957/3261/2064
f 2463/3260/2065 189/155/2065 2464/3263/2065 1960/2559/2065
f 2464/3263/2066 1963/2562/2066 1961/2560/2066 1960/2559/2066
f 2464/3263/2067 189/155/2067 188/154/2067 2465/3264/2067
f 2464/3263/2068 2465/3264/2068 2466/3265/2068 1963/2562/2068
f 2466/3265/2069 1966/2565/2069 1964/2563/2069 1963/2562/2069
f 2466/3265/2070 2465/3264/2070 2467/3266/2070 2468/3267/2070
f 2466/3265/2071 2468/3267/2071 2469/3268/2071 1966/2565/2071
f 2469/3268/2072 1969/2568/2072 1967/2566/2072 1966/2565/2072
f 2469/3268/2073 2468/3267/2073 2470/3269/2073 2471/3270/2073
f 2469/3268/2074 2471/3270/2074 2472/3271/2074 1969/2568/2074
f 2472/3271/2075 1972/2571/2075 1970/2569/2075 1969/2568/2075
f 2472/3271/2076 2471/3270/2076 2442/3272/2076 2441/3273/2076
f 2472/3271/2077 2441/3273/2077 2440/3274/2077 1972/2571/2077
f 2471/3270/2078 2470/3269/2078 2444/3275/2078 2442/3272/2078
f 2470/3276/2079 2468/3277/2079 2467/3278/2079 2473/3279/2079
f 2470/3276/2080 2473/3279/2080 2446/3236/2080 2444/3234/2080
f 2473/3279/2081 2467/3278/2081 187/3280/2081 2474/3281/2081
f 2473/3279/2082 2474/3281/2082 2475/3282/2082 2446/3236/2082
f 2475/3282/2083 2474/3281/2083 2476/3283/2083 2456/3247/2083
f 2475/3282/2084 2456/3247/2084 2454/3244/2084 2449/3239/2084
f 2475/3282/2085 2449/3239/2085 2447/3237/2085 2446/3236/2085
f 2476/3283/2086 2474/3281/2086 187/3280/2086 186/160/2086
f 2476/3283/2087 186/160/2087 191/159/2087 2459/3284/2087
f 2476/3283/2088 2459/3284/2088 2457/3248/2088 2456/3247/2088
f 2467/3266/2089 2465/3264/2089 188/154/2089 187/153/2089
f 2440/3285/2090 1975/3286/2090 1973/3287/2090 1972/3288/2090
f 2440/3289/2091 2438/3290/2091 2437/3291/2091 1975/2578/2091
f 2437/3291/2092 1978/2584/2092 1976/2579/2092 1975/2578/2092
f 2437/3291/2093 2435/3292/2093 257/269/2093 1978/2584/2093
f 2435/3222/2094 2430/3216/2094 258/3221/2094 257/3293/2094
f 2421/3201/2095 2418/3194/2095 2416/3192/2095 2415/3191/2095
f 2409/3183/2096 2252/3294/2096 2249/2952/2096 2248/2951/2096
f 2409/3183/2097 2407/3180/2097 2406/3295/2097 2252/3294/2097
f 2406/3177/2098 2257/2965/2098 2253/2960/2098 2252/3296/2098
f 2406/3177/2099 2404/3173/2099 2477/3297/2099 2257/2965/2099
f 2477/3297/2100 2262/2970/2100 2258/2966/2100 2257/2965/2100
f 2477/3297/2101 2404/3173/2101 2402/3170/2101 2478/3298/2101
f 2477/3297/2102 2478/3298/2102 2479/3299/2102 2262/2970/2102
f 2479/3299/2103 2266/2975/2103 2263/2971/2103 2262/2970/2103
f 2479/3299/2104 2478/3298/2104 2480/3300/2104 2481/3301/2104
f 2479/3299/2105 2481/3301/2105 2268/2978/2105 2266/2975/2105
f 2481/3302/2106 2480/3303/2106 2482/3304/2106 2483/3305/2106
f 2481/3302/2107 2483/3305/2107 2270/2986/2107 2268/3306/2107
f 2483/3305/2108 2482/3304/2108 2394/3159/2108 2484/3307/2108
f 2483/3305/2109 2484/3307/2109 2272/2987/2109 2270/2986/2109
f 2484/3308/2110 2394/3309/2110 2390/3153/2110 2389/3152/2110
f 2484/3308/2111 2389/3152/2111 2274/2992/2111 2272/2991/2111
f 2482/3304/2112 2480/3303/2112 2400/3166/2112 2398/3164/2112
f 2482/3304/2113 2398/3164/2113 2395/3160/2113 2394/3159/2113
f 2480/3300/2114 2478/3298/2114 2402/3170/2114 2400/3169/2114
f 2389/3152/2115 2385/3148/2115 2276/2995/2115 2274/2992/2115
f 2388/3151/2116 167/118/2116 2384/3147/2116 2383/3146/2116
f 2381/3144/2117 2279/3143/2117 2277/2996/2117 2276/2995/2117
f 2378/3310/2118 2377/3311/2118 2485/3312/2118 2486/3313/2118
f 2378/3310/2119 2486/3313/2119 2280/3000/2119 2279/2999/2119
f 2486/3313/2120 2485/3312/2120 2487/3314/2120 2488/3315/2120
f 2486/3313/2121 2488/3315/2121 2281/3001/2121 2280/3000/2121
f 2488/3315/2122 2487/3314/2122 2489/3316/2122 2490/3317/2122
f 2488/3315/2123 2490/3317/2123 2283/3003/2123 2281/3001/2123
f 2490/3317/2124 2489/3316/2124 2491/3318/2124 2492/3319/2124
f 2490/3317/2125 2492/3319/2125 2285/3005/2125 2283/3003/2125
f 2492/3319/2126 2491/3318/2126 2493/3320/2126 2290/3011/2126
f 2492/3319/2127 2290/3011/2127 2287/3007/2127 2285/3005/2127
f 2493/3320/2128 2491/3318/2128 2494/3321/2128 2495/3322/2128
f 2493/3320/2129 2495/3322/2129 2496/3323/2129 2293/3324/2129
f 2493/3320/2130 2293/3324/2130 2291/3012/2130 2290/3011/2130
f 2496/3323/2131 2495/3322/2131 401/465/2131 2497/3325/2131
f 2496/3326/2132 2497/3327/2132 2298/3023/2132 2296/3019/2132
f 2496/3326/2133 2296/3019/2133 2294/3017/2133 2293/3016/2133
f 2497/3325/2134 401/465/2134 400/464/2134 2311/3328/2134
f 2497/3327/2135 2311/3038/2135 2309/3036/2135 2298/3023/2135
f 2495/3322/2136 2494/3321/2136 399/463/2136 401/465/2136
f 2494/3321/2137 2498/3329/2137 379/440/2137 399/463/2137
f 2494/3321/2138 2491/3318/2138 2489/3316/2138 2498/3329/2138
f 2498/3329/2139 2499/3330/2139 380/441/2139 379/440/2139
f 2498/3329/2140 2489/3316/2140 2487/3314/2140 2499/3330/2140
f 2499/3330/2141 2500/3331/2141 2501/3332/2141 380/441/2141
f 2499/3330/2142 2487/3314/2142 2485/3312/2142 2500/3331/2142
f 2501/3332/2143 2502/3333/2143 2503/3334/2143 2504/3335/2143
f 2501/3332/2144 2504/3335/2144 381/442/2144 380/441/2144
f 2501/3336/2145 2500/3337/2145 2376/3138/2145 2502/3338/2145
f 2504/3335/2146 2503/3334/2146 2505/3339/2146 2506/3340/2146
f 2504/3335/2147 2506/3340/2147 385/446/2147 381/442/2147
f 2506/3341/2148 2505/3342/2148 2507/3343/2148 2508/3344/2148
f 2506/3340/2149 2508/3345/2149 2509/3346/2149 385/446/2149
f 2509/3346/2150 2508/3345/2150 2510/3347/2150 2511/3348/2150
f 2509/3346/2151 2511/3348/2151 2512/3349/2151 2513/3350/2151
f 2509/3346/2152 2513/3350/2152 382/443/2152 385/446/2152
f 2513/3350/2153 2512/3349/2153 2514/3351/2153 2515/3352/2153
f 2513/3350/2154 2515/3352/2154 383/444/2154 382/443/2154
f 2515/3352/2155 2514/3351/2155 2516/3353/2155 2517/3354/2155
f 2515/3352/2156 2517/3354/2156 2518/3355/2156 383/444/2156
f 2518/3355/2157 2517/3354/2157 2519/3356/2157 2520/3357/2157
f 2518/3355/2158 2520/3357/2158 2322/3052/2158 2321/3051/2158
f 2518/3355/2159 2321/3051/2159 384/445/2159 383/444/2159
f 2520/3358/2160 2519/3359/2160 2521/3360/2160 2522/3361/2160
f 2520/3358/2161 2522/3361/2161 2323/3055/2161 2322/3054/2161
f 2522/3361/2162 2521/3360/2162 2523/3362/2162 2524/3363/2162
f 2522/3361/2163 2524/3363/2163 2325/3065/2163 2323/3055/2163
f 2524/3363/2164 2523/3362/2164 2525/3364/2164 2526/3365/2164
f 2524/3363/2165 2526/3365/2165 2327/3066/2165 2325/3065/2165
f 2526/3365/2166 2525/3364/2166 2527/3366/2166 2528/3367/2166
f 2526/3365/2167 2528/3367/2167 2329/3069/2167 2327/3066/2167
f 2528/3367/2168 2527/3366/2168 2336/3085/2168 2334/3081/2168
f 2528/3367/2169 2334/3081/2169 2331/3080/2169 2329/3069/2169
f 2527/3366/2170 2525/3364/2170 2529/3368/2170 2530/3369/2170
f 2527/3366/2171 2530/3369/2171 2338/3088/2171 2336/3085/2171
f 2530/3369/2172 2529/3368/2172 2531/3370/2172 2532/3371/2172
f 2530/3369/2173 2532/3371/2173 2340/3091/2173 2338/3088/2173
f 2532/3371/2174 2531/3370/2174 2533/3372/2174 2534/3373/2174
f 2532/3371/2175 2534/3373/2175 2535/3374/2175 2340/3091/2175
f 2535/3374/2176 2534/3373/2176 2536/3375/2176 2537/3376/2176
f 2535/3377/2177 2537/3378/2177 2538/3379/2177 2343/3096/2177
f 2535/3377/2178 2343/3096/2178 2341/3094/2178 2340/3380/2178
f 2538/3379/2179 2537/3378/2179 435/507/2179 434/506/2179
f 2538/3379/2180 434/506/2180 440/515/2180 2346/3099/2180
f 2538/3379/2181 2346/3099/2181 2344/3097/2181 2343/3096/2181
f 2537/3376/2182 2536/3375/2182 2539/3381/2182 435/3382/2182
f 2539/3381/2183 2540/3383/2183 2541/3384/2183 2542/3385/2183
f 2539/3386/2184 2542/3387/2184 431/503/2184 435/507/2184
f 2539/3381/2185 2536/3375/2185 2543/3388/2185 2540/3383/2185
f 2543/3388/2186 2544/3389/2186 2545/3390/2186 2540/3383/2186
f 2543/3388/2187 2536/3375/2187 2534/3373/2187 2533/3372/2187
f 2543/3388/2188 2533/3372/2188 2546/3391/2188 2544/3389/2188
f 2546/3391/2189 2547/3392/2189 2548/3393/2189 2544/3389/2189
f 2546/3391/2190 2533/3372/2190 2531/3370/2190 2549/3394/2190
f 2546/3391/2191 2549/3394/2191 2550/3395/2191 2547/3392/2191
f 2550/3396/2192 2551/3397/2192 2552/3398/2192 2547/3399/2192
f 2550/3395/2193 2549/3394/2193 2553/3400/2193 2554/3401/2193
f 2550/3396/2194 2554/3402/2194 2555/3403/2194 2551/3397/2194
f 2555/3403/2195 2516/3353/2195 2556/3404/2195 2551/3397/2195
f 2555/3405/2196 2554/3401/2196 2521/3360/2196 2519/3359/2196
f 2555/3403/2197 2519/3356/2197 2517/3354/2197 2516/3353/2197
f 2556/3404/2198 2557/3406/2198 2558/3407/2198 2559/3408/2198
f 2556/3404/2199 2559/3408/2199 2552/3398/2199 2551/3397/2199
f 2556/3404/2200 2516/3353/2200 2514/3351/2200 2557/3406/2200
f 2559/3408/2201 2558/3407/2201 2560/3409/2201 2561/3410/2201
f 2559/3408/2202 2561/3410/2202 2562/3411/2202 2552/3398/2202
f 2562/3411/2203 2561/3410/2203 2563/3412/2203 2564/3413/2203
f 2562/3414/2204 2564/3415/2204 2565/3416/2204 2548/3393/2204
f 2562/3411/2205 2548/3417/2205 2547/3399/2205 2552/3398/2205
f 2565/3416/2206 2564/3415/2206 2566/3418/2206 2567/3419/2206
f 2565/3416/2207 2567/3419/2207 2568/3420/2207 2545/3390/2207
f 2565/3416/2208 2545/3390/2208 2544/3389/2208 2548/3393/2208
f 2568/3420/2209 2567/3419/2209 2569/3421/2209 2570/3422/2209
f 2568/3420/2210 2570/3422/2210 2571/3423/2210 2541/3384/2210
f 2568/3420/2211 2541/3384/2211 2540/3383/2211 2545/3390/2211
f 2571/3423/2212 2570/3422/2212 2572/3424/2212 2573/3425/2212
f 2571/3423/2213 2573/3425/2213 2574/3426/2213 2575/3427/2213
f 2571/3423/2214 2575/3427/2214 2542/3385/2214 2541/3384/2214
f 2575/3428/2215 2574/3429/2215 2576/3430/2215 432/504/2215
f 2575/3428/2216 432/504/2216 431/503/2216 2542/3387/2216
f 2576/3430/2217 2574/3429/2217 2577/3431/2217 2578/3432/2217
f 2576/3433/2218 2578/3434/2218 2579/3435/2218 2580/3436/2218
f 2576/3430/2219 2580/3437/2219 433/505/2219 432/504/2219
f 2580/3436/2220 2579/3435/2220 2581/3438/2220 2582/3439/2220
f 2580/3436/2221 2582/3439/2221 436/3440/2221 433/3441/2221
f 2582/3442/2222 2581/3443/2222 465/548/2222 462/545/2222
f 2582/3442/2223 462/545/2223 461/544/2223 436/3444/2223
f 2581/3443/2224 2579/3445/2224 2583/3446/2224 2584/3447/2224
f 2581/3443/2225 2584/3447/2225 2585/3448/2225 465/548/2225
f 2585/3448/2226 2584/3447/2226 2586/3449/2226 2587/3450/2226
f 2585/3451/2227 2587/3452/2227 2588/3453/2227 2589/3454/2227
f 2585/3448/2228 2589/3455/2228 463/546/2228 465/548/2228
f 2589/3454/2229 2588/3453/2229 2590/3456/2229 2591/3457/2229
f 2589/3454/2230 2591/3457/2230 464/3458/2230 463/3459/2230
f 2591/3457/2231 2590/3456/2231 2592/3460/2231 452/531/2231
f 2591/3457/2232 452/531/2232 449/528/2232 464/3458/2232
f 2592/3460/2233 2590/3456/2233 2593/3461/2233 2594/3462/2233
f 2592/3460/2234 2594/3462/2234 2595/3463/2234 2596/3464/2234
f 2592/3460/2235 2596/3464/2235 450/529/2235 452/531/2235
f 2596/3464/2236 2595/3463/2236 2597/3465/2236 2598/3466/2236
f 2596/3464/2237 2598/3466/2237 451/530/2237 450/529/2237
f 2598/3466/2238 2597/3465/2238 2599/3467/2238 2600/3468/2238
f 2598/3466/2239 2600/3468/2239 2601/3469/2239 451/530/2239
f 2601/3470/2240 2602/3471/2240 447/3472/2240 451/3473/2240
f 2601/3474/2241 2600/3475/2241 424/495/2241 430/501/2241
f 2601/3470/2242 430/3476/2242 438/3477/2242 2602/3471/2242
f 2602/3471/2243 2603/3478/2243 448/3479/2243 447/3472/2243
f 2602/3471/2244 438/3477/2244 437/3480/2244 2603/3478/2244
f 2603/3478/2245 437/3480/2245 436/3481/2245 461/3482/2245
f 2603/3478/2246 461/3482/2246 460/3483/2246 448/3479/2246
f 2600/3475/2247 2599/3484/2247 425/496/2247 424/495/2247
f 2599/3484/2248 2597/3485/2248 2604/3486/2248 2605/3487/2248
f 2599/3484/2249 2605/3487/2249 2606/3488/2249 425/496/2249
f 2606/3488/2250 2605/3487/2250 2607/3489/2250 2608/3490/2250
f 2606/3491/2251 2608/3492/2251 2609/3493/2251 2610/3494/2251
f 2606/3488/2252 2610/3495/2252 426/497/2252 425/496/2252
f 2610/3494/2253 2609/3493/2253 443/3496/2253 442/3497/2253
f 2610/3495/2254 442/518/2254 427/498/2254 426/497/2254
f 2609/3493/2255 2608/3492/2255 2611/3498/2255 2612/3499/2255
f 2609/3493/2256 2612/3499/2256 2613/3500/2256 443/3496/2256
f 2613/3500/2257 2612/3499/2257 2614/3501/2257 2615/3502/2257
f 2613/3503/2258 2615/3504/2258 2616/3505/2258 2617/3506/2258
f 2613/3503/2259 2617/3506/2259 444/522/2259 443/521/2259
f 2617/3506/2260 2616/3505/2260 2618/3507/2260 2619/3508/2260
f 2617/3506/2261 2619/3508/2261 445/523/2261 444/522/2261
f 2619/3508/2262 2618/3507/2262 2620/3509/2262 2621/3510/2262
f 2619/3508/2263 2621/3510/2263 2622/3511/2263 445/523/2263
f 2622/3511/2264 2623/3512/2264 446/524/2264 445/523/2264
f 2622/3511/2265 2621/3510/2265 2624/3513/2265 2625/3514/2265
f 2622/3511/2266 2625/3514/2266 2626/3515/2266 2623/3512/2266
f 2626/3515/2267 2625/3514/2267 2627/3516/2267 2628/3517/2267
f 2626/3518/2268 2628/3519/2268 2629/3520/2268 2630/3521/2268
f 2626/3518/2269 2630/3521/2269 2631/3522/2269 2623/3523/2269
f 2631/3522/2270 2630/3521/2270 2632/3524/2270 2633/3525/2270
f 2631/3522/2271 2633/3525/2271 2634/3526/2271 2635/3527/2271
f 2631/3528/2272 2635/3529/2272 446/3530/2272 2623/3531/2272
f 2635/3527/2273 2634/3526/2273 2636/3532/2273 2637/3533/2273
f 2635/3529/2274 2637/3534/2274 58/3535/2274 446/3530/2274
f 2637/3533/2275 2636/3532/2275 2638/3536/2275 2639/3537/2275
f 2637/3533/2276 2639/3537/2276 441/517/2276 58/516/2276
f 2639/3537/2277 2638/3536/2277 2640/3538/2277 2641/3539/2277
f 2639/3537/2278 2641/3539/2278 2642/3540/2278 441/517/2278
f 2642/3540/2279 428/499/2279 427/498/2279 441/517/2279
f 2642/3541/2280 2641/3542/2280 2643/3543/2280 2644/3544/2280
f 2642/3541/2281 2644/3544/2281 2645/3545/2281 428/3546/2281
f 2645/3545/2282 2646/3547/2282 56/3548/2282 428/3546/2282
f 2645/3545/2283 2644/3544/2283 2352/3105/2283 2350/3103/2283
f 2645/3545/2284 2350/3103/2284 2348/3101/2284 2646/3547/2284
f 2646/3547/2285 2647/3549/2285 429/3550/2285 56/3548/2285
f 2646/3547/2286 2348/3101/2286 2347/3100/2286 2647/3549/2286
f 2647/3549/2287 440/515/2287 439/514/2287 429/3550/2287
f 2647/3549/2288 2347/3100/2288 2346/3099/2288 440/515/2288
f 2644/3551/2289 2643/3552/2289 2354/3109/2289 2352/3108/2289
f 2643/3552/2290 2641/3539/2290 2640/3538/2290 2648/3553/2290
f 2643/3552/2291 2648/3553/2291 2356/3111/2291 2354/3109/2291
f 2648/3553/2292 2640/3538/2292 2649/3554/2292 2650/3555/2292
f 2648/3553/2293 2650/3555/2293 2651/3556/2293 2356/3111/2293
f 2651/3557/2294 2650/3558/2294 2652/3559/2294 2653/3560/2294
f 2651/3557/2295 2653/3560/2295 2654/3561/2295 2359/3562/2295
f 2651/3556/2296 2359/3114/2296 2357/3112/2296 2356/3111/2296
f 2654/3561/2297 2653/3560/2297 2655/3563/2297 2656/3564/2297
f 2654/3561/2298 2656/3564/2298 2657/3565/2298 2362/3566/2298
f 2654/3561/2299 2362/3566/2299 2360/3567/2299 2359/3562/2299
f 2657/3565/2300 2656/3564/2300 2658/3568/2300 2507/3343/2300
f 2657/3565/2301 2507/3343/2301 2505/3342/2301 2659/3569/2301
f 2657/3565/2302 2659/3569/2302 2363/3570/2302 2362/3566/2302
f 2659/3569/2303 2505/3342/2303 2503/3571/2303 2660/3572/2303
f 2659/3569/2304 2660/3572/2304 2364/3122/2304 2363/3570/2304
f 2660/3572/2305 2503/3571/2305 2502/3338/2305 2373/3135/2305
f 2660/3572/2306 2373/3135/2306 2366/3123/2306 2364/3122/2306
f 2658/3568/2307 2656/3564/2307 2655/3563/2307 2661/3573/2307
f 2658/3568/2308 2661/3573/2308 2662/3574/2308 2510/3575/2308
f 2658/3568/2309 2510/3575/2309 2508/3344/2309 2507/3343/2309
f 2662/3576/2310 2661/3577/2310 2663/3578/2310 2664/3579/2310
f 2662/3576/2311 2664/3579/2311 2665/3580/2311 2666/3581/2311
f 2662/3576/2312 2666/3581/2312 2511/3348/2312 2510/3347/2312
f 2666/3581/2313 2665/3580/2313 2667/3582/2313 2668/3583/2313
f 2666/3581/2314 2668/3583/2314 2512/3349/2314 2511/3348/2314
f 2668/3583/2315 2667/3582/2315 2558/3407/2315 2557/3406/2315
f 2668/3583/2316 2557/3406/2316 2514/3351/2316 2512/3349/2316
f 2667/3582/2317 2665/3580/2317 2669/3584/2317 2670/3585/2317
f 2667/3582/2318 2670/3585/2318 2560/3409/2318 2558/3407/2318
f 2670/3585/2319 2669/3584/2319 2671/3586/2319 2672/3587/2319
f 2670/3585/2320 2672/3587/2320 2673/3588/2320 2560/3409/2320
f 2673/3588/2321 2672/3587/2321 2674/3589/2321 2675/3590/2321
f 2673/3588/2322 2675/3590/2322 2676/3591/2322 2563/3412/2322
f 2673/3588/2323 2563/3412/2323 2561/3410/2323 2560/3409/2323
f 2676/3591/2324 2675/3590/2324 2677/3592/2324 2678/3593/2324
f 2676/3591/2325 2678/3593/2325 2679/3594/2325 2566/3595/2325
f 2676/3591/2326 2566/3595/2326 2564/3413/2326 2563/3412/2326
f 2679/3596/2327 2678/3597/2327 2680/3598/2327 2681/3599/2327
f 2679/3596/2328 2681/3599/2328 2682/3600/2328 2569/3421/2328
f 2679/3596/2329 2569/3421/2329 2567/3419/2329 2566/3418/2329
f 2682/3600/2330 2681/3599/2330 2683/3601/2330 2684/3602/2330
f 2682/3600/2331 2684/3602/2331 2685/3603/2331 2572/3424/2331
f 2682/3600/2332 2572/3424/2332 2570/3422/2332 2569/3421/2332
f 2685/3603/2333 2684/3602/2333 2686/3604/2333 2687/3605/2333
f 2685/3603/2334 2687/3605/2334 474/561/2334 2688/3606/2334
f 2685/3603/2335 2688/3606/2335 2573/3425/2335 2572/3424/2335
f 2688/3606/2336 474/561/2336 473/560/2336 2577/3607/2336
f 2688/3606/2337 2577/3607/2337 2574/3426/2337 2573/3425/2337
f 2687/3608/2338 2686/3609/2338 2689/3610/2338 2690/3611/2338
f 2687/3605/2339 2690/3612/2339 475/562/2339 474/561/2339
f 2690/3611/2340 2689/3610/2340 2691/3613/2340 2692/3614/2340
f 2690/3612/2341 2692/3615/2341 477/3616/2341 475/562/2341
f 2692/3614/2342 2691/3613/2342 2693/3617/2342 2694/3618/2342
f 2692/3614/2343 2694/3618/2343 2695/3619/2343 477/3620/2343
f 2695/3621/2344 2694/3622/2344 2696/3623/2344 2697/3624/2344
f 2695/3625/2345 2697/3626/2345 2698/3627/2345 2699/3628/2345
f 2695/3625/2346 2699/3628/2346 476/564/2346 477/568/2346
f 2699/3628/2347 2698/3627/2347 459/541/2347 458/540/2347
f 2699/3628/2348 458/540/2348 469/565/2348 476/564/2348
f 2698/3627/2349 2697/3626/2349 2700/3629/2349 2701/3630/2349
f 2698/3627/2350 2701/3630/2350 2702/3631/2350 459/541/2350
f 2702/3631/2351 2701/3630/2351 2703/3632/2351 2704/3633/2351
f 2702/3631/2352 2704/3633/2352 2705/3634/2352 2706/3635/2352
f 2702/3631/2353 2706/3635/2353 60/538/2353 459/541/2353
f 2706/3636/2354 2705/3637/2354 2707/3638/2354 2708/3639/2354
f 2706/3636/2355 2708/3639/2355 456/536/2355 60/532/2355
f 2708/3639/2356 2707/3638/2356 2709/3640/2356 2710/3641/2356
f 2708/3639/2357 2710/3641/2357 2711/3642/2357 456/536/2357
f 2711/3642/2358 2710/3641/2358 2712/3643/2358 2713/3644/2358
f 2711/3642/2359 2713/3644/2359 2714/3645/2359 2715/3646/2359
f 2711/3642/2360 2715/3646/2360 457/537/2360 456/536/2360
f 2715/3646/2361 2714/3645/2361 2716/3647/2361 2717/3648/2361
f 2715/3646/2362 2717/3648/2362 2718/3649/2362 457/537/2362
f 2718/3649/2363 2719/3650/2363 453/533/2363 457/537/2363
f 2718/3649/2364 2717/3648/2364 2720/3651/2364 2721/3652/2364
f 2718/3649/2365 2721/3652/2365 2722/3653/2365 2719/3650/2365
f 2722/3653/2366 2723/3654/2366 2724/3655/2366 2719/3650/2366
f 2722/3653/2367 2721/3652/2367 2725/3656/2367 2726/3657/2367
f 2722/3653/2368 2726/3657/2368 2727/3658/2368 2723/3654/2368
f 2727/3658/2369 2728/3659/2369 2729/3660/2369 2723/3654/2369
f 2727/3658/2370 2726/3657/2370 2730/3661/2370 2731/3662/2370
f 2727/3663/2371 2731/3664/2371 2632/3524/2371 2728/3665/2371
f 2731/3662/2372 2730/3661/2372 2732/3666/2372 2733/3667/2372
f 2731/3664/2373 2733/3668/2373 2633/3525/2373 2632/3524/2373
f 2733/3668/2374 2732/3669/2374 2734/3670/2374 2735/3671/2374
f 2733/3668/2375 2735/3671/2375 2634/3526/2375 2633/3525/2375
f 2735/3672/2376 2734/3673/2376 2736/3674/2376 2737/3675/2376
f 2735/3671/2377 2737/3676/2377 2636/3532/2377 2634/3526/2377
f 2737/3675/2378 2736/3674/2378 2738/3677/2378 2739/3678/2378
f 2737/3676/2379 2739/3679/2379 2638/3536/2379 2636/3532/2379
f 2739/3678/2380 2738/3677/2380 2740/3680/2380 2649/3681/2380
f 2739/3679/2381 2649/3554/2381 2640/3538/2381 2638/3536/2381
f 2740/3680/2382 2738/3677/2382 2741/3682/2382 2742/3683/2382
f 2740/3680/2383 2742/3683/2383 2743/3684/2383 2652/3559/2383
f 2740/3680/2384 2652/3559/2384 2650/3558/2384 2649/3681/2384
f 2743/3684/2385 2742/3683/2385 2744/3685/2385 2663/3686/2385
f 2743/3684/2386 2663/3686/2386 2661/3573/2386 2655/3563/2386
f 2743/3684/2387 2655/3563/2387 2653/3560/2387 2652/3559/2387
f 2744/3685/2388 2742/3683/2388 2741/3682/2388 2745/3687/2388
f 2744/3685/2389 2745/3687/2389 2746/3688/2389 2747/3689/2389
f 2744/3685/2390 2747/3689/2390 2664/3690/2390 2663/3686/2390
f 2747/3689/2391 2746/3688/2391 2671/3691/2391 2669/3692/2391
f 2747/3693/2392 2669/3584/2392 2665/3580/2392 2664/3579/2392
f 2746/3688/2393 2745/3687/2393 2748/3694/2393 2749/3695/2393
f 2746/3688/2394 2749/3695/2394 2750/3696/2394 2671/3691/2394
f 2750/3696/2395 2749/3695/2395 2751/3697/2395 2752/3698/2395
f 2750/3699/2396 2752/3700/2396 2753/3701/2396 2674/3589/2396
f 2750/3699/2397 2674/3589/2397 2672/3587/2397 2671/3586/2397
f 2753/3701/2398 2752/3700/2398 2754/3702/2398 2755/3703/2398
f 2753/3701/2399 2755/3703/2399 2756/3704/2399 2677/3592/2399
f 2753/3701/2400 2677/3592/2400 2675/3590/2400 2674/3589/2400
f 2756/3704/2401 2755/3703/2401 2757/3705/2401 2758/3706/2401
f 2756/3704/2402 2758/3706/2402 2759/3707/2402 2680/3708/2402
f 2756/3704/2403 2680/3708/2403 2678/3593/2403 2677/3592/2403
f 2759/3707/2404 2758/3706/2404 2760/3709/2404 2761/3710/2404
f 2759/3707/2405 2761/3710/2405 2762/3711/2405 2683/3712/2405
f 2759/3713/2406 2683/3601/2406 2681/3599/2406 2680/3598/2406
f 2762/3711/2407 2761/3710/2407 2763/3714/2407 2764/3715/2407
f 2762/3716/2408 2764/3717/2408 2689/3610/2408 2686/3609/2408
f 2762/3718/2409 2686/3604/2409 2684/3602/2409 2683/3601/2409
f 2764/3715/2410 2763/3714/2410 2765/3719/2410 2766/3720/2410
f 2764/3717/2411 2766/3721/2411 2691/3613/2411 2689/3610/2411
f 2766/3720/2412 2765/3719/2412 2767/3722/2412 2768/3723/2412
f 2766/3721/2413 2768/3724/2413 2693/3617/2413 2691/3613/2413
f 2768/3723/2414 2767/3722/2414 2769/3725/2414 2770/3726/2414
f 2768/3727/2415 2770/3728/2415 2771/3729/2415 2693/3730/2415
f 2771/3729/2416 2770/3728/2416 2772/3731/2416 2773/3732/2416
f 2771/3729/2417 2773/3732/2417 2774/3733/2417 2696/3623/2417
f 2771/3729/2418 2696/3623/2418 2694/3622/2418 2693/3730/2418
f 2774/3733/2419 2773/3732/2419 2775/3734/2419 2776/3735/2419
f 2774/3733/2420 2776/3735/2420 2777/3736/2420 2700/3737/2420
f 2774/3733/2421 2700/3737/2421 2697/3624/2421 2696/3623/2421
f 2777/3736/2422 2776/3735/2422 2778/3738/2422 2779/3739/2422
f 2777/3736/2423 2779/3739/2423 2780/3740/2423 2703/3741/2423
f 2777/3736/2424 2703/3741/2424 2701/3742/2424 2700/3737/2424
f 2780/3740/2425 2779/3739/2425 2781/3743/2425 2782/3744/2425
f 2780/3745/2426 2782/3746/2426 2783/3747/2426 2784/3748/2426
f 2780/3745/2427 2784/3748/2427 2704/3633/2427 2703/3632/2427
f 2784/3748/2428 2783/3747/2428 2785/3749/2428 2786/3750/2428
f 2784/3748/2429 2786/3750/2429 2705/3634/2429 2704/3633/2429
f 2786/3751/2430 2785/3752/2430 2787/3753/2430 2788/3754/2430
f 2786/3751/2431 2788/3754/2431 2707/3638/2431 2705/3637/2431
f 2788/3754/2432 2787/3753/2432 2789/3755/2432 2790/3756/2432
f 2788/3754/2433 2790/3756/2433 2709/3640/2433 2707/3638/2433
f 2790/3756/2434 2789/3755/2434 2791/3757/2434 2792/3758/2434
f 2790/3756/2435 2792/3758/2435 2793/3759/2435 2709/3640/2435
f 2793/3759/2436 2792/3758/2436 2794/3760/2436 2795/3761/2436
f 2793/3759/2437 2795/3761/2437 2796/3762/2437 2712/3643/2437
f 2793/3759/2438 2712/3643/2438 2710/3641/2438 2709/3640/2438
f 2796/3763/2439 2795/3764/2439 2797/3765/2439 2798/3766/2439
f 2796/3763/2440 2798/3766/2440 2799/3767/2440 2800/3768/2440
f 2796/3762/2441 2800/3769/2441 2713/3644/2441 2712/3643/2441
f 2800/3768/2442 2799/3767/2442 2801/3770/2442 2802/3771/2442
f 2800/3769/2443 2802/3772/2443 2714/3645/2443 2713/3644/2443
f 2802/3771/2444 2801/3770/2444 2803/3773/2444 2804/3774/2444
f 2802/3772/2445 2804/3775/2445 2716/3647/2445 2714/3645/2445
f 2804/3774/2446 2803/3773/2446 2805/3776/2446 2806/3777/2446
f 2804/3775/2447 2806/3778/2447 2807/3779/2447 2716/3647/2447
f 2807/3779/2448 2720/3651/2448 2717/3648/2448 2716/3647/2448
f 2807/3779/2449 2806/3778/2449 2808/3780/2449 2809/3781/2449
f 2807/3779/2450 2809/3781/2450 2810/3782/2450 2720/3651/2450
f 2810/3782/2451 2725/3656/2451 2721/3652/2451 2720/3651/2451
f 2810/3782/2452 2809/3781/2452 2811/3783/2452 2812/3784/2452
f 2810/3782/2453 2812/3784/2453 2813/3785/2453 2725/3656/2453
f 2813/3785/2454 2730/3661/2454 2726/3657/2454 2725/3656/2454
f 2813/3785/2455 2812/3784/2455 2814/3786/2455 2815/3787/2455
f 2813/3785/2456 2815/3787/2456 2732/3666/2456 2730/3661/2456
f 2815/3787/2457 2814/3786/2457 2816/3788/2457 2817/3789/2457
f 2815/3787/2458 2817/3789/2458 2734/3673/2458 2732/3666/2458
f 2817/3789/2459 2816/3788/2459 2748/3694/2459 2818/3790/2459
f 2817/3789/2460 2818/3790/2460 2736/3674/2460 2734/3673/2460
f 2818/3790/2461 2748/3694/2461 2745/3687/2461 2741/3682/2461
f 2818/3790/2462 2741/3682/2462 2738/3677/2462 2736/3674/2462
f 2816/3788/2463 2814/3786/2463 2819/3791/2463 2751/3697/2463
f 2816/3788/2464 2751/3697/2464 2749/3695/2464 2748/3694/2464
f 2819/3791/2465 2814/3786/2465 2812/3784/2465 2811/3783/2465
f 2819/3791/2466 2811/3783/2466 2820/3792/2466 2754/3793/2466
f 2819/3791/2467 2754/3793/2467 2752/3698/2467 2751/3697/2467
f 2820/3792/2468 2811/3783/2468 2809/3781/2468 2808/3780/2468
f 2820/3792/2469 2808/3780/2469 2821/3794/2469 2757/3795/2469
f 2820/3792/2470 2757/3795/2470 2755/3796/2470 2754/3793/2470
f 2821/3797/2471 2808/3798/2471 2806/3777/2471 2805/3776/2471
f 2821/3797/2472 2805/3776/2472 2822/3799/2472 2760/3709/2472
f 2821/3797/2473 2760/3709/2473 2758/3706/2473 2757/3705/2473
f 2822/3799/2474 2805/3776/2474 2803/3773/2474 2823/3800/2474
f 2822/3799/2475 2823/3800/2475 2765/3719/2475 2763/3714/2475
f 2822/3799/2476 2763/3714/2476 2761/3710/2476 2760/3709/2476
f 2823/3800/2477 2803/3773/2477 2801/3770/2477 2824/3801/2477
f 2823/3800/2478 2824/3801/2478 2767/3722/2478 2765/3719/2478
f 2824/3801/2479 2801/3770/2479 2799/3767/2479 2825/3802/2479
f 2824/3801/2480 2825/3802/2480 2769/3725/2480 2767/3722/2480
f 2825/3802/2481 2799/3767/2481 2798/3766/2481 2826/3803/2481
f 2825/3802/2482 2826/3803/2482 2827/3804/2482 2769/3725/2482
f 2827/3804/2483 2826/3803/2483 2828/3805/2483 2829/3806/2483
f 2827/3807/2484 2829/3808/2484 2830/3809/2484 2772/3731/2484
f 2827/3807/2485 2772/3731/2485 2770/3728/2485 2769/3810/2485
f 2830/3809/2486 2829/3808/2486 2831/3811/2486 2832/3812/2486
f 2830/3809/2487 2832/3812/2487 2833/3813/2487 2775/3734/2487
f 2830/3809/2488 2775/3734/2488 2773/3732/2488 2772/3731/2488
f 2833/3813/2489 2832/3812/2489 2834/3814/2489 2835/3815/2489
f 2833/3813/2490 2835/3815/2490 2836/3816/2490 2778/3738/2490
f 2833/3813/2491 2778/3738/2491 2776/3735/2491 2775/3734/2491
f 2836/3816/2492 2835/3815/2492 2837/3817/2492 2838/3818/2492
f 2836/3816/2493 2838/3818/2493 2839/3819/2493 2781/3743/2493
f 2836/3816/2494 2781/3743/2494 2779/3739/2494 2778/3738/2494
f 2839/3819/2495 2838/3818/2495 582/705/2495 2840/3820/2495
f 2839/3819/2496 2840/3820/2496 2841/3821/2496 2842/3822/2496
f 2839/3819/2497 2842/3822/2497 2782/3744/2497 2781/3743/2497
f 2842/3822/2498 2841/3821/2498 2843/3823/2498 2844/3824/2498
f 2842/3822/2499 2844/3824/2499 2783/3825/2499 2782/3744/2499
f 2844/3824/2500 2843/3823/2500 488/581/2500 2845/3826/2500
f 2844/3824/2501 2845/3826/2501 2785/3827/2501 2783/3825/2501
f 2845/3826/2502 488/581/2502 487/580/2502 2846/3828/2502
f 2845/3829/2503 2846/3830/2503 2787/3753/2503 2785/3752/2503
f 2846/3830/2504 487/3831/2504 491/3832/2504 2847/3833/2504
f 2846/3830/2505 2847/3833/2505 2789/3755/2505 2787/3753/2505
f 2847/3834/2506 491/584/2506 2848/3835/2506 2849/3836/2506
f 2847/3833/2507 2849/3837/2507 2791/3757/2507 2789/3755/2507
f 2849/3836/2508 2848/3835/2508 2850/3838/2508 2851/3839/2508
f 2849/3837/2509 2851/3840/2509 2852/3841/2509 2791/3757/2509
f 2852/3842/2510 2851/3839/2510 2853/3843/2510 2854/3844/2510
f 2852/3841/2511 2854/3845/2511 2855/3846/2511 2794/3760/2511
f 2852/3841/2512 2794/3760/2512 2792/3758/2512 2791/3757/2512
f 2855/3847/2513 2854/3844/2513 2856/3848/2513 2857/3849/2513
f 2855/3850/2514 2857/3851/2514 2828/3805/2514 2797/3765/2514
f 2855/3850/2515 2797/3765/2515 2795/3764/2515 2794/3852/2515
f 2857/3849/2516 2856/3848/2516 2858/3853/2516 2831/3811/2516
f 2857/3849/2517 2831/3811/2517 2829/3808/2517 2828/3854/2517
f 2858/3853/2518 2856/3848/2518 2859/3855/2518 2860/3856/2518
f 2858/3853/2519 2860/3856/2519 2861/3857/2519 2834/3814/2519
f 2858/3853/2520 2834/3814/2520 2832/3812/2520 2831/3811/2520
f 2861/3857/2521 2860/3856/2521 2862/3858/2521 584/707/2521
f 2861/3857/2522 584/707/2522 583/706/2522 2837/3817/2522
f 2861/3857/2523 2837/3817/2523 2835/3815/2523 2834/3814/2523
f 2862/3858/2524 2863/3859/2524 590/714/2524 592/716/2524
f 2862/3858/2525 592/716/2525 585/708/2525 584/707/2525
f 2862/3858/2526 2860/3856/2526 2859/3855/2526 2863/3859/2526
f 2863/3859/2527 2864/3860/2527 591/715/2527 590/714/2527
f 2863/3859/2528 2859/3855/2528 2853/3843/2528 2864/3860/2528
f 2864/3860/2529 2850/3838/2529 2865/3861/2529 591/715/2529
f 2864/3860/2530 2853/3843/2530 2851/3839/2530 2850/3838/2530
f 2865/3861/2531 2866/3862/2531 527/631/2531 526/630/2531
f 2865/3861/2532 526/630/2532 587/711/2532 591/715/2532
f 2865/3861/2533 2850/3838/2533 2848/3835/2533 2866/3862/2533
f 2866/3862/2534 490/583/2534 492/585/2534 527/631/2534
f 2866/3862/2535 2848/3835/2535 491/584/2535 490/583/2535
f 2859/3855/2536 2856/3848/2536 2854/3844/2536 2853/3843/2536
f 2843/3823/2537 2841/3821/2537 2867/3863/2537 2868/3864/2537
f 2843/3823/2538 2868/3864/2538 489/582/2538 488/581/2538
f 2868/3864/2539 2867/3863/2539 524/628/2539 523/627/2539
f 2868/3864/2540 523/627/2540 492/585/2540 489/582/2540
f 2867/3863/2541 2869/3865/2541 2870/3866/2541 524/628/2541
f 2867/3863/2542 2841/3821/2542 2840/3820/2542 2869/3865/2542
f 2870/3866/2543 586/709/2543 589/713/2543 588/712/2543
f 2870/3866/2544 588/712/2544 525/629/2544 524/628/2544
f 2870/3866/2545 2869/3865/2545 581/704/2545 586/709/2545
f 2869/3865/2546 2840/3820/2546 582/705/2546 581/704/2546
f 2838/3818/2547 2837/3817/2547 583/706/2547 582/705/2547
f 2828/3805/2548 2826/3803/2548 2798/3766/2548 2797/3765/2548
f 2729/3660/2549 2871/3867/2549 2872/3868/2549 2873/3869/2549
f 2729/3660/2550 2873/3869/2550 2724/3655/2550 2723/3654/2550
f 2729/3660/2551 2728/3659/2551 2629/3870/2551 2871/3867/2551
f 2873/3869/2552 2872/3868/2552 2874/3871/2552 2875/3872/2552
f 2873/3869/2553 2875/3872/2553 454/534/2553 2724/3655/2553
f 2875/3872/2554 2874/3871/2554 471/556/2554 470/555/2554
f 2875/3872/2555 470/555/2555 455/535/2555 454/534/2555
f 2874/3871/2556 2876/3873/2556 472/557/2556 471/556/2556
f 2874/3871/2557 2872/3868/2557 2877/3874/2557 2876/3873/2557
f 2877/3874/2558 2872/3868/2558 2871/3867/2558 2878/3875/2558
f 2877/3876/2559 2878/3877/2559 2879/3878/2559 2880/3879/2559
f 2877/3874/2560 2880/3880/2560 2881/3881/2560 2876/3873/2560
f 2881/3882/2561 2880/3879/2561 2882/3883/2561 2883/3884/2561
f 2881/3885/2562 2883/3886/2562 2884/3887/2562 2885/3888/2562
f 2881/3881/2563 2885/3889/2563 472/557/2563 2876/3873/2563
f 2885/3889/2564 2884/3890/2564 2886/3891/2564 2887/3892/2564
f 2885/3889/2565 2887/3892/2565 466/558/2565 472/557/2565
f 2887/3892/2566 2886/3891/2566 2888/3893/2566 2889/3894/2566
f 2887/3892/2567 2889/3894/2567 467/3895/2567 466/558/2567
f 2889/3896/2568 2888/3897/2568 2890/3898/2568 2891/3899/2568
f 2889/3896/2569 2891/3899/2569 2892/3900/2569 467/3901/2569
f 2892/3902/2570 2893/3903/2570 468/552/2570 467/551/2570
f 2892/3900/2571 2891/3899/2571 2894/3904/2571 2895/3905/2571
f 2892/3900/2572 2895/3905/2572 2896/3906/2572 2893/3907/2572
f 2896/3908/2573 2586/3449/2573 2897/3909/2573 2893/3903/2573
f 2896/3906/2574 2895/3905/2574 2898/3910/2574 2899/3911/2574
f 2896/3906/2575 2899/3911/2575 2587/3452/2575 2586/3912/2575
f 2899/3911/2576 2898/3910/2576 2900/3913/2576 2901/3914/2576
f 2899/3911/2577 2901/3914/2577 2588/3453/2577 2587/3452/2577
f 2901/3914/2578 2900/3913/2578 2902/3915/2578 2593/3461/2578
f 2901/3914/2579 2593/3461/2579 2590/3456/2579 2588/3453/2579
f 2902/3915/2580 2900/3913/2580 2903/3916/2580 2904/3917/2580
f 2902/3915/2581 2904/3917/2581 2905/3918/2581 2906/3919/2581
f 2902/3915/2582 2906/3919/2582 2594/3462/2582 2593/3461/2582
f 2906/3919/2583 2905/3918/2583 2907/3920/2583 2908/3921/2583
f 2906/3919/2584 2908/3921/2584 2595/3463/2584 2594/3462/2584
f 2908/3921/2585 2907/3920/2585 2909/3922/2585 2604/3923/2585
f 2908/3921/2586 2604/3923/2586 2597/3465/2586 2595/3463/2586
f 2909/3922/2587 2907/3920/2587 2910/3924/2587 2911/3925/2587
f 2909/3922/2588 2911/3925/2588 2912/3926/2588 2607/3927/2588
f 2909/3922/2589 2607/3927/2589 2605/3928/2589 2604/3923/2589
f 2912/3926/2590 2911/3925/2590 2913/3929/2590 2914/3930/2590
f 2912/3931/2591 2914/3932/2591 2915/3933/2591 2611/3934/2591
f 2912/3931/2592 2611/3934/2592 2608/3490/2592 2607/3489/2592
f 2915/3935/2593 2914/3936/2593 2916/3937/2593 2917/3938/2593
f 2915/3935/2594 2917/3938/2594 2918/3939/2594 2614/3501/2594
f 2915/3935/2595 2614/3501/2595 2612/3499/2595 2611/3498/2595
f 2918/3939/2596 2917/3938/2596 2919/3940/2596 2920/3941/2596
f 2918/3939/2597 2920/3941/2597 2921/3942/2597 2922/3943/2597
f 2918/3939/2598 2922/3943/2598 2615/3502/2598 2614/3501/2598
f 2922/3944/2599 2921/3945/2599 2923/3946/2599 2924/3947/2599
f 2922/3944/2600 2924/3947/2600 2616/3505/2600 2615/3504/2600
f 2924/3947/2601 2923/3946/2601 2925/3948/2601 2926/3949/2601
f 2924/3947/2602 2926/3949/2602 2618/3507/2602 2616/3505/2602
f 2926/3949/2603 2925/3948/2603 2927/3950/2603 2928/3951/2603
f 2926/3949/2604 2928/3951/2604 2620/3509/2604 2618/3507/2604
f 2928/3952/2605 2927/3953/2605 2929/3954/2605 2930/3955/2605
f 2928/3951/2606 2930/3956/2606 2931/3957/2606 2620/3509/2606
f 2931/3957/2607 2624/3513/2607 2621/3510/2607 2620/3509/2607
f 2931/3957/2608 2930/3956/2608 2932/3958/2608 2933/3959/2608
f 2931/3957/2609 2933/3959/2609 2934/3960/2609 2624/3513/2609
f 2934/3960/2610 2627/3516/2610 2625/3514/2610 2624/3513/2610
f 2934/3960/2611 2933/3959/2611 2935/3961/2611 2936/3962/2611
f 2934/3960/2612 2936/3962/2612 2879/3878/2612 2627/3516/2612
f 2936/3962/2613 2935/3961/2613 2937/3963/2613 2882/3883/2613
f 2936/3962/2614 2882/3883/2614 2880/3879/2614 2879/3878/2614
f 2937/3963/2615 2935/3961/2615 2938/3964/2615 2939/3965/2615
f 2937/3963/2616 2939/3965/2616 2940/3966/2616 2941/3967/2616
f 2937/3968/2617 2941/3969/2617 2883/3886/2617 2882/3970/2617
f 2941/3969/2618 2940/3971/2618 2942/3972/2618 2943/3973/2618
f 2941/3969/2619 2943/3973/2619 2884/3887/2619 2883/3886/2619
f 2943/3974/2620 2942/3975/2620 2944/3976/2620 2945/3977/2620
f 2943/3973/2621 2945/3978/2621 2886/3979/2621 2884/3887/2621
f 2945/3977/2622 2944/3976/2622 2946/3980/2622 2947/3981/2622
f 2945/3977/2623 2947/3981/2623 2888/3893/2623 2886/3891/2623
f 2947/3982/2624 2946/3983/2624 2948/3984/2624 2949/3985/2624
f 2947/3982/2625 2949/3985/2625 2890/3898/2625 2888/3897/2625
f 2949/3985/2626 2948/3984/2626 2950/3986/2626 2951/3987/2626
f 2949/3985/2627 2951/3987/2627 2952/3988/2627 2890/3898/2627
f 2952/3988/2628 2894/3904/2628 2891/3899/2628 2890/3898/2628
f 2952/3988/2629 2951/3987/2629 2953/3989/2629 2954/3990/2629
f 2952/3988/2630 2954/3990/2630 2955/3991/2630 2894/3904/2630
f 2955/3991/2631 2898/3910/2631 2895/3905/2631 2894/3904/2631
f 2955/3991/2632 2954/3990/2632 2956/3992/2632 2903/3916/2632
f 2955/3991/2633 2903/3916/2633 2900/3913/2633 2898/3910/2633
f 2956/3992/2634 2954/3990/2634 2953/3989/2634 2957/3993/2634
f 2956/3992/2635 2957/3993/2635 2958/3994/2635 2959/3995/2635
f 2956/3992/2636 2959/3995/2636 2904/3917/2636 2903/3916/2636
f 2959/3995/2637 2958/3994/2637 2960/3996/2637 2961/3997/2637
f 2959/3995/2638 2961/3997/2638 2905/3918/2638 2904/3917/2638
f 2961/3997/2639 2960/3996/2639 2962/3998/2639 2910/3924/2639
f 2961/3997/2640 2910/3924/2640 2907/3920/2640 2905/3918/2640
f 2962/3998/2641 2960/3996/2641 2963/3999/2641 2964/4000/2641
f 2962/3998/2642 2964/4000/2642 2965/4001/2642 2913/3929/2642
f 2962/3998/2643 2913/3929/2643 2911/3925/2643 2910/3924/2643
f 2965/4001/2644 2964/4000/2644 2966/4002/2644 2967/4003/2644
f 2965/4001/2645 2967/4003/2645 2968/4004/2645 2916/4005/2645
f 2965/4001/2646 2916/4005/2646 2914/3930/2646 2913/3929/2646
f 2968/4006/2647 2967/4007/2647 2969/4008/2647 2970/4009/2647
f 2968/4010/2648 2970/4011/2648 2971/4012/2648 2919/3940/2648
f 2968/4010/2649 2919/3940/2649 2917/3938/2649 2916/3937/2649
f 2971/4012/2650 2970/4011/2650 2972/4013/2650 2973/4014/2650
f 2971/4012/2651 2973/4014/2651 2974/4015/2651 2975/4016/2651
f 2971/4012/2652 2975/4016/2652 2920/3941/2652 2919/3940/2652
f 2975/4016/2653 2974/4015/2653 2976/4017/2653 2977/4018/2653
f 2975/4016/2654 2977/4018/2654 2921/3942/2654 2920/3941/2654
f 2977/4018/2655 2976/4017/2655 2978/4019/2655 2979/4020/2655
f 2977/4021/2656 2979/4022/2656 2923/3946/2656 2921/3945/2656
f 2979/4020/2657 2978/4019/2657 2980/4023/2657 2981/4024/2657
f 2979/4022/2658 2981/4025/2658 2925/3948/2658 2923/3946/2658
f 2981/4024/2659 2980/4023/2659 2982/4026/2659 2983/4027/2659
f 2981/4024/2660 2983/4027/2660 2927/3953/2660 2925/4028/2660
f 2983/4027/2661 2982/4026/2661 2984/4029/2661 2985/4030/2661
f 2983/4027/2662 2985/4030/2662 2929/3954/2662 2927/3953/2662
f 2985/4030/2663 2984/4029/2663 2986/4031/2663 2987/4032/2663
f 2985/4030/2664 2987/4032/2664 2988/4033/2664 2929/3954/2664
f 2988/4033/2665 2932/4034/2665 2930/3955/2665 2929/3954/2665
f 2988/4033/2666 2987/4032/2666 2989/4035/2666 2990/4036/2666
f 2988/4037/2667 2990/4038/2667 2938/3964/2667 2932/3958/2667
f 2990/4038/2668 2989/4039/2668 2991/4040/2668 2992/4041/2668
f 2990/4038/2669 2992/4041/2669 2939/3965/2669 2938/3964/2669
f 2992/4041/2670 2991/4040/2670 2993/4042/2670 2994/4043/2670
f 2992/4041/2671 2994/4043/2671 2940/3966/2671 2939/3965/2671
f 2994/4043/2672 2993/4042/2672 2995/4044/2672 2996/4045/2672
f 2994/4046/2673 2996/4047/2673 2942/3972/2673 2940/3971/2673
f 2996/4048/2674 2995/4049/2674 2997/4050/2674 2998/4051/2674
f 2996/4048/2675 2998/4051/2675 2944/3976/2675 2942/3975/2675
f 2998/4051/2676 2997/4050/2676 2999/4052/2676 3000/4053/2676
f 2998/4051/2677 3000/4053/2677 2946/3980/2677 2944/3976/2677
f 3000/4053/2678 2999/4052/2678 3001/4054/2678 3002/4055/2678
f 3000/4056/2679 3002/4057/2679 2948/3984/2679 2946/3983/2679
f 3002/4055/2680 3001/4054/2680 3003/4058/2680 3004/4059/2680
f 3002/4057/2681 3004/4060/2681 2950/3986/2681 2948/3984/2681
f 3004/4060/2682 3003/4061/2682 3005/4062/2682 3006/4063/2682
f 3004/4060/2683 3006/4063/2683 3007/4064/2683 2950/3986/2683
f 3007/4064/2684 2953/3989/2684 2951/3987/2684 2950/3986/2684
f 3007/4064/2685 3006/4063/2685 3008/4065/2685 3009/4066/2685
f 3007/4064/2686 3009/4066/2686 2957/3993/2686 2953/3989/2686
f 3009/4066/2687 3008/4065/2687 3010/4067/2687 3011/4068/2687
f 3009/4066/2688 3011/4068/2688 2958/3994/2688 2957/3993/2688
f 3011/4068/2689 3010/4067/2689 3012/4069/2689 2963/3999/2689
f 3011/4068/2690 2963/3999/2690 2960/3996/2690 2958/3994/2690
f 3012/4069/2691 3010/4067/2691 3013/4070/2691 3014/4071/2691
f 3012/4069/2692 3014/4071/2692 3015/4072/2692 2966/4002/2692
f 3012/4069/2693 2966/4002/2693 2964/4000/2693 2963/3999/2693
f 3015/4072/2694 3014/4071/2694 3016/4073/2694 3017/4074/2694
f 3015/4072/2695 3017/4074/2695 3018/4075/2695 2969/4076/2695
f 3015/4072/2696 2969/4076/2696 2967/4003/2696 2966/4002/2696
f 3018/4075/2697 3017/4074/2697 3019/4077/2697 3020/4078/2697
f 3018/4075/2698 3020/4078/2698 3021/4079/2698 2972/4080/2698
f 3018/4081/2699 2972/4082/2699 2970/4009/2699 2969/4008/2699
f 3021/4079/2700 3020/4078/2700 3022/4083/2700 3023/4084/2700
f 3021/4085/2701 3023/4086/2701 3024/4087/2701 3025/4088/2701
f 3021/4085/2702 3025/4088/2702 2973/4014/2702 2972/4013/2702
f 3025/4088/2703 3024/4087/2703 3026/4089/2703 3027/4090/2703
f 3025/4088/2704 3027/4090/2704 2974/4015/2704 2973/4014/2704
f 3027/4090/2705 3026/4089/2705 3028/4091/2705 3029/4092/2705
f 3027/4090/2706 3029/4092/2706 2976/4017/2706 2974/4015/2706
f 3029/4092/2707 3028/4091/2707 3030/4093/2707 3031/4094/2707
f 3029/4092/2708 3031/4094/2708 2978/4019/2708 2976/4017/2708
f 3031/4094/2709 3030/4093/2709 3032/4095/2709 3033/4096/2709
f 3031/4094/2710 3033/4096/2710 2980/4023/2710 2978/4019/2710
f 3033/4096/2711 3032/4095/2711 3034/4097/2711 3035/4098/2711
f 3033/4096/2712 3035/4098/2712 2982/4026/2712 2980/4023/2712
f 3035/4098/2713 3034/4097/2713 3036/4099/2713 3037/4100/2713
f 3035/4098/2714 3037/4100/2714 2984/4029/2714 2982/4026/2714
f 3037/4100/2715 3036/4099/2715 3038/4101/2715 3039/4102/2715
f 3037/4100/2716 3039/4102/2716 2986/4031/2716 2984/4029/2716
f 3039/4102/2717 3038/4101/2717 3040/4103/2717 3041/4104/2717
f 3039/4102/2718 3041/4104/2718 3042/4105/2718 2986/4031/2718
f 3042/4105/2719 2989/4035/2719 2987/4032/2719 2986/4031/2719
f 3042/4106/2720 3041/4107/2720 3043/4108/2720 3044/4109/2720
f 3042/4106/2721 3044/4109/2721 2991/4040/2721 2989/4039/2721
f 3044/4109/2722 3043/4108/2722 3045/4110/2722 3046/4111/2722
f 3044/4109/2723 3046/4111/2723 2993/4042/2723 2991/4040/2723
f 3046/4112/2724 3045/4113/2724 3047/4114/2724 3048/4115/2724
f 3046/4112/2725 3048/4115/2725 2995/4049/2725 2993/4116/2725
f 3048/4115/2726 3047/4114/2726 3049/4117/2726 3050/4118/2726
f 3048/4115/2727 3050/4118/2727 2997/4050/2727 2995/4049/2727
f 3050/4118/2728 3049/4117/2728 3051/4119/2728 3052/4120/2728
f 3050/4118/2729 3052/4120/2729 2999/4052/2729 2997/4050/2729
f 3052/4120/2730 3051/4119/2730 3053/4121/2730 3054/4122/2730
f 3052/4120/2731 3054/4122/2731 3001/4054/2731 2999/4052/2731
f 3054/4122/2732 3053/4121/2732 3055/4123/2732 3056/4124/2732
f 3054/4122/2733 3056/4124/2733 3003/4058/2733 3001/4054/2733
f 3056/4124/2734 3055/4123/2734 3057/4125/2734 3058/4126/2734
f 3056/4124/2735 3058/4126/2735 3005/4127/2735 3003/4058/2735
f 3058/4126/2736 3057/4125/2736 3059/4128/2736 3060/4129/2736
f 3058/4130/2737 3060/4131/2737 3061/4132/2737 3005/4062/2737
f 3061/4132/2738 3008/4065/2738 3006/4063/2738 3005/4062/2738
f 3061/4132/2739 3060/4131/2739 3062/4133/2739 3013/4070/2739
f 3061/4132/2740 3013/4070/2740 3010/4067/2740 3008/4065/2740
f 3062/4134/2741 3060/4129/2741 3059/4128/2741 3063/4135/2741
f 3062/4133/2742 3063/4136/2742 3064/4137/2742 3016/4073/2742
f 3062/4133/2743 3016/4073/2743 3014/4071/2743 3013/4070/2743
f 3064/4138/2744 3063/4135/2744 3065/4139/2744 3066/4140/2744
f 3064/4137/2745 3066/4141/2745 3067/4142/2745 3019/4077/2745
f 3064/4137/2746 3019/4077/2746 3017/4074/2746 3016/4073/2746
f 3067/4142/2747 3066/4141/2747 3068/4143/2747 3069/4144/2747
f 3067/4142/2748 3069/4144/2748 3070/4145/2748 3022/4083/2748
f 3067/4142/2749 3022/4083/2749 3020/4078/2749 3019/4077/2749
f 3070/4145/2750 3069/4144/2750 3071/4146/2750 3072/4147/2750
f 3070/4145/2751 3072/4147/2751 3073/4148/2751 3074/4149/2751
f 3070/4145/2752 3074/4149/2752 3023/4084/2752 3022/4083/2752
f 3074/4150/2753 3073/4151/2753 3075/4152/2753 3076/4153/2753
f 3074/4150/2754 3076/4153/2754 3024/4087/2754 3023/4086/2754
f 3076/4153/2755 3075/4152/2755 3077/4154/2755 3078/4155/2755
f 3076/4153/2756 3078/4155/2756 3026/4089/2756 3024/4087/2756
f 3078/4155/2757 3077/4154/2757 3079/4156/2757 3080/4157/2757
f 3078/4155/2758 3080/4157/2758 3028/4091/2758 3026/4089/2758
f 3080/4157/2759 3079/4156/2759 3081/4158/2759 3082/4159/2759
f 3080/4157/2760 3082/4159/2760 3030/4093/2760 3028/4091/2760
f 3082/4159/2761 3081/4158/2761 3083/4160/2761 3084/4161/2761
f 3082/4159/2762 3084/4161/2762 3032/4095/2762 3030/4093/2762
f 3084/4161/2763 3083/4160/2763 3085/4162/2763 3086/4163/2763
f 3084/4161/2764 3086/4163/2764 3034/4097/2764 3032/4095/2764
f 3086/4163/2765 3085/4162/2765 3087/4164/2765 3088/4165/2765
f 3086/4163/2766 3088/4165/2766 3036/4099/2766 3034/4097/2766
f 3088/4165/2767 3087/4164/2767 3089/4166/2767 3090/4167/2767
f 3088/4165/2768 3090/4167/2768 3038/4101/2768 3036/4099/2768
f 3090/4167/2769 3089/4166/2769 3091/4168/2769 3092/4169/2769
f 3090/4167/2770 3092/4169/2770 3040/4103/2770 3038/4101/2770
f 3092/4170/2771 3091/4171/2771 3093/4172/2771 3094/4173/2771
f 3092/4170/2772 3094/4173/2772 3095/4174/2772 3040/4175/2772
f 3095/4174/2773 3043/4108/2773 3041/4107/2773 3040/4175/2773
f 3095/4174/2774 3094/4173/2774 3096/4176/2774 3097/4177/2774
f 3095/4174/2775 3097/4177/2775 3045/4110/2775 3043/4108/2775
f 3097/4178/2776 3096/4179/2776 3098/4180/2776 3099/4181/2776
f 3097/4178/2777 3099/4181/2777 3047/4114/2777 3045/4113/2777
f 3099/4181/2778 3098/4180/2778 3100/4182/2778 3101/4183/2778
f 3099/4181/2779 3101/4183/2779 3049/4117/2779 3047/4114/2779
f 3101/4183/2780 3100/4182/2780 3102/4184/2780 3103/4185/2780
f 3101/4183/2781 3103/4185/2781 3051/4119/2781 3049/4117/2781
f 3103/4185/2782 3102/4184/2782 3104/4186/2782 3105/4187/2782
f 3103/4185/2783 3105/4187/2783 3053/4121/2783 3051/4119/2783
f 3105/4187/2784 3104/4186/2784 3106/4188/2784 3107/4189/2784
f 3105/4187/2785 3107/4189/2785 3055/4123/2785 3053/4121/2785
f 3107/4189/2786 3106/4188/2786 3108/4190/2786 3109/4191/2786
f 3107/4189/2787 3109/4191/2787 3057/4125/2787 3055/4123/2787
f 3109/4191/2788 3108/4190/2788 3110/4192/2788 3111/4193/2788
f 3109/4191/2789 3111/4193/2789 3059/4128/2789 3057/4125/2789
f 3111/4193/2790 3110/4192/2790 3112/4194/2790 3065/4139/2790
f 3111/4193/2791 3065/4139/2791 3063/4135/2791 3059/4128/2791
f 3112/4194/2792 3110/4192/2792 3113/4195/2792 3114/4196/2792
f 3112/4194/2793 3114/4196/2793 3115/4197/2793 3068/4198/2793
f 3112/4194/2794 3068/4198/2794 3066/4140/2794 3065/4139/2794
f 3115/4199/2795 3071/4146/2795 3069/4144/2795 3068/4143/2795
f 3115/4197/2796 3114/4196/2796 3116/4200/2796 3117/4201/2796
f 3115/4199/2797 3117/4202/2797 3118/4203/2797 3071/4146/2797
f 3118/4203/2798 3119/4204/2798 3072/4147/2798 3071/4146/2798
f 3118/4203/2799 3117/4202/2799 3120/4205/2799 3121/4206/2799
f 3118/4203/2800 3121/4206/2800 3122/4207/2800 3119/4204/2800
f 3122/4207/2801 3123/4208/2801 3124/4209/2801 3119/4204/2801
f 3122/4207/2802 3121/4206/2802 3125/4210/2802 3126/4211/2802
f 3122/4207/2803 3126/4211/2803 3127/4212/2803 3123/4208/2803
f 3127/4213/2804 3128/4214/2804 3129/4215/2804 3123/4216/2804
f 3127/4212/2805 3126/4211/2805 3130/4217/2805 3131/4218/2805
f 3127/4213/2806 3131/4219/2806 3132/4220/2806 3128/4214/2806
f 3132/4220/2807 3133/4221/2807 3134/4222/2807 3128/4214/2807
f 3132/4220/2808 3131/4219/2808 3135/4223/2808 3136/4224/2808
f 3132/4220/2809 3136/4224/2809 3137/4225/2809 3133/4221/2809
f 3137/4225/2810 3138/4226/2810 3139/4227/2810 3133/4221/2810
f 3137/4225/2811 3136/4224/2811 3140/4228/2811 3141/4229/2811
f 3137/4225/2812 3141/4229/2812 3142/4230/2812 3138/4226/2812
f 3142/4231/2813 3143/4232/2813 3144/4233/2813 3138/4234/2813
f 3142/4231/2814 3141/4235/2814 3145/4236/2814 3146/4237/2814
f 3142/4231/2815 3146/4237/2815 3147/4238/2815 3143/4232/2815
f 3147/4238/2816 3148/4239/2816 3149/4240/2816 3143/4232/2816
f 3147/4238/2817 3146/4237/2817 3150/4241/2817 3151/4242/2817
f 3147/4238/2818 3151/4242/2818 3152/4243/2818 3148/4239/2818
f 3152/4243/2819 3153/4244/2819 3154/4245/2819 3148/4239/2819
f 3152/4243/2820 3151/4242/2820 3155/4246/2820 3156/4247/2820
f 3152/4243/2821 3156/4247/2821 3157/4248/2821 3153/4244/2821
f 3157/4248/2822 3158/4249/2822 3159/4250/2822 3153/4244/2822
f 3157/4248/2823 3156/4247/2823 3160/4251/2823 3161/4252/2823
f 3157/4248/2824 3161/4252/2824 3162/4253/2824 3158/4249/2824
f 3162/4253/2825 3163/4254/2825 3164/4255/2825 3158/4249/2825
f 3162/4253/2826 3161/4252/2826 3165/4256/2826 3166/4257/2826
f 3162/4253/2827 3166/4257/2827 3167/4258/2827 3163/4254/2827
f 3167/4258/2828 3168/4259/2828 3169/4260/2828 3163/4254/2828
f 3167/4258/2829 3166/4257/2829 3170/4261/2829 3171/4262/2829
f 3167/4258/2830 3171/4262/2830 3172/4263/2830 3168/4259/2830
f 3172/4264/2831 3173/4265/2831 3174/4266/2831 3168/4267/2831
f 3172/4263/2832 3171/4262/2832 3175/4268/2832 3176/4269/2832
f 3172/4264/2833 3176/4270/2833 3177/4271/2833 3173/4265/2833
f 3177/4271/2834 3178/4272/2834 3179/4273/2834 3173/4265/2834
f 3177/4271/2835 3176/4270/2835 3180/4274/2835 3181/4275/2835
f 3177/4271/2836 3181/4275/2836 3182/4276/2836 3178/4272/2836
f 3182/4276/2837 3183/4277/2837 3184/4278/2837 3178/4272/2837
f 3182/4276/2838 3181/4275/2838 3185/4279/2838 3186/4280/2838
f 3182/4276/2839 3186/4280/2839 3187/4281/2839 3183/4277/2839
f 3187/4281/2840 3188/4282/2840 3189/4283/2840 3183/4277/2840
f 3187/4281/2841 3186/4280/2841 3190/4284/2841 3191/4285/2841
f 3187/4281/2842 3191/4285/2842 3192/4286/2842 3188/4282/2842
f 3192/4286/2843 3193/4287/2843 3194/4288/2843 3188/4282/2843
f 3192/4286/2844 3191/4285/2844 3195/4289/2844 3196/4290/2844
f 3192/4286/2845 3196/4290/2845 3197/4291/2845 3193/4287/2845
f 3197/4291/2846 3198/4292/2846 3199/4293/2846 3193/4287/2846
f 3197/4291/2847 3196/4290/2847 3200/4294/2847 3201/4295/2847
f 3197/4291/2848 3201/4295/2848 3202/4296/2848 3198/4292/2848
f 3202/4296/2849 3203/4297/2849 3204/4298/2849 3198/4292/2849
f 3202/4296/2850 3201/4295/2850 3205/4299/2850 331/374/2850
f 3202/4296/2851 331/374/2851 330/373/2851 3203/4297/2851
f 3205/4299/2852 3201/4295/2852 3200/4294/2852 3206/4300/2852
f 3205/4299/2853 3206/4300/2853 3207/4301/2853 3208/4302/2853
f 3205/4299/2854 3208/4302/2854 325/375/2854 331/374/2854
f 3208/4303/2855 3207/4304/2855 345/396/2855 344/395/2855
f 3208/4303/2856 344/395/2856 326/367/2856 325/366/2856
f 3207/4301/2857 3206/4300/2857 3209/4305/2857 3210/4306/2857
f 3207/4304/2858 3210/4307/2858 348/399/2858 345/396/2858
f 3210/4306/2859 3209/4305/2859 3211/4308/2859 3212/4309/2859
f 3210/4307/2860 3212/4310/2860 3213/4311/2860 348/399/2860
f 3213/4311/2861 3212/4310/2861 338/392/2861 342/391/2861
f 3213/4311/2862 342/391/2862 3214/4312/2862 3215/4313/2862
f 3213/4311/2863 3215/4313/2863 346/397/2863 348/399/2863
f 3215/4313/2864 3214/4312/2864 3216/4314/2864 3217/4315/2864
f 3215/4313/2865 3217/4315/2865 347/398/2865 346/397/2865
f 3217/4315/2866 3216/4314/2866 3218/4316/2866 3219/4317/2866
f 3217/4315/2867 3219/4317/2867 3220/4318/2867 347/398/2867
f 3220/4318/2868 3221/4319/2868 343/394/2868 347/398/2868
f 3220/4318/2869 3219/4317/2869 3222/4320/2869 3223/4321/2869
f 3220/4318/2870 3223/4321/2870 3224/4322/2870 3221/4319/2870
f 3224/4322/2871 327/368/2871 326/367/2871 3221/4319/2871
f 3224/4322/2872 3223/4321/2872 3225/4323/2872 3226/4324/2872
f 3224/4322/2873 3226/4324/2873 334/378/2873 327/368/2873
f 3226/4324/2874 3225/4323/2874 297/4325/2874 292/311/2874
f 3226/4324/2875 292/311/2875 291/310/2875 334/378/2875
f 3225/4323/2876 3223/4321/2876 3222/4320/2876 3227/4326/2876
f 3225/4327/2877 3227/4328/2877 3228/4329/2877 297/319/2877
f 3228/4329/2878 3227/4328/2878 3229/4330/2878 3230/4331/2878
f 3228/4329/2879 3230/4331/2879 3231/4332/2879 3232/4333/2879
f 3228/4329/2880 3232/4333/2880 295/315/2880 297/319/2880
f 3232/4333/2881 3231/4332/2881 266/279/2881 3233/4334/2881
f 3232/4333/2882 3233/4334/2882 296/316/2882 295/315/2882
f 3233/4334/2883 266/279/2883 263/276/2883 3234/4335/2883
f 3233/4334/2884 3234/4335/2884 3235/4336/2884 296/316/2884
f 3235/4336/2885 3236/4337/2885 293/317/2885 296/316/2885
f 3235/4336/2886 3234/4335/2886 3237/4338/2886 3238/4339/2886
f 3235/4336/2887 3238/4339/2887 3239/4340/2887 3236/4337/2887
f 3239/4341/2888 3238/4342/2888 3240/4343/2888 3241/4344/2888
f 3239/4340/2889 3241/4345/2889 3242/4346/2889 3243/4347/2889
f 3239/4340/2890 3243/4347/2890 3244/4348/2890 3236/4337/2890
f 3244/4349/2891 294/313/2891 293/312/2891 3236/4350/2891
f 3244/4348/2892 3243/4347/2892 3245/4351/2892 3246/4352/2892
f 3244/4348/2893 3246/4352/2893 3247/4353/2893 294/4354/2893
f 3247/4353/2894 3248/4355/2894 288/4356/2894 294/4354/2894
f 3247/4353/2895 3246/4352/2895 3249/4357/2895 3250/4358/2895
f 3247/4353/2896 3250/4358/2896 3251/4359/2896 3248/4355/2896
f 3251/4360/2897 3252/4361/2897 3253/4362/2897 3248/4363/2897
f 3251/4359/2898 3250/4358/2898 3254/4364/2898 3255/4365/2898
f 3251/4360/2899 3255/4366/2899 3256/4367/2899 3252/4361/2899
f 3256/4367/2900 3257/4368/2900 3258/4369/2900 3252/4361/2900
f 3256/4367/2901 3255/4366/2901 3259/4370/2901 3260/4371/2901
f 3256/4367/2902 3260/4371/2902 3261/4372/2902 3257/4368/2902
f 3261/4372/2903 3262/4373/2903 3263/4374/2903 3257/4368/2903
f 3261/4375/2904 3260/4376/2904 3264/4377/2904 1900/2458/2904
f 3261/4375/2905 1900/2458/2905 1898/2456/2905 3262/4378/2905
f 3264/4379/2906 3260/4371/2906 3259/4370/2906 3265/4380/2906
f 3264/4377/2907 3265/4381/2907 1905/2463/2907 1903/2461/2907
f 3264/4377/2908 1903/2461/2908 1901/2459/2908 1900/2458/2908
f 3265/4382/2909 3259/4383/2909 3266/4384/2909 3267/4385/2909
f 3265/4382/2910 3267/4385/2910 1907/2468/2910 1905/2467/2910
f 3267/4385/2911 3266/4384/2911 3268/4386/2911 3269/4387/2911
f 3267/4385/2912 3269/4387/2912 3270/4388/2912 1907/2468/2912
f 3270/4388/2913 3269/4387/2913 3271/4389/2913 3272/4390/2913
f 3270/4388/2914 3272/4390/2914 1912/2474/2914 1910/2472/2914
f 3270/4388/2915 1910/2472/2915 1908/2469/2915 1907/2468/2915
f 3272/4390/2916 3271/4389/2916 3273/4391/2916 3274/4392/2916
f 3272/4390/2917 3274/4392/2917 1914/2476/2917 1912/2474/2917
f 3274/4392/2918 3273/4391/2918 3275/4393/2918 3276/4394/2918
f 3274/4392/2919 3276/4394/2919 3277/4395/2919 1914/2476/2919
f 3277/4395/2920 3276/4394/2920 3278/4396/2920 3279/4397/2920
f 3277/4395/2921 3279/4397/2921 3280/4398/2921 1917/2479/2921
f 3277/4395/2922 1917/2479/2922 1915/2477/2922 1914/2476/2922
f 3280/4398/2923 3279/4397/2923 3281/4399/2923 104/28/2923
f 3280/4398/2924 104/28/2924 103/27/2924 1920/4400/2924
f 3280/4398/2925 1920/4400/2925 1918/2480/2925 1917/2479/2925
f 3281/4399/2926 3279/4397/2926 3278/4396/2926 3282/4401/2926
f 3281/4399/2927 3282/4401/2927 3283/4402/2927 3284/4403/2927
f 3281/4399/2928 3284/4403/2928 105/29/2928 104/28/2928
f 3284/4403/2929 3283/4402/2929 3285/4404/2929 3286/4405/2929
f 3284/4403/2930 3286/4405/2930 121/54/2930 105/29/2930
f 3286/4405/2931 3285/4404/2931 3287/4406/2931 3288/4407/2931
f 3286/4405/2932 3288/4407/2932 122/55/2932 121/54/2932
f 3288/4407/2933 3287/4406/2933 3289/4408/2933 3290/4409/2933
f 3288/4407/2934 3290/4409/2934 125/58/2934 122/55/2934
f 3290/4409/2935 3289/4408/2935 3291/4410/2935 3292/4411/2935
f 3290/4409/2936 3292/4411/2936 3293/4412/2936 125/58/2936
f 3293/4412/2937 3292/4411/2937 3294/4413/2937 3295/4414/2937
f 3293/4412/2938 3295/4414/2938 3296/4415/2938 3297/4416/2938
f 3293/4412/2939 3297/4416/2939 123/56/2939 125/58/2939
f 3297/4416/2940 3296/4415/2940 1792/2300/2940 3298/4417/2940
f 3297/4416/2941 3298/4417/2941 124/57/2941 123/56/2941
f 3298/4417/2942 1792/2300/2942 1790/2297/2942 1789/2296/2942
f 3298/4417/2943 1789/2296/2943 106/4418/2943 124/57/2943
f 3296/4415/2944 3295/4414/2944 3299/4419/2944 1795/4420/2944
f 3296/4415/2945 1795/4420/2945 1793/2301/2945 1792/2300/2945
f 3299/4421/2946 3295/4422/2946 3294/4423/2946 3300/4424/2946
f 3299/4421/2947 3300/4424/2947 3301/4425/2947 3302/4426/2947
f 3299/4421/2948 3302/4426/2948 1796/4427/2948 1795/4428/2948
f 3302/4426/2949 3301/4425/2949 1804/2317/2949 1802/2315/2949
f 3302/4426/2950 1802/2315/2950 1797/2314/2950 1796/4427/2950
f 3301/4425/2951 3300/4424/2951 3303/4429/2951 3304/4430/2951
f 3301/4425/2952 3304/4430/2952 1806/2319/2952 1804/2317/2952
f 3304/4430/2953 3303/4429/2953 3305/4431/2953 3306/4432/2953
f 3304/4430/2954 3306/4432/2954 1808/2321/2954 1806/2319/2954
f 3306/4432/2955 3305/4431/2955 3307/4433/2955 3308/4434/2955
f 3306/4432/2956 3308/4434/2956 3309/4435/2956 1808/2321/2956
f 3309/4435/2957 3308/4434/2957 3310/4436/2957 3311/4437/2957
f 3309/4435/2958 3311/4437/2958 3312/4438/2958 1811/2324/2958
f 3309/4435/2959 1811/2324/2959 1809/2322/2959 1808/2321/2959
f 3312/4438/2960 3311/4437/2960 278/293/2960 277/292/2960
f 3312/4438/2961 277/292/2961 280/295/2961 1814/2328/2961
f 3312/4438/2962 1814/2328/2962 1812/2325/2962 1811/2324/2962
f 3311/4437/2963 3310/4436/2963 3313/4439/2963 278/293/2963
f 3313/4440/2964 3314/4441/2964 253/4442/2964 3315/4443/2964
f 3313/4439/2965 3315/4444/2965 274/289/2965 278/293/2965
f 3313/4440/2966 3310/4445/2966 3316/4446/2966 3314/4441/2966
f 3316/4446/2967 3317/4447/2967 3318/4448/2967 3314/4441/2967
f 3316/4449/2968 3310/4436/2968 3308/4434/2968 3307/4433/2968
f 3316/4446/2969 3307/4450/2969 3319/4451/2969 3317/4447/2969
f 3319/4451/2970 3320/4452/2970 3321/4453/2970 3317/4447/2970
f 3319/4454/2971 3307/4433/2971 3305/4431/2971 3322/4455/2971
f 3319/4451/2972 3322/4456/2972 3323/4457/2972 3320/4452/2972
f 3323/4457/2973 3324/4458/2973 3325/4459/2973 3320/4452/2973
f 3323/4457/2974 3322/4456/2974 3326/4460/2974 3291/4410/2974
f 3323/4457/2975 3291/4410/2975 3289/4408/2975 3324/4458/2975
f 3326/4461/2976 3322/4455/2976 3305/4431/2976 3303/4429/2976
f 3326/4461/2977 3303/4429/2977 3300/4424/2977 3294/4423/2977
f 3326/4460/2978 3294/4413/2978 3292/4411/2978 3291/4410/2978
f 3325/4459/2979 224/212/2979 223/211/2979 3327/4462/2979
f 3325/4459/2980 3327/4462/2980 3321/4453/2980 3320/4452/2980
f 3325/4459/2981 3324/4458/2981 3328/4463/2981 224/212/2981
f 3328/4463/2982 3329/4464/2982 225/213/2982 224/212/2982
f 3328/4463/2983 3324/4458/2983 3289/4408/2983 3287/4406/2983
f 3328/4463/2984 3287/4406/2984 3285/4404/2984 3329/4464/2984
f 3329/4464/2985 3330/4465/2985 226/214/2985 225/213/2985
f 3329/4464/2986 3285/4404/2986 3283/4402/2986 3330/4465/2986
f 3330/4465/2987 3331/4466/2987 212/193/2987 226/214/2987
f 3330/4465/2988 3283/4402/2988 3282/4401/2988 3331/4466/2988
f 3331/4466/2989 3332/4467/2989 213/194/2989 212/193/2989
f 3331/4466/2990 3282/4401/2990 3278/4396/2990 3332/4467/2990
f 3332/4467/2991 3275/4393/2991 3333/4468/2991 213/194/2991
f 3332/4467/2992 3278/4396/2992 3276/4394/2992 3275/4393/2992
f 3333/4468/2993 3334/4469/2993 3335/4470/2993 3336/4471/2993
f 3333/4468/2994 3336/4471/2994 23/191/2994 213/194/2994
f 3333/4468/2995 3275/4393/2995 3273/4391/2995 3334/4469/2995
f 3336/4471/2996 3335/4470/2996 3337/4472/2996 3338/4473/2996
f 3336/4471/2997 3338/4473/2997 216/199/2997 23/191/2997
f 3338/4473/2998 3337/4472/2998 3339/4474/2998 3340/4475/2998
f 3338/4473/2999 3340/4475/2999 3341/4476/2999 216/199/2999
f 3341/4476/3000 3340/4475/3000 240/236/3000 239/235/3000
f 3341/4476/3001 239/235/3001 233/243/3001 237/4477/3001
f 3341/4476/3002 237/4477/3002 217/200/3002 216/199/3002
f 3340/4475/3003 3339/4474/3003 3242/4346/3003 240/236/3003
f 3339/4474/3004 3245/4351/3004 3243/4347/3004 3242/4346/3004
f 3339/4474/3005 3337/4472/3005 3342/4478/3005 3245/4351/3005
f 3342/4478/3006 3249/4357/3006 3246/4352/3006 3245/4351/3006
f 3342/4478/3007 3337/4472/3007 3335/4470/3007 3343/4479/3007
f 3342/4478/3008 3343/4479/3008 3344/4480/3008 3249/4357/3008
f 3344/4480/3009 3254/4364/3009 3250/4358/3009 3249/4357/3009
f 3344/4480/3010 3343/4479/3010 3345/4481/3010 3268/4386/3010
f 3344/4480/3011 3268/4386/3011 3266/4384/3011 3254/4364/3011
f 3345/4481/3012 3343/4479/3012 3335/4470/3012 3334/4469/3012
f 3345/4481/3013 3334/4469/3013 3273/4391/3013 3271/4389/3013
f 3345/4481/3014 3271/4389/3014 3269/4387/3014 3268/4386/3014
f 3327/4462/3015 223/211/3015 227/217/3015 3346/4482/3015
f 3327/4462/3016 3346/4482/3016 3347/4483/3016 3321/4453/3016
f 3347/4483/3017 3346/4482/3017 254/265/3017 251/4484/3017
f 3347/4483/3018 251/4484/3018 250/4485/3018 3318/4448/3018
f 3347/4483/3019 3318/4448/3019 3317/4447/3019 3321/4453/3019
f 3346/4482/3020 227/217/3020 244/248/3020 254/265/3020
f 3318/4448/3021 250/4485/3021 253/4442/3021 3314/4441/3021
f 3315/4486/3022 253/263/3022 249/258/3022 3348/4487/3022
f 3315/4444/3023 3348/4488/3023 275/290/3023 274/289/3023
f 3348/4489/3024 3349/4490/3024 3350/4491/3024 275/4492/3024
f 3348/4487/3025 249/258/3025 248/257/3025 3349/4493/3025
f 3350/4491/3026 3351/4494/3026 3352/4495/3026 3353/4496/3026
f 3350/4497/3027 3353/4498/3027 276/291/3027 275/290/3027
f 3350/4491/3028 3349/4490/3028 268/281/3028 3351/4494/3028
f 3353/4496/3029 3352/4495/3029 3354/4499/3029 3355/4500/3029
f 3353/4498/3030 3355/4501/3030 3356/4502/3030 276/291/3030
f 3356/4502/3031 3355/4501/3031 3357/4503/3031 3358/4504/3031
f 3356/4502/3032 3358/4504/3032 3359/4505/3032 281/296/3032
f 3356/4502/3033 281/296/3033 34/288/3033 276/291/3033
f 3359/4505/3034 3358/4504/3034 3360/4506/3034 3361/4507/3034
f 3359/4505/3035 3361/4507/3035 1847/2371/3035 1845/2368/3035
f 3359/4505/3036 1845/2368/3036 282/297/3036 281/296/3036
f 3361/4507/3037 3360/4506/3037 3362/4508/3037 3363/4509/3037
f 3361/4507/3038 3363/4509/3038 3364/4510/3038 1847/2371/3038
f 3364/4511/3039 3363/4512/3039 336/381/3039 3365/4513/3039
f 3364/4511/3040 3365/4513/3040 3366/4514/3040 1850/4515/3040
f 3364/4510/3041 1850/2374/3041 1848/2372/3041 1847/2371/3041
f 3366/4516/3042 3365/4517/3042 3367/4518/3042 3368/4519/3042
f 3366/4516/3043 3368/4519/3043 3369/4520/3043 1853/4521/3043
f 3366/4514/3044 1853/2382/3044 1851/2377/3044 1850/4515/3044
f 3369/4520/3045 3368/4519/3045 3370/4522/3045 3371/4523/3045
f 3369/4524/3046 3371/4525/3046 3372/4526/3046 1856/4527/3046
f 3369/4528/3047 1856/2385/3047 1854/2383/3047 1853/2382/3047
f 3372/4526/3048 3371/4525/3048 3373/4529/3048 3374/4530/3048
f 3372/4526/3049 3374/4530/3049 3375/4531/3049 3376/4532/3049
f 3372/4526/3050 3376/4532/3050 1857/4533/3050 1856/4527/3050
f 3376/4532/3051 3375/4531/3051 3377/4534/3051 1861/2395/3051
f 3376/4532/3052 1861/2395/3052 1858/2394/3052 1857/4533/3052
f 3377/4534/3053 3375/4531/3053 3378/4535/3053 3379/4536/3053
f 3377/4534/3054 3379/4536/3054 3380/4537/3054 1864/2401/3054
f 3377/4534/3055 1864/2401/3055 1862/2396/3055 1861/2395/3055
f 3380/4537/3056 3379/4536/3056 3381/4538/3056 3382/4539/3056
f 3380/4537/3057 3382/4539/3057 3383/4540/3057 1867/2404/3057
f 3380/4537/3058 1867/2404/3058 1865/2402/3058 1864/2401/3058
f 3383/4540/3059 3382/4539/3059 3384/4541/3059 3385/4542/3059
f 3383/4540/3060 3385/4542/3060 3386/4543/3060 3387/4544/3060
f 3383/4540/3061 3387/4544/3061 1868/2405/3061 1867/2404/3061
f 3387/4544/3062 3386/4543/3062 3388/4545/3062 3389/4546/3062
f 3387/4544/3063 3389/4546/3063 1869/2406/3063 1868/2405/3063
f 3389/4546/3064 3388/4545/3064 3390/4547/3064 3391/4548/3064
f 3389/4546/3065 3391/4548/3065 1871/2408/3065 1869/2406/3065
f 3391/4549/3066 3390/4550/3066 3392/4551/3066 3393/4552/3066
f 3391/4549/3067 3393/4552/3067 3394/4553/3067 1871/4554/3067
f 3394/4553/3068 3393/4552/3068 3395/4555/3068 3396/4556/3068
f 3394/4553/3069 3396/4556/3069 3397/4557/3069 1874/2413/3069
f 3394/4553/3070 1874/2413/3070 1872/2412/3070 1871/4554/3070
f 3397/4558/3071 3396/4559/3071 3398/4560/3071 3399/4561/3071
f 3397/4558/3072 3399/4561/3072 329/370/3072 3400/4562/3072
f 3397/4557/3073 3400/4563/3073 1875/2414/3073 1874/2413/3073
f 3400/4562/3074 329/370/3074 328/369/3074 3401/4564/3074
f 3400/4562/3075 3401/4564/3075 1876/2417/3075 1875/2416/3075
f 3401/4564/3076 328/369/3076 333/377/3076 3402/4565/3076
f 3401/4564/3077 3402/4565/3077 1878/2420/3077 1876/2417/3077
f 3402/4565/3078 333/377/3078 3403/4566/3078 1883/4567/3078
f 3402/4565/3079 1883/4567/3079 1880/4568/3079 1878/2420/3079
f 3403/4566/3080 333/377/3080 332/376/3080 3404/4569/3080
f 3403/4570/3081 3404/4571/3081 3405/4572/3081 3406/4573/3081
f 3403/4570/3082 3406/4573/3082 1884/2431/3082 1883/2430/3082
f 3406/4573/3083 3405/4572/3083 3407/4574/3083 3408/4575/3083
f 3406/4573/3084 3408/4575/3084 1885/2432/3084 1884/2431/3084
f 3408/4575/3085 3407/4574/3085 3409/4576/3085 3410/4577/3085
f 3408/4575/3086 3410/4577/3086 1887/2434/3086 1885/2432/3086
f 3410/4578/3087 3409/4579/3087 3258/4369/3087 3411/4580/3087
f 3410/4578/3088 3411/4580/3088 1889/2438/3088 1887/2437/3088
f 3411/4580/3089 3258/4369/3089 3257/4368/3089 3263/4374/3089
f 3411/4580/3090 3263/4374/3090 1891/2442/3090 1889/2438/3090
f 3409/4579/3091 3407/4581/3091 289/4582/3091 3253/4362/3091
f 3409/4579/3092 3253/4362/3092 3252/4361/3092 3258/4369/3092
f 3407/4574/3093 3405/4572/3093 290/307/3093 289/306/3093
f 3405/4583/3094 3404/4569/3094 291/310/3094 290/309/3094
f 3404/4569/3095 332/376/3095 334/378/3095 291/310/3095
f 3399/4584/3096 3398/4585/3096 3204/4298/3096 3203/4297/3096
f 3399/4584/3097 3203/4297/3097 330/373/3097 329/4586/3097
f 3398/4560/3098 3396/4559/3098 3395/4587/3098 3412/4588/3098
f 3398/4585/3099 3412/4589/3099 3413/4590/3099 3204/4298/3099
f 3413/4590/3100 3412/4589/3100 3414/4591/3100 3415/4592/3100
f 3413/4590/3101 3415/4592/3101 3416/4593/3101 3199/4293/3101
f 3413/4590/3102 3199/4293/3102 3198/4292/3102 3204/4298/3102
f 3416/4593/3103 3415/4592/3103 3417/4594/3103 3418/4595/3103
f 3416/4593/3104 3418/4595/3104 3419/4596/3104 3194/4288/3104
f 3416/4593/3105 3194/4288/3105 3193/4287/3105 3199/4293/3105
f 3419/4596/3106 3418/4595/3106 3420/4597/3106 3421/4598/3106
f 3419/4596/3107 3421/4598/3107 3422/4599/3107 3189/4283/3107
f 3419/4596/3108 3189/4283/3108 3188/4282/3108 3194/4288/3108
f 3422/4599/3109 3421/4598/3109 3423/4600/3109 3424/4601/3109
f 3422/4599/3110 3424/4601/3110 3425/4602/3110 3184/4278/3110
f 3422/4599/3111 3184/4278/3111 3183/4277/3111 3189/4283/3111
f 3425/4602/3112 3424/4601/3112 3426/4603/3112 3427/4604/3112
f 3425/4602/3113 3427/4604/3113 3428/4605/3113 3179/4273/3113
f 3425/4602/3114 3179/4273/3114 3178/4272/3114 3184/4278/3114
f 3428/4605/3115 3427/4604/3115 3429/4606/3115 3430/4607/3115
f 3428/4605/3116 3430/4607/3116 3431/4608/3116 3174/4266/3116
f 3428/4605/3117 3174/4266/3117 3173/4265/3117 3179/4273/3117
f 3431/4608/3118 3430/4607/3118 3432/4609/3118 3433/4610/3118
f 3431/4608/3119 3433/4610/3119 3434/4611/3119 3169/4612/3119
f 3431/4608/3120 3169/4612/3120 3168/4267/3120 3174/4266/3120
f 3434/4611/3121 3433/4610/3121 3435/4613/3121 3436/4614/3121
f 3434/4615/3122 3436/4616/3122 3437/4617/3122 3164/4255/3122
f 3434/4615/3123 3164/4255/3123 3163/4254/3123 3169/4260/3123
f 3437/4617/3124 3436/4616/3124 3438/4618/3124 3439/4619/3124
f 3437/4617/3125 3439/4619/3125 3440/4620/3125 3159/4250/3125
f 3437/4617/3126 3159/4250/3126 3158/4249/3126 3164/4255/3126
f 3440/4620/3127 3439/4619/3127 3441/4621/3127 3442/4622/3127
f 3440/4620/3128 3442/4622/3128 3443/4623/3128 3154/4245/3128
f 3440/4620/3129 3154/4245/3129 3153/4244/3129 3159/4250/3129
f 3443/4623/3130 3442/4622/3130 3444/4624/3130 3445/4625/3130
f 3443/4623/3131 3445/4625/3131 3446/4626/3131 3149/4240/3131
f 3443/4623/3132 3149/4240/3132 3148/4239/3132 3154/4245/3132
f 3446/4627/3133 3445/4628/3133 3447/4629/3133 3448/4630/3133
f 3446/4627/3134 3448/4630/3134 3449/4631/3134 3144/4632/3134
f 3446/4626/3135 3144/4233/3135 3143/4232/3135 3149/4240/3135
f 3449/4631/3136 3448/4630/3136 3450/4633/3136 3451/4634/3136
f 3449/4631/3137 3451/4634/3137 3452/4635/3137 3139/4227/3137
f 3449/4631/3138 3139/4227/3138 3138/4226/3138 3144/4632/3138
f 3452/4635/3139 3451/4634/3139 3453/4636/3139 3454/4637/3139
f 3452/4635/3140 3454/4637/3140 3455/4638/3140 3134/4222/3140
f 3452/4635/3141 3134/4222/3141 3133/4221/3141 3139/4227/3141
f 3455/4638/3142 3454/4637/3142 3456/4639/3142 3457/4640/3142
f 3455/4638/3143 3457/4640/3143 3458/4641/3143 3129/4215/3143
f 3455/4638/3144 3129/4215/3144 3128/4214/3144 3134/4222/3144
f 3458/4641/3145 3457/4640/3145 3077/4154/3145 3075/4152/3145
f 3458/4641/3146 3075/4152/3146 3073/4151/3146 3124/4642/3146
f 3458/4641/3147 3124/4642/3147 3123/4216/3147 3129/4215/3147
f 3457/4640/3148 3456/4639/3148 3079/4156/3148 3077/4154/3148
f 3456/4639/3149 3459/4643/3149 3081/4158/3149 3079/4156/3149
f 3456/4639/3150 3454/4637/3150 3453/4636/3150 3459/4643/3150
f 3459/4643/3151 3460/4644/3151 3083/4160/3151 3081/4158/3151
f 3459/4643/3152 3453/4636/3152 3461/4645/3152 3460/4644/3152
f 3461/4645/3153 3462/4646/3153 3463/4647/3153 3460/4644/3153
f 3461/4645/3154 3453/4636/3154 3451/4634/3154 3450/4633/3154
f 3461/4645/3155 3450/4633/3155 3464/4648/3155 3462/4646/3155
f 3464/4648/3156 3465/4649/3156 3466/4650/3156 3462/4646/3156
f 3464/4648/3157 3450/4633/3157 3448/4630/3157 3447/4629/3157
f 3464/4648/3158 3447/4629/3158 3467/4651/3158 3465/4649/3158
f 3467/4651/3159 3468/4652/3159 3469/4653/3159 3465/4649/3159
f 3467/4651/3160 3447/4629/3160 3445/4628/3160 3444/4654/3160
f 3467/4651/3161 3444/4654/3161 3470/4655/3161 3468/4652/3161
f 3470/4656/3162 3471/4657/3162 3472/4658/3162 3468/4659/3162
f 3470/4660/3163 3444/4624/3163 3442/4622/3163 3441/4621/3163
f 3470/4660/3164 3441/4621/3164 3473/4661/3164 3471/4662/3164
f 3473/4663/3165 3474/4664/3165 3475/4665/3165 3471/4657/3165
f 3473/4661/3166 3441/4621/3166 3439/4619/3166 3438/4618/3166
f 3473/4663/3167 3438/4666/3167 3476/4667/3167 3474/4664/3167
f 3476/4667/3168 3477/4668/3168 3478/4669/3168 3474/4664/3168
f 3476/4667/3169 3438/4666/3169 3436/4614/3169 3435/4613/3169
f 3476/4667/3170 3435/4613/3170 3479/4670/3170 3477/4668/3170
f 3479/4671/3171 3480/4672/3171 3481/4673/3171 3477/4674/3171
f 3479/4670/3172 3435/4613/3172 3433/4610/3172 3432/4609/3172
f 3479/4671/3173 3432/4675/3173 3482/4676/3173 3480/4672/3173
f 3482/4676/3174 3483/4677/3174 3484/4678/3174 3480/4672/3174
f 3482/4679/3175 3432/4609/3175 3430/4607/3175 3429/4606/3175
f 3482/4676/3176 3429/4680/3176 3485/4681/3176 3483/4677/3176
f 3485/4681/3177 3486/4682/3177 3487/4683/3177 3483/4677/3177
f 3485/4684/3178 3429/4606/3178 3427/4604/3178 3426/4603/3178
f 3485/4684/3179 3426/4603/3179 3488/4685/3179 3486/4686/3179
f 3488/4687/3180 3489/4688/3180 3490/4689/3180 3486/4682/3180
f 3488/4685/3181 3426/4603/3181 3424/4601/3181 3423/4600/3181
f 3488/4685/3182 3423/4600/3182 3491/4690/3182 3489/4691/3182
f 3491/4690/3183 3492/4692/3183 3493/4693/3183 3489/4691/3183
f 3491/4690/3184 3423/4600/3184 3421/4598/3184 3420/4597/3184
f 3491/4690/3185 3420/4597/3185 3494/4694/3185 3492/4692/3185
f 3494/4694/3186 3495/4695/3186 3496/4696/3186 3492/4692/3186
f 3494/4694/3187 3420/4597/3187 3418/4595/3187 3417/4594/3187
f 3494/4694/3188 3417/4594/3188 3497/4697/3188 3495/4695/3188
f 3497/4698/3189 3498/4699/3189 3499/4700/3189 3495/4701/3189
f 3497/4697/3190 3417/4594/3190 3415/4592/3190 3414/4591/3190
f 3497/4698/3191 3414/4702/3191 3500/4703/3191 3498/4699/3191
f 3500/4704/3192 3392/4551/3192 3501/4705/3192 3498/4706/3192
f 3500/4703/3193 3414/4702/3193 3412/4588/3193 3395/4587/3193
f 3500/4704/3194 3395/4555/3194 3393/4552/3194 3392/4551/3194
f 3501/4705/3195 3502/4707/3195 3503/4708/3195 3504/4709/3195
f 3501/4705/3196 3504/4709/3196 3499/4710/3196 3498/4706/3196
f 3501/4705/3197 3392/4551/3197 3390/4550/3197 3502/4707/3197
f 3504/4709/3198 3503/4708/3198 3505/4711/3198 3506/4712/3198
f 3504/4709/3199 3506/4712/3199 3507/4713/3199 3499/4710/3199
f 3507/4713/3200 3506/4712/3200 3508/4714/3200 3509/4715/3200
f 3507/4716/3201 3509/4717/3201 3510/4718/3201 3496/4719/3201
f 3507/4716/3202 3496/4719/3202 3495/4701/3202 3499/4700/3202
f 3510/4718/3203 3509/4717/3203 3511/4720/3203 3512/4721/3203
f 3510/4718/3204 3512/4721/3204 3513/4722/3204 3493/4723/3204
f 3510/4724/3205 3493/4693/3205 3492/4692/3205 3496/4696/3205
f 3513/4722/3206 3512/4721/3206 3514/4725/3206 3515/4726/3206
f 3513/4722/3207 3515/4726/3207 3516/4727/3207 3490/4689/3207
f 3513/4722/3208 3490/4689/3208 3489/4688/3208 3493/4723/3208
f 3516/4727/3209 3515/4726/3209 3517/4728/3209 3518/4729/3209
f 3516/4727/3210 3518/4729/3210 3519/4730/3210 3487/4683/3210
f 3516/4727/3211 3487/4683/3211 3486/4682/3211 3490/4689/3211
f 3519/4730/3212 3518/4729/3212 3520/4731/3212 3521/4732/3212
f 3519/4730/3213 3521/4732/3213 3522/4733/3213 3484/4678/3213
f 3519/4730/3214 3484/4678/3214 3483/4677/3214 3487/4683/3214
f 3522/4733/3215 3521/4732/3215 3523/4734/3215 3524/4735/3215
f 3522/4733/3216 3524/4735/3216 3525/4736/3216 3481/4673/3216
f 3522/4733/3217 3481/4673/3217 3480/4672/3217 3484/4678/3217
f 3525/4736/3218 3524/4735/3218 3526/4737/3218 3527/4738/3218
f 3525/4736/3219 3527/4738/3219 3528/4739/3219 3478/4740/3219
f 3525/4736/3220 3478/4740/3220 3477/4674/3220 3481/4673/3220
f 3528/4739/3221 3527/4738/3221 3529/4741/3221 3530/4742/3221
f 3528/4743/3222 3530/4744/3222 3531/4745/3222 3475/4665/3222
f 3528/4743/3223 3475/4665/3223 3474/4664/3223 3478/4669/3223
f 3531/4745/3224 3530/4744/3224 3532/4746/3224 3533/4747/3224
f 3531/4745/3225 3533/4747/3225 3534/4748/3225 3472/4658/3225
f 3531/4745/3226 3472/4658/3226 3471/4657/3226 3475/4665/3226
f 3534/4748/3227 3533/4747/3227 3535/4749/3227 3536/4750/3227
f 3534/4748/3228 3536/4750/3228 3537/4751/3228 3469/4752/3228
f 3534/4748/3229 3469/4752/3229 3468/4659/3229 3472/4658/3229
f 3537/4753/3230 3536/4754/3230 3538/4755/3230 3539/4756/3230
f 3537/4753/3231 3539/4756/3231 3540/4757/3231 3466/4650/3231
f 3537/4753/3232 3466/4650/3232 3465/4649/3232 3469/4653/3232
f 3540/4757/3233 3539/4756/3233 3089/4166/3233 3087/4164/3233
f 3540/4757/3234 3087/4164/3234 3085/4162/3234 3463/4647/3234
f 3540/4757/3235 3463/4647/3235 3462/4646/3235 3466/4650/3235
f 3539/4756/3236 3538/4755/3236 3091/4168/3236 3089/4166/3236
f 3538/4758/3237 3541/4759/3237 3093/4172/3237 3091/4171/3237
f 3538/4758/3238 3536/4750/3238 3535/4749/3238 3541/4759/3238
f 3541/4759/3239 3542/4760/3239 3543/4761/3239 3093/4172/3239
f 3541/4759/3240 3535/4749/3240 3544/4762/3240 3542/4760/3240
f 3544/4763/3241 3545/4764/3241 3546/4765/3241 3542/4766/3241
f 3544/4762/3242 3535/4749/3242 3533/4747/3242 3532/4746/3242
f 3544/4763/3243 3532/4767/3243 3547/4768/3243 3545/4764/3243
f 3547/4768/3244 3548/4769/3244 3549/4770/3244 3545/4764/3244
f 3547/4768/3245 3532/4767/3245 3530/4742/3245 3529/4741/3245
f 3547/4768/3246 3529/4741/3246 3550/4771/3246 3548/4769/3246
f 3550/4771/3247 3551/4772/3247 3552/4773/3247 3548/4769/3247
f 3550/4771/3248 3529/4741/3248 3527/4738/3248 3526/4737/3248
f 3550/4771/3249 3526/4737/3249 3553/4774/3249 3551/4772/3249
f 3553/4774/3250 3554/4775/3250 3555/4776/3250 3551/4772/3250
f 3553/4774/3251 3526/4737/3251 3524/4735/3251 3523/4734/3251
f 3553/4774/3252 3523/4734/3252 3556/4777/3252 3554/4775/3252
f 3556/4777/3253 3557/4778/3253 3558/4779/3253 3554/4775/3253
f 3556/4777/3254 3523/4734/3254 3521/4732/3254 3520/4731/3254
f 3556/4777/3255 3520/4731/3255 3559/4780/3255 3557/4778/3255
f 3559/4780/3256 3560/4781/3256 3561/4782/3256 3557/4778/3256
f 3559/4780/3257 3520/4731/3257 3518/4729/3257 3517/4728/3257
f 3559/4780/3258 3517/4728/3258 3562/4783/3258 3560/4781/3258
f 3562/4783/3259 3563/4784/3259 3564/4785/3259 3560/4781/3259
f 3562/4783/3260 3517/4728/3260 3515/4726/3260 3514/4725/3260
f 3562/4783/3261 3514/4725/3261 3565/4786/3261 3563/4784/3261
f 3565/4786/3262 3566/4787/3262 3567/4788/3262 3563/4784/3262
f 3565/4786/3263 3514/4725/3263 3512/4721/3263 3511/4720/3263
f 3565/4786/3264 3511/4720/3264 3568/4789/3264 3566/4787/3264
f 3568/4790/3265 3569/4791/3265 3570/4792/3265 3566/4793/3265
f 3568/4790/3266 3511/4794/3266 3509/4715/3266 3508/4714/3266
f 3568/4790/3267 3508/4714/3267 3571/4795/3267 3569/4791/3267
f 3571/4795/3268 3572/4796/3268 3573/4797/3268 3569/4791/3268
f 3571/4795/3269 3508/4714/3269 3506/4712/3269 3505/4711/3269
f 3571/4795/3270 3505/4711/3270 3574/4798/3270 3572/4796/3270
f 3574/4799/3271 3575/4800/3271 3576/4801/3271 3572/4802/3271
f 3574/4799/3272 3505/4803/3272 3503/4804/3272 3577/4805/3272
f 3574/4799/3273 3577/4805/3273 3578/4806/3273 3575/4800/3273
f 3578/4806/3274 3579/4807/3274 3580/4808/3274 3575/4800/3274
f 3578/4806/3275 3577/4805/3275 3581/4809/3275 3582/4810/3275
f 3578/4806/3276 3582/4810/3276 3583/4811/3276 3579/4807/3276
f 3583/4811/3277 3584/4812/3277 3585/4813/3277 3579/4807/3277
f 3583/4811/3278 3582/4810/3278 3386/4543/3278 3385/4542/3278
f 3583/4811/3279 3385/4542/3279 3384/4541/3279 3584/4812/3279
f 3585/4813/3280 3586/4814/3280 3587/4815/3280 3588/4816/3280
f 3585/4813/3281 3588/4816/3281 3580/4808/3281 3579/4807/3281
f 3585/4813/3282 3584/4812/3282 3589/4817/3282 3586/4814/3282
f 3589/4817/3283 3590/4818/3283 3591/4819/3283 3586/4814/3283
f 3589/4817/3284 3584/4812/3284 3384/4541/3284 3592/4820/3284
f 3589/4817/3285 3592/4820/3285 3593/4821/3285 3590/4818/3285
f 3593/4821/3286 3594/4822/3286 3595/4823/3286 3590/4818/3286
f 3593/4821/3287 3592/4820/3287 3381/4538/3287 3596/4824/3287
f 3593/4821/3288 3596/4824/3288 3597/4825/3288 3594/4822/3288
f 3597/4825/3289 3598/4826/3289 3599/4827/3289 3594/4822/3289
f 3597/4825/3290 3596/4824/3290 3378/4535/3290 3600/4828/3290
f 3597/4825/3291 3600/4828/3291 3601/4829/3291 3598/4826/3291
f 3601/4829/3292 3602/4830/3292 3603/4831/3292 3598/4826/3292
f 3601/4829/3293 3600/4828/3293 3374/4530/3293 3373/4529/3293
f 3601/4829/3294 3373/4529/3294 3604/4832/3294 3602/4830/3294
f 3604/4833/3295 3605/4834/3295 3606/4835/3295 3602/4836/3295
f 3604/4832/3296 3373/4529/3296 3371/4525/3296 3370/4837/3296
f 3604/4833/3297 3370/4522/3297 3607/4838/3297 3605/4834/3297
f 3607/4838/3298 341/389/3298 3608/4839/3298 3605/4834/3298
f 3607/4838/3299 3370/4522/3299 3368/4519/3299 3367/4518/3299
f 3607/4838/3300 3367/4518/3300 335/390/3300 341/389/3300
f 3608/4839/3301 3609/4840/3301 3610/4841/3301 3611/4842/3301
f 3608/4839/3302 3611/4842/3302 3606/4835/3302 3605/4834/3302
f 3608/4839/3303 341/389/3303 340/388/3303 3609/4840/3303
f 3611/4842/3304 3610/4841/3304 3612/4843/3304 3613/4844/3304
f 3611/4842/3305 3613/4844/3305 3614/4845/3305 3606/4835/3305
f 3614/4845/3306 3613/4844/3306 3615/4846/3306 3616/4847/3306
f 3614/4845/3307 3616/4847/3307 3617/4848/3307 3603/4849/3307
f 3614/4845/3308 3603/4849/3308 3602/4836/3308 3606/4835/3308
f 3617/4848/3309 3616/4847/3309 3618/4850/3309 3619/4851/3309
f 3617/4852/3310 3619/4853/3310 3620/4854/3310 3599/4827/3310
f 3617/4852/3311 3599/4827/3311 3598/4826/3311 3603/4831/3311
f 3620/4854/3312 3619/4853/3312 3621/4855/3312 3622/4856/3312
f 3620/4854/3313 3622/4856/3313 3623/4857/3313 3595/4823/3313
f 3620/4854/3314 3595/4823/3314 3594/4822/3314 3599/4827/3314
f 3623/4857/3315 3622/4856/3315 3624/4858/3315 3625/4859/3315
f 3623/4857/3316 3625/4859/3316 3626/4860/3316 3591/4819/3316
f 3623/4857/3317 3591/4819/3317 3590/4818/3317 3595/4823/3317
f 3626/4860/3318 3625/4859/3318 3627/4861/3318 3628/4862/3318
f 3626/4863/3319 3628/4864/3319 3629/4865/3319 3587/4866/3319
f 3626/4860/3320 3587/4815/3320 3586/4814/3320 3591/4819/3320
f 3629/4865/3321 3628/4864/3321 3630/4867/3321 3631/4868/3321
f 3629/4865/3322 3631/4868/3322 3632/4869/3322 3633/4870/3322
f 3629/4865/3323 3633/4870/3323 3588/4871/3323 3587/4866/3323
f 3633/4870/3324 3632/4869/3324 3634/4872/3324 3635/4873/3324
f 3633/4870/3325 3635/4873/3325 3580/4874/3325 3588/4871/3325
f 3635/4875/3326 3634/4876/3326 3636/4877/3326 3576/4801/3326
f 3635/4875/3327 3576/4801/3327 3575/4800/3327 3580/4808/3327
f 3636/4878/3328 3634/4872/3328 3637/4879/3328 3638/4880/3328
f 3636/4877/3329 3638/4881/3329 3639/4882/3329 3573/4883/3329
f 3636/4877/3330 3573/4883/3330 3572/4802/3330 3576/4801/3330
f 3639/4882/3331 3638/4881/3331 3640/4884/3331 3641/4885/3331
f 3639/4882/3332 3641/4885/3332 3642/4886/3332 3570/4887/3332
f 3639/4882/3333 3570/4887/3333 3569/4888/3333 3573/4883/3333
f 3642/4886/3334 3641/4885/3334 3643/4889/3334 3644/4890/3334
f 3642/4891/3335 3644/4892/3335 3645/4893/3335 3567/4894/3335
f 3642/4891/3336 3567/4894/3336 3566/4793/3336 3570/4792/3336
f 3645/4895/3337 3644/4896/3337 3646/4897/3337 3647/4898/3337
f 3645/4895/3338 3647/4898/3338 3648/4899/3338 3564/4785/3338
f 3645/4895/3339 3564/4785/3339 3563/4784/3339 3567/4788/3339
f 3648/4899/3340 3647/4898/3340 3649/4900/3340 3650/4901/3340
f 3648/4899/3341 3650/4901/3341 3651/4902/3341 3561/4782/3341
f 3648/4899/3342 3561/4782/3342 3560/4781/3342 3564/4785/3342
f 3651/4902/3343 3650/4901/3343 3652/4903/3343 3653/4904/3343
f 3651/4902/3344 3653/4904/3344 3654/4905/3344 3558/4779/3344
f 3651/4902/3345 3558/4779/3345 3557/4778/3345 3561/4782/3345
f 3654/4905/3346 3653/4904/3346 3655/4906/3346 3656/4907/3346
f 3654/4905/3347 3656/4907/3347 3657/4908/3347 3555/4776/3347
f 3654/4905/3348 3555/4776/3348 3554/4775/3348 3558/4779/3348
f 3657/4908/3349 3656/4907/3349 3658/4909/3349 3659/4910/3349
f 3657/4908/3350 3659/4910/3350 3660/4911/3350 3552/4773/3350
f 3657/4908/3351 3552/4773/3351 3551/4772/3351 3555/4776/3351
f 3660/4911/3352 3659/4910/3352 3661/4912/3352 3662/4913/3352
f 3660/4911/3353 3662/4913/3353 3663/4914/3353 3549/4770/3353
f 3660/4911/3354 3549/4770/3354 3548/4769/3354 3552/4773/3354
f 3663/4914/3355 3662/4913/3355 3664/4915/3355 3665/4916/3355
f 3663/4914/3356 3665/4916/3356 3666/4917/3356 3546/4765/3356
f 3663/4914/3357 3546/4765/3357 3545/4764/3357 3549/4770/3357
f 3666/4917/3358 3665/4916/3358 3100/4182/3358 3098/4180/3358
f 3666/4917/3359 3098/4180/3359 3096/4179/3359 3543/4918/3359
f 3666/4917/3360 3543/4918/3360 3542/4766/3360 3546/4765/3360
f 3665/4916/3361 3664/4915/3361 3102/4184/3361 3100/4182/3361
f 3664/4915/3362 3667/4919/3362 3104/4186/3362 3102/4184/3362
f 3664/4915/3363 3662/4913/3363 3661/4912/3363 3667/4919/3363
f 3667/4919/3364 3661/4912/3364 3668/4920/3364 3669/4921/3364
f 3667/4919/3365 3669/4921/3365 3106/4188/3365 3104/4186/3365
f 3669/4921/3366 3668/4920/3366 3670/4922/3366 3671/4923/3366
f 3669/4921/3367 3671/4923/3367 3108/4190/3367 3106/4188/3367
f 3671/4923/3368 3670/4922/3368 3672/4924/3368 3113/4195/3368
f 3671/4923/3369 3113/4195/3369 3110/4192/3369 3108/4190/3369
f 3672/4924/3370 3116/4200/3370 3114/4196/3370 3113/4195/3370
f 3672/4924/3371 3670/4922/3371 3673/4925/3371 3674/4926/3371
f 3672/4924/3372 3674/4926/3372 3675/4927/3372 3116/4200/3372
f 3675/4927/3373 3120/4928/3373 3117/4201/3373 3116/4200/3373
f 3675/4927/3374 3674/4926/3374 3676/4929/3374 3677/4930/3374
f 3675/4927/3375 3677/4930/3375 3678/4931/3375 3120/4928/3375
f 3678/4932/3376 3125/4210/3376 3121/4206/3376 3120/4205/3376
f 3678/4931/3377 3677/4930/3377 3679/4933/3377 3680/4934/3377
f 3678/4932/3378 3680/4935/3378 3681/4936/3378 3125/4210/3378
f 3681/4936/3379 3130/4217/3379 3126/4211/3379 3125/4210/3379
f 3681/4936/3380 3680/4935/3380 3682/4937/3380 3683/4938/3380
f 3681/4936/3381 3683/4938/3381 3684/4939/3381 3130/4217/3381
f 3684/4939/3382 3135/4940/3382 3131/4218/3382 3130/4217/3382
f 3684/4939/3383 3683/4938/3383 3685/4941/3383 3686/4942/3383
f 3684/4939/3384 3686/4942/3384 3687/4943/3384 3135/4940/3384
f 3687/4944/3385 3140/4228/3385 3136/4224/3385 3135/4223/3385
f 3687/4943/3386 3686/4942/3386 3688/4945/3386 3689/4946/3386
f 3687/4947/3387 3689/4948/3387 3690/4949/3387 3140/4950/3387
f 3690/4949/3388 3145/4236/3388 3141/4235/3388 3140/4950/3388
f 3690/4949/3389 3689/4948/3389 3691/4951/3389 3692/4952/3389
f 3690/4949/3390 3692/4952/3390 3693/4953/3390 3145/4236/3390
f 3693/4953/3391 3150/4241/3391 3146/4237/3391 3145/4236/3391
f 3693/4953/3392 3692/4952/3392 3694/4954/3392 3695/4955/3392
f 3693/4953/3393 3695/4955/3393 3696/4956/3393 3150/4241/3393
f 3696/4956/3394 3155/4246/3394 3151/4242/3394 3150/4241/3394
f 3696/4956/3395 3695/4955/3395 3631/4868/3395 3630/4867/3395
f 3696/4956/3396 3630/4867/3396 3697/4957/3396 3155/4246/3396
f 3697/4957/3397 3160/4251/3397 3156/4247/3397 3155/4246/3397
f 3697/4957/3398 3630/4867/3398 3628/4864/3398 3627/4958/3398
f 3697/4957/3399 3627/4958/3399 3698/4959/3399 3160/4251/3399
f 3698/4959/3400 3165/4256/3400 3161/4252/3400 3160/4251/3400
f 3698/4960/3401 3627/4861/3401 3625/4859/3401 3624/4858/3401
f 3698/4959/3402 3624/4961/3402 3699/4962/3402 3165/4256/3402
f 3699/4962/3403 3170/4261/3403 3166/4257/3403 3165/4256/3403
f 3699/4963/3404 3624/4858/3404 3622/4856/3404 3621/4855/3404
f 3699/4962/3405 3621/4964/3405 3700/4965/3405 3170/4261/3405
f 3700/4965/3406 3175/4268/3406 3171/4262/3406 3170/4261/3406
f 3700/4965/3407 3621/4964/3407 3619/4851/3407 3618/4850/3407
f 3700/4965/3408 3618/4850/3408 3701/4966/3408 3175/4268/3408
f 3701/4967/3409 3180/4274/3409 3176/4270/3409 3175/4968/3409
f 3701/4966/3410 3618/4850/3410 3616/4847/3410 3615/4846/3410
f 3701/4967/3411 3615/4969/3411 3702/4970/3411 3180/4274/3411
f 3702/4970/3412 3185/4279/3412 3181/4275/3412 3180/4274/3412
f 3702/4970/3413 3615/4969/3413 3613/4971/3413 3612/4972/3413
f 3702/4970/3414 3612/4972/3414 3703/4973/3414 3185/4279/3414
f 3703/4973/3415 3190/4284/3415 3186/4280/3415 3185/4279/3415
f 3703/4973/3416 3612/4972/3416 3610/4974/3416 3704/4975/3416
f 3703/4973/3417 3704/4975/3417 3705/4976/3417 3190/4284/3417
f 3705/4976/3418 3195/4289/3418 3191/4285/3418 3190/4284/3418
f 3705/4976/3419 3704/4975/3419 3706/4977/3419 3707/4978/3419
f 3705/4976/3420 3707/4978/3420 3708/4979/3420 3195/4289/3420
f 3708/4979/3421 3200/4294/3421 3196/4290/3421 3195/4289/3421
f 3708/4979/3422 3707/4978/3422 3211/4308/3422 3209/4305/3422
f 3708/4979/3423 3209/4305/3423 3206/4300/3423 3200/4294/3423
f 3707/4978/3424 3706/4977/3424 339/385/3424 3211/4308/3424
f 3706/4977/3425 3704/4975/3425 3610/4974/3425 3609/4980/3425
f 3706/4977/3426 3609/4980/3426 340/386/3426 339/385/3426
f 3695/4955/3427 3694/4954/3427 3632/4869/3427 3631/4868/3427
f 3694/4954/3428 3692/4952/3428 3691/4951/3428 3637/4879/3428
f 3694/4954/3429 3637/4879/3429 3634/4872/3429 3632/4869/3429
f 3691/4981/3430 3689/4946/3430 3688/4945/3430 3640/4884/3430
f 3691/4951/3431 3640/4982/3431 3638/4880/3431 3637/4879/3431
f 3688/4945/3432 3686/4942/3432 3685/4941/3432 3643/4889/3432
f 3688/4945/3433 3643/4889/3433 3641/4885/3433 3640/4884/3433
f 3685/4941/3434 3683/4938/3434 3682/4937/3434 3646/4983/3434
f 3685/4941/3435 3646/4983/3435 3644/4890/3435 3643/4889/3435
f 3682/4984/3436 3680/4934/3436 3679/4933/3436 3649/4900/3436
f 3682/4984/3437 3649/4900/3437 3647/4898/3437 3646/4897/3437
f 3679/4933/3438 3677/4930/3438 3676/4929/3438 3652/4903/3438
f 3679/4933/3439 3652/4903/3439 3650/4901/3439 3649/4900/3439
f 3676/4929/3440 3674/4926/3440 3673/4925/3440 3655/4906/3440
f 3676/4929/3441 3655/4906/3441 3653/4904/3441 3652/4903/3441
f 3673/4925/3442 3670/4922/3442 3668/4920/3442 3658/4909/3442
f 3673/4925/3443 3658/4909/3443 3656/4907/3443 3655/4906/3443
f 3668/4920/3444 3661/4912/3444 3659/4910/3444 3658/4909/3444
f 3600/4828/3445 3378/4535/3445 3375/4531/3445 3374/4530/3445
f 3596/4824/3446 3381/4538/3446 3379/4536/3446 3378/4535/3446
f 3592/4820/3447 3384/4541/3447 3382/4539/3447 3381/4538/3447
f 3582/4810/3448 3581/4809/3448 3388/4545/3448 3386/4543/3448
f 3581/4809/3449 3577/4805/3449 3503/4804/3449 3502/4985/3449
f 3581/4809/3450 3502/4985/3450 3390/4547/3450 3388/4545/3450
f 3543/4761/3451 3096/4176/3451 3094/4173/3451 3093/4172/3451
f 3463/4647/3452 3085/4162/3452 3083/4160/3452 3460/4644/3452
f 3367/4986/3453 3365/4513/3453 336/381/3453 335/380/3453
f 3363/4512/3454 3362/4987/3454 337/382/3454 336/381/3454
f 3362/4987/3455 324/364/3455 323/363/3455 337/382/3455
f 3362/4987/3456 3360/4988/3456 3709/4989/3456 324/364/3456
f 3709/4989/3457 3710/4990/3457 319/359/3457 324/364/3457
f 3709/4991/3458 3360/4506/3458 3358/4504/3458 3357/4503/3458
f 3709/4991/3459 3357/4503/3459 3711/4992/3459 3710/4993/3459
f 3711/4994/3460 3712/4995/3460 3713/4996/3460 3710/4990/3460
f 3711/4997/3461 3357/4998/3461 3355/4500/3461 3354/4499/3461
f 3711/4997/3462 3354/4499/3462 3714/4999/3462 3712/5000/3462
f 3714/4999/3463 3229/4330/3463 3715/5001/3463 3712/5000/3463
f 3714/4999/3464 3354/4499/3464 3352/4495/3464 3716/5002/3464
f 3714/4999/3465 3716/5002/3465 3230/4331/3465 3229/4330/3465
f 3716/5002/3466 3352/4495/3466 3351/4494/3466 3717/5003/3466
f 3716/5002/3467 3717/5003/3467 3231/4332/3467 3230/4331/3467
f 3717/5003/3468 3351/4494/3468 268/281/3468 267/280/3468
f 3717/5003/3469 267/280/3469 266/279/3469 3231/4332/3469
f 3715/5004/3470 3222/4320/3470 3219/4317/3470 3218/4316/3470
f 3715/5004/3471 3218/4316/3471 3713/4996/3471 3712/4995/3471
f 3715/5004/3472 3229/5005/3472 3227/4326/3472 3222/4320/3472
f 3713/4996/3473 3218/4316/3473 3216/4314/3473 320/360/3473
f 3713/4996/3474 320/360/3474 319/359/3474 3710/4990/3474
f 3349/4490/3475 248/5006/3475 269/282/3475 268/281/3475
f 3266/4384/3476 3259/4383/3476 3255/4365/3476 3254/4364/3476
f 3263/4374/3477 3262/4373/3477 1893/5007/3477 1891/2442/3477
f 3262/4378/3478 1898/2456/3478 1895/2451/3478 1893/2448/3478
f 3253/4362/3479 289/4582/3479 288/5008/3479 3248/4363/3479
f 3242/4346/3480 3241/4345/3480 241/237/3480 240/236/3480
f 3241/4344/3481 3240/4343/3481 242/240/3481 241/239/3481
f 3240/4343/3482 3238/4342/3482 3237/5009/3482 3718/5010/3482
f 3240/4343/3483 3718/5010/3483 3719/5011/3483 242/240/3483
f 3719/5012/3484 3718/5013/3484 273/5014/3484 272/5015/3484
f 3719/5012/3485 272/5015/3485 238/232/3485 235/227/3485
f 3719/5012/3486 235/227/3486 234/226/3486 242/5016/3486
f 3718/5017/3487 3237/4338/3487 262/275/3487 273/287/3487
f 3237/4338/3488 3234/4335/3488 263/276/3488 262/275/3488
f 3221/4319/3489 326/367/3489 344/395/3489 343/394/3489
f 3216/4314/3490 3214/4312/3490 321/361/3490 320/360/3490
f 3214/4312/3491 342/391/3491 322/362/3491 321/361/3491
f 3212/4309/3492 3211/4308/3492 339/385/3492 338/384/3492
f 3124/4209/3493 3073/4148/3493 3072/4147/3493 3119/4204/3493
f 2938/3964/3494 2935/3961/3494 2933/3959/3494 2932/3958/3494
f 2897/3909/3495 2583/3446/3495 479/570/3495 478/569/3495
f 2897/3909/3496 478/569/3496 468/552/3496 2893/3903/3496
f 2897/3909/3497 2586/3449/3497 2584/3447/3497 2583/3446/3497
f 2879/3878/3498 2878/3877/3498 2628/3517/3498 2627/3516/3498
f 2878/3875/3499 2871/3867/3499 2629/3870/3499 2628/5018/3499
f 2728/3665/3500 2632/3524/3500 2630/3521/3500 2629/3520/3500
f 2724/3655/3501 454/534/3501 453/533/3501 2719/3650/3501
f 2583/3446/3502 2579/3445/3502 2578/5019/3502 479/570/3502
f 2578/5019/3503 2577/3607/3503 473/560/3503 479/570/3503
f 2554/3401/3504 2553/3400/3504 2523/3362/3504 2521/3360/3504
f 2553/3400/3505 2549/3394/3505 2531/3370/3505 2529/3368/3505
f 2553/3400/3506 2529/3368/3506 2525/3364/3506 2523/3362/3506
f 2502/3338/3507 2376/3138/3507 2374/3136/3507 2373/3135/3507
f 2500/3337/3508 2485/5020/3508 2377/3139/3508 2376/3138/3508
f 2321/3051/3509 2319/3049/3509 398/462/3509 384/445/3509
f 2316/3046/3510 2314/3043/3510 52/461/3510 398/462/3510
f 2309/3036/3511 2301/3026/3511 2299/3024/3511 2298/3023/3511
f 2304/3034/3512 374/434/3512 313/345/3512 312/344/3512
f 2242/2941/3513 1986/2592/3513 1984/2590/3513 1983/2589/3513
f 2242/2941/3514 1983/2589/3514 255/267/3514 260/271/3514
f 2238/2936/3515 1995/2601/3515 1993/2599/3515 1992/2598/3515
f 2238/2933/3516 2236/2929/3516 3720/5021/3516 1995/5022/3516
f 3720/5023/3517 1998/2604/3517 1996/2602/3517 1995/2601/3517
f 3720/5021/3518 2236/2929/3518 2235/2928/3518 3721/5024/3518
f 3720/5021/3519 3721/5024/3519 3722/5025/3519 1998/5026/3519
f 3722/5025/3520 2001/2609/3520 1999/2608/3520 1998/5026/3520
f 3722/5025/3521 3721/5024/3521 3723/5027/3521 3724/5028/3521
f 3722/5025/3522 3724/5028/3522 3725/5029/3522 2001/2609/3522
f 3725/5029/3523 2004/2613/3523 2002/2610/3523 2001/2609/3523
f 3725/5030/3524 3724/5031/3524 3726/5032/3524 3727/5033/3524
f 3725/5029/3525 3727/5034/3525 3728/5035/3525 2004/2613/3525
f 3728/5035/3526 2007/2616/3526 2005/2614/3526 2004/2613/3526
f 3728/5036/3527 3727/5037/3527 3729/5038/3527 3730/5039/3527
f 3728/5036/3528 3730/5039/3528 3731/5040/3528 2007/5041/3528
f 3731/5040/3529 2010/5042/3529 2008/5043/3529 2007/5041/3529
f 3731/5040/3530 3730/5039/3530 3732/5044/3530 3733/5045/3530
f 3731/5040/3531 3733/5045/3531 3734/5046/3531 2010/5042/3531
f 3734/5047/3532 2013/2625/3532 2011/2623/3532 2010/2622/3532
f 3734/5048/3533 3733/5049/3533 3735/5050/3533 3736/5051/3533
f 3734/5048/3534 3736/5051/3534 3737/5052/3534 2013/5053/3534
f 3737/5054/3535 2016/2628/3535 2014/2626/3535 2013/2625/3535
f 3737/5052/3536 3736/5051/3536 3738/5055/3536 3739/5056/3536
f 3737/5054/3537 3739/5057/3537 3740/5058/3537 2016/2628/3537
f 3740/5058/3538 2019/2631/3538 2017/2629/3538 2016/2628/3538
f 3740/5058/3539 3739/5057/3539 3741/5059/3539 3742/5060/3539
f 3740/5058/3540 3742/5060/3540 3743/5061/3540 2019/2631/3540
f 3743/5061/3541 2022/2634/3541 2020/2632/3541 2019/2631/3541
f 3743/5061/3542 3742/5060/3542 3744/5062/3542 3745/5063/3542
f 3743/5061/3543 3745/5063/3543 3746/5064/3543 2022/2634/3543
f 3746/5064/3544 2025/2637/3544 2023/2635/3544 2022/2634/3544
f 3746/5064/3545 3745/5063/3545 3747/5065/3545 3748/5066/3545
f 3746/5064/3546 3748/5066/3546 3749/5067/3546 2025/2637/3546
f 3749/5067/3547 2028/2640/3547 2026/2638/3547 2025/2637/3547
f 3749/5067/3548 3748/5066/3548 3750/5068/3548 3751/5069/3548
f 3749/5067/3549 3751/5069/3549 3752/5070/3549 2028/2640/3549
f 3752/5070/3550 2031/2643/3550 2029/2641/3550 2028/2640/3550
f 3752/5070/3551 3751/5069/3551 3753/5071/3551 3754/5072/3551
f 3752/5070/3552 3754/5072/3552 3755/5073/3552 2031/2643/3552
f 3755/5073/3553 2034/2646/3553 2032/2644/3553 2031/2643/3553
f 3755/5074/3554 3754/5075/3554 3756/5076/3554 3757/5077/3554
f 3755/5074/3555 3757/5077/3555 3758/5078/3555 2034/5079/3555
f 3758/5078/3556 2037/2651/3556 2035/2650/3556 2034/5079/3556
f 3758/5078/3557 3757/5077/3557 3759/5080/3557 3760/5081/3557
f 3758/5078/3558 3760/5081/3558 3761/5082/3558 2037/2651/3558
f 3761/5082/3559 2040/2655/3559 2038/2652/3559 2037/2651/3559
f 3761/5082/3560 3760/5081/3560 3762/5083/3560 3763/5084/3560
f 3761/5082/3561 3763/5084/3561 3764/5085/3561 2040/2655/3561
f 3764/5085/3562 2043/2658/3562 2041/2656/3562 2040/2655/3562
f 3764/5086/3563 3763/5087/3563 3765/5088/3563 3766/5089/3563
f 3764/5086/3564 3766/5089/3564 3767/5090/3564 2043/5091/3564
f 3767/5090/3565 2046/2663/3565 2044/2662/3565 2043/5091/3565
f 3767/5090/3566 3766/5089/3566 3768/5092/3566 3769/5093/3566
f 3767/5090/3567 3769/5093/3567 3770/5094/3567 2046/2663/3567
f 3770/5094/3568 2049/2667/3568 2047/2664/3568 2046/2663/3568
f 3770/5094/3569 3769/5093/3569 3771/5095/3569 3772/5096/3569
f 3770/5094/3570 3772/5096/3570 3773/5097/3570 2049/2667/3570
f 3773/5097/3571 2052/2670/3571 2050/2668/3571 2049/2667/3571
f 3773/5097/3572 3772/5096/3572 3774/5098/3572 3775/5099/3572
f 3773/5097/3573 3775/5099/3573 3776/5100/3573 2052/2670/3573
f 3776/5100/3574 2055/2674/3574 2053/2671/3574 2052/2670/3574
f 3776/5100/3575 3775/5099/3575 3777/5101/3575 3778/5102/3575
f 3776/5100/3576 3778/5102/3576 3779/5103/3576 2055/2674/3576
f 3779/5103/3577 2058/2678/3577 2056/2675/3577 2055/2674/3577
f 3779/5103/3578 3778/5102/3578 3780/5104/3578 3781/5105/3578
f 3779/5103/3579 3781/5105/3579 3782/5106/3579 2058/2678/3579
f 3782/5106/3580 2061/2683/3580 2059/2679/3580 2058/2678/3580
f 3782/5106/3581 3781/5105/3581 3783/5107/3581 3784/5108/3581
f 3782/5106/3582 3784/5108/3582 3785/5109/3582 2061/2683/3582
f 3785/5109/3583 2064/5110/3583 2062/2684/3583 2061/2683/3583
f 3785/5109/3584 3784/5108/3584 3786/5111/3584 3787/5112/3584
f 3785/5109/3585 3787/5112/3585 3788/5113/3585 2064/5110/3585
f 3788/5114/3586 2067/2690/3586 2065/2688/3586 2064/2687/3586
f 3788/5113/3587 3787/5112/3587 3789/5115/3587 3790/5116/3587
f 3788/5114/3588 3790/5117/3588 3791/5118/3588 2067/2690/3588
f 3791/5118/3589 2070/2693/3589 2068/2691/3589 2067/2690/3589
f 3791/5119/3590 3790/5120/3590 3792/5121/3590 3793/5122/3590
f 3791/5119/3591 3793/5122/3591 3794/5123/3591 2070/5124/3591
f 3794/5123/3592 2073/2698/3592 2071/2697/3592 2070/5124/3592
f 3794/5123/3593 3793/5122/3593 3795/5125/3593 3796/5126/3593
f 3794/5123/3594 3796/5126/3594 3797/5127/3594 2073/2698/3594
f 3797/5127/3595 2076/2702/3595 2074/2699/3595 2073/2698/3595
f 3797/5127/3596 3796/5126/3596 3798/5128/3596 3799/5129/3596
f 3797/5130/3597 3799/5131/3597 3800/5132/3597 2076/5133/3597
f 3800/5132/3598 2079/2707/3598 2077/2706/3598 2076/5133/3598
f 3800/5132/3599 3799/5131/3599 3801/5134/3599 3802/5135/3599
f 3800/5132/3600 3802/5135/3600 3803/5136/3600 2079/2707/3600
f 3803/5136/3601 2082/2712/3601 2080/2708/3601 2079/2707/3601
f 3803/5136/3602 3802/5135/3602 3804/5137/3602 3805/5138/3602
f 3803/5136/3603 3805/5138/3603 2084/2715/3603 2082/2712/3603
f 3805/5138/3604 3804/5137/3604 3806/5139/3604 3807/5140/3604
f 3805/5138/3605 3807/5140/3605 2086/2719/3605 2084/2715/3605
f 3807/5140/3606 3806/5139/3606 3808/5141/3606 3809/5142/3606
f 3807/5140/3607 3809/5142/3607 3810/5143/3607 2086/2719/3607
f 3810/5144/3608 2089/2724/3608 2087/2723/3608 2086/5145/3608
f 3810/5143/3609 3809/5142/3609 3811/5146/3609 3812/5147/3609
f 3810/5144/3610 3812/5148/3610 2091/2726/3610 2089/2724/3610
f 3812/5147/3611 3811/5146/3611 3813/5149/3611 3814/5150/3611
f 3812/5148/3612 3814/5151/3612 2093/2728/3612 2091/2726/3612
f 3814/5150/3613 3813/5149/3613 3815/5152/3613 3816/5153/3613
f 3814/5151/3614 3816/5154/3614 2095/2730/3614 2093/2728/3614
f 3816/5153/3615 3815/5152/3615 3817/5155/3615 3818/5156/3615
f 3816/5157/3616 3818/5158/3616 2097/2735/3616 2095/2734/3616
f 3818/5158/3617 3817/5159/3617 2132/2782/3617 3819/5160/3617
f 3818/5158/3618 3819/5160/3618 3820/5161/3618 2097/2735/3618
f 3820/5161/3619 2100/2738/3619 2098/2736/3619 2097/2735/3619
f 3820/5161/3620 3819/5160/3620 2129/5162/3620 3821/5163/3620
f 3820/5161/3621 3821/5163/3621 3822/5164/3621 2100/2738/3621
f 3822/5164/3622 2103/5165/3622 2101/2739/3622 2100/2738/3622
f 3822/5166/3623 3821/5167/3623 2126/2772/3623 3823/5168/3623
f 3822/5166/3624 3823/5168/3624 3824/5169/3624 2103/2743/3624
f 3824/5169/3625 2106/2747/3625 2104/2744/3625 2103/2743/3625
f 3824/5169/3626 3823/5168/3626 2123/2768/3626 3825/5170/3626
f 3824/5169/3627 3825/5170/3627 2110/2751/3627 2106/2747/3627
f 3825/5170/3628 2123/2768/3628 2121/2763/3628 2120/2762/3628
f 3825/5170/3629 2120/2762/3629 2111/2752/3629 2110/2751/3629
f 3823/5168/3630 2126/2772/3630 2124/2769/3630 2123/2768/3630
f 3821/5167/3631 2129/2777/3631 2127/2773/3631 2126/2772/3631
f 3819/5160/3632 2132/2782/3632 2130/2781/3632 2129/5162/3632
f 3817/5155/3633 3815/5152/3633 3826/5171/3633 2135/2788/3633
f 3817/5155/3634 2135/2788/3634 2133/2787/3634 2132/5172/3634
f 3826/5171/3635 3815/5152/3635 3813/5149/3635 3827/5173/3635
f 3826/5171/3636 3827/5173/3636 3828/5174/3636 2138/2792/3636
f 3826/5171/3637 2138/2792/3637 2136/2789/3637 2135/2788/3637
f 3828/5174/3638 3827/5173/3638 3829/5175/3638 3830/5176/3638
f 3828/5174/3639 3830/5176/3639 3831/5177/3639 2141/2795/3639
f 3828/5174/3640 2141/2795/3640 2139/2793/3640 2138/2792/3640
f 3831/5177/3641 3830/5176/3641 3832/5178/3641 3833/5179/3641
f 3831/5177/3642 3833/5179/3642 3834/5180/3642 2144/2798/3642
f 3831/5177/3643 2144/2798/3643 2142/2796/3643 2141/2795/3643
f 3834/5180/3644 3833/5179/3644 3835/5181/3644 3836/5182/3644
f 3834/5180/3645 3836/5182/3645 3837/5183/3645 2147/2801/3645
f 3834/5180/3646 2147/2801/3646 2145/2799/3646 2144/2798/3646
f 3837/5183/3647 3836/5182/3647 3838/5184/3647 3839/5185/3647
f 3837/5183/3648 3839/5185/3648 3840/5186/3648 2150/2804/3648
f 3837/5183/3649 2150/2804/3649 2148/2802/3649 2147/2801/3649
f 3840/5186/3650 3839/5185/3650 3841/5187/3650 3842/5188/3650
f 3840/5186/3651 3842/5188/3651 3843/5189/3651 2153/2807/3651
f 3840/5186/3652 2153/2807/3652 2151/2805/3652 2150/2804/3652
f 3843/5189/3653 3842/5188/3653 3844/5190/3653 3845/5191/3653
f 3843/5189/3654 3845/5191/3654 2158/2812/3654 2156/2810/3654
f 3843/5189/3655 2156/2810/3655 2154/2808/3655 2153/2807/3655
f 3845/5192/3656 3844/5193/3656 3846/5194/3656 3847/5195/3656
f 3845/5192/3657 3847/5195/3657 2160/2816/3657 2158/2815/3657
f 3847/5195/3658 3846/5194/3658 3848/5196/3658 3849/5197/3658
f 3847/5195/3659 3849/5197/3659 2162/2818/3659 2160/2816/3659
f 3849/5197/3660 3848/5196/3660 3789/5198/3660 3850/5199/3660
f 3849/5197/3661 3850/5199/3661 3851/5200/3661 2162/2818/3661
f 3851/5201/3662 3850/5202/3662 3786/5111/3662 3852/5203/3662
f 3851/5201/3663 3852/5203/3663 3853/5204/3663 2165/5205/3663
f 3851/5200/3664 2165/2821/3664 2163/2819/3664 2162/2818/3664
f 3853/5204/3665 3852/5203/3665 3783/5107/3665 3854/5206/3665
f 3853/5204/3666 3854/5206/3666 3855/5207/3666 3856/5208/3666
f 3853/5204/3667 3856/5208/3667 2166/5209/3667 2165/5205/3667
f 3856/5208/3668 3855/5207/3668 3857/5210/3668 2170/2829/3668
f 3856/5208/3669 2170/2829/3669 2167/2826/3669 2166/5209/3669
f 3857/5210/3670 3855/5207/3670 3858/5211/3670 3859/5212/3670
f 3857/5210/3671 3859/5212/3671 3860/5213/3671 2173/2832/3671
f 3857/5210/3672 2173/2832/3672 2171/2830/3672 2170/2829/3672
f 3860/5213/3673 3859/5212/3673 3861/5214/3673 3862/5215/3673
f 3860/5213/3674 3862/5215/3674 3863/5216/3674 2176/2835/3674
f 3860/5213/3675 2176/2835/3675 2174/2833/3675 2173/2832/3675
f 3863/5216/3676 3862/5215/3676 3864/5217/3676 3865/5218/3676
f 3863/5216/3677 3865/5218/3677 3866/5219/3677 2179/2838/3677
f 3863/5216/3678 2179/2838/3678 2177/2836/3678 2176/2835/3678
f 3866/5219/3679 3865/5218/3679 3867/5220/3679 3868/5221/3679
f 3866/5219/3680 3868/5221/3680 3869/5222/3680 2182/2841/3680
f 3866/5219/3681 2182/2841/3681 2180/2839/3681 2179/2838/3681
f 3869/5222/3682 3868/5221/3682 3870/5223/3682 3871/5224/3682
f 3869/5222/3683 3871/5224/3683 3872/5225/3683 2185/2844/3683
f 3869/5222/3684 2185/2844/3684 2183/2842/3684 2182/2841/3684
f 3872/5225/3685 3871/5224/3685 3873/5226/3685 3874/5227/3685
f 3872/5225/3686 3874/5227/3686 2190/2849/3686 2188/2847/3686
f 3872/5225/3687 2188/2847/3687 2186/2845/3687 2185/2844/3687
f 3874/5227/3688 3873/5226/3688 3762/5228/3688 3875/5229/3688
f 3874/5227/3689 3875/5229/3689 2192/2851/3689 2190/2849/3689
f 3875/5230/3690 3762/5083/3690 3760/5081/3690 3759/5080/3690
f 3875/5230/3691 3759/5080/3691 2194/2855/3691 2192/2854/3691
f 3873/5226/3692 3765/5088/3692 3763/5087/3692 3762/5228/3692
f 3873/5226/3693 3871/5224/3693 3870/5223/3693 3765/5088/3693
f 3870/5223/3694 3768/5092/3694 3766/5089/3694 3765/5088/3694
f 3870/5223/3695 3868/5221/3695 3867/5220/3695 3768/5092/3695
f 3867/5220/3696 3771/5095/3696 3769/5093/3696 3768/5092/3696
f 3867/5220/3697 3865/5218/3697 3864/5217/3697 3771/5095/3697
f 3864/5217/3698 3774/5098/3698 3772/5096/3698 3771/5095/3698
f 3864/5217/3699 3862/5215/3699 3861/5214/3699 3774/5098/3699
f 3861/5214/3700 3777/5101/3700 3775/5099/3700 3774/5098/3700
f 3861/5214/3701 3859/5212/3701 3858/5211/3701 3777/5101/3701
f 3858/5211/3702 3780/5104/3702 3778/5102/3702 3777/5101/3702
f 3858/5211/3703 3855/5207/3703 3854/5206/3703 3780/5104/3703
f 3854/5206/3704 3783/5107/3704 3781/5105/3704 3780/5104/3704
f 3852/5203/3705 3786/5111/3705 3784/5108/3705 3783/5107/3705
f 3850/5202/3706 3789/5115/3706 3787/5112/3706 3786/5111/3706
f 3848/5196/3707 3792/5121/3707 3790/5120/3707 3789/5198/3707
f 3848/5196/3708 3846/5194/3708 3876/5231/3708 3792/5121/3708
f 3876/5231/3709 3795/5125/3709 3793/5122/3709 3792/5121/3709
f 3876/5231/3710 3846/5194/3710 3844/5193/3710 3877/5232/3710
f 3876/5231/3711 3877/5232/3711 3878/5233/3711 3795/5125/3711
f 3878/5233/3712 3798/5128/3712 3796/5126/3712 3795/5125/3712
f 3878/5234/3713 3877/5235/3713 3841/5187/3713 3879/5236/3713
f 3878/5234/3714 3879/5236/3714 3880/5237/3714 3798/5238/3714
f 3880/5237/3715 3801/5134/3715 3799/5131/3715 3798/5238/3715
f 3880/5237/3716 3879/5236/3716 3838/5184/3716 3881/5239/3716
f 3880/5237/3717 3881/5239/3717 3882/5240/3717 3801/5134/3717
f 3882/5240/3718 3804/5137/3718 3802/5135/3718 3801/5134/3718
f 3882/5240/3719 3881/5239/3719 3835/5181/3719 3883/5241/3719
f 3882/5240/3720 3883/5241/3720 3806/5139/3720 3804/5137/3720
f 3883/5241/3721 3835/5181/3721 3833/5179/3721 3832/5178/3721
f 3883/5241/3722 3832/5178/3722 3808/5141/3722 3806/5139/3722
f 3881/5239/3723 3838/5184/3723 3836/5182/3723 3835/5181/3723
f 3879/5236/3724 3841/5187/3724 3839/5185/3724 3838/5184/3724
f 3877/5235/3725 3844/5190/3725 3842/5188/3725 3841/5187/3725
f 3832/5178/3726 3830/5176/3726 3829/5175/3726 3808/5141/3726
f 3829/5175/3727 3811/5146/3727 3809/5142/3727 3808/5141/3727
f 3829/5175/3728 3827/5173/3728 3813/5149/3728 3811/5146/3728
f 3759/5080/3729 3757/5077/3729 3756/5076/3729 2194/2855/3729
f 3756/5076/3730 3754/5075/3730 3753/5242/3730 2197/2859/3730
f 3756/5076/3731 2197/2859/3731 2195/2856/3731 2194/2855/3731
f 3753/5071/3732 3751/5069/3732 3750/5068/3732 2201/5243/3732
f 3753/5242/3733 2201/2864/3733 2198/2860/3733 2197/2859/3733
f 3750/5068/3734 3748/5066/3734 3747/5065/3734 2204/5244/3734
f 3750/5068/3735 2204/5244/3735 2202/5245/3735 2201/5243/3735
f 3747/5065/3736 3745/5063/3736 3744/5062/3736 2207/2872/3736
f 3747/5065/3737 2207/2872/3737 2205/2871/3737 2204/5244/3737
f 3744/5062/3738 3742/5060/3738 3741/5059/3738 2210/5246/3738
f 3744/5062/3739 2210/5246/3739 2208/2873/3739 2207/2872/3739
f 3741/5059/3740 3739/5057/3740 3738/5247/3740 2213/2886/3740
f 3741/5248/3741 2213/5249/3741 2211/2879/3741 2210/2878/3741
f 3738/5055/3742 3736/5051/3742 3735/5050/3742 2216/5250/3742
f 3738/5247/3743 2216/5251/3743 2214/2887/3743 2213/2886/3743
f 3735/5050/3744 3733/5049/3744 3732/5252/3744 2219/2898/3744
f 3735/5050/3745 2219/2898/3745 2217/2897/3745 2216/5250/3745
f 3732/5044/3746 3730/5039/3746 3729/5038/3746 2222/5253/3746
f 3732/5252/3747 2222/2903/3747 2220/2899/3747 2219/2898/3747
f 3729/5254/3748 3727/5033/3748 3726/5032/3748 2225/2908/3748
f 3729/5254/3749 2225/2908/3749 2223/2906/3749 2222/5255/3749
f 3726/5032/3750 3724/5031/3750 3723/5256/3750 2228/2911/3750
f 3726/5032/3751 2228/2911/3751 2226/2909/3751 2225/2908/3751
f 3723/5027/3752 3721/5024/3752 2235/2928/3752 2231/5257/3752
f 3723/5256/3753 2231/2917/3753 2229/2912/3753 2228/2911/3753
f 2120/2762/3754 2116/2757/3754 2113/2754/3754 2111/2752/3754
f 1983/2589/3755 1981/2587/3755 256/268/3755 255/267/3755
f 1979/2585/3756 1978/2584/3756 257/269/3756 256/268/3756
f 1957/2553/3757 1955/2550/3757 180/2549/3757 185/5258/3757
f 1952/5259/3758 1951/3251/3758 183/147/3758 182/146/3758
f 1939/2518/3759 1937/2515/3759 173/131/3759 172/130/3759
f 1935/2511/3760 1933/2508/3760 3884/5260/3760 3885/5261/3760
f 1935/2511/3761 3885/5261/3761 174/5262/3761 173/5263/3761
f 3885/5261/3762 3884/5260/3762 3886/5264/3762 3887/5265/3762
f 3885/5261/3763 3887/5265/3763 3888/5266/3763 174/5262/3763
f 3888/5266/3764 3887/5265/3764 3889/5267/3764 3890/5268/3764
f 3888/5266/3765 3890/5268/3765 163/5269/3765 162/5270/3765
f 3888/5266/3766 162/5270/3766 166/5271/3766 174/5262/3766
f 3890/5272/3767 3889/5273/3767 3891/5274/3767 3892/5275/3767
f 3890/5272/3768 3892/5275/3768 1772/2277/3768 163/2276/3768
f 3892/5275/3769 3891/5274/3769 1780/2285/3769 1776/2281/3769
f 3892/5275/3770 1776/2281/3770 1773/2278/3770 1772/2277/3770
f 3891/5274/3771 3889/5273/3771 3893/5276/3771 3894/5277/3771
f 3891/5274/3772 3894/5277/3772 1781/2286/3772 1780/2285/3772
f 3894/5277/3773 3893/5276/3773 3895/5278/3773 3896/5279/3773
f 3894/5277/3774 3896/5279/3774 1783/2288/3774 1781/2286/3774
f 3896/5279/3775 3895/5278/3775 3897/5280/3775 88/3/3775
f 3896/5279/3776 88/3/3776 87/2/3776 1783/2288/3776
f 3897/5281/3777 3898/5282/3777 3899/5283/3777 3900/5284/3777
f 3897/5280/3778 3900/5285/3778 89/4/3778 88/3/3778
f 3897/5286/3779 3895/5287/3779 3901/5288/3779 3898/5289/3779
f 3901/5288/3780 1930/2503/3780 1928/2502/3780 3898/5289/3780
f 3901/5288/3781 3895/5287/3781 3893/5290/3781 3886/5264/3781
f 3901/5288/3782 3886/5264/3782 3884/5260/3782 1930/2503/3782
f 3900/5285/3783 3899/5291/3783 3902/5292/3783 3903/5293/3783
f 3900/5285/3784 3903/5293/3784 90/5/3784 89/4/3784
f 3903/5293/3785 3902/5292/3785 3904/5294/3785 3905/5295/3785
f 3903/5293/3786 3905/5295/3786 3906/5296/3786 90/5/3786
f 3906/5296/3787 3905/5295/3787 101/23/3787 107/31/3787
f 3906/5296/3788 107/31/3788 1787/2292/3788 1786/2291/3788
f 3906/5296/3789 1786/2291/3789 91/6/3789 90/5/3789
f 3905/5295/3790 3904/5294/3790 102/24/3790 101/23/3790
f 3904/5297/3791 1922/2490/3791 1921/5298/3791 102/5299/3791
f 3904/5297/3792 3902/5300/3792 1924/2491/3792 1922/2490/3792
f 3902/5300/3793 3899/5283/3793 1926/2494/3793 1924/2491/3793
f 3899/5283/3794 3898/5282/3794 1928/2498/3794 1926/2494/3794
f 3893/5290/3795 3889/5267/3795 3887/5265/3795 3886/5264/3795
f 3884/5260/3796 1933/2508/3796 1931/2504/3796 1930/2503/3796
f 1921/5298/3797 1920/4400/3797 103/27/3797 102/5299/3797
f 1843/2365/3798 1817/2334/3798 280/295/3798 279/294/3798
f 1817/2334/3799 1815/2329/3799 1814/2328/3799 280/295/3799
f 1789/2296/3800 1787/2295/3800 107/5301/3800 106/4418/3800
f 1768/2265/3801 1767/3133/3801 155/3132/3801 154/2267/3801
f 1765/2259/3802 1434/1840/3802 1430/1836/3802 1429/1835/3802
f 1730/2202/3803 1448/2253/3803 1444/5302/3803 1443/2254/3803
f 1692/2146/3804 1690/2144/3804 1689/2143/3804 1504/1921/3804
f 1689/2143/3805 1508/1925/3805 1505/1922/3805 1504/1921/3805
f 1689/2143/3806 1687/2141/3806 1686/2140/3806 1508/1925/3806
f 1686/2140/3807 1513/1930/3807 1509/1926/3807 1508/1925/3807
f 1686/2140/3808 1684/2138/3808 1683/2137/3808 1513/1930/3808
f 1683/2137/3809 1518/1935/3809 1514/1931/3809 1513/1930/3809
f 1683/2137/3810 1681/2135/3810 1680/2134/3810 1518/1935/3810
f 1680/2134/3811 1523/1940/3811 1519/1936/3811 1518/1935/3811
f 1680/2134/3812 1678/2132/3812 1677/2131/3812 1523/1940/3812
f 1677/2131/3813 1528/1945/3813 1524/1941/3813 1523/1940/3813
f 1677/2131/3814 1675/2128/3814 1674/2127/3814 1528/1945/3814
f 1674/2127/3815 1533/1950/3815 1529/1946/3815 1528/1945/3815
f 1674/2127/3816 1672/2126/3816 1671/5303/3816 1533/1950/3816
f 1671/5303/3817 1538/1955/3817 1534/1951/3817 1533/1950/3817
f 1671/2122/3818 1669/2119/3818 1668/2118/3818 1538/5304/3818
f 1668/2118/3819 1543/1962/3819 1539/1961/3819 1538/5304/3819
f 1668/2118/3820 1666/2117/3820 1665/5305/3820 1543/1962/3820
f 1665/5305/3821 1547/1967/3821 1544/1963/3821 1543/1962/3821
f 1665/2113/3822 1663/2111/3822 1549/1971/3822 1547/1970/3822
f 1638/5306/3823 3907/5307/3823 540/645/3823 539/644/3823
f 1638/5306/3824 539/644/3824 1634/2068/3824 1633/2067/3824
f 1638/2074/3825 564/676/3825 563/675/3825 3907/5308/3825
f 3907/5307/3826 544/650/3826 543/649/3826 540/645/3826
f 3907/5308/3827 563/675/3827 547/1342/3827 544/5309/3827
f 1559/1981/3828 421/490/3828 418/485/3828 1554/1976/3828
f 1512/1929/3829 411/477/3829 410/476/3829 1507/1924/3829
f 1442/1848/3830 302/336/3830 307/335/3830 1437/1843/3830
f 1433/1839/3831 306/334/3831 373/433/3831 363/422/3831
f 1433/1839/3832 363/422/3832 362/421/3832 1428/1834/3832
f 1433/1839/3833 1432/1838/3833 307/335/3833 306/334/3833
f 1378/1769/3834 1375/1766/3834 1373/1763/3834 1372/1762/3834
f 1326/1705/3835 1324/1703/3835 1317/1691/3835 1316/1690/3835
f 1261/1608/3836 1259/1607/3836 1258/5310/3836 1122/1413/3836
f 1258/5310/3837 1125/1418/3837 1123/1414/3837 1122/1413/3837
f 1258/1602/3838 1130/1427/3838 1127/1424/3838 1125/5311/3838
f 1223/1601/3839 1137/1436/3839 1134/1431/3839 1132/1429/3839
f 1205/1528/3840 1201/1520/3840 1184/1497/3840 1182/1493/3840
f 1162/1464/3841 1160/1462/3841 620/749/3841 619/748/3841
f 1160/1462/3842 1159/1461/3842 623/752/3842 620/749/3842
f 1159/1461/3843 616/744/3843 615/743/3843 623/752/3843
f 1151/1479/3844 594/719/3844 576/695/3844 575/694/3844
f 1085/1356/3845 561/672/3845 560/671/3845 494/1359/3845
f 1083/1352/3846 501/596/3846 500/595/3846 1057/1353/3846
f 1057/5312/3847 500/1374/3847 1052/1301/3847 1051/1300/3847
f 1042/1287/3848 483/1375/3848 482/1282/3848 1037/1281/3848
f 1016/1252/3849 513/610/3849 512/609/3849 554/5313/3849
f 785/985/3850 99/20/3850 98/5314/3850 780/986/3850
f 736/907/3851 733/904/3851 731/902/3851 730/901/3851
f 719/887/3852 717/886/3852 359/5315/3852 361/2428/3852
f 717/882/3853 716/881/3853 360/417/3853 359/416/3853
f 664/812/3854 662/810/3854 284/300/3854 283/299/3854
f 662/810/3855 660/808/3855 301/324/3855 284/300/3855
f 613/741/3856 612/740/3856 605/731/3856 602/728/3856
f 599/724/3857 598/723/3857 571/689/3857 570/688/3857
f 594/719/3858 593/718/3858 579/700/3858 576/695/3858
f 592/716/3859 589/713/3859 586/709/3859 585/708/3859
f 588/712/3860 587/711/3860 526/630/3860 525/629/3860
f 580/701/3861 535/1337/3861 532/685/3861 568/684/3861
f 554/661/3862 512/5316/3862 534/639/3862 549/656/3862
f 550/657/3863 549/656/3863 534/639/3863 533/638/3863
f 534/639/3864 512/5316/3864 69/5317/3864 528/633/3864
f 529/634/3865 528/633/3865 69/5317/3865 516/1420/3865
f 470/555/3866 469/554/3866 458/5318/3866 455/535/3866
f 464/3458/3867 449/528/3867 448/527/3867 460/5319/3867
f 439/514/3868 438/513/3868 430/5320/3868 429/3550/3868
f 406/471/3869 397/460/3869 394/457/3869 402/467/3869
f 403/468/3870 402/467/3870 394/457/3870 393/456/3870
f 389/451/3871 388/450/3871 372/431/3871 371/430/3871
f 373/433/3872 306/334/3872 38/333/3872 313/345/3872
f 272/5015/3873 271/5321/3873 3908/5322/3873 238/232/3873
f 3908/5323/3874 271/285/3874 265/278/3874 3909/5324/3874
f 3908/5323/3875 3909/5324/3875 3910/5325/3875 3911/5326/3875
f 3908/5322/3876 3911/5327/3876 236/233/3876 238/232/3876
f 3911/5328/3877 3910/5329/3877 214/5330/3877 217/5331/3877
f 3911/5332/3878 217/5333/3878 237/230/3878 236/229/3878
f 3910/5325/3879 3909/5324/3879 3912/5334/3879 3913/5335/3879
f 3910/5336/3880 3913/5337/3880 215/197/3880 214/196/3880
f 3913/5335/3881 3912/5334/3881 3914/5338/3881 3915/5339/3881
f 3913/5337/3882 3915/5340/3882 219/204/3882 215/197/3882
f 3915/5339/3883 3914/5338/3883 246/5341/3883 3916/5342/3883
f 3915/5340/3884 3916/5343/3884 220/205/3884 219/204/3884
f 3916/5344/3885 246/253/3885 230/221/3885 229/220/3885
f 3916/5344/3886 229/220/3886 221/208/3886 220/207/3886
f 3914/5338/3887 3912/5334/3887 264/277/3887 270/283/3887
f 3914/5338/3888 270/283/3888 247/5345/3888 246/5341/3888
f 3912/5334/3889 3909/5324/3889 265/278/3889 264/277/3889
f 270/283/3890 269/282/3890 248/5006/3890 247/5345/3890
f 254/5346/3891 245/5347/3891 252/261/3891 251/260/3891
f 252/262/3892 245/250/3892 232/223/3892 231/222/3892
f 244/248/3893 227/217/3893 222/216/3893 243/249/3893
f 243/245/3894 222/209/3894 221/208/3894 228/219/3894
f 226/214/3895 212/193/3895 211/192/3895 218/215/3895
f 219/204/3896 218/203/3896 211/198/3896 215/197/3896
f 209/189/3897 208/188/3897 193/5348/3897 192/167/3897
f 198/172/3898 175/132/3898 166/115/3898 165/114/3898
f 639/778/3899 3917/5349/3899 129/61/3899 128/60/3899
f 3917/5350/3900 640/5351/3900 142/82/3900 129/81/3900
f 160/102/3901 143/85/3901 148/90/3901 12/97/3901
f 13/117/3902 2371/3129/3902 2370/3128/3902 2380/3142/3902
f 2384/3147/3903 167/118/3903 13/117/3903 2380/3142/3903
f 134/67/3904 133/66/3904 119/51/3904 118/50/3904
f 124/57/3905 106/4418/3905 3/26/3905 120/53/3905
f 121/54/3906 120/53/3906 3/26/3906 105/29/3906
f 7/71/3907 130/75/3907 126/758/3907 127/5352/3907
f 11/91/3908 150/93/3908 151/5353/3908 153/95/3908
f 13/117/3909 154/2267/3909 155/3132/3909 2371/3129/3909
f 638/5354/3910 640/5355/3910 3917/5356/3910 639/5357/3910
f 631/762/3911 634/765/3911 635/5358/3911
f 624/5359/3912 86/5360/3912 626/5361/3912
f 127/5352/3913 126/758/3913 627/757/3913 631/762/3913
f 627/757/3914 630/761/3914 645/793/3914 631/762/3914
f 645/793/3915 632/763/3915 631/762/3915
f 551/658/3916 564/676/3916 565/2077/3916 552/659/3916
