# Blender 4.4.0
# www.blender.org
mtllib Meshy_AI_Stylized_low_poly_str_0519051338_texture.mtl
o Meshy_AI_Stylized_low_poly_str_0519051338_texture
v 0.215528 0.733749 0.214863
v 0.212458 0.708115 0.214656
v 0.107860 0.765975 0.101903
v 0.165788 0.704176 0.157372
v 0.046675 0.830268 0.050089
v 0.049399 0.842788 0.054369
v -0.102943 0.766247 0.106234
v -0.214924 0.733709 0.215254
v -0.000531 0.857785 0.049499
v 0.046563 0.862442 -0.003063
v -0.213439 0.708182 0.213538
v -0.160221 0.702866 0.161312
v -0.005655 0.882639 0.033855
v 0.051323 0.834884 -0.046585
v 0.033465 0.883313 -0.002023
v -0.042758 0.851555 0.053169
v 0.055031 0.843004 -0.050552
v -0.055502 0.846687 0.047738
v -0.001522 0.948720 0.020361
v 0.012213 0.954461 0.006012
v -0.002241 0.881747 -0.034395
v 0.106080 0.766398 -0.101539
v -0.044550 0.865611 0.004480
v -0.036372 0.878533 -0.004830
v 0.001396 0.862105 -0.046781
v 0.018822 0.942954 -0.017283
v -0.023357 0.944520 -0.002814
v -0.084308 0.769012 -0.098034
v 0.061615 0.361618 0.060824
v 0.215394 0.734197 -0.214797
v -0.101693 0.362716 0.101651
v 0.215198 0.709415 -0.214027
v -0.055435 0.357658 0.052570
v 0.056406 0.358874 -0.054833
v -0.168282 0.704301 -0.157956
v -0.214223 0.732708 -0.214600
v 0.099418 0.363686 -0.105241
v -0.215257 0.709268 -0.214037
v -0.047900 0.357265 -0.056097
v -0.102445 0.362881 -0.101422
v 0.073264 -0.909986 -0.046549
v -0.061791 -0.913115 -0.075607
v -0.073434 -0.912636 -0.057360
v 0.071551 -0.911068 0.053204
v -0.074095 -0.914885 -0.088603
v 0.092106 -0.917304 -0.092800
v -0.049168 -0.908711 0.069060
v -0.092990 -0.918309 -0.092615
v 0.091805 -0.950777 -0.092146
v 0.092045 -0.916639 0.091368
v -0.091318 -0.951281 -0.091940
v -0.092439 -0.917040 0.091849
v 0.092216 -0.950947 0.091547
v -0.091682 -0.951407 0.092588
v 0.211993 0.734990 0.215053
v 0.211566 0.730079 0.216458
v 0.215252 0.729318 0.213250
v 0.217152 0.734599 0.208158
v 0.212836 0.737010 0.208491
v 0.218481 0.729118 0.207502
v 0.213331 0.711604 0.215905
v 0.204706 0.708508 0.218171
v 0.204127 0.705699 0.213812
v 0.203521 0.705187 0.208902
v 0.211302 0.706515 0.209782
v 0.215743 0.710780 0.210840
v 0.090910 0.772214 0.085907
v 0.080619 0.770993 0.094265
v 0.098748 0.758640 0.135977
v 0.150623 0.754391 0.146940
v 0.138239 0.758042 0.090555
v 0.097359 0.769493 0.073383
v 0.156356 0.702303 0.161596
v 0.153517 0.696607 0.158616
v 0.158824 0.697056 0.153575
v 0.161511 0.701714 0.138745
v 0.169222 0.704636 0.137534
v 0.181619 0.704884 0.179546
v 0.165320 0.704853 0.176445
v 0.029556 0.827378 0.053995
v 0.034034 0.818738 0.059468
v 0.049608 0.821780 0.055792
v 0.056013 0.821512 0.049211
v 0.052280 0.829336 0.043380
v 0.045168 0.836034 0.053157
v 0.028131 0.833185 0.052064
v 0.052482 0.837055 0.046645
v 0.052184 0.840251 0.051629
v 0.052893 0.834950 0.041059
v 0.055625 0.846459 0.049909
v 0.050128 0.847342 0.054087
v 0.043557 0.840673 0.055389
v 0.042043 0.844920 0.055731
v -0.084717 0.774341 0.088422
v -0.093793 0.771175 0.081607
v -0.140037 0.757563 0.100353
v -0.150023 0.754045 0.151342
v -0.094139 0.758225 0.137550
v -0.076172 0.771698 0.093081
v -0.214918 0.730102 0.215407
v -0.210175 0.730462 0.217808
v -0.210672 0.734327 0.216176
v -0.211230 0.736493 0.211932
v -0.215872 0.734628 0.211437
v -0.217297 0.730434 0.210986
v -0.001854 0.852192 0.052842
v 0.022401 0.853220 0.052373
v 0.018040 0.859195 0.048619
v 0.006660 0.868616 0.042637
v -0.012402 0.862783 0.046343
v -0.022952 0.854869 0.051351
v 0.051278 0.854972 0.000608
v 0.050390 0.856390 -0.022155
v 0.044014 0.866447 -0.016043
v 0.042615 0.868654 0.011498
v 0.049256 0.858190 0.022188
v -0.214918 0.711388 0.215350
v -0.217290 0.710175 0.209994
v -0.214134 0.706306 0.209215
v -0.207395 0.705002 0.207716
v -0.208198 0.705759 0.213853
v -0.208834 0.709689 0.217539
v -0.156632 0.695596 0.158354
v -0.152234 0.698131 0.159670
v -0.160729 0.704771 0.173075
v -0.182267 0.704886 0.183663
v -0.172462 0.704767 0.163306
v -0.159067 0.697349 0.154025
v 0.019132 0.872910 0.039902
v 0.009493 0.886480 0.031578
v 0.005002 0.908551 0.025174
v -0.004311 0.908446 0.025201
v -0.023311 0.868449 0.042726
v -0.013099 0.908570 0.023901
v -0.019890 0.887529 0.031034
v -0.031990 0.872491 0.040071
v 0.053229 0.828344 -0.044324
v 0.047242 0.828617 -0.051360
v 0.043920 0.834788 -0.052980
v 0.042082 0.839963 -0.055672
v 0.049172 0.841185 -0.054863
v 0.055912 0.841237 -0.042444
v 0.031025 0.887642 0.011179
v 0.039824 0.873026 0.020846
v 0.040760 0.871493 -0.025525
v 0.030722 0.888328 -0.015655
v 0.024102 0.909846 -0.011843
v 0.025393 0.909828 -0.003139
v 0.025330 0.909436 0.005406
v -0.047516 0.855919 0.050484
v -0.044077 0.842805 0.055276
v -0.026577 0.842489 0.056783
v -0.025674 0.849047 0.054915
v -0.035707 0.858085 0.049289
v -0.054328 0.840599 0.049446
v -0.042877 0.860936 0.047306
v 0.047691 0.847217 -0.055083
v 0.053920 0.848276 -0.049934
v 0.055660 0.846607 -0.040605
v -0.052509 0.852832 0.045023
v -0.056890 0.845657 0.039336
v -0.057574 0.840542 0.040497
v -0.053943 0.850674 0.037834
v -0.002435 0.943721 0.023892
v 0.004391 0.943532 0.023768
v 0.002751 0.950179 0.019025
v -0.000617 0.954127 0.014125
v -0.005257 0.951222 0.017447
v -0.009554 0.945077 0.021892
v 0.016238 0.951513 0.007955
v 0.017437 0.951629 0.001570
v 0.011564 0.955365 0.001424
v 0.008681 0.955019 0.008303
v 0.012891 0.951614 0.012919
v 0.006387 0.956523 0.002695
v -0.002890 0.909879 -0.025249
v 0.006653 0.909790 -0.025249
v 0.012112 0.886635 -0.031496
v 0.023478 0.871014 -0.041087
v 0.014119 0.866859 -0.043753
v -0.014490 0.866373 -0.044062
v -0.018053 0.885953 -0.031941
v -0.012358 0.908802 -0.023912
v -0.028029 0.868773 -0.042431
v 0.091491 0.771165 -0.090629
v 0.100875 0.768116 -0.070035
v 0.136559 0.758488 -0.079264
v 0.144837 0.756202 -0.132992
v 0.093535 0.759150 -0.134068
v 0.077519 0.768794 -0.099004
v -0.046762 0.862119 -0.018722
v -0.050443 0.856338 0.002052
v -0.050667 0.855947 0.023854
v -0.043684 0.866964 0.017431
v -0.034346 0.881812 0.009289
v -0.025034 0.907637 0.004756
v -0.025102 0.908305 -0.003617
v -0.032707 0.884398 -0.018978
v -0.043046 0.867664 -0.030465
v 0.006561 0.853979 -0.051938
v -0.017591 0.854404 -0.051660
v 0.024629 0.856551 -0.050287
v 0.021077 0.945262 -0.012385
v 0.026024 0.932443 -0.013149
v 0.021525 0.933240 -0.019928
v 0.014763 0.933232 -0.025343
v 0.014191 0.945890 -0.019011
v 0.015305 0.950446 -0.012276
v -0.021733 0.946823 0.002596
v -0.016649 0.952462 -0.001049
v -0.020098 0.947809 -0.007317
v -0.025805 0.934431 -0.013130
v -0.028079 0.933302 -0.003624
v -0.028169 0.933169 0.004916
v -0.080188 0.773999 -0.089775
v -0.057660 0.769153 -0.097537
v -0.060016 0.762875 -0.120120
v -0.104133 0.761100 -0.126712
v -0.111337 0.765229 -0.085939
v -0.090385 0.773560 -0.075855
v 0.093897 0.362930 0.104776
v 0.095761 0.362876 0.100165
v 0.105068 0.365656 0.101836
v 0.097054 0.365580 0.107699
v 0.049260 0.360865 0.062347
v 0.043534 0.354353 0.053627
v 0.049566 0.353209 0.050055
v 0.076429 0.362681 0.081551
v 0.055572 0.362631 0.076186
v 0.053571 0.354062 0.041579
v 0.062077 0.360823 0.046698
v 0.214044 0.735402 -0.212289
v 0.215646 0.729824 -0.212388
v 0.211334 0.728159 -0.216601
v 0.202169 0.727059 -0.219314
v 0.203061 0.732893 -0.218101
v 0.203700 0.736414 -0.213835
v -0.096137 0.362723 0.101076
v -0.097085 0.363919 0.105668
v -0.103866 0.364375 0.103568
v -0.101212 0.362708 0.095545
v -0.095240 0.362709 0.094707
v -0.105553 0.363736 0.096428
v 0.215297 0.713710 -0.214343
v 0.217905 0.713952 -0.208454
v 0.215840 0.708614 -0.208239
v 0.209490 0.705093 -0.207430
v 0.209747 0.706881 -0.214607
v 0.209539 0.711605 -0.217731
v -0.051017 0.353614 0.048778
v -0.043098 0.354092 0.053455
v -0.049447 0.360840 0.061962
v -0.069675 0.362634 0.067093
v -0.063446 0.361282 0.045722
v -0.054510 0.354968 0.040194
v 0.053517 0.355816 -0.050716
v 0.043331 0.358632 -0.058656
v 0.046928 0.362283 -0.068794
v 0.068515 0.362633 -0.072242
v 0.067121 0.362159 -0.046790
v 0.058451 0.358781 -0.041200
v -0.174169 0.704861 -0.176987
v -0.158731 0.704809 -0.176987
v -0.155652 0.703792 -0.166276
v -0.160726 0.700789 -0.154563
v -0.169328 0.704648 -0.131735
v -0.176651 0.704827 -0.131051
v -0.153811 0.700757 -0.161330
v -0.215192 0.734634 -0.211855
v -0.209349 0.734838 -0.212025
v -0.209092 0.731927 -0.215281
v -0.208670 0.727159 -0.217137
v -0.213496 0.727595 -0.214640
v -0.216650 0.728554 -0.211666
v 0.100046 0.363034 -0.100753
v 0.089243 0.362713 -0.101878
v 0.089743 0.364909 -0.106848
v 0.090061 0.372062 -0.109064
v 0.100959 0.368304 -0.107241
v 0.105113 0.364278 -0.100390
v -0.211635 0.708164 -0.215055
v -0.211871 0.706101 -0.209437
v -0.216482 0.708161 -0.209430
v -0.215087 0.713157 -0.213246
v -0.211790 0.712504 -0.216079
v -0.217908 0.712925 -0.208501
v -0.044620 0.351964 -0.051194
v -0.050269 0.351479 -0.046786
v -0.058992 0.359993 -0.054650
v -0.063014 0.362567 -0.072011
v -0.039795 0.360966 -0.062323
v -0.034794 0.354152 -0.053803
v -0.100691 0.362848 -0.093663
v -0.105519 0.364037 -0.094745
v -0.104541 0.364661 -0.104096
v -0.096447 0.363638 -0.105595
v -0.095305 0.362773 -0.100325
v -0.093920 0.362736 -0.092554
v 0.066448 -0.902684 -0.041144
v 0.076051 -0.903480 -0.018680
v 0.080844 -0.908566 -0.019193
v 0.058482 -0.907737 -0.060332
v 0.053143 -0.901195 -0.054407
v 0.086456 -0.912305 -0.018558
v 0.084502 -0.913317 -0.045567
v 0.076467 -0.913328 -0.067828
v 0.063765 -0.912945 -0.071185
v 0.084387 -0.913722 -0.067567
v -0.052927 -0.907757 -0.064246
v -0.033372 -0.902195 -0.069896
v -0.036533 -0.908424 -0.076413
v -0.038802 -0.912879 -0.085153
v -0.063314 -0.914002 -0.085775
v -0.080982 -0.913488 -0.073122
v -0.078227 -0.910106 -0.037348
v -0.068282 -0.899755 -0.032695
v -0.060095 -0.901717 -0.047919
v -0.093465 -0.918115 -0.061307
v -0.093390 -0.917934 -0.041856
v -0.093491 -0.918187 -0.073934
v -0.047260 -0.898978 -0.057645
v 0.076757 -0.908099 0.033454
v 0.068416 -0.897858 0.029798
v 0.060981 -0.899845 0.044300
v 0.054097 -0.907775 0.063420
v 0.060409 -0.913241 0.077160
v 0.075307 -0.913359 0.073306
v 0.083047 -0.914028 0.073885
v 0.083655 -0.913491 0.055441
v 0.046973 -0.896738 0.056134
v 0.083367 -0.912297 0.034768
v -0.064390 -0.917679 -0.093262
v -0.076579 -0.917597 -0.093202
v -0.078631 -0.914481 -0.086594
v -0.083433 -0.917610 -0.093198
v 0.088432 -0.917415 -0.093028
v 0.089673 -0.915297 -0.081812
v 0.093338 -0.919370 -0.081347
v 0.093552 -0.926197 -0.080862
v 0.093309 -0.925506 -0.089821
v 0.089580 -0.925397 -0.093349
v -0.040327 -0.894836 0.059827
v -0.052957 -0.893974 0.049221
v -0.060892 -0.907017 0.056017
v -0.050308 -0.913510 0.082395
v -0.021370 -0.908609 0.080576
v -0.020064 -0.900312 0.072285
v -0.077213 -0.913364 0.066243
v -0.073829 -0.913423 0.078483
v -0.073610 -0.913961 0.085409
v -0.093518 -0.918234 -0.084189
v -0.087422 -0.915352 -0.085041
v -0.088785 -0.917638 -0.093264
v -0.089934 -0.930820 -0.093257
v -0.093331 -0.930973 -0.090121
v -0.093527 -0.930864 -0.083254
v 0.091329 -0.945760 -0.093152
v 0.093329 -0.946120 -0.087589
v 0.092428 -0.952611 -0.087820
v 0.086017 -0.952346 -0.092931
v 0.084924 -0.946557 -0.093504
v 0.086950 -0.956360 -0.087854
v 0.087961 -0.919014 0.091233
v 0.089034 -0.926684 0.093190
v 0.093097 -0.926308 0.091048
v 0.091455 -0.920262 0.084293
v 0.087946 -0.916755 0.084573
v 0.093277 -0.926834 0.084550
v -0.091435 -0.946452 -0.093005
v -0.085442 -0.946304 -0.093632
v -0.086357 -0.951794 -0.092699
v -0.086614 -0.954590 -0.088803
v -0.092217 -0.952783 -0.088499
v -0.093357 -0.946893 -0.088621
v -0.092436 -0.916685 0.087264
v -0.093434 -0.928811 0.088201
v -0.087318 -0.929037 0.093497
v -0.074195 -0.917635 0.093253
v -0.074665 -0.928554 0.093575
v 0.092997 -0.946167 0.091588
v 0.088187 -0.946862 0.093513
v 0.088348 -0.952662 0.092044
v 0.092267 -0.951518 0.085684
v 0.093295 -0.945822 0.085226
v 0.089126 -0.955687 0.085809
v -0.088468 -0.949547 0.092817
v -0.093305 -0.951138 0.086543
v -0.087195 -0.956118 0.085435
v -0.075510 -0.958555 0.084531
v -0.076406 -0.955590 0.090626
v -0.076003 -0.951219 0.093097
v -0.056435 -0.956811 0.089890
v -0.055792 -0.953062 0.093739
v -0.055074 -0.947351 0.093679
v -0.075243 -0.946402 0.093532
v -0.087492 -0.945924 0.093291
v -0.074965 -0.941394 0.093583
v -0.086386 -0.941595 0.093469
v -0.093485 -0.942083 0.087624
v -0.093449 -0.946951 0.086974
v -0.093706 -0.948692 0.078784
v -0.092188 -0.954370 0.078506
v -0.093627 -0.942995 0.079244
v -0.093676 -0.943813 0.069415
v -0.093758 -0.950253 0.069423
v -0.093389 -0.936503 0.088255
v -0.093589 -0.936846 0.079918
v -0.093625 -0.936951 0.069424
v -0.093627 -0.936808 0.049430
v -0.093675 -0.944369 0.050469
v -0.093552 -0.928807 0.080212
v -0.093556 -0.928727 0.070139
v -0.093574 -0.928261 0.048506
v -0.093577 -0.928019 0.020234
v -0.093626 -0.936691 0.020772
v -0.092708 -0.916977 0.069779
v -0.093047 -0.917353 0.046761
v -0.093335 -0.917783 0.019589
v -0.093434 -0.918002 -0.013827
v -0.093582 -0.928050 -0.014638
v -0.079793 -0.912605 0.043539
v -0.080187 -0.907874 0.017369
v -0.080046 -0.906572 -0.011670
v -0.071798 -0.898327 0.015186
v -0.072530 -0.897605 -0.010039
v -0.068041 -0.889738 0.013602
v -0.069245 -0.889742 -0.008974
v -0.064256 -0.890427 -0.029896
v -0.068985 -0.876759 -0.008205
v -0.062782 -0.875762 -0.028073
v -0.055586 -0.875992 -0.044061
v -0.055769 -0.890619 -0.044374
v -0.043936 -0.874437 -0.055707
v -0.044779 -0.889448 -0.055384
v -0.027034 -0.872872 -0.063045
v -0.028509 -0.887273 -0.062854
v -0.030483 -0.895549 -0.065079
v -0.008071 -0.885800 -0.069146
v -0.008952 -0.892805 -0.070171
v -0.009960 -0.898563 -0.073263
v 0.013793 -0.893020 -0.068989
v 0.014816 -0.898798 -0.072422
v 0.015943 -0.904900 -0.077982
v -0.011189 -0.904660 -0.078113
v 0.016420 -0.911604 -0.084458
v -0.012392 -0.911387 -0.084931
v 0.016762 -0.917906 -0.093376
v -0.013318 -0.918467 -0.093566
v -0.040185 -0.918201 -0.093505
v -0.013877 -0.927954 -0.093602
v -0.041907 -0.928458 -0.093600
v -0.065441 -0.929267 -0.093570
v -0.043646 -0.936915 -0.093618
v -0.066477 -0.938430 -0.093627
v -0.077338 -0.939200 -0.093618
v -0.076828 -0.930165 -0.093572
v -0.084662 -0.939512 -0.093536
v -0.083914 -0.930581 -0.093557
v -0.090763 -0.939708 -0.093046
v -0.093357 -0.939875 -0.089155
v -0.093520 -0.947288 -0.082991
v -0.093537 -0.939989 -0.082990
v -0.093582 -0.947582 -0.076271
v -0.093598 -0.939925 -0.075886
v -0.093590 -0.930672 -0.075234
v -0.093613 -0.939449 -0.065247
v -0.093595 -0.929969 -0.063556
v -0.093620 -0.938024 -0.045436
v -0.093579 -0.928782 -0.043757
v -0.093624 -0.937004 -0.015521
v -0.093635 -0.946126 -0.046998
v -0.093661 -0.945267 -0.016707
v -0.093670 -0.944713 0.021432
v -0.093715 -0.952667 -0.018011
v -0.093759 -0.952081 0.022141
v -0.093767 -0.951384 0.051610
v -0.088524 -0.957016 0.022764
v -0.089119 -0.956716 0.052914
v -0.090531 -0.955967 0.069446
v -0.081478 -0.958789 0.054381
v -0.083275 -0.958621 0.069646
v -0.084934 -0.958416 0.078294
v -0.073865 -0.958996 0.069800
v -0.074440 -0.958994 0.077946
v -0.059475 -0.959042 0.069473
v -0.058562 -0.958988 0.077248
v -0.057433 -0.958631 0.084064
v -0.027677 -0.958996 0.076827
v -0.026110 -0.958840 0.083665
v -0.025114 -0.957867 0.089986
v 0.013964 -0.958905 0.083890
v 0.012629 -0.957710 0.090113
v 0.011735 -0.952842 0.093312
v -0.024312 -0.953423 0.093438
v 0.011090 -0.946648 0.093511
v -0.023786 -0.947642 0.093553
v 0.010798 -0.940070 0.093583
v -0.023498 -0.941271 0.093601
v -0.055103 -0.941331 0.093643
v -0.023365 -0.934371 0.093604
v -0.054287 -0.934913 0.093615
v -0.074854 -0.935846 0.093598
v -0.052999 -0.927574 0.093563
v -0.086213 -0.936284 0.093470
v -0.022938 -0.926836 0.093558
v -0.022538 -0.917990 0.093420
v -0.051413 -0.917767 0.093316
v 0.010224 -0.925856 0.093514
v 0.009813 -0.917570 0.093198
v 0.008489 -0.907320 0.080597
v 0.036386 -0.910570 0.079023
v 0.032120 -0.901568 0.069583
v 0.007614 -0.898100 0.073453
v 0.039834 -0.917066 0.092798
v 0.062704 -0.915405 0.089684
v 0.040447 -0.924135 0.093487
v 0.063174 -0.922553 0.093381
v 0.063217 -0.929774 0.093567
v 0.074942 -0.928257 0.093441
v 0.075125 -0.920766 0.092221
v 0.075379 -0.914518 0.085868
v 0.040953 -0.931622 0.093589
v 0.041584 -0.938568 0.093601
v 0.063604 -0.936909 0.093595
v 0.010578 -0.933193 0.093594
v 0.064052 -0.943759 0.093565
v 0.075117 -0.942373 0.093573
v 0.075010 -0.935422 0.093591
v 0.042368 -0.945291 0.093550
v 0.043526 -0.951884 0.093237
v 0.064633 -0.950694 0.093351
v 0.065472 -0.956849 0.091042
v 0.075414 -0.956262 0.091683
v 0.075166 -0.949456 0.093462
v 0.045073 -0.957369 0.090475
v 0.047072 -0.958941 0.083928
v 0.066436 -0.958909 0.084510
v 0.067075 -0.959008 0.077088
v 0.076323 -0.958939 0.077664
v 0.075912 -0.958920 0.085338
v 0.049664 -0.959021 0.076478
v 0.051952 -0.959047 0.068122
v 0.067478 -0.959032 0.067914
v 0.015545 -0.959006 0.076809
v 0.017971 -0.959045 0.068972
v 0.023253 -0.959053 0.057605
v 0.054432 -0.959053 0.055404
v -0.029903 -0.959043 0.069231
v -0.034750 -0.959053 0.058122
v -0.037044 -0.959053 0.032799
v 0.026649 -0.959053 0.029722
v -0.060162 -0.959052 0.057328
v -0.060420 -0.959052 0.029921
v -0.059512 -0.959052 -0.029072
v -0.036192 -0.959053 -0.032841
v -0.072874 -0.959014 0.055880
v -0.071675 -0.959024 0.026185
v -0.070949 -0.959027 -0.024469
v -0.070709 -0.959033 -0.054507
v -0.057656 -0.959052 -0.056719
v -0.080618 -0.958862 0.023955
v -0.079820 -0.958896 -0.021370
v -0.079329 -0.958909 -0.052442
v -0.079705 -0.958882 -0.068321
v -0.070405 -0.959027 -0.068846
v -0.087908 -0.957292 -0.019351
v -0.087336 -0.957606 -0.050455
v -0.087018 -0.957555 -0.067659
v -0.087171 -0.957559 -0.077078
v -0.079901 -0.958849 -0.077397
v -0.093650 -0.953339 -0.048627
v -0.093031 -0.954492 -0.066985
v -0.092961 -0.954551 -0.076707
v -0.092756 -0.954058 -0.083409
v -0.087008 -0.956585 -0.083652
v -0.093597 -0.947232 -0.066231
v -0.079340 -0.956339 -0.089798
v -0.079662 -0.958438 -0.084120
v -0.069170 -0.956673 -0.090184
v -0.069691 -0.958581 -0.084197
v -0.070107 -0.958965 -0.077466
v -0.050731 -0.958804 -0.084297
v -0.053031 -0.958986 -0.077102
v -0.055473 -0.959044 -0.069150
v -0.021833 -0.958999 -0.077172
v -0.024698 -0.959042 -0.069691
v -0.031195 -0.959053 -0.058662
v 0.019305 -0.959040 -0.069764
v 0.024116 -0.959053 -0.059136
v 0.027923 -0.959053 -0.031152
v 0.054714 -0.959052 -0.057966
v 0.056243 -0.959053 -0.030942
v 0.056090 -0.959053 0.027806
v 0.069066 -0.959033 -0.026686
v 0.068708 -0.959036 0.022577
v 0.067777 -0.959037 0.052849
v 0.077285 -0.958941 0.019711
v 0.076309 -0.958935 0.050628
v 0.076287 -0.958913 0.067823
v 0.083897 -0.958447 0.048521
v 0.083523 -0.958400 0.067449
v 0.083372 -0.958096 0.077834
v 0.089948 -0.956261 0.066652
v 0.089513 -0.956231 0.077767
v 0.083428 -0.958457 0.085737
v 0.082688 -0.955449 0.092614
v 0.082376 -0.948153 0.093506
v 0.088625 -0.940537 0.093416
v 0.082513 -0.941271 0.093564
v 0.089029 -0.933927 0.093327
v 0.082798 -0.934496 0.093539
v 0.082928 -0.927352 0.093213
v 0.082798 -0.920100 0.091557
v 0.082993 -0.914943 0.084911
v 0.088532 -0.916105 0.074870
v 0.089734 -0.915199 0.057711
v 0.092218 -0.920797 0.075218
v 0.092902 -0.919324 0.059534
v 0.092886 -0.918388 0.036273
v 0.089269 -0.914773 0.035176
v 0.093327 -0.926636 0.075422
v 0.093460 -0.925645 0.060720
v 0.093476 -0.924176 0.037642
v 0.093429 -0.922462 0.009725
v 0.092384 -0.916732 0.009061
v 0.093580 -0.932044 0.061825
v 0.093587 -0.930470 0.039050
v 0.093569 -0.928560 0.010519
v 0.093553 -0.927705 -0.018991
v 0.093384 -0.921560 -0.018729
v 0.093609 -0.936925 0.040717
v 0.093606 -0.935052 0.011567
v 0.093602 -0.934160 -0.019562
v 0.093602 -0.934212 -0.048297
v 0.093552 -0.927654 -0.047278
v 0.093593 -0.941998 0.012893
v 0.093594 -0.941043 -0.020417
v 0.093595 -0.941020 -0.049370
v 0.093595 -0.940694 -0.069114
v 0.093598 -0.933751 -0.068740
v 0.093501 -0.948125 -0.021131
v 0.093482 -0.948219 -0.050586
v 0.093477 -0.947948 -0.069509
v 0.093489 -0.946992 -0.080075
v 0.093550 -0.940038 -0.080284
v 0.092235 -0.955228 -0.051909
v 0.092372 -0.955167 -0.069963
v 0.093054 -0.953877 -0.080129
v 0.086132 -0.957815 -0.070346
v 0.086564 -0.957465 -0.080236
v 0.078561 -0.958889 -0.070542
v 0.078659 -0.958892 -0.080081
v 0.078396 -0.958496 -0.087447
v 0.077789 -0.954753 -0.093040
v 0.068473 -0.958989 -0.079265
v 0.068038 -0.958690 -0.086362
v 0.067504 -0.955583 -0.092307
v 0.067015 -0.948787 -0.093514
v 0.077291 -0.947866 -0.093569
v 0.049142 -0.958752 -0.085419
v 0.047957 -0.956190 -0.091706
v 0.047133 -0.949728 -0.093483
v 0.046614 -0.942589 -0.093575
v 0.066647 -0.941773 -0.093583
v 0.016823 -0.956560 -0.091312
v 0.016440 -0.950324 -0.093495
v 0.016278 -0.943020 -0.093579
v 0.016332 -0.935477 -0.093596
v 0.046164 -0.935248 -0.093599
v -0.016756 -0.950721 -0.093489
v -0.015617 -0.943500 -0.093583
v -0.014517 -0.935988 -0.093609
v 0.016657 -0.927476 -0.093554
v -0.044958 -0.944428 -0.093606
v -0.046635 -0.951312 -0.093583
v -0.068466 -0.951961 -0.093710
v -0.067556 -0.945608 -0.093660
v -0.078750 -0.952305 -0.093734
v -0.077924 -0.946232 -0.093659
v -0.048593 -0.957048 -0.090829
v -0.018090 -0.956885 -0.090990
v -0.019699 -0.958849 -0.084450
v 0.017208 -0.958791 -0.084944
v 0.017878 -0.958985 -0.077532
v 0.050752 -0.958984 -0.077969
v 0.052597 -0.959043 -0.069768
v 0.068771 -0.959026 -0.070339
v 0.069016 -0.959035 -0.056273
v 0.078039 -0.958912 -0.054857
v 0.078029 -0.958912 -0.024703
v 0.085846 -0.957987 -0.053372
v 0.085895 -0.957971 -0.023047
v 0.085103 -0.958148 0.017270
v 0.092636 -0.955054 -0.021922
v 0.091595 -0.955535 0.015479
v 0.090509 -0.956069 0.046449
v 0.093463 -0.949181 0.014080
v 0.093362 -0.950665 0.044447
v 0.093336 -0.951641 0.065523
v 0.093579 -0.943756 0.042516
v 0.093559 -0.945081 0.064230
v 0.093484 -0.945651 0.076918
v 0.093152 -0.951995 0.077433
v 0.093596 -0.938494 0.062952
v 0.093565 -0.939343 0.076473
v 0.093472 -0.939743 0.084862
v 0.093546 -0.932959 0.075947
v 0.093510 -0.933397 0.084672
v 0.093181 -0.933635 0.091057
v 0.093138 -0.940115 0.091249
v 0.044656 -0.917883 -0.093369
v 0.045479 -0.927270 -0.093547
v 0.065491 -0.917934 -0.093399
v 0.065967 -0.926983 -0.093553
v 0.066322 -0.934610 -0.093597
v 0.076581 -0.926301 -0.093546
v 0.076784 -0.933761 -0.093587
v 0.077053 -0.940813 -0.093586
v 0.084141 -0.933086 -0.093523
v 0.084489 -0.939992 -0.093521
v 0.090337 -0.932792 -0.093278
v 0.090883 -0.939559 -0.093245
v 0.093391 -0.932821 -0.088694
v 0.093381 -0.939615 -0.087989
v 0.093573 -0.933138 -0.080527
v 0.093541 -0.927037 -0.068311
v 0.093268 -0.920441 -0.067924
v 0.093325 -0.921111 -0.046470
v 0.090374 -0.915664 -0.067617
v 0.090935 -0.915845 -0.045818
v 0.091524 -0.916002 -0.018470
v 0.087727 -0.913136 0.008710
v 0.083048 -0.909732 0.008429
v 0.078628 -0.904424 0.008144
v 0.070100 -0.894056 -0.017494
v 0.071870 -0.895194 0.006751
v 0.066705 -0.876767 -0.016179
v 0.069589 -0.877195 0.005634
v 0.063541 -0.878310 0.026122
v 0.069654 -0.843180 0.004940
v 0.063803 -0.844251 0.024628
v 0.056851 -0.844678 0.042608
v 0.056791 -0.880670 0.042510
v 0.044340 -0.845704 0.055539
v 0.044820 -0.880131 0.054936
v 0.026058 -0.846597 0.063355
v 0.027030 -0.878274 0.063066
v 0.028507 -0.892626 0.063680
v 0.006420 -0.877941 0.069378
v 0.006769 -0.889959 0.069864
v -0.016427 -0.878230 0.066580
v -0.017208 -0.891039 0.067195
v -0.037648 -0.879189 0.059301
v -0.015204 -0.846336 0.066945
v -0.035907 -0.845922 0.059932
v -0.051371 -0.845270 0.048572
v -0.051655 -0.878675 0.048358
v -0.061276 -0.845062 0.032167
v -0.061229 -0.877778 0.032678
v -0.062678 -0.891442 0.034614
v -0.067703 -0.876847 0.012890
v -0.068065 -0.902689 0.038326
v -0.067778 -0.845529 0.012535
v -0.069081 -0.844349 -0.007811
v -0.067630 -0.826324 0.012316
v -0.068938 -0.826412 -0.007557
v -0.063292 -0.826161 -0.026105
v -0.063050 -0.844416 -0.026851
v -0.055243 -0.825782 -0.043286
v -0.055661 -0.842888 -0.044037
v -0.042835 -0.825683 -0.056126
v -0.043081 -0.842862 -0.056208
v -0.025301 -0.824940 -0.063477
v -0.025674 -0.843309 -0.063471
v -0.006754 -0.825237 -0.069331
v -0.007015 -0.841845 -0.069194
v -0.007133 -0.873626 -0.069170
v 0.012888 -0.843051 -0.067647
v 0.013244 -0.873510 -0.067535
v 0.013484 -0.885966 -0.067709
v 0.033127 -0.875475 -0.060984
v 0.034104 -0.889013 -0.060972
v 0.035703 -0.896936 -0.063233
v 0.050068 -0.892446 -0.051072
v 0.038711 -0.903582 -0.068497
v 0.042145 -0.910200 -0.075484
v 0.065286 -0.913520 -0.083940
v 0.043944 -0.913301 -0.084780
v 0.076910 -0.913507 -0.083309
v 0.076728 -0.917711 -0.093289
v 0.084231 -0.913773 -0.082525
v 0.083616 -0.917538 -0.093174
v 0.083774 -0.925648 -0.093517
v 0.049457 -0.877259 -0.050548
v 0.060060 -0.877173 -0.036001
v 0.062152 -0.893985 -0.038054
v 0.049223 -0.842338 -0.050703
v 0.060224 -0.842648 -0.035056
v 0.066820 -0.842732 -0.015530
v 0.060011 -0.825912 -0.034291
v 0.066844 -0.826277 -0.015179
v 0.069430 -0.825924 0.004789
v 0.065834 -0.818920 -0.014749
v 0.067338 -0.818413 0.004537
v 0.062253 -0.817397 0.023207
v 0.063927 -0.825321 0.023998
v 0.053374 -0.816077 0.039493
v 0.056422 -0.824733 0.041841
v 0.041421 -0.815934 0.050846
v 0.044055 -0.824296 0.054677
v 0.025501 -0.815326 0.061049
v 0.025922 -0.824306 0.063223
v 0.005867 -0.816187 0.065129
v 0.006119 -0.824900 0.068924
v 0.006115 -0.845979 0.069569
v -0.014242 -0.825481 0.067090
v -0.013132 -0.815464 0.063356
v -0.032536 -0.815410 0.056146
v -0.034539 -0.825032 0.059686
v -0.047264 -0.815938 0.044784
v -0.050420 -0.824504 0.047692
v -0.059382 -0.816232 0.030037
v -0.061279 -0.824983 0.031450
v -0.065855 -0.818884 0.011702
v -0.055076 -0.811933 0.027774
v -0.061342 -0.813524 0.010727
v -0.062868 -0.813566 -0.006563
v -0.066928 -0.818635 -0.007160
v -0.058603 -0.813467 -0.024338
v -0.062541 -0.818677 -0.025651
v -0.049945 -0.814085 -0.039319
v -0.054355 -0.818237 -0.042792
v -0.039076 -0.813903 -0.049736
v -0.042131 -0.818014 -0.054375
v -0.023596 -0.812930 -0.058317
v -0.025337 -0.817316 -0.063240
v -0.005627 -0.813274 -0.062629
v -0.006277 -0.817812 -0.068218
v 0.011880 -0.813554 -0.061953
v 0.012637 -0.818940 -0.065899
v 0.012808 -0.826006 -0.067337
v 0.031379 -0.818673 -0.059522
v 0.032050 -0.826035 -0.061034
v 0.032596 -0.842786 -0.061003
v 0.048777 -0.825628 -0.050781
v 0.047384 -0.818136 -0.049126
v 0.058546 -0.818928 -0.033412
v 0.044110 -0.813951 -0.045557
v 0.054917 -0.813973 -0.031601
v 0.061452 -0.813616 -0.013609
v 0.051638 -0.810388 -0.029614
v 0.057763 -0.809968 -0.013018
v 0.059483 -0.808962 0.004235
v 0.062800 -0.813144 0.004308
v 0.055402 -0.807433 0.020889
v 0.058051 -0.812148 0.021768
v 0.048198 -0.805234 0.035453
v 0.049072 -0.811461 0.036280
v 0.037351 -0.803300 0.046353
v 0.038148 -0.811014 0.046530
v 0.023137 -0.802583 0.055556
v 0.023200 -0.810222 0.055233
v 0.005520 -0.802400 0.060005
v 0.005180 -0.810607 0.058986
v -0.012239 -0.802524 0.059097
v -0.011984 -0.810040 0.058244
v -0.030115 -0.804241 0.051976
v -0.030159 -0.810412 0.051866
v -0.043147 -0.806502 0.041064
v -0.044204 -0.811151 0.041934
v -0.052445 -0.808344 0.026432
v -0.043643 -0.800176 0.041341
v -0.053828 -0.802811 0.027058
v -0.058348 -0.803713 0.010430
v -0.057787 -0.810019 0.010197
v -0.060037 -0.804498 -0.006262
v -0.059163 -0.809742 -0.006111
v -0.055424 -0.803967 -0.022981
v -0.054993 -0.809891 -0.022954
v -0.047337 -0.803436 -0.037128
v -0.046768 -0.809892 -0.036837
v -0.036711 -0.802614 -0.047347
v -0.036484 -0.809047 -0.046199
v -0.022384 -0.802454 -0.055789
v -0.022322 -0.808700 -0.055073
v -0.005414 -0.803570 -0.060133
v -0.005307 -0.809244 -0.059237
v 0.011580 -0.804111 -0.058611
v 0.011409 -0.809599 -0.058516
v 0.028278 -0.804701 -0.053158
v 0.028029 -0.810192 -0.052782
v 0.029709 -0.813589 -0.056062
v 0.041832 -0.810180 -0.043169
v 0.041477 -0.804756 -0.042866
v 0.051915 -0.804922 -0.029677
v 0.042722 -0.794926 -0.043785
v 0.053353 -0.795212 -0.029809
v 0.059871 -0.795162 -0.013648
v 0.057712 -0.804390 -0.012948
v 0.061401 -0.793742 0.004267
v 0.060323 -0.803924 0.004310
v 0.057455 -0.791337 0.020930
v 0.056708 -0.801145 0.021282
v 0.048688 -0.788660 0.035613
v 0.049187 -0.797665 0.035958
v 0.036831 -0.787457 0.046384
v 0.038595 -0.795561 0.048198
v 0.022448 -0.786402 0.055123
v 0.023689 -0.794665 0.057134
v 0.005331 -0.785933 0.059585
v 0.005512 -0.794044 0.061979
v -0.012577 -0.786424 0.058096
v -0.012582 -0.794830 0.061260
v -0.029760 -0.787996 0.051494
v -0.030645 -0.797058 0.053026
v -0.043564 -0.789969 0.041126
v -0.025449 -0.769869 0.043954
v -0.037504 -0.770142 0.034966
v -0.045636 -0.770175 0.022976
v -0.054186 -0.792634 0.027356
v -0.050054 -0.770165 0.009841
v -0.060855 -0.793600 0.011292
v -0.050166 -0.770217 -0.004179
v -0.061760 -0.794665 -0.005942
v -0.047560 -0.770346 -0.018569
v -0.056758 -0.794580 -0.023197
v -0.040202 -0.770819 -0.031319
v -0.048545 -0.793905 -0.037728
v -0.030178 -0.771448 -0.041183
v -0.036938 -0.792947 -0.048192
v -0.018026 -0.771696 -0.048015
v -0.022825 -0.792725 -0.056880
v -0.004164 -0.771582 -0.050555
v -0.005389 -0.793113 -0.060940
v 0.010262 -0.771370 -0.049746
v 0.012130 -0.794361 -0.060751
v 0.023528 -0.771462 -0.045211
v 0.028698 -0.794693 -0.054463
v 0.035985 -0.771605 -0.037104
v 0.019293 -0.734065 -0.035722
v 0.027232 -0.734043 -0.028282
v 0.034999 -0.734135 -0.019928
v 0.044640 -0.771403 -0.024954
v 0.038405 -0.734103 -0.009544
v 0.049846 -0.771283 -0.011342
v 0.038596 -0.734083 0.002354
v 0.050361 -0.771246 0.003221
v 0.037699 -0.734442 0.014183
v 0.048167 -0.771277 0.017338
v 0.032428 -0.734823 0.023705
v 0.041561 -0.771439 0.030028
v 0.024153 -0.735099 0.031270
v 0.031586 -0.771169 0.040441
v 0.015891 -0.735212 0.037262
v 0.019186 -0.770580 0.047328
v 0.005159 -0.735274 0.038598
v 0.005053 -0.769995 0.050326
v -0.007124 -0.735299 0.038160
v -0.010566 -0.769812 0.049786
v -0.019600 -0.735171 0.032465
v -0.008508 -0.701146 0.038268
v -0.020476 -0.701310 0.033586
v -0.029513 -0.700691 0.027019
v -0.029252 -0.734753 0.025524
v -0.035935 -0.700051 0.019206
v -0.036186 -0.734490 0.018270
v -0.038367 -0.699870 0.009243
v -0.038506 -0.734236 0.009008
v -0.038538 -0.699792 -0.001857
v -0.038507 -0.734265 -0.001800
v -0.036738 -0.700724 -0.014255
v -0.035590 -0.734234 -0.013356
v -0.031254 -0.700998 -0.024807
v -0.029521 -0.734160 -0.024323
v -0.023646 -0.700920 -0.032538
v -0.022823 -0.734133 -0.032883
v -0.014445 -0.700396 -0.038027
v -0.014226 -0.733851 -0.037774
v -0.003222 -0.700781 -0.038542
v -0.003167 -0.733695 -0.038571
v 0.008301 -0.701195 -0.038504
v 0.008609 -0.733758 -0.038499
v 0.019655 -0.701603 -0.035701
v 0.008826 -0.664746 -0.038830
v 0.020134 -0.664843 -0.035703
v 0.029151 -0.664984 -0.030113
v 0.028307 -0.701861 -0.029221
v 0.034921 -0.665288 -0.021434
v 0.034781 -0.701899 -0.020657
v 0.038499 -0.665517 -0.010737
v 0.038322 -0.701897 -0.009895
v 0.038900 -0.665684 0.002212
v 0.038532 -0.702089 0.002289
v 0.037917 -0.666190 0.014694
v 0.037676 -0.702242 0.014425
v 0.032909 -0.666949 0.025114
v 0.032531 -0.701510 0.024781
v 0.025139 -0.667555 0.032605
v 0.024421 -0.700659 0.031959
v 0.015289 -0.667011 0.037535
v 0.015431 -0.700892 0.037269
v 0.003148 -0.666614 0.038754
v 0.004248 -0.700716 0.038577
v -0.009895 -0.666224 0.038636
v 0.003388 -0.653033 0.044531
v -0.010819 -0.652620 0.043924
v -0.022942 -0.652074 0.039469
v -0.020895 -0.666391 0.035045
v -0.032378 -0.651640 0.031796
v -0.029918 -0.666931 0.028932
v -0.039874 -0.652028 0.022132
v -0.035526 -0.667058 0.019997
v -0.044358 -0.652422 0.010180
v -0.038611 -0.666505 0.009289
v -0.045046 -0.652254 -0.003473
v -0.038834 -0.666256 -0.002999
v -0.042705 -0.651832 -0.016838
v -0.037600 -0.665502 -0.015221
v -0.036618 -0.650788 -0.027696
v -0.032758 -0.665376 -0.025443
v -0.028447 -0.650746 -0.035919
v -0.025533 -0.665352 -0.032571
v -0.017527 -0.651902 -0.042933
v -0.015659 -0.665585 -0.037502
v -0.003923 -0.651501 -0.045912
v -0.003645 -0.664673 -0.038912
v 0.009911 -0.651205 -0.045206
v -0.004150 -0.644301 -0.049507
v 0.010383 -0.644283 -0.049244
v 0.023920 -0.643491 -0.043937
v 0.022690 -0.650764 -0.040739
v 0.035045 -0.642903 -0.035834
v 0.032303 -0.649998 -0.033227
v 0.043412 -0.644203 -0.025232
v 0.039642 -0.650856 -0.023854
v 0.048857 -0.645318 -0.012337
v 0.044540 -0.651942 -0.011903
v 0.049275 -0.645898 0.002882
v 0.045363 -0.652327 0.002515
v 0.046885 -0.646129 0.017570
v 0.042744 -0.652662 0.016175
v 0.039124 -0.645688 0.028865
v 0.036228 -0.652720 0.027142
v 0.030228 -0.646206 0.038448
v 0.027487 -0.652951 0.035326
v 0.018674 -0.647216 0.045872
v 0.016953 -0.653136 0.041682
v 0.003815 -0.646778 0.048843
v 0.019194 -0.641292 0.047013
v 0.004098 -0.641072 0.049813
v -0.011518 -0.640461 0.049563
v -0.011557 -0.646173 0.048626
v -0.024906 -0.639610 0.043782
v -0.024674 -0.645365 0.042780
v -0.035645 -0.639196 0.034927
v -0.035000 -0.644816 0.034395
v -0.044051 -0.639379 0.023844
v -0.043380 -0.645225 0.023758
v -0.050002 -0.638875 0.011256
v -0.048985 -0.645579 0.011060
v -0.050312 -0.638514 -0.003315
v -0.049286 -0.645151 -0.003336
v -0.048049 -0.638669 -0.017903
v -0.047141 -0.644854 -0.017856
v -0.041299 -0.637390 -0.030455
v -0.039502 -0.643258 -0.029506
v -0.031401 -0.638164 -0.041322
v -0.030957 -0.644166 -0.039515
v -0.018419 -0.638964 -0.046735
v -0.018472 -0.644924 -0.046353
v -0.004273 -0.637679 -0.050237
v -0.017962 -0.633121 -0.045135
v -0.004471 -0.631176 -0.048853
v 0.010183 -0.631790 -0.047637
v 0.010524 -0.637705 -0.050167
v 0.023042 -0.632139 -0.042914
v 0.024022 -0.637389 -0.045009
v 0.035113 -0.632049 -0.034980
v 0.036763 -0.637479 -0.037158
v 0.043022 -0.633125 -0.024000
v 0.044622 -0.638535 -0.025050
v 0.048156 -0.633029 -0.011801
v 0.049850 -0.639124 -0.012281
v 0.048869 -0.633976 0.003190
v 0.050016 -0.639891 0.003155
v 0.046278 -0.634561 0.017001
v 0.047407 -0.640381 0.017587
v 0.039688 -0.634768 0.028708
v 0.040180 -0.640179 0.029230
v 0.030451 -0.635068 0.039245
v 0.031176 -0.640554 0.039716
v 0.018762 -0.635331 0.046268
v 0.027669 -0.628728 0.035791
v 0.016977 -0.628807 0.042205
v 0.003931 -0.628516 0.044917
v 0.004150 -0.635300 0.048790
v -0.009863 -0.628292 0.043868
v -0.011015 -0.634645 0.048441
v -0.021828 -0.627972 0.038958
v -0.024130 -0.634051 0.042972
v -0.031692 -0.627490 0.030667
v -0.034861 -0.633821 0.033859
v -0.038819 -0.627236 0.020812
v -0.042584 -0.633594 0.022978
v -0.042593 -0.626962 0.009837
v -0.048263 -0.631970 0.011025
v -0.043374 -0.626669 -0.002993
v -0.049117 -0.631892 -0.003437
v -0.040973 -0.626874 -0.015124
v -0.045752 -0.632698 -0.016885
v -0.035208 -0.626816 -0.026046
v -0.039548 -0.632432 -0.029091
v -0.026678 -0.627095 -0.034748
v -0.029809 -0.632765 -0.039376
v -0.016541 -0.626898 -0.040798
v -0.024345 -0.613310 -0.031599
v -0.015366 -0.613364 -0.037469
v -0.003988 -0.613475 -0.038720
v -0.004083 -0.626302 -0.043234
v 0.008433 -0.613010 -0.038529
v 0.009055 -0.626297 -0.041993
v 0.019546 -0.613082 -0.035513
v 0.020852 -0.626516 -0.038093
v 0.027916 -0.613421 -0.027979
v 0.031064 -0.627115 -0.030973
v 0.035293 -0.613773 -0.020001
v 0.038437 -0.627450 -0.021659
v 0.038546 -0.614101 -0.009921
v 0.042941 -0.627581 -0.010696
v 0.038714 -0.613533 0.001995
v 0.044468 -0.627675 0.002699
v 0.037951 -0.613151 0.013614
v 0.042240 -0.628027 0.015350
v 0.032750 -0.613248 0.023734
v 0.036513 -0.628344 0.026455
v 0.024397 -0.613428 0.031602
v 0.032205 -0.580237 0.023502
v 0.024913 -0.580147 0.032100
v 0.014809 -0.580035 0.037664
v 0.014882 -0.614000 0.037484
v 0.003216 -0.580669 0.038536
v 0.003590 -0.613524 0.038725
v -0.008569 -0.579957 0.038471
v -0.008794 -0.614043 0.038522
v -0.019651 -0.580641 0.035294
v -0.019858 -0.613067 0.035340
v -0.028277 -0.580451 0.028004
v -0.028233 -0.613061 0.027542
v -0.035822 -0.580470 0.019508
v -0.035716 -0.613506 0.019051
v -0.038461 -0.580672 0.008593
v -0.038572 -0.613800 0.008828
v -0.038546 -0.581707 -0.002763
v -0.038656 -0.613139 -0.002635
v -0.037840 -0.581738 -0.013904
v -0.037966 -0.612938 -0.013912
v -0.032278 -0.581369 -0.023588
v -0.032568 -0.613203 -0.023854
v -0.024791 -0.581235 -0.032057
v -0.031836 -0.552383 -0.023329
v -0.023925 -0.552322 -0.031135
v -0.014750 -0.552283 -0.037548
v -0.015197 -0.581091 -0.037409
v -0.003631 -0.552251 -0.038531
v -0.003915 -0.581087 -0.038526
v 0.007589 -0.552179 -0.038455
v 0.007866 -0.581521 -0.038475
v 0.018774 -0.552099 -0.035779
v 0.019136 -0.581320 -0.035653
v 0.026869 -0.552081 -0.027641
v 0.028118 -0.581017 -0.028617
v 0.035125 -0.552101 -0.019849
v 0.035332 -0.580972 -0.020036
v 0.038400 -0.552204 -0.008998
v 0.038468 -0.581055 -0.009316
v 0.038540 -0.552301 0.002294
v 0.038549 -0.580964 0.002182
v 0.037759 -0.552307 0.013632
v 0.037876 -0.580608 0.013608
v 0.031812 -0.552187 0.023313
v 0.037840 -0.525265 0.014196
v 0.031756 -0.525302 0.023911
v 0.023702 -0.525077 0.031729
v 0.023754 -0.552020 0.031363
v 0.014445 -0.524913 0.037771
v 0.014323 -0.551910 0.037850
v 0.003081 -0.524695 0.038531
v 0.002909 -0.551903 0.038524
v -0.008361 -0.524779 0.038429
v -0.008258 -0.551942 0.038419
v -0.019231 -0.525203 0.035713
v -0.019257 -0.551962 0.035485
v -0.027105 -0.525233 0.027687
v -0.027184 -0.551989 0.027314
v -0.035206 -0.525396 0.019676
v -0.035311 -0.552085 0.019445
v -0.038420 -0.525230 0.009076
v -0.038398 -0.552246 0.008573
v -0.038566 -0.525321 -0.002352
v -0.038543 -0.552371 -0.002686
v -0.037815 -0.525604 -0.013718
v -0.037709 -0.552411 -0.013914
v -0.031921 -0.525789 -0.023249
v -0.037953 -0.492032 -0.013508
v -0.032673 -0.491757 -0.023693
v -0.025161 -0.491500 -0.032460
v -0.023932 -0.525743 -0.031268
v -0.014993 -0.491541 -0.037611
v -0.014722 -0.525545 -0.037795
v -0.003317 -0.491639 -0.038560
v -0.003425 -0.525213 -0.038521
v 0.008534 -0.491592 -0.038427
v 0.008057 -0.525099 -0.038434
v 0.019457 -0.491397 -0.035809
v 0.018966 -0.525313 -0.035726
v 0.028213 -0.491185 -0.028958
v 0.026935 -0.525345 -0.028041
v 0.035460 -0.491266 -0.020178
v 0.034977 -0.525457 -0.020003
v 0.038348 -0.491486 -0.009404
v 0.038390 -0.525262 -0.009066
v 0.038566 -0.491677 0.002651
v 0.038541 -0.525074 0.002479
v 0.037591 -0.491800 0.014660
v 0.041785 -0.457378 0.002668
v 0.038228 -0.457242 0.014348
v 0.032813 -0.456983 0.025353
v 0.031805 -0.491750 0.024775
v 0.023904 -0.456862 0.033289
v 0.024480 -0.491829 0.032950
v 0.013965 -0.456754 0.038552
v 0.014791 -0.492260 0.037761
v 0.003171 -0.456539 0.041935
v 0.003632 -0.492622 0.038559
v -0.008899 -0.456036 0.040721
v -0.008408 -0.492927 0.038452
v -0.019069 -0.455687 0.036030
v -0.019597 -0.492797 0.035412
v -0.028813 -0.455874 0.029884
v -0.028678 -0.492430 0.028960
v -0.035413 -0.456308 0.020294
v -0.035433 -0.492256 0.020197
v -0.040340 -0.456629 0.009746
v -0.038353 -0.492207 0.009517
v -0.041892 -0.456878 -0.001904
v -0.038551 -0.492176 -0.002159
v -0.038530 -0.456912 -0.013572
v -0.042108 -0.408995 -0.002006
v -0.038594 -0.408937 -0.013558
v -0.033360 -0.408792 -0.024148
v -0.033375 -0.456922 -0.024118
v -0.025217 -0.408653 -0.032639
v -0.025106 -0.457041 -0.032481
v -0.014814 -0.408577 -0.038207
v -0.015022 -0.457340 -0.038084
v -0.003496 -0.408741 -0.041934
v -0.003666 -0.457754 -0.041643
v 0.008542 -0.408993 -0.040920
v 0.008513 -0.457780 -0.040616
v 0.019720 -0.409016 -0.035713
v 0.019590 -0.457540 -0.035786
v 0.029884 -0.409074 -0.028759
v 0.029488 -0.457375 -0.028998
v 0.036126 -0.409084 -0.018784
v 0.035747 -0.457295 -0.019460
v 0.041187 -0.408980 -0.008217
v 0.040661 -0.457319 -0.009304
v 0.042254 -0.408840 0.003400
v 0.041356 -0.360022 -0.006735
v 0.041882 -0.359330 0.005019
v 0.037583 -0.358789 0.015975
v 0.038030 -0.408666 0.014730
v 0.032041 -0.358435 0.026268
v 0.032496 -0.408586 0.025358
v 0.023310 -0.358252 0.033887
v 0.023574 -0.408485 0.033489
v 0.013241 -0.358265 0.038776
v 0.013168 -0.408282 0.038883
v 0.002560 -0.358555 0.041982
v 0.002133 -0.408242 0.041904
v -0.008275 -0.359010 0.041151
v -0.008723 -0.408360 0.040890
v -0.017913 -0.359466 0.036584
v -0.018541 -0.408436 0.036309
v -0.027560 -0.359980 0.031389
v -0.028271 -0.408584 0.030579
v -0.034656 -0.360486 0.021637
v -0.035097 -0.408761 0.020774
v -0.040174 -0.360888 0.010534
v -0.040382 -0.408846 0.009805
v -0.041856 -0.361313 -0.001570
v -0.039945 -0.312884 0.010835
v -0.041977 -0.312987 -0.001152
v -0.038865 -0.313104 -0.013119
v -0.038774 -0.361735 -0.013355
v -0.033308 -0.313182 -0.024089
v -0.033423 -0.362027 -0.024131
v -0.024860 -0.313233 -0.032836
v -0.024935 -0.362144 -0.032649
v -0.013974 -0.313182 -0.038509
v -0.014422 -0.362167 -0.038352
v -0.002489 -0.313117 -0.042019
v -0.003163 -0.361998 -0.042021
v 0.009534 -0.313170 -0.040470
v 0.009010 -0.361705 -0.040767
v 0.020587 -0.313165 -0.035231
v 0.020193 -0.361375 -0.035474
v 0.030447 -0.313275 -0.028291
v 0.030410 -0.361143 -0.028474
v 0.036905 -0.313420 -0.017387
v 0.036666 -0.360671 -0.017732
v 0.041737 -0.313761 -0.006142
v 0.036560 -0.265636 -0.018047
v 0.041692 -0.265842 -0.006803
v 0.042008 -0.266154 0.005153
v 0.041696 -0.314158 0.005862
v 0.037512 -0.266471 0.016067
v 0.037279 -0.314332 0.016585
v 0.031992 -0.266908 0.026453
v 0.031690 -0.314476 0.026750
v 0.023392 -0.267261 0.033626
v 0.023082 -0.314529 0.033862
v 0.013433 -0.267310 0.038802
v 0.013534 -0.314443 0.038826
v 0.002674 -0.267167 0.042068
v 0.003110 -0.314280 0.041899
v -0.008585 -0.266907 0.041087
v -0.007766 -0.314052 0.041010
v -0.018666 -0.266600 0.036242
v -0.017863 -0.313744 0.036647
v -0.028355 -0.266452 0.030610
v -0.027593 -0.313410 0.031179
v -0.035040 -0.266343 0.021015
v -0.034658 -0.313072 0.021681
v -0.040341 -0.266099 0.010087
v -0.035627 -0.217311 0.019873
v -0.040683 -0.216957 0.008898
v -0.041676 -0.216733 -0.003115
v -0.041959 -0.265841 -0.001898
v -0.038296 -0.216489 -0.014477
v -0.038661 -0.265462 -0.013685
v -0.032428 -0.216261 -0.025424
v -0.032910 -0.265095 -0.024760
v -0.023932 -0.216084 -0.033533
v -0.024519 -0.264871 -0.033291
v -0.013366 -0.216010 -0.038715
v -0.013751 -0.264732 -0.038695
v -0.002191 -0.216118 -0.042076
v -0.002204 -0.264748 -0.042169
v 0.009650 -0.216430 -0.040614
v 0.009656 -0.264866 -0.040314
v 0.020553 -0.216577 -0.035294
v 0.020591 -0.265011 -0.035282
v 0.030413 -0.216636 -0.028434
v 0.030548 -0.265347 -0.028670
v 0.036420 -0.216699 -0.018328
v 0.030464 -0.169339 -0.027981
v 0.036565 -0.169076 -0.018029
v 0.041291 -0.168906 -0.007559
v 0.041087 -0.216755 -0.007342
v 0.041949 -0.169007 0.003844
v 0.041721 -0.216951 0.004206
v 0.038122 -0.169063 0.014867
v 0.037882 -0.217122 0.015386
v 0.032617 -0.168959 0.025055
v 0.032508 -0.217337 0.025464
v 0.024395 -0.168865 0.033300
v 0.024087 -0.217628 0.033387
v 0.014088 -0.168794 0.038467
v 0.013596 -0.217819 0.038727
v 0.002725 -0.168953 0.041866
v 0.002494 -0.217894 0.042068
v -0.008744 -0.169170 0.040764
v -0.009049 -0.217981 0.040765
v -0.019696 -0.169270 0.035657
v -0.019462 -0.217823 0.035848
v -0.029720 -0.169289 0.029323
v -0.029011 -0.217577 0.029589
v -0.036068 -0.169394 0.019064
v -0.029515 -0.120705 0.029128
v -0.036107 -0.120902 0.018985
v -0.040963 -0.120804 0.007913
v -0.040951 -0.169475 0.008077
v -0.041635 -0.120766 -0.003981
v -0.042040 -0.169631 -0.003779
v -0.037837 -0.120775 -0.015445
v -0.037983 -0.169820 -0.015146
v -0.031962 -0.120786 -0.025938
v -0.032165 -0.169992 -0.025915
v -0.023176 -0.120925 -0.033903
v -0.023579 -0.170200 -0.033732
v -0.012722 -0.121017 -0.038907
v -0.013057 -0.170251 -0.038887
v -0.001298 -0.120946 -0.041888
v -0.001920 -0.170091 -0.042026
v 0.010539 -0.120941 -0.040069
v 0.009896 -0.169927 -0.040451
v 0.021734 -0.120809 -0.034504
v 0.020902 -0.169655 -0.035009
v 0.031220 -0.120678 -0.027638
v 0.022484 -0.072141 -0.033985
v 0.031583 -0.071868 -0.026620
v 0.037156 -0.071759 -0.016822
v 0.036866 -0.120598 -0.017517
v 0.040992 -0.071635 -0.006415
v 0.041065 -0.120364 -0.006967
v 0.041455 -0.071840 0.004701
v 0.041707 -0.120119 0.004122
v 0.037971 -0.072079 0.015200
v 0.038072 -0.119863 0.014976
v 0.032175 -0.072239 0.025176
v 0.032301 -0.119696 0.025071
v 0.024549 -0.072252 0.033083
v 0.024512 -0.119682 0.033117
v 0.014235 -0.072237 0.038166
v 0.014446 -0.119785 0.038185
v 0.003417 -0.072158 0.041670
v 0.003387 -0.119931 0.041763
v -0.008292 -0.072070 0.040982
v -0.008357 -0.120231 0.041174
v -0.019308 -0.072016 0.035919
v -0.019317 -0.120514 0.035898
v -0.029189 -0.072061 0.029257
v -0.019397 -0.023671 0.035801
v -0.029121 -0.023584 0.029339
v -0.035927 -0.023795 0.019325
v -0.035889 -0.072218 0.019390
v -0.040506 -0.023770 0.008069
v -0.040694 -0.072305 0.008284
v -0.041389 -0.023720 -0.003655
v -0.041529 -0.072575 -0.003828
v -0.037907 -0.023813 -0.015244
v -0.037907 -0.072849 -0.015320
v -0.031786 -0.023839 -0.025573
v -0.031902 -0.073004 -0.025857
v -0.023499 -0.023922 -0.033667
v -0.023212 -0.073050 -0.033895
v -0.012529 -0.024110 -0.038878
v -0.012477 -0.072926 -0.038932
v -0.000616 -0.024266 -0.041580
v -0.000670 -0.072717 -0.041745
v 0.011353 -0.024521 -0.039576
v 0.011411 -0.072524 -0.039749
v 0.022466 -0.024635 -0.033944
v 0.010963 0.024567 -0.039896
v 0.021923 0.024356 -0.034309
v 0.031377 0.024161 -0.026773
v 0.031773 -0.024759 -0.026511
v 0.037312 0.023909 -0.016386
v 0.037326 -0.024762 -0.016271
v 0.041254 0.023784 -0.005159
v 0.041298 -0.024274 -0.005524
v 0.041158 0.023515 0.006117
v 0.041461 -0.023825 0.005623
v 0.037273 0.023390 0.016533
v 0.037610 -0.023545 0.015947
v 0.031261 0.023588 0.026198
v 0.031694 -0.023318 0.025520
v 0.023356 0.023877 0.033884
v 0.024070 -0.023252 0.033380
v 0.012962 0.024281 0.038557
v 0.013728 -0.023340 0.038381
v 0.001864 0.024850 0.041266
v 0.003008 -0.023399 0.041555
v -0.009299 0.025233 0.040491
v -0.008393 -0.023600 0.040883
v -0.019578 0.025397 0.035729
v -0.010341 0.072300 0.040377
v -0.020388 0.072218 0.035154
v -0.029653 0.072250 0.028270
v -0.029166 0.025624 0.028493
v -0.036264 0.072166 0.018638
v -0.036117 0.025613 0.018842
v -0.040339 0.072188 0.007638
v -0.040229 0.025778 0.007713
v -0.041225 0.072077 -0.004051
v -0.041056 0.025861 -0.003908
v -0.037917 0.071931 -0.015248
v -0.037913 0.025822 -0.015234
v -0.031686 0.071930 -0.025383
v -0.031746 0.025747 -0.025050
v -0.023138 0.072225 -0.033876
v -0.023455 0.025584 -0.033754
v -0.012396 0.072533 -0.038749
v -0.012666 0.025251 -0.038608
v -0.000829 0.072737 -0.041171
v -0.000942 0.024949 -0.041291
v 0.010813 0.072901 -0.039869
v -0.000543 0.122877 -0.040730
v 0.010898 0.122798 -0.039810
v 0.021212 0.122679 -0.034359
v 0.021582 0.073105 -0.034382
v 0.030878 0.122652 -0.027361
v 0.031095 0.073326 -0.027023
v 0.036982 0.122366 -0.017054
v 0.037150 0.073430 -0.016506
v 0.040590 0.122225 -0.006098
v 0.040795 0.073651 -0.005405
v 0.040779 0.121898 0.005818
v 0.040813 0.073686 0.006133
v 0.037236 0.121566 0.016533
v 0.037331 0.073482 0.016455
v 0.030881 0.121392 0.025934
v 0.031020 0.073313 0.025913
v 0.022909 0.121394 0.034114
v 0.023124 0.072933 0.034031
v 0.012534 0.121366 0.038696
v 0.012584 0.072587 0.038798
v 0.001227 0.121332 0.040968
v 0.001166 0.072454 0.041261
v -0.010333 0.121251 0.040042
v 0.000987 0.169307 0.040847
v -0.010569 0.169355 0.039480
v -0.020750 0.169009 0.034752
v -0.020602 0.121154 0.034888
v -0.030009 0.168663 0.027555
v -0.030136 0.121196 0.027897
v -0.036543 0.168260 0.017826
v -0.036459 0.121248 0.018171
v -0.040494 0.168195 0.007021
v -0.040206 0.121519 0.007112
v -0.040986 0.168332 -0.005150
v -0.040890 0.121705 -0.004714
v -0.037325 0.168676 -0.016303
v -0.037603 0.121878 -0.015887
v -0.030559 0.169059 -0.026411
v -0.030903 0.122123 -0.025808
v -0.021926 0.168597 -0.034505
v -0.023057 0.122484 -0.033953
v -0.011764 0.168223 -0.038839
v -0.011928 0.122756 -0.038685
v -0.000596 0.168497 -0.040966
v -0.014047 0.191268 -0.047337
v -0.000889 0.190391 -0.048185
v 0.011921 0.190079 -0.046307
v 0.010841 0.168631 -0.039691
v 0.024173 0.190454 -0.041342
v 0.020759 0.168601 -0.034891
v 0.035537 0.191639 -0.032812
v 0.030449 0.168236 -0.027374
v 0.045467 0.192120 -0.021663
v 0.036830 0.167394 -0.017408
v 0.050107 0.192993 -0.007864
v 0.040851 0.166387 -0.006449
v 0.050393 0.192702 0.006500
v 0.041203 0.165915 0.005504
v 0.045835 0.192202 0.020249
v 0.037348 0.166523 0.016450
v 0.037445 0.191657 0.031842
v 0.031015 0.167597 0.026185
v 0.026486 0.191613 0.041221
v 0.022424 0.168637 0.034194
v 0.013988 0.190365 0.046435
v 0.012302 0.169117 0.038763
v 0.000790 0.190523 0.048152
v 0.015559 0.200219 0.052575
v 0.000574 0.200046 0.054033
v -0.014435 0.200291 0.052952
v -0.012695 0.190841 0.047436
v -0.027583 0.200644 0.046615
v -0.025073 0.191684 0.042323
v -0.039015 0.200396 0.036368
v -0.036021 0.192214 0.033429
v -0.048809 0.200736 0.024022
v -0.044834 0.192102 0.022102
v -0.053828 0.200906 0.009271
v -0.049400 0.191668 0.008376
v -0.053799 0.201261 -0.006543
v -0.049156 0.192056 -0.006233
v -0.049363 0.201018 -0.021988
v -0.045002 0.191851 -0.020146
v -0.040199 0.200650 -0.035499
v -0.036751 0.191629 -0.032226
v -0.028104 0.200136 -0.046146
v -0.026214 0.191905 -0.042265
v -0.015470 0.199940 -0.052991
v -0.027364 0.213730 -0.046515
v -0.015428 0.213831 -0.053816
v -0.001229 0.213821 -0.054290
v -0.001185 0.199920 -0.053474
v 0.013660 0.213966 -0.053726
v 0.013264 0.200026 -0.052844
v 0.026470 0.214450 -0.046596
v 0.027009 0.200445 -0.046892
v 0.039293 0.215495 -0.036391
v 0.039039 0.201315 -0.036254
v 0.048708 0.217802 -0.023087
v 0.049289 0.202540 -0.023480
v 0.054132 0.220079 -0.008340
v 0.053969 0.203707 -0.008435
v 0.054164 0.220606 0.007912
v 0.054112 0.204279 0.007146
v 0.049597 0.219676 0.022629
v 0.049589 0.204376 0.022080
v 0.040336 0.218158 0.035206
v 0.040836 0.203103 0.035081
v 0.028044 0.215849 0.045234
v 0.028866 0.201024 0.045676
v 0.015201 0.214790 0.053330
v 0.028652 0.241873 0.045701
v 0.015393 0.241271 0.052945
v -0.000399 0.240995 0.054271
v 0.000179 0.213873 0.054293
v -0.015093 0.240551 0.053382
v -0.014361 0.214053 0.053452
v -0.027934 0.240322 0.045705
v -0.027140 0.214498 0.046084
v -0.040154 0.240520 0.036541
v -0.039381 0.214462 0.036381
v -0.050937 0.240648 0.025339
v -0.048519 0.214432 0.023686
v -0.054176 0.240698 0.009945
v -0.054089 0.215152 0.009367
v -0.054203 0.240537 -0.006723
v -0.054202 0.215413 -0.006537
v -0.050943 0.239995 -0.023007
v -0.049438 0.214783 -0.021955
v -0.040738 0.238891 -0.036631
v -0.039795 0.214267 -0.035924
v -0.029954 0.238811 -0.047943
v -0.035431 0.267260 -0.030859
v -0.024829 0.266504 -0.039134
v -0.012686 0.265919 -0.044264
v -0.015474 0.238659 -0.053524
v 0.000986 0.266150 -0.046479
v 0.000204 0.238933 -0.054278
v 0.014257 0.265438 -0.043978
v 0.015623 0.238762 -0.053250
v 0.025742 0.265646 -0.039399
v 0.029621 0.239246 -0.048176
v 0.035502 0.266241 -0.032085
v 0.040362 0.239991 -0.036679
v 0.041853 0.265072 -0.020860
v 0.050998 0.241806 -0.024856
v 0.045867 0.265130 -0.007748
v 0.054251 0.243185 -0.008610
v 0.045766 0.265905 0.007498
v 0.054163 0.244434 0.008648
v 0.040975 0.266582 0.020400
v 0.050029 0.244288 0.024102
v 0.034797 0.268291 0.031316
v 0.040699 0.243101 0.036630
v 0.024691 0.267973 0.037942
v 0.023890 0.290661 0.021531
v 0.017601 0.291075 0.026495
v 0.009776 0.291364 0.030126
v 0.012942 0.267645 0.042498
v -0.000121 0.291645 0.031335
v -0.000317 0.268120 0.045309
v -0.009230 0.291777 0.030252
v -0.012940 0.267905 0.042851
v -0.016862 0.291342 0.026487
v -0.024309 0.268246 0.038346
v -0.023122 0.292153 0.021841
v -0.033869 0.269062 0.031445
v -0.027611 0.292013 0.015062
v -0.039607 0.267824 0.020924
v -0.030697 0.291678 0.006719
v -0.044162 0.267423 0.008944
v -0.031147 0.291266 -0.003199
v -0.045161 0.267136 -0.005254
v -0.029034 0.290754 -0.012650
v -0.041489 0.266726 -0.018716
v -0.024279 0.290747 -0.020956
v -0.028435 0.314802 -0.013596
v -0.025063 0.313710 -0.020967
v -0.019282 0.313637 -0.025861
v -0.017945 0.290492 -0.026731
v -0.011839 0.313945 -0.029299
v -0.009566 0.290066 -0.030654
v -0.002291 0.314268 -0.030381
v -0.000048 0.290339 -0.031992
v 0.008798 0.313998 -0.028867
v 0.009806 0.289879 -0.030704
v 0.017473 0.312923 -0.026243
v 0.017966 0.289521 -0.027034
v 0.023708 0.312623 -0.021588
v 0.024192 0.289429 -0.021700
v 0.027773 0.313224 -0.014833
v 0.028972 0.289320 -0.014409
v 0.030265 0.314134 -0.005525
v 0.031899 0.289184 -0.005237
v 0.029781 0.314530 0.005842
v 0.031760 0.289871 0.005278
v 0.027648 0.314383 0.015117
v 0.028566 0.290176 0.014289
v 0.024125 0.313731 0.021517
v 0.037811 0.331635 0.023165
v 0.033889 0.329447 0.030773
v 0.026920 0.330605 0.036782
v 0.018460 0.314497 0.026479
v 0.018544 0.333987 0.039846
v 0.011101 0.315433 0.029639
v 0.001953 0.336830 0.041808
v 0.000811 0.316830 0.030936
v -0.016244 0.335245 0.040694
v -0.010038 0.316271 0.029692
v -0.026057 0.332130 0.038006
v -0.017956 0.315161 0.027287
v -0.033583 0.330564 0.032665
v -0.024205 0.314885 0.023050
v -0.038327 0.332452 0.025178
v -0.028263 0.315425 0.016780
v -0.040931 0.335559 0.013935
v -0.030405 0.316006 0.008270
v -0.041210 0.335945 -0.005499
v -0.030281 0.316268 -0.003174
v -0.038790 0.332524 -0.020627
v -0.049700 0.348590 -0.007265
v -0.047726 0.345812 -0.028991
v -0.044496 0.342948 -0.038728
v -0.034979 0.329645 -0.028742
v -0.038490 0.342951 -0.044447
v -0.028312 0.329394 -0.035308
v -0.029581 0.345290 -0.047366
v -0.020050 0.332152 -0.038521
v -0.009911 0.347264 -0.048808
v -0.006535 0.334339 -0.040145
v 0.016248 0.345206 -0.047395
v 0.011987 0.332794 -0.039100
v 0.031788 0.341656 -0.044621
v 0.023889 0.329082 -0.036275
v 0.040447 0.339975 -0.038874
v 0.032389 0.327111 -0.030561
v 0.045264 0.342298 -0.029346
v 0.037044 0.330010 -0.021616
v 0.047574 0.345452 -0.011461
v 0.039740 0.333716 -0.008409
v 0.048598 0.346975 0.016637
v 0.040226 0.334526 0.010981
v 0.046899 0.344934 0.034007
v 0.054605 0.355274 0.019696
v 0.042830 0.343445 0.041676
v 0.036614 0.344657 0.046339
v 0.029575 0.356490 0.055854
v 0.025558 0.347317 0.048806
v 0.003135 0.356409 0.055733
v 0.002494 0.348696 0.049783
v -0.025301 0.356332 0.055488
v -0.022488 0.347948 0.049241
v -0.036316 0.345400 0.047076
v -0.043717 0.343758 0.042519
v -0.047700 0.345862 0.034575
v -0.055931 0.356752 0.021177
v -0.049561 0.348402 0.019223
v -0.055254 0.356119 -0.008282
v -0.063049 0.361331 0.022048
v -0.061660 0.361125 -0.008945
v -0.060973 0.360491 -0.037153
v -0.053850 0.354294 -0.034372
v -0.070069 0.362453 -0.008861
v -0.071218 0.362533 -0.038124
v -0.076222 0.362624 -0.061431
v -0.080598 0.362662 -0.038659
v -0.086795 0.362691 -0.063916
v -0.091670 0.362716 -0.082860
v -0.082276 0.362685 -0.080494
v -0.085032 0.362702 -0.090347
v -0.066612 0.362680 -0.084360
v -0.086164 0.362750 -0.097452
v -0.068716 0.362713 -0.092485
v -0.040918 0.362678 -0.084318
v -0.040142 0.362554 -0.073932
v -0.013966 0.362647 -0.078578
v -0.013077 0.362438 -0.068923
v -0.012746 0.360584 -0.060761
v 0.019084 0.362184 -0.065843
v 0.018890 0.359208 -0.058621
v 0.017987 0.353789 -0.053403
v -0.011587 0.355048 -0.054370
v 0.040937 0.354656 -0.054178
v 0.037495 0.349678 -0.050304
v 0.049960 0.352614 -0.048540
v 0.046633 0.347570 -0.045052
v 0.054271 0.354837 -0.038298
v 0.050764 0.350207 -0.035379
v 0.058114 0.358878 -0.012836
v 0.053358 0.353778 -0.012531
v 0.060836 0.360600 0.020846
v 0.064786 0.362001 -0.013521
v 0.069382 0.362407 0.021563
v 0.075640 0.362594 0.050757
v 0.078730 0.362650 0.023482
v 0.086630 0.362708 0.053201
v 0.095016 0.362837 0.076016
v 0.082861 0.362682 0.071653
v 0.100122 0.363594 0.088322
v 0.091218 0.362762 0.087095
v 0.103220 0.364469 0.095576
v 0.094587 0.362863 0.094643
v 0.081845 0.362719 0.092076
v 0.083347 0.362788 0.097916
v 0.061789 0.362740 0.093909
v 0.058952 0.362687 0.086450
v 0.034557 0.362700 0.089766
v 0.033396 0.362664 0.081200
v 0.032575 0.362549 0.072270
v 0.003863 0.362648 0.079652
v 0.003940 0.362452 0.070925
v 0.003671 0.361024 0.062529
v 0.031237 0.361426 0.062848
v -0.026588 0.362554 0.072005
v -0.026093 0.361432 0.062706
v -0.052489 0.362636 0.076039
v -0.026733 0.362661 0.080942
v -0.053536 0.362685 0.085567
v -0.076187 0.362703 0.090632
v -0.074251 0.362684 0.082182
v -0.088106 0.362707 0.093466
v -0.086460 0.362688 0.085547
v -0.082507 0.362678 0.071339
v -0.093923 0.362690 0.087048
v -0.090296 0.362677 0.073046
v -0.085010 0.362668 0.049294
v -0.075706 0.362597 0.047385
v -0.080793 0.362662 0.023711
v -0.072028 0.362546 0.022885
v -0.078282 0.362636 -0.008231
v -0.089355 0.362682 0.024515
v -0.087424 0.362672 -0.008150
v -0.089379 0.362701 -0.039209
v -0.095833 0.362653 -0.008040
v -0.097263 0.362780 -0.040582
v -0.100870 0.362895 -0.067147
v -0.094090 0.362745 -0.065483
v -0.103733 0.362978 -0.084543
v -0.097941 0.362796 -0.083795
v -0.106362 0.365005 -0.068818
v -0.107295 0.366443 -0.085207
v -0.107601 0.367360 -0.095371
v -0.108782 0.371509 -0.085856
v -0.108642 0.371552 -0.095892
v -0.104655 0.371490 -0.104512
v -0.104693 0.367776 -0.104490
v -0.097236 0.370981 -0.109381
v -0.096937 0.366902 -0.108666
v -0.088093 0.370664 -0.109190
v -0.087570 0.365679 -0.107729
v -0.086919 0.362845 -0.103364
v -0.072626 0.364153 -0.106092
v -0.070527 0.362778 -0.099482
v -0.047088 0.362859 -0.102052
v -0.044117 0.362725 -0.093644
v -0.016139 0.362748 -0.097953
v -0.014734 0.362687 -0.088785
v 0.017322 0.362711 -0.094834
v 0.017588 0.362677 -0.085002
v 0.018805 0.362614 -0.074754
v 0.046985 0.362672 -0.083379
v 0.047735 0.362727 -0.093716
v 0.072225 0.362692 -0.094719
v 0.070452 0.362683 -0.086454
v 0.088827 0.362712 -0.095994
v 0.088140 0.362713 -0.088997
v 0.086506 0.362702 -0.077685
v 0.097822 0.362951 -0.089572
v 0.096374 0.362866 -0.078956
v 0.094783 0.362788 -0.054497
v 0.082630 0.362672 -0.051762
v 0.094832 0.362811 -0.013553
v 0.084220 0.362678 -0.014164
v 0.073374 0.362594 -0.014870
v 0.088595 0.362727 0.025911
v 0.098517 0.363149 0.027109
v 0.105487 0.366315 0.059476
v 0.096391 0.363072 0.055930
v 0.108576 0.371431 0.079008
v 0.103768 0.364790 0.077632
v 0.108839 0.373947 0.090102
v 0.106541 0.367466 0.089357
v 0.107916 0.374994 0.097903
v 0.106773 0.369185 0.096918
v 0.104730 0.375483 0.104768
v 0.105338 0.369934 0.103692
v 0.096687 0.375871 0.109439
v 0.097156 0.370256 0.109278
v 0.086689 0.376342 0.109387
v 0.086076 0.370536 0.109184
v 0.085491 0.365520 0.107553
v 0.069183 0.369915 0.109095
v 0.066806 0.364606 0.106584
v 0.064421 0.362896 0.100702
v 0.084411 0.362917 0.103321
v 0.038440 0.363181 0.104658
v 0.036294 0.362795 0.097536
v 0.004437 0.363156 0.103891
v 0.004084 0.362774 0.096374
v 0.003866 0.362695 0.088421
v -0.028039 0.362779 0.097361
v -0.027109 0.362699 0.089555
v -0.057073 0.362860 0.100224
v -0.055160 0.362729 0.093083
v -0.078264 0.362842 0.103051
v -0.077248 0.362754 0.096982
v -0.089340 0.363287 0.105106
v -0.088758 0.362744 0.099581
v -0.079217 0.365653 0.107693
v -0.089824 0.366604 0.108481
v -0.097727 0.366871 0.108424
v -0.090220 0.371132 0.109182
v -0.098294 0.371124 0.108449
v -0.105024 0.370992 0.104080
v -0.104561 0.367221 0.103957
v -0.109418 0.370501 0.097303
v -0.108411 0.366551 0.096896
v -0.109211 0.370629 0.089039
v -0.108058 0.365984 0.088573
v -0.104772 0.363058 0.088105
v -0.107264 0.365287 0.076693
v -0.102629 0.362678 0.075527
v -0.096668 0.362676 0.074317
v -0.099507 0.362698 0.087672
v -0.099734 0.362645 0.053359
v -0.092684 0.362667 0.051198
v -0.097046 0.362699 0.025406
v -0.105959 0.364210 0.055574
v -0.104062 0.362742 0.026695
v -0.102935 0.362581 -0.008255
v -0.108652 0.368047 0.028612
v -0.107335 0.367714 -0.008532
v -0.108139 0.368835 -0.044213
v -0.104034 0.363219 -0.042072
v -0.108719 0.370643 -0.070435
v -0.109233 0.375616 -0.046707
v -0.109343 0.376658 -0.072147
v -0.109288 0.376724 -0.086368
v -0.109241 0.383009 -0.073727
v -0.109230 0.382699 -0.086692
v -0.108660 0.382362 -0.096478
v -0.108796 0.376409 -0.096331
v -0.104805 0.382392 -0.104493
v -0.104792 0.376282 -0.104672
v -0.097779 0.382463 -0.109496
v -0.097661 0.376176 -0.109506
v -0.088809 0.382493 -0.109291
v -0.088516 0.376170 -0.109387
v -0.077208 0.382636 -0.109268
v -0.075819 0.375840 -0.109375
v -0.074348 0.369459 -0.108984
v -0.053948 0.374139 -0.109323
v -0.050403 0.366977 -0.108679
v -0.020389 0.371374 -0.109273
v -0.018040 0.364209 -0.106171
v 0.018335 0.369269 -0.108926
v 0.017699 0.362801 -0.103519
v 0.052201 0.368128 -0.108901
v 0.049638 0.362932 -0.102599
v 0.075800 0.366924 -0.108478
v 0.074087 0.362694 -0.102377
v 0.055423 0.376701 -0.109384
v 0.077344 0.374992 -0.109347
v 0.059237 0.385997 -0.109064
v 0.078592 0.384218 -0.109185
v 0.090142 0.381444 -0.109227
v 0.081255 0.404676 -0.105881
v 0.090318 0.404895 -0.106481
v 0.098259 0.404427 -0.106622
v 0.099527 0.379051 -0.108146
v 0.103108 0.402844 -0.102345
v 0.106513 0.374820 -0.103173
v 0.105859 0.400532 -0.097681
v 0.108650 0.366476 -0.096817
v 0.104894 0.364486 -0.096323
v 0.108659 0.366568 -0.089560
v 0.104157 0.364090 -0.089589
v 0.098927 0.363023 -0.096130
v 0.108745 0.366670 -0.079755
v 0.103335 0.363916 -0.079442
v 0.108963 0.367002 -0.058190
v 0.102826 0.363506 -0.056176
v 0.109311 0.368152 -0.017111
v 0.103297 0.363654 -0.013973
v 0.109323 0.378831 0.033516
v 0.106664 0.367558 0.029400
v 0.108811 0.386974 0.066827
v 0.109328 0.375710 0.062787
v 0.108090 0.389622 0.081471
v 0.109304 0.379772 0.080336
v 0.107567 0.390514 0.090888
v 0.108994 0.381190 0.090583
v 0.106935 0.390773 0.098371
v 0.108479 0.381666 0.098452
v 0.102391 0.390949 0.104479
v 0.104021 0.382196 0.105480
v 0.095341 0.391010 0.107525
v 0.096069 0.382225 0.109394
v 0.086713 0.390858 0.107668
v 0.087037 0.382697 0.109257
v 0.075497 0.390739 0.107682
v 0.073465 0.383159 0.109191
v 0.071390 0.376314 0.109374
v 0.047180 0.382423 0.109317
v 0.043865 0.375233 0.109362
v 0.040900 0.368287 0.109023
v 0.005283 0.374664 0.109360
v 0.004823 0.367703 0.109031
v -0.033682 0.375252 0.109356
v -0.031325 0.368277 0.108992
v -0.029510 0.363144 0.104529
v -0.061418 0.369967 0.109074
v -0.059129 0.364493 0.106460
v -0.080026 0.370925 0.109193
v -0.063932 0.376458 0.109372
v -0.080760 0.376727 0.109373
v -0.090560 0.376458 0.109347
v -0.081388 0.383171 0.109236
v -0.090737 0.382856 0.109202
v -0.098795 0.382722 0.108174
v -0.098559 0.376213 0.108587
v -0.105214 0.382625 0.103987
v -0.105323 0.376029 0.104181
v -0.109486 0.382363 0.097636
v -0.109503 0.375687 0.097664
v -0.109337 0.382188 0.089798
v -0.109394 0.375653 0.089453
v -0.109284 0.382477 0.079896
v -0.109379 0.376106 0.078913
v -0.109144 0.370411 0.077811
v -0.109376 0.376082 0.060569
v -0.108937 0.369629 0.057984
v -0.109370 0.375052 0.031046
v -0.109263 0.382899 0.063441
v -0.109308 0.382140 0.034363
v -0.109306 0.381808 -0.009179
v -0.109103 0.374540 -0.008876
v -0.109334 0.382366 -0.050042
v -0.108548 0.389456 -0.009305
v -0.108141 0.389791 -0.054113
v -0.107866 0.390367 -0.075351
v -0.105909 0.404580 -0.059498
v -0.106262 0.407620 -0.078493
v -0.107127 0.410149 -0.088371
v -0.107807 0.390334 -0.086977
v -0.107645 0.411568 -0.096196
v -0.107176 0.390474 -0.095409
v -0.105681 0.411786 -0.103256
v -0.103617 0.390849 -0.102673
v -0.099357 0.411642 -0.107819
v -0.097290 0.391049 -0.107225
v -0.091614 0.411051 -0.107231
v -0.089078 0.390456 -0.107910
v -0.082884 0.408737 -0.106525
v -0.079091 0.390063 -0.107985
v -0.067489 0.404339 -0.105882
v -0.061651 0.389274 -0.108119
v -0.057723 0.381703 -0.109293
v -0.027250 0.387797 -0.108466
v -0.023247 0.379688 -0.109328
v 0.020488 0.386708 -0.108844
v 0.019167 0.378002 -0.109366
v -0.036571 0.402660 -0.105840
v 0.026507 0.401595 -0.105605
v 0.064793 0.401675 -0.105639
v 0.030920 0.443450 -0.111653
v 0.072745 0.443379 -0.111643
v 0.088493 0.448170 -0.112591
v 0.083216 0.517079 -0.125855
v 0.098606 0.517112 -0.125858
v 0.108299 0.517625 -0.125960
v 0.097564 0.450949 -0.114239
v 0.117485 0.517868 -0.125918
v 0.105816 0.451479 -0.115983
v 0.125128 0.517902 -0.123551
v 0.112401 0.451701 -0.112554
v 0.126122 0.518992 -0.116687
v 0.115973 0.451888 -0.105376
v 0.126424 0.519862 -0.108221
v 0.114277 0.451604 -0.097591
v 0.106055 0.399292 -0.090399
v 0.112791 0.449996 -0.088727
v 0.105773 0.397923 -0.081313
v 0.112579 0.449209 -0.073672
v 0.106709 0.393961 -0.064911
v 0.112909 0.451271 -0.026671
v 0.106472 0.394762 -0.021005
v 0.112720 0.450116 0.050915
v 0.105554 0.400227 0.043017
v 0.112799 0.450574 0.079198
v 0.106018 0.405895 0.071123
v 0.113698 0.454690 0.092047
v 0.106736 0.410548 0.084459
v 0.115555 0.455817 0.100623
v 0.107987 0.412109 0.092640
v 0.117009 0.455653 0.108283
v 0.108524 0.412352 0.099931
v 0.112054 0.455765 0.114336
v 0.103785 0.412822 0.105615
v 0.104520 0.455813 0.116433
v 0.096928 0.412754 0.108113
v 0.096354 0.455364 0.114606
v 0.089079 0.412047 0.107161
v 0.086852 0.453242 0.113348
v 0.079344 0.410060 0.106574
v 0.068399 0.448968 0.112542
v 0.058930 0.405778 0.106080
v 0.051169 0.390061 0.107975
v 0.009020 0.404782 0.105985
v 0.006362 0.389495 0.108260
v 0.005844 0.381948 0.109343
v -0.040579 0.389662 0.108037
v -0.036432 0.382448 0.109312
v -0.069208 0.390506 0.107739
v -0.066762 0.383124 0.109176
v -0.082442 0.390790 0.107773
v -0.073794 0.407356 0.106234
v -0.084976 0.409829 0.106711
v -0.092454 0.411946 0.107740
v -0.090678 0.391045 0.107630
v -0.099344 0.412515 0.107097
v -0.097501 0.391368 0.106547
v -0.104978 0.412621 0.104035
v -0.103811 0.391026 0.102711
v -0.108269 0.412291 0.098670
v -0.107851 0.391203 0.097102
v -0.107352 0.411325 0.091800
v -0.107895 0.390939 0.089992
v -0.106628 0.409494 0.083872
v -0.107888 0.390762 0.081102
v -0.106107 0.406578 0.071270
v -0.108123 0.390295 0.066606
v -0.105791 0.403801 0.047295
v -0.108324 0.389239 0.038475
v -0.105753 0.403463 -0.011776
v -0.112143 0.446621 0.057890
v -0.112255 0.447286 -0.013267
v -0.112268 0.447321 -0.067650
v -0.126695 0.521323 -0.013602
v -0.126164 0.518634 -0.078369
v -0.125960 0.517619 -0.096785
v -0.113265 0.453260 -0.086279
v -0.125723 0.516406 -0.106240
v -0.114505 0.455551 -0.096165
v -0.125592 0.515884 -0.114754
v -0.116477 0.456136 -0.104260
v -0.125320 0.515226 -0.122150
v -0.114721 0.456146 -0.111738
v -0.118511 0.515653 -0.125475
v -0.108233 0.456238 -0.115676
v -0.110196 0.516129 -0.125720
v -0.100080 0.455256 -0.115395
v -0.101200 0.516585 -0.125801
v -0.091503 0.452791 -0.113359
v -0.087983 0.516872 -0.125811
v -0.076909 0.446536 -0.112143
v -0.050476 0.518625 -0.126164
v -0.044809 0.444332 -0.111794
v 0.033246 0.519070 -0.126245
v -0.049161 0.597207 -0.140238
v 0.031292 0.598519 -0.140412
v 0.090860 0.593697 -0.139769
v 0.025429 0.660476 -0.151523
v 0.085312 0.654461 -0.150134
v 0.115463 0.645655 -0.148114
v 0.108828 0.587761 -0.139005
v 0.127951 0.639314 -0.147178
v 0.118986 0.584830 -0.139022
v 0.137002 0.634157 -0.148014
v 0.128050 0.582910 -0.138840
v 0.144671 0.632810 -0.144582
v 0.135139 0.582307 -0.134079
v 0.148573 0.634785 -0.137075
v 0.138474 0.583795 -0.127794
v 0.147823 0.640240 -0.128374
v 0.138875 0.586655 -0.119176
v 0.148466 0.646996 -0.116887
v 0.139336 0.590399 -0.109469
v 0.126499 0.520275 -0.098666
v 0.140134 0.596432 -0.090774
v 0.126785 0.521758 -0.083495
v 0.141025 0.603136 -0.029057
v 0.127447 0.525006 -0.029759
v 0.140921 0.602349 0.052069
v 0.127267 0.524157 0.054879
v 0.140227 0.597098 0.097508
v 0.126512 0.520372 0.089203
v 0.139396 0.590015 0.112062
v 0.126522 0.520446 0.101961
v 0.139389 0.586757 0.121042
v 0.126254 0.519237 0.110888
v 0.139271 0.584453 0.129347
v 0.125744 0.517801 0.119188
v 0.133956 0.584120 0.135555
v 0.122717 0.517130 0.125450
v 0.126326 0.585739 0.138453
v 0.115437 0.518112 0.126002
v 0.117669 0.588613 0.139132
v 0.106855 0.519145 0.126282
v 0.106461 0.592307 0.139595
v 0.096645 0.519375 0.126311
v 0.083303 0.599173 0.140499
v 0.078613 0.521783 0.126795
v 0.010899 0.604739 0.141238
v 0.010911 0.525315 0.127505
v 0.010757 0.449667 0.112651
v -0.066653 0.522010 0.126840
v -0.058859 0.448880 0.112529
v -0.049632 0.405039 0.105983
v -0.080891 0.450628 0.112810
v -0.091419 0.519260 0.126289
v -0.102303 0.520765 0.126594
v -0.092029 0.454826 0.113820
v -0.110342 0.519804 0.126386
v -0.100152 0.456456 0.115486
v -0.117731 0.518833 0.126109
v -0.107418 0.456795 0.116862
v -0.123732 0.517982 0.125261
v -0.113076 0.456964 0.113492
v -0.125994 0.517922 0.118345
v -0.116091 0.456124 0.107078
v -0.126047 0.518054 0.110622
v -0.115274 0.455186 0.099721
v -0.126016 0.517719 0.102096
v -0.113478 0.453049 0.091433
v -0.125726 0.516389 0.091255
v -0.112504 0.448788 0.080140
v -0.126277 0.519216 0.066717
v -0.139728 0.593375 0.101408
v -0.140283 0.597557 0.068091
v -0.140627 0.600141 -0.012253
v -0.151492 0.660345 0.059543
v -0.151834 0.661822 -0.009489
v -0.151038 0.658378 -0.075572
v -0.139690 0.593095 -0.082760
v -0.148853 0.648880 -0.111918
v -0.138808 0.586342 -0.106036
v -0.147644 0.642216 -0.126592
v -0.138496 0.582839 -0.116976
v -0.147949 0.636909 -0.136289
v -0.137899 0.580213 -0.126159
v -0.144673 0.634657 -0.145032
v -0.133917 0.579224 -0.133674
v -0.136766 0.635796 -0.148709
v -0.127464 0.579807 -0.138197
v -0.128510 0.639821 -0.147697
v -0.119508 0.582568 -0.138317
v -0.118092 0.644301 -0.147872
v -0.110606 0.585811 -0.138716
v -0.094997 0.653521 -0.149916
v -0.095876 0.591885 -0.139527
v -0.042136 0.660165 -0.151451
v -0.089752 0.675450 -0.154892
v -0.037925 0.677606 -0.155369
v 0.021747 0.677981 -0.155451
v -0.036067 0.687526 -0.156671
v 0.019386 0.687941 -0.156690
v 0.072375 0.687151 -0.156650
v 0.078208 0.676600 -0.155196
v 0.110178 0.684894 -0.156491
v 0.113543 0.673378 -0.154438
v 0.132655 0.682077 -0.156047
v 0.131376 0.670533 -0.153553
v 0.145218 0.680048 -0.155125
v 0.142197 0.667522 -0.152939
v 0.153522 0.678998 -0.152240
v 0.150596 0.665862 -0.150155
v 0.155358 0.680723 -0.143988
v 0.153498 0.667640 -0.141771
v 0.156296 0.682679 -0.133915
v 0.154387 0.670139 -0.132376
v 0.156509 0.685170 -0.115519
v 0.154492 0.673371 -0.116538
v 0.156549 0.688025 -0.076193
v 0.155148 0.676694 -0.080299
v 0.150748 0.657127 -0.086805
v 0.155680 0.679089 -0.022727
v 0.151975 0.662430 -0.024975
v 0.155707 0.679229 0.037684
v 0.151886 0.662054 0.043121
v 0.155467 0.677982 0.089750
v 0.150526 0.656160 0.095370
v 0.155095 0.676257 0.119805
v 0.148657 0.648059 0.119171
v 0.154149 0.674151 0.135114
v 0.147776 0.642614 0.130244
v 0.153924 0.671942 0.145276
v 0.149266 0.638587 0.139004
v 0.148949 0.671194 0.152872
v 0.143950 0.638016 0.146154
v 0.139473 0.673042 0.154701
v 0.135089 0.640339 0.148743
v 0.127877 0.674931 0.154905
v 0.125670 0.645521 0.148499
v 0.106880 0.677029 0.155235
v 0.110416 0.652368 0.149657
v 0.065858 0.679023 0.155671
v 0.074019 0.660517 0.151532
v 0.006968 0.679883 0.155865
v 0.008617 0.663323 0.152183
v -0.051110 0.679603 0.155706
v -0.057936 0.661691 0.151803
v -0.067671 0.600794 0.140714
v -0.102091 0.654668 0.150182
v -0.100760 0.596131 0.140101
v -0.120718 0.646623 0.148377
v -0.112567 0.590135 0.139405
v -0.129965 0.641938 0.147970
v -0.120511 0.586734 0.139370
v -0.137946 0.638670 0.149059
v -0.127975 0.584179 0.139236
v -0.144511 0.637232 0.146327
v -0.133716 0.583411 0.135432
v -0.148354 0.638274 0.139310
v -0.137319 0.584433 0.129531
v -0.148540 0.641326 0.131239
v -0.138751 0.586271 0.122159
v -0.148339 0.646027 0.122346
v -0.139135 0.588874 0.113606
v -0.149893 0.653405 0.104392
v -0.154809 0.674485 0.125022
v -0.155107 0.676298 0.101575
v -0.155472 0.678222 0.054382
v -0.156701 0.687619 0.098276
v -0.156794 0.688891 0.051183
v -0.156849 0.689038 -0.006787
v -0.155563 0.678601 -0.007682
v -0.156828 0.687928 -0.064182
v -0.155322 0.677402 -0.068922
v -0.156456 0.686368 -0.106295
v -0.154829 0.675126 -0.109617
v -0.156380 0.684556 -0.131549
v -0.154161 0.672626 -0.130270
v -0.155418 0.682716 -0.145558
v -0.153390 0.670199 -0.142329
v -0.151573 0.681153 -0.154692
v -0.150020 0.668063 -0.152169
v -0.142751 0.682089 -0.155750
v -0.141628 0.669138 -0.153958
v -0.132303 0.682740 -0.156375
v -0.132070 0.670811 -0.154514
v -0.115640 0.683976 -0.156369
v -0.117343 0.673057 -0.154416
v -0.085415 0.685810 -0.156481
v -0.113231 0.691636 -0.157316
v -0.082215 0.693436 -0.157674
v -0.034958 0.694846 -0.158130
v -0.079840 0.699754 -0.160119
v -0.034458 0.700827 -0.160864
v 0.015743 0.701174 -0.161100
v 0.017385 0.695211 -0.158271
v 0.064293 0.700877 -0.160912
v 0.067879 0.694680 -0.158063
v 0.105662 0.699433 -0.159952
v 0.107715 0.692800 -0.157526
v 0.134498 0.695241 -0.158756
v 0.133674 0.689208 -0.157073
v 0.150184 0.691427 -0.157091
v 0.147672 0.686521 -0.156011
v 0.156495 0.690301 -0.153263
v 0.155586 0.685794 -0.152691
v 0.157510 0.692669 -0.146502
v 0.156393 0.687817 -0.145332
v 0.158825 0.696586 -0.135763
v 0.156918 0.690310 -0.135098
v 0.160966 0.700985 -0.113926
v 0.157895 0.693876 -0.114768
v 0.163451 0.703548 -0.071933
v 0.158896 0.696780 -0.073688
v 0.164507 0.704168 -0.020420
v 0.159405 0.697970 -0.020578
v 0.156840 0.689657 -0.021284
v 0.159403 0.697984 0.032436
v 0.156823 0.689798 0.034153
v 0.159217 0.697643 0.082747
v 0.156899 0.689086 0.085786
v 0.158731 0.696358 0.116712
v 0.156639 0.687761 0.118162
v 0.158103 0.694538 0.138484
v 0.156382 0.686119 0.136658
v 0.157232 0.691997 0.151327
v 0.155720 0.684454 0.149162
v 0.152235 0.691574 0.156958
v 0.150911 0.684257 0.155126
v 0.142964 0.693181 0.157709
v 0.141439 0.685583 0.156315
v 0.127089 0.694828 0.158155
v 0.127775 0.686274 0.156502
v 0.099142 0.695788 0.158500
v 0.102809 0.687640 0.156641
v 0.056188 0.697376 0.159178
v 0.060038 0.689475 0.156922
v 0.004941 0.697890 0.159372
v 0.005511 0.690169 0.157006
v -0.044446 0.698204 0.159544
v -0.047131 0.690270 0.157174
v -0.089907 0.696684 0.158870
v -0.093135 0.688384 0.156772
v -0.097493 0.677357 0.155289
v -0.121154 0.686492 0.156576
v -0.122030 0.674882 0.154807
v -0.137331 0.685459 0.156311
v -0.135233 0.672976 0.153845
v -0.146969 0.684313 0.155674
v -0.143793 0.671092 0.153613
v -0.153260 0.683410 0.154610
v -0.151021 0.669891 0.152606
v -0.155571 0.684447 0.148078
v -0.153708 0.670707 0.144733
v -0.156433 0.685828 0.139599
v -0.154823 0.672455 0.135964
v -0.156660 0.686861 0.125608
v -0.157867 0.693848 0.141833
v -0.158299 0.695271 0.125470
v -0.158610 0.696259 0.095829
v -0.162061 0.702301 0.125425
v -0.162841 0.703079 0.094018
v -0.163405 0.703498 0.048215
v -0.159004 0.697215 0.049407
v -0.163095 0.703439 -0.004946
v -0.158959 0.697192 -0.005718
v -0.162097 0.702444 -0.058609
v -0.158562 0.695959 -0.061029
v -0.160717 0.700794 -0.101955
v -0.157988 0.694202 -0.103746
v -0.159556 0.698294 -0.131494
v -0.157421 0.692199 -0.131507
v -0.158047 0.694533 -0.150005
v -0.156605 0.689508 -0.147903
v -0.152558 0.693471 -0.157672
v -0.152325 0.688405 -0.156096
v -0.143922 0.694993 -0.158436
v -0.143411 0.689441 -0.156807
v -0.131464 0.696327 -0.158961
v -0.131755 0.690369 -0.157091
v -0.111589 0.697759 -0.159774
v -0.131023 0.701190 -0.162426
v -0.110237 0.702217 -0.164046
v -0.078262 0.703868 -0.164919
v -0.109159 0.704452 -0.170106
v -0.077253 0.704727 -0.171846
v -0.034501 0.704798 -0.173059
v -0.034356 0.704270 -0.166023
v 0.013278 0.704748 -0.173267
v 0.014364 0.704264 -0.166360
v 0.059376 0.704755 -0.173110
v 0.061518 0.704241 -0.166154
v 0.102048 0.704756 -0.172514
v 0.103640 0.703894 -0.165030
v 0.135415 0.704505 -0.171064
v 0.135060 0.701042 -0.162369
v 0.161067 0.704468 -0.169713
v 0.169480 0.704713 -0.154815
v 0.160782 0.700509 -0.149524
v 0.153420 0.697052 -0.158674
v 0.157741 0.693613 -0.153412
v 0.158851 0.696446 -0.147840
v 0.168730 0.704628 -0.137076
v 0.161658 0.701853 -0.136122
v 0.176449 0.704841 -0.112690
v 0.167752 0.704632 -0.113202
v 0.181383 0.704876 -0.069609
v 0.171898 0.704847 -0.070722
v 0.181706 0.704864 -0.020545
v 0.172764 0.704767 -0.020703
v 0.181901 0.704874 0.029159
v 0.172476 0.704806 0.030037
v 0.163941 0.704178 0.031241
v 0.171756 0.704814 0.078300
v 0.163610 0.703942 0.080242
v 0.170997 0.704691 0.113111
v 0.162587 0.703249 0.114917
v 0.180682 0.704874 0.076633
v 0.180272 0.704852 0.111863
v 0.180879 0.704854 0.136812
v 0.189391 0.704883 0.110486
v 0.190638 0.704884 0.136140
v 0.195318 0.704900 0.159135
v 0.184150 0.704876 0.158441
v 0.201872 0.704949 0.182208
v 0.193700 0.704894 0.181799
v 0.206588 0.705023 0.197375
v 0.199284 0.704927 0.196456
v 0.189929 0.704896 0.194675
v 0.170618 0.704887 0.189778
v 0.201972 0.704981 0.203663
v 0.191963 0.704924 0.201830
v 0.173059 0.704904 0.198747
v 0.150288 0.704893 0.195789
v 0.149392 0.704878 0.186172
v 0.192908 0.705020 0.207569
v 0.174803 0.704968 0.205791
v 0.151522 0.704950 0.204100
v 0.176346 0.705349 0.212253
v 0.153152 0.705179 0.211486
v 0.125062 0.705171 0.211255
v 0.124829 0.704950 0.203463
v 0.125311 0.704893 0.194930
v 0.090117 0.704952 0.203745
v 0.090780 0.704895 0.195503
v 0.092151 0.704878 0.186441
v 0.125667 0.704875 0.185690
v 0.092767 0.704826 0.177520
v 0.125514 0.704799 0.176444
v 0.148122 0.704808 0.175437
v 0.125824 0.704485 0.167951
v 0.145730 0.704226 0.165603
v 0.126271 0.701321 0.161185
v 0.143902 0.699492 0.160157
v 0.094242 0.704592 0.169242
v 0.096517 0.702413 0.161963
v 0.051937 0.704693 0.170169
v 0.053701 0.703415 0.162791
v 0.004113 0.704748 0.170432
v 0.004420 0.703765 0.163195
v -0.041715 0.704747 0.170509
v -0.042792 0.704255 0.163723
v -0.084980 0.704690 0.170052
v -0.086970 0.703157 0.162640
v -0.119079 0.704809 0.170112
v -0.119876 0.702332 0.162337
v -0.120481 0.695330 0.158423
v -0.140749 0.700633 0.161988
v -0.138894 0.694094 0.158055
v -0.149283 0.691941 0.157278
v -0.154821 0.690538 0.156620
v -0.156958 0.691761 0.150987
v -0.160984 0.700880 0.143882
v -0.170521 0.704666 0.146522
v -0.170204 0.704716 0.125490
v -0.181996 0.704866 0.147876
v -0.179403 0.704860 0.125302
v -0.179124 0.704868 0.092014
v -0.170518 0.704804 0.092759
v -0.179385 0.704875 0.047048
v -0.170930 0.704836 0.047451
v -0.178817 0.704868 -0.003357
v -0.170484 0.704804 -0.004251
v -0.176843 0.704842 -0.054652
v -0.168855 0.704675 -0.056476
v -0.173609 0.704780 -0.098507
v -0.166213 0.704490 -0.099981
v -0.162663 0.703218 -0.131552
v -0.159380 0.697879 -0.152161
v -0.152920 0.697401 -0.159326
v -0.144935 0.702831 -0.164949
v -0.144374 0.699470 -0.160947
v -0.130497 0.704068 -0.167881
v -0.145386 0.704488 -0.171162
v -0.130036 0.704762 -0.175085
v -0.108076 0.704826 -0.177549
v -0.129719 0.704864 -0.183257
v -0.107349 0.704881 -0.186006
v -0.076745 0.704882 -0.187675
v -0.076887 0.704849 -0.179359
v -0.035430 0.704886 -0.189231
v -0.034925 0.704868 -0.180739
v 0.010534 0.704884 -0.189127
v 0.012176 0.704852 -0.180749
v 0.056545 0.704884 -0.189297
v 0.057468 0.704854 -0.180662
v 0.099733 0.704886 -0.190267
v 0.100493 0.704865 -0.181098
v 0.133977 0.704888 -0.191963
v 0.134414 0.704864 -0.181918
v 0.162881 0.704897 -0.196542
v 0.162627 0.704884 -0.186350
v 0.186748 0.704927 -0.202184
v 0.186183 0.704894 -0.193185
v 0.184388 0.704886 -0.179105
v 0.200314 0.704909 -0.196884
v 0.199624 0.704908 -0.183606
v 0.199223 0.704910 -0.162516
v 0.184752 0.704881 -0.159155
v 0.201047 0.704924 -0.139695
v 0.189606 0.704886 -0.138833
v 0.177964 0.704838 -0.137660
v 0.195598 0.704897 -0.109258
v 0.186237 0.704881 -0.111905
v 0.198651 0.704907 -0.068091
v 0.190821 0.704888 -0.068716
v 0.198842 0.704905 -0.020287
v 0.190990 0.704886 -0.019360
v 0.198963 0.704903 0.028090
v 0.191336 0.704887 0.028880
v 0.197807 0.704886 0.072782
v 0.189768 0.704885 0.073915
v 0.197701 0.704894 0.108793
v 0.204977 0.704884 0.072065
v 0.205079 0.704922 0.107298
v 0.206399 0.704917 0.135688
v 0.199086 0.704893 0.135822
v 0.210219 0.705660 0.160420
v 0.203372 0.704983 0.159677
v 0.215166 0.708158 0.182985
v 0.209023 0.705334 0.182544
v 0.217630 0.711202 0.198028
v 0.213181 0.706787 0.197810
v 0.217560 0.713467 0.206042
v 0.215038 0.708807 0.205366
v 0.209109 0.705524 0.204555
v 0.215870 0.714781 0.211448
v 0.218565 0.718468 0.206570
v 0.215725 0.719376 0.211965
v 0.211386 0.719753 0.216222
v 0.212030 0.715072 0.215959
v 0.204895 0.719787 0.219029
v 0.204852 0.714239 0.219044
v 0.195614 0.719783 0.219466
v 0.194939 0.713578 0.219448
v 0.194278 0.707851 0.217744
v 0.179334 0.713431 0.219435
v 0.177817 0.707756 0.217662
v 0.193638 0.705428 0.212992
v 0.156422 0.713337 0.219425
v 0.154737 0.707719 0.217633
v 0.127025 0.713302 0.219454
v 0.125870 0.707776 0.217676
v 0.090213 0.713198 0.219472
v 0.089832 0.707809 0.217690
v 0.089749 0.705179 0.211405
v 0.047774 0.707726 0.217586
v 0.048204 0.705149 0.211279
v 0.048923 0.704945 0.203853
v 0.004215 0.705534 0.209989
v 0.004238 0.704974 0.202805
v 0.004128 0.704903 0.194959
v 0.049495 0.704894 0.195935
v 0.003904 0.704883 0.186663
v 0.050063 0.704880 0.187066
v 0.004089 0.704853 0.178242
v 0.050735 0.704838 0.178174
v -0.040715 0.704879 0.186155
v -0.041086 0.704852 0.177988
v -0.082790 0.704879 0.186317
v -0.083482 0.704839 0.177980
v -0.119084 0.704885 0.188045
v -0.118962 0.704866 0.178982
v -0.145560 0.704889 0.191552
v -0.144032 0.704864 0.181756
v -0.142759 0.704590 0.171250
v -0.166329 0.704886 0.188247
v -0.168982 0.704899 0.197618
v -0.188818 0.704940 0.203325
v -0.187260 0.704897 0.196010
v -0.199769 0.704956 0.206254
v -0.198649 0.704923 0.199408
v -0.195946 0.704896 0.189220
v -0.206192 0.704995 0.200670
v -0.203588 0.704940 0.190834
v -0.198153 0.704902 0.172322
v -0.188688 0.704885 0.169659
v -0.192020 0.704891 0.149136
v -0.205593 0.704970 0.174122
v -0.200526 0.704917 0.150371
v -0.197344 0.704905 0.125426
v -0.188613 0.704885 0.125424
v -0.196428 0.704902 0.089923
v -0.188053 0.704885 0.091470
v -0.196501 0.704899 0.046176
v -0.188307 0.704886 0.046734
v -0.196050 0.704894 -0.001997
v -0.187737 0.704885 -0.002653
v -0.194010 0.704890 -0.050703
v -0.185503 0.704880 -0.052584
v -0.191159 0.704887 -0.094856
v -0.181923 0.704864 -0.097128
v -0.187407 0.704883 -0.129749
v -0.199158 0.704909 -0.092560
v -0.196812 0.704896 -0.128583
v -0.196235 0.704897 -0.156129
v -0.185122 0.704879 -0.156843
v -0.198664 0.704903 -0.178189
v -0.189547 0.704887 -0.177918
v -0.200415 0.704916 -0.193191
v -0.191841 0.704894 -0.192441
v -0.177142 0.704887 -0.190519
v -0.192327 0.704928 -0.201258
v -0.177432 0.704906 -0.199382
v -0.160672 0.704903 -0.198063
v -0.160356 0.704884 -0.188413
v -0.145542 0.704906 -0.198338
v -0.145749 0.704885 -0.189326
v -0.145810 0.704838 -0.179617
v -0.129419 0.704889 -0.191839
v -0.129407 0.704917 -0.199819
v -0.107581 0.704925 -0.201584
v -0.107415 0.704894 -0.194232
v -0.076134 0.704946 -0.203142
v -0.075820 0.704896 -0.195971
v -0.036641 0.704960 -0.204527
v -0.035864 0.704900 -0.197253
v 0.008156 0.704962 -0.204969
v 0.009180 0.704901 -0.197375
v 0.054500 0.704970 -0.205418
v 0.055604 0.704899 -0.197781
v 0.097260 0.704988 -0.206476
v 0.098213 0.704909 -0.198775
v 0.133509 0.705041 -0.208644
v 0.133544 0.704917 -0.200767
v 0.164162 0.705272 -0.212204
v 0.163412 0.704958 -0.204720
v 0.187029 0.706492 -0.216462
v 0.186909 0.705036 -0.209582
v 0.200588 0.708527 -0.218392
v 0.200427 0.705369 -0.213054
v 0.200418 0.704971 -0.205674
v 0.209971 0.704929 -0.198771
v 0.216739 0.707765 -0.200077
v 0.217530 0.707812 -0.187438
v 0.210254 0.704989 -0.185992
v 0.217818 0.708022 -0.167711
v 0.210363 0.705036 -0.165418
v 0.217919 0.708092 -0.142471
v 0.210953 0.705066 -0.140947
v 0.218059 0.708213 -0.109861
v 0.212005 0.705099 -0.109227
v 0.204095 0.704948 -0.108882
v 0.212614 0.705121 -0.067475
v 0.205766 0.704975 -0.067693
v 0.212620 0.705112 -0.020282
v 0.205895 0.704965 -0.020325
v 0.212402 0.705075 0.028008
v 0.205843 0.704953 0.027932
v 0.211573 0.704877 0.071452
v 0.217868 0.708053 0.028620
v 0.216772 0.708668 0.070972
v 0.217464 0.709204 0.105415
v 0.211862 0.704977 0.106367
v 0.218059 0.711262 0.135464
v 0.212822 0.704971 0.135506
v 0.218775 0.716114 0.162330
v 0.216025 0.709307 0.161336
v 0.219440 0.720192 0.184288
v 0.218558 0.713631 0.183547
v 0.219475 0.722659 0.198495
v 0.219190 0.716830 0.198239
v 0.218579 0.723721 0.206968
v 0.219457 0.728685 0.198898
v 0.215468 0.724298 0.212535
v 0.211298 0.724846 0.216565
v 0.205693 0.731147 0.218975
v 0.205131 0.725384 0.218938
v 0.197308 0.731939 0.219313
v 0.196417 0.725907 0.219427
v 0.184221 0.732282 0.219330
v 0.182567 0.726121 0.219453
v 0.180960 0.719778 0.219471
v 0.160462 0.726107 0.219460
v 0.158313 0.719695 0.219475
v 0.130288 0.725896 0.219456
v 0.128487 0.719585 0.219483
v 0.091820 0.725533 0.219466
v 0.090874 0.719336 0.219488
v 0.047850 0.725368 0.219482
v 0.047668 0.719207 0.219513
v 0.047625 0.713098 0.219521
v 0.003676 0.718745 0.219545
v 0.003902 0.712529 0.219607
v 0.004109 0.707733 0.216187
v -0.039681 0.711410 0.219006
v -0.039544 0.706235 0.215840
v -0.039680 0.705001 0.209174
v -0.081945 0.706168 0.215825
v -0.081675 0.705017 0.209295
v -0.081725 0.704931 0.202196
v -0.040036 0.704922 0.202043
v -0.082148 0.704894 0.194731
v -0.040369 0.704892 0.194504
v -0.118670 0.704951 0.203958
v -0.118678 0.704902 0.196437
v -0.148578 0.705024 0.207168
v -0.146943 0.704917 0.199889
v -0.173036 0.705155 0.211636
v -0.171020 0.704947 0.204979
v -0.190916 0.705831 0.215718
v -0.189910 0.705041 0.209603
v -0.201200 0.707384 0.217305
v -0.200524 0.705200 0.212164
v -0.191791 0.709869 0.219019
v -0.201687 0.711847 0.219213
v -0.208949 0.713437 0.218179
v -0.202049 0.716581 0.219355
v -0.209066 0.717584 0.218204
v -0.214645 0.718117 0.215593
v -0.214749 0.714580 0.215519
v -0.217702 0.717829 0.210274
v -0.217769 0.713990 0.210161
v -0.219330 0.717027 0.203465
v -0.219199 0.712532 0.203065
v -0.217718 0.707849 0.202444
v -0.219214 0.710487 0.193436
v -0.216227 0.706241 0.192692
v -0.210076 0.705060 0.191751
v -0.212828 0.705338 0.201581
v -0.212336 0.705299 0.175871
v -0.217671 0.707745 0.177563
v -0.214745 0.705400 0.153670
v -0.208030 0.705022 0.151922
v -0.211971 0.705169 0.125809
v -0.205020 0.704981 0.125377
v -0.210605 0.705142 0.089623
v -0.203733 0.704957 0.089572
v -0.210231 0.705065 0.045631
v -0.203578 0.704943 0.045694
v -0.209615 0.705254 -0.001100
v -0.203155 0.704950 -0.001803
v -0.207957 0.705021 -0.048541
v -0.201425 0.704919 -0.049761
v -0.206280 0.704982 -0.091477
v -0.213873 0.705699 -0.047320
v -0.212966 0.705405 -0.090493
v -0.212403 0.705322 -0.127105
v -0.204908 0.704959 -0.127621
v -0.212123 0.705201 -0.156664
v -0.204620 0.704962 -0.156226
v -0.212396 0.705289 -0.178585
v -0.205816 0.704960 -0.178335
v -0.212705 0.705298 -0.193725
v -0.206873 0.704991 -0.193584
v -0.212583 0.705288 -0.202538
v -0.206958 0.705091 -0.202355
v -0.201049 0.704977 -0.202105
v -0.206713 0.705563 -0.209296
v -0.201185 0.705190 -0.209234
v -0.192155 0.705059 -0.208469
v -0.201305 0.705941 -0.215955
v -0.191532 0.705539 -0.214940
v -0.176502 0.705318 -0.213668
v -0.177088 0.704970 -0.206907
v -0.160374 0.705274 -0.213117
v -0.160621 0.704960 -0.205995
v -0.145937 0.705443 -0.213325
v -0.145617 0.704983 -0.206203
v -0.130820 0.705577 -0.214018
v -0.129890 0.705027 -0.207136
v -0.109352 0.705729 -0.215240
v -0.108219 0.705055 -0.208522
v -0.077821 0.706563 -0.216567
v -0.076775 0.705110 -0.210091
v -0.038353 0.707443 -0.217378
v -0.037325 0.705147 -0.211454
v 0.006071 0.707931 -0.217829
v 0.007126 0.705214 -0.212083
v 0.052148 0.708357 -0.218223
v 0.053228 0.705365 -0.212595
v 0.095907 0.709119 -0.218907
v 0.096464 0.705509 -0.213636
v 0.134053 0.711625 -0.219338
v 0.133659 0.705727 -0.215648
v 0.165289 0.715133 -0.219390
v 0.164601 0.708287 -0.218165
v 0.188347 0.718501 -0.219467
v 0.187635 0.712001 -0.219330
v 0.201470 0.721037 -0.219436
v 0.200918 0.714873 -0.219468
v 0.209926 0.722756 -0.217422
v 0.209389 0.717085 -0.217841
v 0.215362 0.724075 -0.213098
v 0.215154 0.718654 -0.214003
v 0.218273 0.725137 -0.207939
v 0.218234 0.719320 -0.208216
v 0.219402 0.726189 -0.201017
v 0.219380 0.719922 -0.200785
v 0.219043 0.713824 -0.200607
v 0.219452 0.720672 -0.189256
v 0.219310 0.714055 -0.188421
v 0.219463 0.721341 -0.171616
v 0.219359 0.714539 -0.169653
v 0.219454 0.721653 -0.146317
v 0.219339 0.714748 -0.144231
v 0.219450 0.721734 -0.112081
v 0.219347 0.714827 -0.110804
v 0.219461 0.721613 -0.068310
v 0.219358 0.714759 -0.067781
v 0.218073 0.708224 -0.067504
v 0.219370 0.714679 -0.020066
v 0.218050 0.708207 -0.020196
v 0.219389 0.714833 0.029443
v 0.219490 0.722061 0.031010
v 0.219492 0.724260 0.071565
v 0.219171 0.715544 0.070761
v 0.219474 0.721523 -0.019776
v 0.219428 0.728644 -0.019239
v 0.219431 0.728727 0.034158
v 0.219408 0.728682 -0.069129
v 0.217833 0.734810 -0.070156
v 0.218185 0.734649 -0.018235
v 0.219410 0.728755 -0.113758
v 0.217572 0.734982 -0.115965
v 0.211174 0.737803 -0.118610
v 0.211699 0.737657 -0.071428
v 0.219430 0.728705 -0.148796
v 0.217392 0.734892 -0.151706
v 0.211139 0.738038 -0.155073
v 0.203550 0.740520 -0.159060
v 0.203765 0.740410 -0.121548
v 0.217853 0.734789 -0.176063
v 0.211592 0.737697 -0.178602
v 0.204302 0.740354 -0.181454
v 0.195559 0.742671 -0.185116
v 0.195247 0.742818 -0.164187
v 0.212803 0.737045 -0.193193
v 0.205180 0.740113 -0.195061
v 0.194412 0.742105 -0.197164
v 0.175167 0.741878 -0.198745
v 0.178286 0.744384 -0.189283
v 0.204939 0.739515 -0.203137
v 0.193180 0.740258 -0.204494
v 0.172550 0.739923 -0.205978
v 0.139758 0.739156 -0.207954
v 0.142149 0.741403 -0.200418
v 0.191971 0.738179 -0.210366
v 0.170443 0.737529 -0.212424
v 0.138058 0.735957 -0.214595
v 0.095855 0.735248 -0.216769
v 0.096238 0.738124 -0.210487
v 0.168855 0.734787 -0.217805
v 0.136671 0.732077 -0.219357
v 0.095520 0.729957 -0.219386
v 0.049544 0.728538 -0.219413
v 0.048909 0.734752 -0.218047
v 0.135527 0.725700 -0.219457
v 0.095430 0.723019 -0.219468
v 0.050316 0.721546 -0.219466
v 0.003736 0.720731 -0.219469
v 0.002513 0.727408 -0.219437
v 0.095554 0.716097 -0.219451
v 0.051186 0.714744 -0.219431
v 0.004952 0.714028 -0.219421
v -0.039574 0.713245 -0.219423
v -0.040979 0.719892 -0.219468
v -0.081012 0.718622 -0.219453
v -0.083528 0.725393 -0.219447
v -0.042553 0.726533 -0.219437
v -0.079235 0.711998 -0.219382
v -0.110974 0.710706 -0.219368
v -0.113415 0.717591 -0.219455
v -0.134158 0.716419 -0.219459
v -0.136549 0.723449 -0.219492
v -0.119201 0.725273 -0.219466
v -0.132196 0.709428 -0.219161
v -0.146274 0.708960 -0.218689
v -0.146612 0.715721 -0.219458
v -0.159011 0.715187 -0.219448
v -0.157701 0.722199 -0.219497
v -0.147043 0.722781 -0.219511
v -0.159847 0.708618 -0.218493
v -0.175740 0.708760 -0.218651
v -0.174807 0.715088 -0.219417
v -0.190065 0.715574 -0.219422
v -0.189590 0.721420 -0.219460
v -0.173730 0.721388 -0.219462
v -0.190748 0.709692 -0.219155
v -0.201166 0.710715 -0.219202
v -0.200859 0.716167 -0.219377
v -0.207515 0.716828 -0.218136
v -0.207925 0.722006 -0.217777
v -0.200823 0.721636 -0.219211
v -0.207411 0.711656 -0.218440
v -0.211941 0.717471 -0.215577
v -0.207225 0.706705 -0.215767
v -0.215304 0.717941 -0.212158
v -0.215964 0.723041 -0.211725
v -0.212696 0.722436 -0.215207
v -0.218108 0.723749 -0.207391
v -0.218469 0.729663 -0.207611
v -0.218001 0.718252 -0.207725
v -0.219316 0.718628 -0.201935
v -0.219206 0.724559 -0.201780
v -0.219256 0.712845 -0.202244
v -0.219314 0.713135 -0.193516
v -0.219430 0.719255 -0.193556
v -0.217414 0.707587 -0.202545
v -0.217632 0.707721 -0.193609
v -0.217767 0.707861 -0.179004
v -0.219359 0.713605 -0.179571
v -0.219412 0.714023 -0.157911
v -0.219470 0.720612 -0.158880
v -0.219444 0.720003 -0.180299
v -0.217967 0.708080 -0.157193
v -0.218133 0.708290 -0.127016
v -0.219462 0.714241 -0.127236
v -0.219488 0.714480 -0.089133
v -0.219486 0.720984 -0.089010
v -0.219475 0.720849 -0.127777
v -0.218261 0.708459 -0.089729
v -0.218748 0.709079 -0.046231
v -0.219515 0.715433 -0.045242
v -0.219509 0.717100 0.001049
v -0.219487 0.723314 0.001904
v -0.219473 0.721855 -0.044482
v -0.219513 0.710989 0.000312
v -0.219191 0.711397 0.046099
v -0.219440 0.717501 0.046663
v -0.215559 0.706762 -0.000407
v -0.216270 0.706426 0.045751
v -0.216614 0.706757 0.089964
v -0.219219 0.712036 0.090586
v -0.219357 0.713620 0.127897
v -0.219451 0.720041 0.129464
v -0.219427 0.718314 0.091501
v -0.217541 0.707710 0.126651
v -0.219141 0.710047 0.155523
v -0.219425 0.716267 0.157442
v -0.219450 0.718947 0.180717
v -0.219464 0.724613 0.182231
v -0.219472 0.722423 0.159439
v -0.219322 0.713109 0.179154
v -0.219407 0.715567 0.194124
v -0.219460 0.720784 0.194822
v -0.219322 0.721678 0.203908
v -0.219281 0.726176 0.204332
v -0.219459 0.725830 0.195581
v -0.219188 0.731014 0.204887
v -0.219400 0.731097 0.196495
v -0.219392 0.730396 0.183697
v -0.217239 0.735040 0.197426
v -0.217564 0.734855 0.185085
v -0.218436 0.734655 0.163912
v -0.219402 0.728755 0.161598
v -0.219320 0.732443 0.133420
v -0.219430 0.726389 0.131319
v -0.219366 0.730989 0.094224
v -0.219451 0.724621 0.092712
v -0.219406 0.730120 0.048339
v -0.219475 0.723684 0.047412
v -0.219406 0.729772 0.002432
v -0.217314 0.734976 0.049396
v -0.219120 0.734393 0.002756
v -0.218510 0.734535 -0.043184
v -0.219404 0.728571 -0.044215
v -0.219288 0.734109 -0.088922
v -0.219435 0.727598 -0.088984
v -0.218707 0.734536 -0.129872
v -0.219431 0.727780 -0.128702
v -0.219312 0.733444 -0.161514
v -0.219435 0.727280 -0.160083
v -0.219343 0.732593 -0.182181
v -0.219440 0.726462 -0.181142
v -0.219371 0.731772 -0.194348
v -0.219453 0.725492 -0.193827
v -0.219373 0.730778 -0.202079
v -0.215496 0.735535 -0.195156
v -0.216192 0.735365 -0.202535
v -0.215926 0.735077 -0.207959
v -0.209997 0.738152 -0.203363
v -0.209790 0.736752 -0.208488
v -0.201315 0.740030 -0.204812
v -0.201379 0.738263 -0.210147
v -0.201545 0.735522 -0.213967
v -0.187649 0.737764 -0.211645
v -0.188875 0.735519 -0.216128
v -0.189230 0.732270 -0.219327
v -0.201610 0.731667 -0.217198
v -0.189354 0.727158 -0.219415
v -0.201143 0.726861 -0.218722
v -0.170622 0.732366 -0.219339
v -0.172476 0.727782 -0.219430
v -0.154862 0.732373 -0.219441
v -0.154879 0.730425 -0.219554
v -0.147121 0.730172 -0.219549
v -0.140022 0.729970 -0.219546
v -0.167360 0.734995 -0.217414
v -0.154844 0.734359 -0.219325
v -0.151538 0.736464 -0.214318
v -0.151212 0.734363 -0.219329
v -0.139976 0.734365 -0.219341
v -0.126573 0.731269 -0.219308
v -0.095554 0.736170 -0.214290
v -0.087156 0.731873 -0.219331
v -0.047085 0.736341 -0.213977
v -0.044423 0.732729 -0.219312
v -0.000008 0.736772 -0.213221
v 0.001215 0.733427 -0.219307
v 0.048379 0.737433 -0.212123
v -0.001296 0.739671 -0.206392
v 0.047803 0.740035 -0.205196
v 0.096857 0.740574 -0.203295
v 0.047484 0.742192 -0.197537
v 0.097637 0.742802 -0.195288
v 0.145232 0.743691 -0.191993
v 0.097627 0.746732 -0.180649
v 0.149314 0.747856 -0.176409
v 0.181924 0.746294 -0.170511
v 0.180919 0.746659 -0.130300
v 0.195234 0.742811 -0.124815
v 0.182523 0.746232 -0.076566
v 0.196452 0.742488 -0.074419
v 0.204497 0.740245 -0.072945
v 0.197470 0.742222 -0.019946
v 0.205391 0.740017 -0.019051
v 0.212377 0.737405 -0.018768
v 0.206670 0.739607 0.040764
v 0.213225 0.736848 0.041663
v 0.219304 0.734363 0.043628
v 0.219553 0.730390 0.073309
v 0.219362 0.731726 0.103228
v 0.219480 0.724488 0.104565
v 0.219281 0.716613 0.104838
v 0.217796 0.734859 0.137366
v 0.219453 0.727366 0.136486
v 0.219444 0.719297 0.135758
v 0.219406 0.730552 0.164645
v 0.219488 0.723445 0.163350
v 0.219337 0.732701 0.186167
v 0.219458 0.726704 0.185199
v 0.218464 0.734588 0.199258
v 0.214241 0.736175 0.187269
v 0.213440 0.736719 0.199731
v 0.208199 0.739215 0.188578
v 0.207805 0.739427 0.200485
v 0.207174 0.738665 0.209053
v 0.200249 0.740825 0.201192
v 0.199252 0.738986 0.209067
v 0.198273 0.735920 0.215274
v 0.206407 0.735749 0.215428
v 0.187660 0.739015 0.208718
v 0.185904 0.735910 0.214889
v 0.168084 0.739055 0.208391
v 0.165307 0.736035 0.214759
v 0.162783 0.732275 0.219348
v 0.134874 0.735711 0.215266
v 0.132427 0.732041 0.219361
v 0.094529 0.735583 0.215759
v 0.093041 0.731712 0.219356
v 0.048676 0.735388 0.215985
v 0.048178 0.731528 0.219391
v 0.002979 0.735505 0.216069
v 0.003186 0.731346 0.219376
v 0.003426 0.725063 0.219481
v -0.041105 0.730890 0.219359
v -0.040527 0.724355 0.219444
v -0.040024 0.717852 0.219404
v -0.084597 0.724235 0.219460
v -0.083405 0.717722 0.219445
v -0.082521 0.711293 0.219043
v -0.123688 0.719308 0.219450
v -0.121936 0.712822 0.219319
v -0.120466 0.707158 0.216976
v -0.154106 0.715467 0.219390
v -0.152021 0.709005 0.218895
v -0.150215 0.705269 0.213757
v -0.119339 0.705119 0.210978
v -0.176844 0.712432 0.219221
v -0.174978 0.707246 0.217110
v -0.192603 0.715013 0.219395
v -0.178663 0.718301 0.219454
v -0.193456 0.720274 0.219469
v -0.202464 0.721306 0.219333
v -0.194356 0.725476 0.219454
v -0.202977 0.726069 0.219226
v -0.209612 0.726138 0.217972
v -0.209281 0.721813 0.218126
v -0.214727 0.726025 0.215543
v -0.214612 0.722003 0.215623
v -0.217568 0.726067 0.210611
v -0.217644 0.721965 0.210436
v -0.203701 0.730962 0.219211
v -0.195339 0.730829 0.219374
v -0.196344 0.734904 0.217542
v -0.204422 0.734999 0.217198
v -0.197406 0.737162 0.212745
v -0.205081 0.737178 0.212441
v -0.198626 0.739536 0.207277
v -0.206124 0.739284 0.206857
v -0.211909 0.737420 0.206065
v -0.206859 0.739671 0.199304
v -0.212367 0.737447 0.198328
v -0.216846 0.735156 0.205505
v -0.207188 0.739581 0.188037
v -0.212577 0.737343 0.186474
v -0.207317 0.739369 0.168857
v -0.213334 0.736856 0.166330
v -0.208709 0.738964 0.138713
v -0.214903 0.735876 0.135800
v -0.210431 0.738271 0.098025
v -0.216332 0.735345 0.096112
v -0.211486 0.737930 0.050488
v -0.203728 0.740466 0.100188
v -0.204884 0.740185 0.051582
v -0.205331 0.740005 0.004112
v -0.211809 0.737575 0.003658
v -0.205870 0.739786 -0.042359
v -0.212459 0.737187 -0.042230
v -0.206200 0.739722 -0.090276
v -0.213021 0.736829 -0.089545
v -0.205969 0.739800 -0.133387
v -0.212815 0.736950 -0.131436
v -0.206348 0.739687 -0.165680
v -0.213232 0.736816 -0.163369
v -0.208139 0.739265 -0.185336
v -0.214314 0.736158 -0.183540
v -0.209438 0.738814 -0.196291
v -0.200535 0.741385 -0.187657
v -0.201201 0.741057 -0.197903
v -0.188794 0.743755 -0.190588
v -0.188654 0.741614 -0.199714
v -0.188125 0.739836 -0.206130
v -0.154941 0.741449 -0.200239
v -0.154651 0.739490 -0.206856
v -0.100813 0.741437 -0.200303
v -0.098692 0.739267 -0.207802
v -0.051379 0.741464 -0.200092
v -0.049095 0.739338 -0.207353
v -0.002380 0.741807 -0.198958
v -0.053592 0.743900 -0.191178
v -0.003447 0.744488 -0.189034
v 0.047147 0.745410 -0.185598
v -0.004621 0.751932 -0.161198
v 0.046103 0.754906 -0.150039
v -0.006106 0.763977 -0.116017
v 0.045618 0.765602 -0.110005
v -0.007281 0.769205 -0.097621
v 0.046552 0.770301 -0.094834
v 0.074540 0.774768 -0.089266
v 0.045947 0.780315 -0.085148
v 0.069801 0.785089 -0.081595
v 0.079432 0.787444 -0.076460
v 0.086376 0.777013 -0.084291
v 0.082657 0.783895 -0.064475
v 0.090981 0.772552 -0.069173
v 0.085173 0.780316 -0.026206
v 0.094576 0.770510 -0.025965
v 0.109611 0.765707 -0.024128
v 0.093712 0.770783 0.032560
v 0.108422 0.766027 0.034049
v 0.143606 0.756616 0.035275
v 0.143223 0.756719 -0.022021
v 0.186184 0.745250 0.036624
v 0.184655 0.745656 -0.021464
v 0.198939 0.741818 0.038452
v 0.184581 0.745680 0.096193
v 0.197929 0.742089 0.096186
v 0.206103 0.739748 0.096457
v 0.214327 0.736157 0.093608
v 0.195673 0.742686 0.143020
v 0.203645 0.740438 0.140146
v 0.211286 0.737708 0.138000
v 0.201860 0.740984 0.170809
v 0.209018 0.738879 0.168183
v 0.215564 0.735624 0.166257
v 0.201205 0.741224 0.190205
v 0.193681 0.743222 0.174287
v 0.191868 0.743149 0.192271
v 0.189660 0.741080 0.201721
v 0.175306 0.743264 0.193528
v 0.171223 0.741106 0.201468
v 0.145188 0.743108 0.194160
v 0.141199 0.740940 0.202052
v 0.137712 0.738760 0.209120
v 0.098036 0.740592 0.203258
v 0.096253 0.738596 0.209828
v 0.050104 0.740463 0.203732
v 0.049298 0.738457 0.210168
v 0.002584 0.740429 0.203795
v 0.002752 0.738340 0.210196
v -0.043808 0.740445 0.203837
v -0.042840 0.738437 0.210467
v -0.041870 0.735339 0.216280
v -0.089656 0.738251 0.210214
v -0.087768 0.735553 0.216355
v -0.086073 0.730806 0.219308
v -0.130714 0.735641 0.215208
v -0.128105 0.732000 0.219346
v -0.125710 0.725759 0.219443
v -0.161409 0.733400 0.219266
v -0.158851 0.727858 0.219412
v -0.156420 0.721667 0.219458
v -0.182222 0.729871 0.219385
v -0.180495 0.724030 0.219468
v -0.183882 0.734785 0.217948
v -0.164124 0.736531 0.213791
v -0.185599 0.737034 0.212868
v -0.167127 0.739207 0.207605
v -0.187345 0.739466 0.207452
v -0.170260 0.741218 0.200941
v -0.189246 0.741306 0.200889
v -0.199944 0.741157 0.200361
v -0.191410 0.743309 0.191929
v -0.200855 0.741315 0.189862
v -0.193127 0.743377 0.175515
v -0.200881 0.741279 0.171745
v -0.194279 0.743078 0.146439
v -0.201807 0.741002 0.142239
v -0.196332 0.742528 0.102156
v -0.182252 0.746301 0.151662
v -0.184391 0.745732 0.104622
v -0.187070 0.745010 0.054404
v -0.197677 0.742173 0.052864
v -0.188640 0.744593 0.005136
v -0.198334 0.741975 0.004690
v -0.189130 0.744459 -0.042800
v -0.198666 0.741882 -0.042468
v -0.188426 0.744652 -0.092067
v -0.198646 0.741897 -0.091028
v -0.187544 0.744886 -0.140515
v -0.197981 0.742080 -0.135990
v -0.188565 0.744581 -0.173019
v -0.198807 0.741848 -0.168937
v -0.161645 0.751802 -0.139032
v -0.161452 0.747867 -0.176269
v -0.156595 0.743544 -0.192534
v -0.104786 0.749078 -0.171888
v -0.105509 0.743639 -0.192189
v -0.054537 0.750931 -0.164949
v -0.162297 0.751638 -0.091237
v -0.162899 0.751478 -0.043095
v -0.115666 0.764071 -0.043839
v -0.115282 0.764175 0.005671
v -0.097090 0.769379 0.006218
v -0.096776 0.769443 -0.045382
v -0.161952 0.751730 0.005425
v -0.156834 0.753096 0.054503
v -0.108928 0.765891 0.054514
v -0.086085 0.778745 0.075075
v -0.093618 0.770936 0.054877
v -0.079644 0.787974 0.068483
v -0.082926 0.783549 0.051773
v -0.086357 0.778585 0.004146
v -0.072504 0.799115 0.044061
v -0.076710 0.792825 0.003929
v -0.074689 0.795848 -0.041906
v -0.085843 0.779337 -0.046862
v -0.071222 0.800143 -0.059674
v -0.082585 0.783579 -0.070727
v -0.063943 0.801638 -0.069924
v -0.076297 0.784804 -0.080621
v -0.050449 0.797336 -0.073673
v -0.055997 0.780523 -0.085000
v -0.009124 0.792271 -0.077081
v -0.007120 0.777917 -0.086840
v 0.039648 0.796285 -0.074400
v -0.010360 0.813468 -0.062966
v 0.028352 0.814607 -0.062214
v 0.045846 0.818040 -0.059675
v 0.057636 0.801504 -0.070685
v 0.054077 0.820212 -0.054769
v 0.066989 0.804761 -0.065366
v 0.058647 0.819909 -0.046396
v 0.070886 0.801475 -0.054561
v 0.060179 0.817690 -0.023959
v 0.074200 0.796587 -0.026319
v 0.060420 0.817328 0.015533
v 0.073591 0.797500 0.022559
v 0.084656 0.781026 0.029483
v 0.069348 0.803764 0.050302
v 0.080864 0.786531 0.062825
v 0.088186 0.775985 0.069224
v 0.077200 0.789746 0.073440
v 0.084444 0.778883 0.081157
v 0.069814 0.788392 0.079174
v 0.076096 0.777614 0.086922
v 0.051861 0.784145 0.082538
v 0.053387 0.771411 0.092761
v 0.051485 0.766509 0.106686
v 0.003106 0.770446 0.094474
v 0.002728 0.765508 0.110334
v 0.002568 0.756021 0.145847
v 0.051640 0.756336 0.144660
v 0.002478 0.745585 0.184928
v 0.051785 0.745716 0.184436
v 0.102546 0.746246 0.182468
v 0.151185 0.746615 0.181064
v 0.050973 0.742387 0.196851
v 0.100245 0.742607 0.196010
v 0.002488 0.742331 0.197001
v -0.046088 0.745674 0.184611
v -0.044799 0.742396 0.196819
v -0.096536 0.746083 0.183074
v -0.094000 0.742576 0.196118
v -0.091794 0.740506 0.203510
v -0.141430 0.743045 0.194417
v -0.137162 0.740945 0.202102
v -0.133605 0.738824 0.208984
v -0.174055 0.743364 0.193161
v -0.147634 0.746381 0.181947
v -0.178984 0.746606 0.180087
v -0.046478 0.756216 0.145116
v -0.046441 0.766787 0.105708
v -0.047863 0.771702 0.092493
v -0.071861 0.778020 0.086653
v -0.046873 0.782710 0.083507
v -0.066339 0.787325 0.080130
v -0.074686 0.789775 0.075884
v -0.080724 0.780673 0.082481
v -0.055176 0.803744 0.069276
v -0.063857 0.805916 0.064768
v -0.069175 0.803584 0.056326
v -0.054101 0.820443 0.054318
v -0.058727 0.819031 0.046746
v -0.060948 0.816486 0.034031
v -0.053841 0.827233 0.042153
v -0.055554 0.825222 0.029249
v -0.055948 0.824203 0.001701
v -0.062642 0.813947 0.002530
v -0.056056 0.824381 -0.028313
v -0.061659 0.815415 -0.032633
v -0.053996 0.826281 -0.044124
v -0.058919 0.818256 -0.048649
v -0.047962 0.826707 -0.052265
v -0.052275 0.818855 -0.057237
v -0.037238 0.824984 -0.055638
v -0.040869 0.816109 -0.061127
v -0.012101 0.824111 -0.056085
v -0.036198 0.831172 -0.053392
v -0.012759 0.829933 -0.052759
v 0.018169 0.830103 -0.052793
v 0.021610 0.824656 -0.055808
v 0.035455 0.832690 -0.053906
v 0.039182 0.826709 -0.054644
v 0.015116 0.836300 -0.054585
v 0.032723 0.838168 -0.055436
v 0.012421 0.841991 -0.057637
v 0.030512 0.843397 -0.056252
v 0.040170 0.844952 -0.055674
v 0.038245 0.851255 -0.053388
v 0.045350 0.853611 -0.051931
v 0.028978 0.849375 -0.054420
v 0.010304 0.848130 -0.055399
v 0.033844 0.859103 -0.048665
v 0.031847 0.874418 -0.038708
v 0.040922 0.861760 -0.046999
v 0.038252 0.875171 -0.033691
v 0.046326 0.862204 -0.042546
v 0.051224 0.854628 -0.047240
v 0.048400 0.859482 -0.034607
v 0.052896 0.852352 -0.039043
v 0.054211 0.849974 -0.022927
v 0.056502 0.844619 -0.022612
v 0.054271 0.849934 0.003556
v 0.056308 0.844397 0.004713
v 0.055161 0.838159 0.005761
v 0.055508 0.838560 -0.022735
v 0.051538 0.832111 0.007632
v 0.051449 0.832603 -0.022594
v 0.054839 0.826127 0.010000
v 0.054957 0.826009 -0.022815
v 0.052133 0.833572 0.030679
v 0.054163 0.827317 0.033149
v 0.059109 0.819269 0.038489
v 0.065275 0.807228 0.060364
v 0.057020 0.806156 0.067089
v 0.043821 0.801946 0.070614
v 0.001582 0.815928 0.061341
v 0.002540 0.796154 0.074489
v 0.001609 0.780372 0.085138
v -0.040312 0.799531 0.072232
v -0.031212 0.817330 0.060401
v -0.046140 0.819449 0.058646
v -0.027751 0.825794 0.054996
v -0.042927 0.827711 0.053414
v -0.050102 0.828257 0.049068
v -0.042228 0.832961 0.051225
v -0.048864 0.833175 0.047083
v -0.052134 0.832424 0.040597
v -0.051575 0.836658 0.048332
v -0.054586 0.836289 0.040532
v -0.054632 0.836068 0.027216
v -0.053445 0.830970 0.027748
v -0.054397 0.836095 0.001003
v -0.052492 0.830101 0.001009
v -0.055455 0.836861 -0.026576
v -0.053969 0.830697 -0.026983
v -0.054985 0.836977 -0.043391
v -0.052048 0.831755 -0.042179
v -0.048832 0.836985 -0.052283
v -0.046798 0.832274 -0.049884
v -0.036412 0.836836 -0.054904
v -0.050797 0.843391 -0.055171
v -0.037209 0.842721 -0.056792
v -0.015691 0.842278 -0.056674
v -0.014287 0.836232 -0.054168
v -0.037110 0.848865 -0.054769
v -0.016895 0.848329 -0.055158
v -0.034897 0.856232 -0.050394
v -0.044880 0.858408 -0.047201
v -0.037700 0.870814 -0.038894
v -0.048785 0.850431 -0.052118
v -0.054444 0.849482 -0.042735
v -0.049960 0.856612 -0.039048
v -0.057226 0.843122 -0.044266
v -0.058171 0.841730 -0.026251
v -0.056042 0.847326 -0.025849
v -0.056704 0.846225 0.001114
v -0.053881 0.850848 0.001361
v -0.052368 0.853268 -0.024581
v -0.057293 0.841268 0.000930
v -0.057458 0.840703 0.026796
v -0.057024 0.845308 0.026028
v -0.054312 0.850041 0.025616
v -0.049381 0.857936 0.034674
v -0.041418 0.870451 0.026802
v -0.047584 0.860335 0.041556
v -0.039158 0.873619 0.034828
v -0.029668 0.889757 0.026505
v -0.031875 0.885995 0.018470
v -0.023740 0.908570 0.013125
v -0.019929 0.908918 0.019076
v -0.020334 0.933496 0.020782
v -0.025876 0.933468 0.013716
v -0.013211 0.932494 0.026128
v -0.015882 0.946307 0.017066
v -0.004169 0.932144 0.028612
v 0.004902 0.932193 0.028709
v 0.012868 0.909228 0.024018
v 0.013695 0.932300 0.025940
v 0.011115 0.943791 0.021385
v 0.007917 0.951109 0.016614
v 0.020805 0.932574 0.020674
v 0.017311 0.944269 0.016982
v 0.026163 0.932445 0.013282
v 0.021547 0.944456 0.010477
v 0.028366 0.932029 0.004184
v 0.023449 0.944512 0.002697
v 0.028666 0.932184 -0.004635
v 0.023155 0.944985 -0.005035
v 0.016751 0.951671 -0.005424
v 0.008907 0.953253 -0.012585
v 0.010505 0.955127 -0.005184
v 0.002020 0.955167 -0.011984
v 0.004383 0.957003 -0.003957
v -0.004805 0.955964 -0.009688
v -0.001656 0.958011 -0.001649
v 0.001170 0.956926 0.005057
v 0.004402 0.955324 0.011048
v -0.007857 0.956833 0.001650
v -0.004364 0.955983 0.008282
v -0.013895 0.953689 0.005845
v -0.010077 0.953179 0.012429
v -0.019939 0.946939 0.010162
v -0.011168 0.955226 -0.005664
v -0.008595 0.948930 -0.018780
v -0.015724 0.949251 -0.013811
v -0.012222 0.934443 -0.025764
v -0.019892 0.934849 -0.020389
v -0.019094 0.908345 -0.020195
v -0.023380 0.907967 -0.013035
v -0.027788 0.887929 -0.028344
v -0.000548 0.948132 -0.020797
v -0.002705 0.933907 -0.028146
v 0.007162 0.947138 -0.020822
v 0.006394 0.933615 -0.028086
v 0.014176 0.910085 -0.023408
v 0.020788 0.909846 -0.018342
v 0.028787 0.891584 -0.024522
v 0.021440 0.890351 -0.029557
v 0.023441 0.909636 0.013257
v 0.019227 0.909528 0.019844
v 0.026339 0.893113 0.026250
v 0.029459 0.890809 0.019479
v 0.035257 0.878993 0.035629
v 0.037653 0.876301 0.028841
v 0.044157 0.866020 0.042672
v 0.045845 0.863481 0.037110
v 0.047506 0.860932 0.031188
v 0.050851 0.855682 0.041758
v 0.052300 0.853302 0.035907
v 0.053400 0.851526 0.025878
v 0.055349 0.847162 0.037930
v 0.056153 0.845532 0.027537
v 0.056004 0.840751 0.039353
v 0.055599 0.838947 0.028991
v 0.054343 0.849472 0.043940
v 0.055522 0.842871 0.045195
v 0.052978 0.852598 0.048852
v 0.049142 0.858191 0.046524
v 0.043952 0.856868 0.049770
v 0.047594 0.852147 0.052413
v 0.036626 0.854670 0.051446
v 0.039933 0.849775 0.054286
v 0.024537 0.848062 0.055234
v 0.025797 0.842933 0.056708
v -0.001159 0.847449 0.055157
v -0.000700 0.842216 0.056118
v -0.000425 0.836620 0.054378
v 0.027070 0.837837 0.055162
v 0.000153 0.831040 0.052058
v -0.026758 0.836843 0.054603
v -0.026858 0.831392 0.051952
v 0.000759 0.825169 0.055387
v -0.043269 0.837158 0.053856
v 0.030564 0.861533 0.047128
v 0.038026 0.864084 0.045440
v 0.028040 0.876185 0.037755
v 0.018948 0.890376 0.029772
v 0.180672 0.746520 0.178754
v 0.182554 0.746221 0.147766
v 0.134665 0.718768 -0.219452
v 0.167474 0.728967 -0.219422
v 0.166285 0.722047 -0.219452
v 0.190189 0.731316 -0.219357
v 0.189138 0.724955 -0.219466
v 0.191086 0.735657 -0.215909
v 0.204389 0.738478 -0.208971
v 0.213471 0.736681 -0.202032
v 0.213805 0.736308 -0.208003
v 0.219234 0.732280 -0.201429
v 0.218087 0.731112 -0.207996
v 0.219277 0.733500 -0.191633
v 0.219431 0.727315 -0.190310
v 0.219431 0.728330 -0.173739
v -0.092548 -0.916811 0.081329
vn 0.4135 -0.0514 0.9090
vn 0.4211 0.8672 0.2659
vn 0.9314 0.0157 0.3638
vn 0.2765 -0.6739 0.6852
vn 0.2056 -0.9636 0.1710
vn 0.7652 -0.5965 0.2422
vn 0.1090 0.9636 0.2442
vn 0.2857 0.9582 0.0130
vn 0.1461 0.9827 0.1141
vn 0.4695 -0.6658 0.5800
vn 0.5672 -0.8233 -0.0214
vn 0.0754 -0.9965 0.0372
vn 0.0860 0.5703 0.8169
vn 0.6162 0.6068 0.5021
vn 0.0941 -0.0737 0.9928
vn 0.6292 -0.4455 0.6369
vn 0.8530 -0.2221 0.4722
vn 0.6154 -0.0929 0.7827
vn 0.3547 -0.3759 0.8561
vn 0.1848 0.0098 0.9827
vn -0.2710 0.9583 0.0911
vn -0.0446 0.9517 0.3037
vn -0.1244 0.9829 0.1360
vn -0.3584 0.1940 0.9132
vn -0.3047 0.8691 0.3896
vn -0.9086 0.1504 0.3898
vn -0.0029 0.5224 0.8527
vn -0.0001 0.5352 0.8447
vn 0.0021 0.5245 0.8514
vn 0.8450 0.5347 -0.0001
vn 0.8449 0.5350 -0.0000
vn 0.8470 0.5315 0.0004
vn -0.6873 -0.6001 0.4093
vn -0.2679 -0.9350 0.2326
vn -0.3795 -0.6326 0.6751
vn -0.4053 -0.8222 0.3997
vn -0.2831 -0.7857 0.5500
vn -0.0410 -0.9979 0.0497
vn -0.0008 0.5265 0.8502
vn 0.0410 0.3022 0.9524
vn -0.0005 0.5325 0.8464
vn -0.0955 0.3327 0.9382
vn -0.0001 0.5225 0.8526
vn 0.7066 0.0758 -0.7035
vn 0.4110 -0.5512 -0.7261
vn 0.7433 -0.5354 -0.4011
vn 0.8536 0.5210 -0.0030
vn 0.8547 0.5191 0.0042
vn 0.9494 0.2963 -0.1047
vn 0.9578 0.2814 0.0593
vn -0.0693 0.2601 0.9631
vn -0.0089 0.5213 0.8533
vn -0.4831 0.2224 0.8468
vn -0.0114 0.5299 0.8480
vn 0.5840 0.1619 -0.7955
vn 0.9813 0.1528 -0.1174
vn -0.9662 0.0234 0.2566
vn -0.8720 0.4861 0.0584
vn 0.0406 0.5804 0.8133
vn -0.0299 0.7573 0.6523
vn -0.1319 0.6170 0.7758
vn 0.5413 0.8343 0.1047
vn 0.4116 0.8561 0.3125
vn 0.2510 0.9558 0.1533
vn 0.0569 0.2932 -0.9544
vn -0.0014 0.5267 -0.8500
vn 0.0001 0.5334 -0.8459
vn -0.1005 0.3266 -0.9398
vn 0.0001 0.5264 -0.8503
vn 0.2725 0.9621 -0.0074
vn 0.0574 0.9629 -0.2636
vn 0.1633 0.9797 -0.1164
vn -0.8446 0.5354 -0.0001
vn -0.8443 0.5359 0.0008
vn -0.8460 0.5331 -0.0008
vn -0.9359 0.3492 0.0466
vn -0.8458 0.5335 -0.0060
vn -0.0004 0.5359 -0.8443
vn 0.0007 0.5360 -0.8442
vn 0.7924 0.3451 -0.5030
vn 0.5596 0.3779 -0.7376
vn 0.5704 0.6244 -0.5336
vn -0.7560 0.6518 -0.0599
vn -0.8781 0.4293 -0.2114
vn -0.9110 0.4109 0.0363
vn 0.0014 0.9392 -0.3433
vn -0.2915 0.9182 -0.2682
vn -0.0920 0.9744 -0.2052
vn 0.2960 -0.9141 0.2773
vn 0.1281 -0.8404 0.5266
vn 0.0158 -0.9973 0.0720
vn 0.5373 -0.8370 0.1040
vn 0.9267 -0.1389 -0.3491
vn 0.2526 0.1380 -0.9577
vn 0.1094 0.8206 -0.5610
vn -0.0792 -0.9263 0.3683
vn 0.0009 -1.0000 0.0019
vn -0.3515 -0.9330 0.0776
vn 0.9358 -0.2252 -0.2712
vn 0.4455 -0.8753 -0.1880
vn 0.4304 -0.3171 -0.8451
vn -0.2746 -0.8291 0.4871
vn -0.5445 -0.8271 0.1391
vn -0.1948 -0.9706 0.1415
vn 0.1266 -0.9185 -0.3747
vn 0.4385 -0.8959 -0.0719
vn 0.1283 -0.9840 -0.1233
vn -0.0327 -0.9985 -0.0431
vn -0.2413 -0.9704 0.0032
vn -0.2999 -0.8848 -0.3567
vn -0.0078 0.7778 -0.6285
vn -0.2841 0.1487 -0.9472
vn -0.7997 0.0443 -0.5988
vn -0.0037 -0.9575 -0.2883
vn 0.0721 -0.3464 -0.9353
vn 0.5010 -0.7049 -0.5021
vn -0.3743 -0.8693 -0.3230
vn -0.4908 -0.0238 -0.8709
vn -0.9138 -0.0526 -0.4028
vn -0.2987 -0.7747 -0.5574
vn -0.0679 -0.7611 -0.6451
vn -0.0575 -0.9623 -0.2660
vn -0.3858 -0.9224 -0.0179
vn -0.0784 -0.9550 -0.2860
vn -0.0156 -0.9999 -0.0013
vn 0.6513 0.7220 -0.2337
vn 0.4946 0.7677 -0.4075
vn 0.3935 0.9127 -0.1098
vn 0.2149 0.9564 -0.1977
vn 0.1948 0.9783 -0.0708
vn -0.2587 0.8807 -0.3968
vn -0.1133 0.9618 -0.2490
vn -0.1596 0.9789 -0.1275
vn -0.5387 0.7877 -0.2989
vn -0.3298 0.9383 -0.1039
vn -0.3048 0.9511 0.0504
vn -0.4124 0.7805 -0.4698
vn 0.6052 0.7253 0.3283
vn 0.1761 0.9696 0.1699
vn 0.1453 0.9875 0.0606
vn 0.4842 0.7327 0.4782
vn 0.3077 0.9419 0.1344
vn 0.0263 0.8805 -0.4732
vn -0.0251 0.9934 -0.1116
vn -0.0466 0.8978 -0.4378
vn 0.4783 0.8765 -0.0542
vn 0.9949 0.0797 -0.0611
vn 0.4510 -0.0805 -0.8889
vn -0.4926 0.6509 0.5776
vn -0.2060 0.8472 0.4897
vn -0.1781 0.9686 0.1736
vn -0.0385 0.9667 0.2529
vn -0.3389 0.9337 -0.1154
vn -0.4395 -0.0614 -0.8961
vn -0.9988 0.0074 -0.0474
vn 0.9622 -0.0535 -0.2671
vn 0.1165 -0.1270 -0.9850
vn 0.3928 -0.7503 -0.5317
vn 0.2003 0.1164 0.9728
vn 0.1447 0.9840 -0.1041
vn 0.9813 0.1740 -0.0828
vn -0.1294 -0.1788 -0.9753
vn -0.2329 -0.8227 -0.5186
vn -0.9180 -0.1484 -0.3678
vn -0.8494 -0.0894 0.5202
vn -0.0509 0.9507 0.3058
vn -0.0475 0.0760 0.9960
vn 0.3046 -0.1520 0.9403
vn 0.9851 -0.1689 0.0312
vn 0.6343 -0.7281 0.2599
vn -0.8826 -0.4164 0.2184
vn -0.1694 -0.8810 0.4417
vn -0.0253 -0.3851 0.9225
vn -0.0447 -0.6100 0.7911
vn -0.0218 -0.0325 0.9992
vn -0.0297 -0.1010 0.9944
vn -0.0153 -0.0223 0.9996
vn -0.6824 0.0136 0.7309
vn -0.7598 0.0056 0.6502
vn -0.9861 -0.1660 -0.0014
vn -0.9997 0.0016 0.0238
vn -0.9999 0.0131 0.0036
vn -0.9998 0.0092 0.0198
vn -1.0000 0.0066 0.0039
vn -1.0000 0.0069 -0.0000
vn -1.0000 0.0064 0.0019
vn -1.0000 0.0073 0.0006
vn -1.0000 0.0059 0.0001
vn -0.9981 0.0613 0.0081
vn -0.9993 0.0369 0.0051
vn -0.9998 0.0192 0.0015
vn -0.4718 0.8784 0.0769
vn -0.6266 0.7792 0.0131
vn -0.7576 0.6519 0.0326
vn -0.7031 0.6906 -0.1695
vn -0.5460 0.8346 -0.0728
vn -0.9180 0.3943 0.0431
vn -0.8806 0.4227 -0.2142
vn -0.9610 0.0849 -0.2630
vn -0.8855 0.0834 -0.4570
vn -0.7621 0.4548 -0.4608
vn -0.7086 0.0243 -0.7052
vn -0.6389 0.3964 -0.6593
vn -0.4091 0.0163 -0.9123
vn -0.4341 0.3207 -0.8419
vn -0.2768 0.2491 -0.9281
vn -0.2294 0.5735 -0.7864
vn -0.3918 0.6778 -0.6221
vn 0.0417 0.4919 -0.8696
vn 0.0202 0.6489 -0.7606
vn -0.1781 0.7006 -0.6910
vn 0.0134 0.7030 -0.7110
vn -0.0993 0.8184 -0.5660
vn 0.0022 0.7952 -0.6063
vn -0.0168 0.8086 -0.5881
vn -0.0069 0.8699 -0.4932
vn -0.0012 0.0068 -1.0000
vn -0.0058 0.0192 -0.9998
vn -0.0007 0.0044 -1.0000
vn -0.0007 0.0057 -1.0000
vn -0.0034 0.0282 -0.9996
vn -0.0068 0.0019 -1.0000
vn -0.0022 0.0286 -0.9996
vn -0.0648 -0.0073 -0.9979
vn -0.0209 0.0148 -0.9997
vn -0.0924 0.0140 -0.9956
vn -0.8783 0.0229 -0.4776
vn -0.7608 -0.0064 -0.6489
vn -0.9996 -0.0023 -0.0292
vn -0.9996 -0.0000 -0.0288
vn -1.0000 -0.0020 -0.0089
vn -1.0000 0.0012 -0.0082
vn -1.0000 0.0015 -0.0010
vn -1.0000 0.0093 0.0006
vn -1.0000 0.0043 -0.0020
vn -1.0000 0.0031 -0.0000
vn -0.9999 0.0137 0.0018
vn -1.0000 0.0046 -0.0003
vn -0.9999 0.0163 -0.0010
vn -1.0000 0.0033 -0.0006
vn -1.0000 0.0050 -0.0002
vn -1.0000 0.0052 -0.0000
vn -1.0000 0.0097 -0.0008
vn -0.9999 0.0125 -0.0004
vn -1.0000 0.0059 -0.0001
vn -0.7208 -0.6931 0.0043
vn -0.8142 -0.5806 -0.0015
vn -0.9999 0.0129 -0.0004
vn -0.3021 -0.9533 -0.0030
vn -0.4192 -0.9078 0.0139
vn -0.9231 -0.3842 -0.0146
vn -0.0478 -0.9988 0.0060
vn -0.1237 -0.9785 0.1651
vn -0.5383 -0.8233 0.1802
vn -0.0012 -1.0000 0.0035
vn -0.0000 -0.9982 0.0593
vn -0.0030 -0.9993 0.0381
vn -0.0186 -0.9737 0.2269
vn -0.0198 -0.9278 0.3726
vn 0.0004 -0.9854 0.1703
vn 0.0058 -0.5812 0.8138
vn -0.0125 -0.6640 0.7476
vn 0.0029 -0.0262 0.9997
vn 0.0067 -0.0055 1.0000
vn 0.0012 -0.0093 1.0000
vn 0.0027 -0.0010 1.0000
vn 0.0008 0.0018 1.0000
vn -0.0019 0.0012 1.0000
vn -0.0052 -0.0012 1.0000
vn -0.0004 0.0052 1.0000
vn -0.0085 -0.0008 1.0000
vn -0.0106 -0.0012 0.9999
vn -0.6196 -0.0463 0.7835
vn -0.6112 -0.0308 0.7909
vn 0.0001 0.0066 1.0000
vn -0.0019 0.0208 0.9998
vn -0.0017 0.0276 0.9996
vn -0.0556 0.8683 0.4930
vn 0.0186 0.9203 0.3907
vn 0.0035 0.0265 0.9996
vn -0.0198 0.7915 0.6108
vn 0.1617 0.6888 0.7067
vn -0.0557 0.6609 0.7484
vn 0.0582 0.8475 0.5276
vn 0.0526 0.9519 0.3020
vn 0.0046 0.0656 0.9978
vn 0.0462 0.2977 0.9535
vn 0.0408 0.0947 0.9947
vn 0.0958 0.5983 0.7955
vn 0.0013 0.0196 0.9998
vn 0.0004 0.0029 1.0000
vn -0.0001 0.0123 0.9999
vn -0.0002 0.0001 1.0000
vn 0.0005 0.0085 1.0000
vn 0.0004 -0.0010 1.0000
vn 0.0003 -0.0035 1.0000
vn 0.0040 0.0126 0.9999
vn 0.0002 -0.0059 1.0000
vn -0.0005 -0.0390 0.9992
vn -0.0005 -0.0093 1.0000
vn 0.0020 -0.0397 0.9992
vn -0.0082 -0.3014 0.9535
vn -0.0027 -0.0233 0.9997
vn 0.0014 -0.3992 0.9169
vn 0.0056 -0.9632 0.2688
vn 0.0062 -0.4979 0.8672
vn 0.0032 -0.9771 0.2125
vn 0.0025 -1.0000 0.0080
vn 0.0018 -0.9389 0.3442
vn 0.0008 -0.9999 0.0122
vn 0.0008 -1.0000 0.0030
vn -0.0007 -0.9999 0.0123
vn -0.0002 -1.0000 0.0040
vn -0.0000 -1.0000 0.0006
vn -0.0001 -1.0000 0.0056
vn -0.0000 -1.0000 0.0008
vn -0.0000 -1.0000 -0.0000
vn -0.0000 -1.0000 0.0009
vn -0.0028 -1.0000 0.0001
vn -0.0023 -1.0000 -0.0000
vn -0.0018 -1.0000 -0.0000
vn -0.0164 -0.9999 0.0001
vn -0.0145 -0.9999 0.0001
vn -0.0152 -0.9999 -0.0011
vn -0.1772 -0.9842 0.0021
vn -0.1695 -0.9855 -0.0020
vn -0.1765 -0.9843 0.0018
vn -0.5091 -0.8606 0.0133
vn -0.4571 -0.8894 0.0049
vn -0.4347 -0.8938 -0.1108
vn -0.9966 -0.0829 -0.0026
vn -0.9948 -0.0987 -0.0256
vn -0.9993 -0.0355 -0.0153
vn -1.0000 0.0001 -0.0012
vn -1.0000 -0.0020 -0.0014
vn -0.2570 -0.8982 -0.3566
vn -0.2145 -0.9708 -0.1076
vn -0.3519 -0.8819 -0.3137
vn -0.0299 -0.9447 -0.3267
vn -0.0135 -0.9981 -0.0596
vn -0.0065 -0.9991 -0.0418
vn -0.0012 -1.0000 -0.0074
vn -0.0138 -0.9999 -0.0054
vn -0.0002 -1.0000 -0.0066
vn -0.0000 -1.0000 -0.0008
vn -0.0013 -1.0000 -0.0007
vn -0.0000 -1.0000 -0.0011
vn 0.0015 -1.0000 -0.0000
vn 0.0013 -1.0000 -0.0000
vn 0.0116 -0.9999 0.0004
vn 0.0129 -0.9999 0.0010
vn 0.0011 -1.0000 0.0005
vn 0.0678 -0.9977 0.0026
vn 0.0947 -0.9954 0.0142
vn 0.0104 -0.9999 0.0001
vn 0.3050 -0.9521 0.0231
vn 0.3645 -0.9310 0.0182
vn 0.0901 -0.9957 -0.0198
vn 0.4137 -0.8079 0.4196
vn 0.0434 -0.9168 0.3969
vn 0.1094 -0.1725 0.9789
vn -0.0387 -0.1874 0.9815
vn 0.0114 0.0025 0.9999
vn -0.0004 -0.0121 0.9999
vn 0.0284 0.0071 0.9996
vn 0.0040 0.0005 1.0000
vn 0.0158 0.0320 0.9994
vn 0.0139 0.0332 0.9994
vn -0.0066 0.2348 0.9720
vn 0.0367 0.1912 0.9809
vn 0.0942 0.8691 0.4856
vn 0.0581 0.7494 0.6595
vn 0.3436 0.9356 0.0812
vn 0.0729 0.9935 0.0873
vn 0.2969 0.9534 0.0537
vn 0.7501 0.6588 0.0579
vn 0.7755 0.6249 0.0898
vn 0.7497 0.6617 0.0118
vn 0.9894 0.1400 0.0380
vn 0.9954 0.0954 0.0050
vn 0.9901 0.1403 -0.0013
vn 0.9998 0.0185 0.0017
vn 0.9998 0.0203 0.0002
vn 0.9997 0.0252 -0.0003
vn 1.0000 0.0045 -0.0001
vn 1.0000 0.0066 -0.0001
vn 1.0000 0.0076 -0.0000
vn 1.0000 -0.0015 -0.0001
vn 1.0000 -0.0011 -0.0000
vn 1.0000 -0.0007 -0.0001
vn 0.9999 -0.0144 -0.0003
vn 0.9999 -0.0159 -0.0004
vn 0.9999 -0.0126 -0.0025
vn 0.9866 -0.1633 0.0021
vn 0.9938 -0.1093 0.0214
vn 0.9931 -0.0978 -0.0651
vn 0.4409 -0.8962 -0.0488
vn 0.5188 -0.8436 -0.1388
vn 0.1596 -0.9871 -0.0133
vn 0.2075 -0.9735 -0.0958
vn 0.2002 -0.7785 -0.5949
vn 0.0097 -0.9988 -0.0485
vn -0.0023 -0.8600 -0.5103
vn -0.0271 -0.1277 -0.9914
vn -0.0011 -0.9074 -0.4204
vn -0.0070 -0.2202 -0.9754
vn -0.0005 -0.0114 -0.9999
vn -0.0012 -0.2978 -0.9546
vn 0.0005 -0.0122 -0.9999
vn -0.0000 -0.0028 -1.0000
vn 0.0001 -0.0123 -0.9999
vn 0.0003 -0.0029 -1.0000
vn 0.0009 0.0030 -1.0000
vn 0.0006 -0.0026 -1.0000
vn 0.0001 0.0015 -1.0000
vn 0.0022 -0.0087 -1.0000
vn 0.0040 0.0013 -1.0000
vn 0.0013 0.0012 -1.0000
vn 0.0006 0.0100 -1.0000
vn -0.0008 0.0053 -1.0000
vn -0.0717 -0.0631 -0.9954
vn -0.0076 0.0107 -0.9999
vn -0.0132 -0.6479 -0.7616
vn -0.2000 -0.7276 -0.6562
vn -0.0072 -0.5138 -0.8579
vn 0.0040 -0.4048 -0.9144
vn 0.0004 -0.9618 -0.2736
vn -0.0199 -0.9584 -0.2847
vn 0.0016 -0.9511 -0.3090
vn 0.0007 -0.9997 -0.0233
vn -0.0010 -0.9997 -0.0232
vn 0.0002 -0.9996 -0.0287
vn -0.0001 -1.0000 -0.0071
vn 0.0002 -1.0000 -0.0064
vn -0.0000 -1.0000 -0.0056
vn 0.0011 -1.0000 -0.0008
vn -0.0000 -1.0000 -0.0010
vn 0.0139 -0.9999 -0.0009
vn 0.0136 -0.9999 -0.0000
vn 0.0014 -1.0000 -0.0000
vn 0.1182 -0.9930 0.0002
vn 0.1099 -0.9939 -0.0004
vn 0.0123 -0.9999 -0.0002
vn 0.3856 -0.9227 0.0013
vn 0.3561 -0.9345 0.0006
vn 0.0823 -0.9966 -0.0018
vn 0.9285 -0.3712 0.0058
vn 0.8485 -0.5292 -0.0029
vn 0.3282 -0.9446 0.0043
vn 0.9995 -0.0328 -0.0007
vn 0.9991 -0.0417 0.0090
vn 0.7843 -0.6203 0.0124
vn 0.9921 -0.1067 0.0663
vn 0.7771 -0.6214 0.0996
vn 1.0000 -0.0087 0.0036
vn 0.9997 -0.0198 0.0162
vn 1.0000 -0.0011 0.0075
vn 0.9987 -0.0048 0.0516
vn 0.9986 -0.0234 0.0482
vn 0.4556 0.0036 0.8902
vn 0.4005 0.0135 0.9162
vn 0.9990 0.0232 0.0390
vn 0.4724 0.0114 0.8813
vn 0.9994 0.0354 0.0061
vn 0.9996 0.0276 0.0076
vn 1.0000 0.0031 0.0025
vn 1.0000 0.0031 0.0007
vn 1.0000 -0.0049 0.0004
vn 1.0000 -0.0031 -0.0000
vn 0.9997 -0.0245 0.0006
vn 0.9999 -0.0156 0.0001
vn 0.9795 -0.2011 0.0103
vn 0.9888 -0.1489 -0.0063
vn 0.3968 -0.9179 -0.0001
vn 0.3938 -0.9192 -0.0014
vn 0.1292 -0.9916 -0.0027
vn 0.0116 -0.9999 -0.0020
vn -0.0007 -0.9993 -0.0364
vn 0.0012 -0.9351 -0.3543
vn -0.0008 -0.3532 -0.9356
vn 0.0002 0.0188 -0.9998
vn -0.0000 0.0059 -1.0000
vn 0.0037 0.0111 -0.9999
vn -0.0010 0.0179 -0.9998
vn -0.0002 0.0061 -1.0000
vn 0.0004 0.0056 -1.0000
vn 0.0004 -0.0010 -1.0000
vn -0.0001 -0.0026 -1.0000
vn 0.0087 0.0002 -1.0000
vn 0.0089 -0.0021 -1.0000
vn -0.0022 -0.0062 -1.0000
vn 0.0413 0.0001 -0.9991
vn 0.0495 -0.0052 -0.9988
vn 0.8709 0.0077 -0.4913
vn 0.9235 0.0138 -0.3834
vn 0.9997 -0.0040 -0.0223
vn 0.9997 -0.0094 -0.0224
vn 0.9997 0.0047 -0.0245
vn 1.0000 0.0057 -0.0002
vn 1.0000 -0.0018 -0.0032
vn 0.9993 0.0363 0.0058
vn 0.9993 0.0381 -0.0004
vn 1.0000 0.0081 -0.0002
vn 0.8848 0.4659 -0.0035
vn 0.9306 0.3660 -0.0069
vn 0.9995 0.0313 -0.0008
vn 0.4753 0.8791 -0.0361
vn 0.6000 0.8000 -0.0005
vn 0.9685 0.2489 -0.0084
vn 0.5706 0.8212 -0.0062
vn 0.4825 0.8743 0.0526
vn 0.6547 0.7556 0.0214
vn 0.7473 0.6633 -0.0399
vn 0.6395 0.7607 0.1111
vn 0.8257 0.5621 -0.0474
vn 0.7579 0.6308 0.1662
vn 0.9829 0.1586 -0.0939
vn 0.9512 0.2101 0.2259
vn 0.9588 0.0045 0.2842
vn 0.9288 0.0031 0.3706
vn 0.8622 0.2630 0.4329
vn 0.7194 -0.0026 0.6946
vn 0.6847 0.1803 0.7061
vn 0.4042 -0.0035 0.9146
vn 0.4088 0.1010 0.9070
vn 0.2864 0.0597 0.9562
vn 0.2468 0.5191 0.8183
vn 0.3879 0.6438 0.6596
vn -0.1172 0.0460 0.9920
vn -0.0947 0.4528 0.8866
vn -0.3202 0.0768 0.9442
vn -0.2916 0.6055 0.7405
vn -0.3227 0.0002 0.9465
vn -0.6032 0.0082 0.7975
vn -0.6212 0.1147 0.7752
vn -0.8547 0.0054 0.5191
vn -0.8293 0.1313 0.5432
vn -0.9547 0.0925 0.2829
vn -0.8559 0.4584 0.2393
vn -0.6706 0.5721 0.4723
vn -0.6455 0.7396 0.1904
vn -0.4017 0.8915 0.2093
vn -0.9499 0.0024 0.3127
vn -0.9981 -0.0027 0.0622
vn -0.9981 0.0229 0.0569
vn -0.9979 0.0078 0.0650
vn -0.9550 0.0056 -0.2966
vn -0.9540 0.0022 -0.2999
vn -0.9124 0.0218 -0.4087
vn -0.9155 0.0029 -0.4024
vn -0.7072 0.0309 -0.7064
vn -0.7011 0.0032 -0.7130
vn -0.3859 0.0087 -0.9225
vn -0.3916 0.0002 -0.9201
vn -0.2972 0.0015 -0.9548
vn -0.2937 0.0001 -0.9559
vn 0.0787 -0.0019 -0.9969
vn 0.0731 0.0040 -0.9973
vn -0.2945 0.0190 -0.9555
vn 0.3140 0.0206 -0.9492
vn 0.3108 0.2560 -0.9154
vn 0.0596 0.1591 -0.9855
vn 0.5166 0.3991 -0.7575
vn 0.4144 0.7269 -0.5476
vn 0.2731 0.6096 -0.7442
vn 0.2739 0.8578 -0.4348
vn 0.2291 0.7240 -0.6507
vn 0.0860 0.9848 -0.1512
vn 0.1314 0.8503 -0.5096
vn 0.0143 0.8952 -0.4455
vn 0.0227 0.8496 -0.5269
vn 0.0194 0.9995 -0.0253
vn 0.0037 0.9142 -0.4053
vn 0.0290 0.9321 -0.3612
vn 0.0081 0.0359 -0.9993
vn 0.0044 0.0234 -0.9997
vn 0.0280 0.0435 -0.9987
vn 0.0345 -0.0018 -0.9994
vn 0.0061 0.0034 -1.0000
vn 0.1524 0.9511 -0.2688
vn 0.0438 0.9990 -0.0071
vn 0.2901 0.9570 0.0018
vn 0.5375 0.0447 -0.8421
vn 0.7699 0.1156 -0.6276
vn 0.6549 0.4889 -0.5763
vn 0.9243 0.1819 -0.3355
vn 0.7932 0.5223 -0.3130
vn 0.8133 0.0074 -0.5818
vn 0.9478 0.0036 -0.3190
vn 0.9445 0.0164 -0.3281
vn 0.9911 0.0067 -0.1328
vn 0.9910 -0.0027 -0.1341
vn 0.9732 0.2043 -0.1059
vn 0.9363 0.2454 0.2512
vn 0.9599 0.0087 0.2803
vn 0.8609 0.3201 0.3954
vn 0.9272 0.0207 0.3741
vn 0.6379 0.4420 0.6307
vn 0.7184 0.0398 0.6945
vn 0.4545 0.3619 0.8139
vn 0.4092 0.0247 0.9121
vn 0.2170 0.3194 0.9224
vn 0.2871 0.0180 0.9577
vn -0.1067 0.0143 0.9942
vn -0.1217 -0.0069 0.9925
vn 0.2951 -0.0013 0.9555
vn -0.0833 0.3750 0.9233
vn -0.3163 0.3732 0.8722
vn -0.3313 0.0208 0.9433
vn -0.5524 0.4133 0.7239
vn -0.5952 0.0548 0.8017
vn -0.7544 0.3575 0.5505
vn -0.8433 0.0405 0.5360
vn -0.9248 0.2461 0.2903
vn -0.9493 0.0110 0.3142
vn -0.6992 0.6948 0.1684
vn -0.7701 0.6352 0.0590
vn -0.9684 0.2418 0.0605
vn -0.7598 0.6247 -0.1803
vn -0.9487 0.1859 -0.2559
vn -0.6161 0.7166 -0.3270
vn -0.8981 0.1245 -0.4218
vn -0.4211 0.8000 -0.4273
vn -0.6943 0.1756 -0.6979
vn -0.3273 0.7819 -0.5306
vn -0.4278 0.1349 -0.8937
vn -0.1387 0.7703 -0.6224
vn -0.2737 0.0939 -0.9572
vn 0.0857 0.6908 -0.7180
vn 0.1180 0.1697 -0.9784
vn 0.3086 0.2078 -0.9282
vn 0.3153 0.0137 -0.9489
vn 0.0896 0.0046 -0.9960
vn 0.5243 0.0128 -0.8514
vn 0.5327 0.0038 -0.8463
vn 0.3163 0.0025 -0.9487
vn 0.5120 0.2466 -0.8228
vn 0.7982 0.2533 -0.5466
vn 0.8223 0.0279 -0.5684
vn 0.5897 0.6912 -0.4177
vn 0.7171 0.6396 -0.2768
vn 0.9202 0.1900 -0.3422
vn 0.6498 0.7165 -0.2539
vn 0.7390 0.6673 -0.0925
vn 0.7590 0.6468 -0.0752
vn 0.8103 0.5614 0.1682
vn 0.7452 0.6457 0.1669
vn 0.8366 0.3367 0.4322
vn 0.6361 0.7007 0.3232
vn 0.6980 0.1343 0.7034
vn 0.4674 0.7459 0.4745
vn 0.5239 0.0213 0.8515
vn 0.3675 0.7543 0.5441
vn 0.2239 -0.0861 0.9708
vn 0.1096 0.7547 0.6468
vn -0.0484 -0.1178 0.9919
vn -0.0231 0.7153 0.6984
vn -0.3462 -0.0712 0.9355
vn -0.2502 0.6935 0.6757
vn -0.6139 0.1173 0.7806
vn -0.4576 0.6755 0.5781
vn -0.7454 0.4626 0.4800
vn -0.5698 0.7022 0.4270
vn -0.8047 -0.1708 0.5686
vn -0.9390 -0.1756 0.2956
vn -0.7163 0.6731 0.1838
vn -0.9879 -0.1234 0.0937
vn -0.7085 0.7026 0.0661
vn -0.9605 -0.1163 -0.2527
vn -0.6802 0.7138 -0.1668
vn -0.8607 -0.0824 -0.5024
vn -0.6021 0.7088 -0.3674
vn -0.6731 -0.1230 -0.7292
vn -0.5196 0.6775 -0.5206
vn -0.5128 -0.1363 -0.8476
vn -0.4064 0.6512 -0.6409
vn -0.2468 -0.1333 -0.9599
vn -0.1662 0.6369 -0.7528
vn 0.0638 -0.0886 -0.9940
vn 0.0430 0.6498 -0.7589
vn 0.3162 -0.0527 -0.9472
vn 0.2421 0.6921 -0.6800
vn 0.4237 0.6941 -0.5819
vn 0.4128 0.6798 -0.6062
vn 0.2517 0.5971 -0.7616
vn 0.5934 0.0004 -0.8049
vn 0.7973 0.0190 -0.6033
vn 0.5798 0.6929 -0.4286
vn 0.7813 -0.1400 -0.6083
vn 0.9206 -0.1898 -0.3413
vn 0.9416 -0.0191 -0.3363
vn 0.9801 -0.1675 -0.1064
vn 0.9900 -0.0719 -0.1212
vn 0.9694 -0.0839 0.2308
vn 0.9514 -0.1903 0.2421
vn 0.8750 0.0064 0.4841
vn 0.8656 -0.1738 0.4697
vn 0.7169 0.1798 0.6736
vn 0.6994 -0.2070 0.6841
vn 0.5093 0.2834 0.8126
vn 0.5038 -0.2393 0.8300
vn 0.2532 0.2718 0.9285
vn 0.2409 -0.2146 0.9465
vn -0.0693 0.3175 0.9457
vn -0.0376 -0.2502 0.9675
vn -0.3983 0.2570 0.8805
vn -0.3633 -0.2170 0.9061
vn -0.6435 0.1010 0.7588
vn -0.6359 -0.1231 0.7619
vn -0.5686 0.4123 0.7118
vn -0.7629 0.3918 0.5143
vn -0.8019 -0.0134 0.5973
vn -0.8601 0.4025 0.3134
vn -0.9327 -0.1504 0.3278
vn -0.9058 0.4235 0.0143
vn -0.9736 -0.2116 0.0860
vn -0.8879 0.4073 -0.2140
vn -0.9506 -0.1497 -0.2718
vn -0.7969 0.4008 -0.4519
vn -0.8587 -0.1367 -0.4938
vn -0.6275 0.4115 -0.6610
vn -0.6728 -0.1054 -0.7323
vn -0.4619 0.4176 -0.7824
vn -0.5122 -0.1028 -0.8527
vn -0.1830 0.4265 -0.8858
vn -0.2401 -0.0958 -0.9660
vn 0.0422 0.4332 -0.9003
vn 0.0415 -0.1453 -0.9885
vn 0.3146 0.4208 -0.8508
vn 0.3231 -0.1779 -0.9295
vn 0.5358 0.3928 -0.7474
vn 0.6034 -0.1387 -0.7853
vn 0.5818 0.2867 -0.7611
vn 0.7453 0.2939 -0.5985
vn 0.7452 0.3786 -0.5489
vn 0.9016 0.2851 -0.3254
vn 0.8569 0.3877 -0.3397
vn 0.9542 0.2982 -0.0261
vn 0.9071 0.4141 -0.0757
vn 0.9493 0.2916 0.1175
vn 0.8869 0.4392 0.1430
vn 0.8427 0.2839 0.4575
vn 0.7956 0.4501 0.4055
vn 0.6699 0.2977 0.6802
vn 0.6372 0.4504 0.6254
vn 0.5104 0.2942 0.8080
vn 0.4706 0.4495 0.7593
vn 0.1699 0.2996 0.9388
vn 0.2189 0.4804 0.8493
vn -0.0314 0.3209 0.9466
vn -0.0575 0.4766 0.8773
vn -0.3646 0.3386 0.8674
vn -0.3439 0.4409 0.8291
vn -0.3906 -0.0296 0.9201
vn -0.5868 -0.0410 0.8087
vn -0.5552 0.3386 0.7597
vn -0.7488 -0.0236 0.6624
vn -0.7484 0.3038 0.5896
vn -0.9708 0.0014 0.2400
vn -0.9155 0.2900 0.2788
vn -1.0000 0.0015 0.0079
vn -0.9516 0.3072 0.0033
vn -0.9811 -0.0197 -0.1925
vn -0.9250 0.3242 -0.1981
vn -0.8802 -0.0478 -0.4721
vn -0.8181 0.3333 -0.4687
vn -0.7510 -0.0303 -0.6597
vn -0.7004 0.3043 -0.6456
vn -0.5036 -0.0067 -0.8639
vn -0.4731 0.2766 -0.8365
vn -0.0588 -0.0036 -0.9983
vn -0.1302 0.2868 -0.9491
vn 0.0047 0.0004 -1.0000
vn 0.0304 0.2942 -0.9553
vn 0.2455 -0.0000 -0.9694
vn 0.2849 0.2761 -0.9179
vn 0.2530 -0.0078 -0.9674
vn 0.5636 -0.0202 -0.8258
vn 0.6423 -0.0252 -0.7660
vn 0.8149 -0.0241 -0.5791
vn 0.7647 -0.0268 -0.6439
vn 0.9490 -0.0111 -0.3150
vn 0.9500 -0.0008 -0.3121
vn 0.9997 -0.0078 -0.0244
vn 0.9999 0.0022 -0.0166
vn 0.9972 -0.0086 0.0743
vn 0.9973 0.0012 0.0730
vn 0.8984 -0.0116 0.4390
vn 0.8856 -0.0104 0.4643
vn 0.6782 -0.0216 0.7346
vn 0.6683 -0.0230 0.7436
vn 0.4773 -0.0161 0.8786
vn 0.5481 -0.0069 0.8364
vn 0.1076 -0.0045 0.9942
vn 0.1198 0.0026 0.9928
vn -0.0165 -0.0085 0.9998
vn -0.0298 -0.0023 0.9996
vn -0.0357 -0.3775 0.9253
vn -0.3139 -0.3415 0.8859
vn -0.3383 -0.0333 0.9405
vn -0.5739 -0.2771 0.7706
vn -0.5741 -0.0470 0.8174
vn -0.7840 -0.2683 0.5598
vn -0.8123 -0.0236 0.5828
vn -0.8926 -0.3403 0.2958
vn -0.9662 -0.0008 0.2578
vn -0.9196 -0.3920 0.0260
vn -0.9998 -0.0078 0.0167
vn -0.9119 -0.3839 -0.1451
vn -0.9923 -0.0205 -0.1221
vn -0.8319 -0.3255 -0.4494
vn -0.8949 -0.0399 -0.4445
vn -0.6757 -0.2871 -0.6790
vn -0.7070 -0.0403 -0.7061
vn -0.4863 -0.3329 -0.8079
vn -0.4792 -0.0150 -0.8776
vn -0.1316 -0.4251 -0.8955
vn -0.0826 0.0003 -0.9966
vn 0.0306 -0.4483 -0.8934
vn 0.0048 -0.0096 -0.9999
vn 0.0353 -0.4757 -0.8789
vn 0.3280 -0.4600 -0.8251
vn 0.2810 -0.3979 -0.8733
vn 0.5586 -0.4388 -0.7038
vn 0.5515 -0.3239 -0.7687
vn 0.6634 -0.4805 -0.5736
vn 0.7595 -0.3108 -0.5715
vn 0.7713 -0.5199 -0.3671
vn 0.8609 -0.3749 -0.3440
vn 0.8446 -0.5327 -0.0527
vn 0.9053 -0.4219 -0.0490
vn 0.8330 -0.5361 0.1365
vn 0.9134 -0.3911 0.1133
vn 0.7306 -0.4886 0.4769
vn 0.8436 -0.3036 0.4430
vn 0.6347 -0.4743 0.6101
vn 0.6737 -0.2471 0.6964
vn 0.4602 -0.5599 0.6890
vn 0.4629 -0.2689 0.8446
vn 0.1522 -0.5838 0.7975
vn 0.1401 -0.3452 0.9280
vn 0.1818 -0.1878 0.9652
vn -0.0213 -0.1641 0.9862
vn -0.0426 -0.5789 0.8143
vn -0.4049 -0.1591 0.9004
vn -0.3437 -0.5347 0.7720
vn -0.6302 -0.1513 0.7616
vn -0.5688 -0.4759 0.6708
vn -0.7836 -0.1228 0.6090
vn -0.6826 -0.4783 0.5526
vn -0.9020 -0.1306 0.4115
vn -0.7808 -0.5270 0.3356
vn -0.9883 -0.1516 0.0167
vn -0.8431 -0.5374 0.0183
vn -0.9778 -0.1478 -0.1488
vn -0.8378 -0.5255 -0.1483
vn -0.8248 -0.2279 -0.5175
vn -0.7301 -0.4658 -0.4999
vn -0.7301 -0.2823 -0.6223
vn -0.6597 -0.4752 -0.5822
vn -0.4355 -0.1758 -0.8829
vn -0.4717 -0.4971 -0.7283
vn -0.2213 -0.0871 -0.9713
vn -0.1760 -0.4482 -0.8764
vn -0.2711 0.2315 -0.9343
vn 0.0481 0.3022 -0.9520
vn 0.0112 -0.1243 -0.9922
vn 0.3230 0.3946 -0.8602
vn 0.3622 -0.1516 -0.9197
vn 0.4858 0.4252 -0.7637
vn 0.5414 -0.2522 -0.8020
vn 0.7793 0.3816 -0.4970
vn 0.7718 -0.2633 -0.5788
vn 0.8829 0.3007 -0.3605
vn 0.9075 -0.1608 -0.3881
vn 0.9729 0.2308 -0.0151
vn 0.9898 -0.1400 -0.0250
vn 0.9631 0.1955 0.1848
vn 0.9801 -0.1094 0.1655
vn 0.8478 0.1719 0.5017
vn 0.8278 -0.1345 0.5447
vn 0.7453 0.1426 0.6513
vn 0.7320 -0.2255 0.6429
vn 0.5080 0.1416 0.8496
vn 0.5278 -0.2367 0.8157
vn 0.4186 0.5644 0.7115
vn 0.1643 0.5234 0.8361
vn 0.1755 0.1522 0.9726
vn -0.0241 0.5419 0.8401
vn -0.0116 0.1825 0.9831
vn -0.2881 0.5971 0.7486
vn -0.3741 0.1960 0.9064
vn -0.5097 0.5889 0.6272
vn -0.6225 0.2179 0.7517
vn -0.6628 0.5681 0.4878
vn -0.7789 0.2563 0.5724
vn -0.6750 0.6585 0.3328
vn -0.8648 0.2558 0.4320
vn -0.6649 0.7453 0.0500
vn -0.9762 0.2128 0.0424
vn -0.6932 0.6969 -0.1838
vn -0.9408 0.2750 -0.1983
vn -0.6636 0.6693 -0.3341
vn -0.8243 0.3939 -0.4067
vn -0.5115 0.6883 -0.5144
vn -0.6564 0.4135 -0.6310
vn -0.3578 0.6455 -0.6747
vn -0.3726 0.3402 -0.8634
vn -0.5123 0.2599 -0.8185
vn -0.1521 0.2886 -0.9453
vn -0.2328 0.6702 -0.7047
vn 0.0481 0.2927 -0.9550
vn 0.0756 0.7361 -0.6726
vn 0.2839 0.2310 -0.9306
vn 0.2494 0.7022 -0.6668
vn 0.6067 0.2544 -0.7531
vn 0.4023 0.7154 -0.5713
vn 0.7370 0.2744 -0.6177
vn 0.5851 0.7103 -0.3912
vn 0.9027 0.2799 -0.3267
vn 0.6756 0.6820 -0.2801
vn 0.9363 0.3442 -0.0691
vn 0.7723 0.6341 -0.0377
vn 0.9357 0.3335 0.1149
vn 0.8107 0.5610 0.1675
vn 0.8476 0.2935 0.4421
vn 0.7383 0.5348 0.4109
vn 0.6677 0.3085 0.6775
vn 0.6118 0.5428 0.5753
vn 0.7250 -0.0024 0.6888
vn 0.5041 -0.0120 0.8636
vn 0.4836 0.3265 0.8121
vn 0.0919 0.0007 0.9958
vn 0.1609 0.3510 0.9225
vn -0.0111 0.0036 0.9999
vn -0.0486 0.3677 0.9287
vn -0.2759 0.0032 0.9612
vn -0.2998 0.3088 0.9026
vn -0.6638 -0.0031 0.7479
vn -0.6302 0.2828 0.7230
vn -0.7488 -0.0110 0.6627
vn -0.7526 0.2789 0.5965
vn -0.9678 -0.0008 0.2516
vn -0.9183 0.2728 0.2869
vn -1.0000 0.0035 0.0073
vn -0.9490 0.3118 0.0460
vn -0.9981 0.0036 -0.0621
vn -0.9531 0.2753 -0.1259
vn -0.8731 0.0079 -0.4875
vn -0.8566 0.2325 -0.4606
vn -0.7182 -0.0038 -0.6959
vn -0.6739 0.2573 -0.6925
vn -0.7263 0.0304 -0.6868
vn -0.5311 0.0236 -0.8470
vn -0.5171 -0.0075 -0.8559
vn -0.0933 -0.0013 -0.9956
vn -0.1039 0.0043 -0.9946
vn 0.0055 0.0003 -1.0000
vn 0.0100 0.0040 -0.9999
vn 0.2378 0.0008 -0.9713
vn 0.2524 0.0026 -0.9676
vn 0.6636 0.0293 -0.7475
vn 0.6430 -0.0072 -0.7658
vn 0.7265 0.0321 -0.6865
vn 0.7502 -0.0096 -0.6612
vn 0.9586 0.0071 -0.2848
vn 0.9559 0.0031 -0.2936
vn 1.0000 0.0014 -0.0097
vn 0.9999 0.0038 -0.0107
vn 0.9980 0.0021 0.0637
vn 0.9981 0.0035 0.0621
vn 0.8600 0.0093 0.5102
vn 0.8787 0.0100 0.4772
vn 0.8497 -0.0118 0.5271
vn 0.7015 -0.0114 0.7126
vn 0.7351 0.0315 0.6773
vn 0.5568 -0.0051 0.8306
vn 0.5251 0.0237 0.8507
vn 0.0628 0.0010 0.9980
vn 0.0671 -0.0021 0.9977
vn -0.0092 -0.0003 1.0000
vn -0.0074 0.0011 1.0000
vn -0.2501 -0.0046 0.9682
vn -0.2668 0.0010 0.9638
vn -0.7158 -0.0064 0.6983
vn -0.6823 0.0241 0.7307
vn -0.6993 -0.0057 0.7148
vn -0.7220 0.0295 0.6912
vn -0.9595 -0.0024 0.2816
vn -0.9671 0.0101 0.2540
vn -0.9999 -0.0010 0.0128
vn -0.9999 0.0011 0.0101
vn -0.9975 -0.0017 -0.0700
vn -0.9976 0.0024 -0.0687
vn -0.8495 -0.0003 -0.5276
vn -0.8580 0.0106 -0.5135
vn -0.8699 -0.0132 -0.4931
vn -0.7338 -0.0375 -0.6783
vn -0.7054 -0.0019 -0.7088
vn -0.5159 -0.0240 -0.8563
vn -0.5755 -0.0056 -0.8178
vn -0.0727 0.0020 -0.9973
vn -0.0760 -0.0041 -0.9971
vn 0.0094 -0.0006 -1.0000
vn 0.0072 0.0005 -1.0000
vn 0.2370 -0.0045 -0.9715
vn 0.2367 -0.0016 -0.9716
vn 0.6559 -0.0281 -0.7543
vn 0.7017 -0.0080 -0.7124
vn 0.7394 -0.0298 -0.6726
vn 0.6967 -0.0064 -0.7173
vn 0.9603 -0.0083 -0.2787
vn 0.9560 0.0016 -0.2935
vn 0.9999 0.0002 -0.0156
vn 0.9999 0.0002 -0.0127
vn 0.9975 0.0027 0.0705
vn 0.9979 -0.0024 0.0641
vn 0.9807 -0.0541 0.1877
vn 0.8831 -0.0228 0.4687
vn 0.8580 -0.0076 0.5136
vn 0.7043 -0.0137 0.7097
vn 0.7203 -0.0305 0.6930
vn 0.4567 -0.0052 0.8896
vn 0.4972 -0.0244 0.8673
vn 0.1872 -0.0537 0.9809
vn 0.0690 -0.0012 0.9976
vn -0.0552 -0.0777 0.9954
vn -0.0089 -0.0007 1.0000
vn -0.3408 -0.0365 0.9394
vn -0.2525 0.0026 0.9676
vn -0.5562 -0.0144 0.8309
vn -0.6494 -0.0306 0.7598
vn -0.8085 -0.0096 0.5884
vn -0.7481 -0.0384 0.6625
vn -0.9375 -0.0274 0.3469
vn -0.9609 -0.0063 0.2769
vn -0.9943 -0.0753 0.0753
vn -0.9999 0.0011 0.0149
vn -0.9840 -0.0543 -0.1696
vn -0.9982 -0.0015 -0.0593
vn -0.9588 -0.0031 -0.2839
vn -0.8974 -0.0005 -0.4411
vn -0.8930 -0.0195 -0.4497
vn -0.7164 -0.0021 -0.6976
vn -0.7354 -0.0112 -0.6776
vn -0.4787 -0.0021 -0.8780
vn -0.4691 -0.0062 -0.8831
vn -0.3060 -0.0028 -0.9520
vn -0.1929 -0.0522 -0.9798
vn 0.0839 -0.0062 -0.9965
vn 0.0481 -0.0773 -0.9958
vn 0.4111 -0.0028 -0.9116
vn 0.3211 -0.0308 -0.9466
vn 0.5651 -0.0004 -0.8250
vn 0.5903 -0.0125 -0.8071
vn 0.8420 -0.0016 -0.5394
vn 0.8048 -0.0126 -0.5934
vn 0.9010 -0.0005 -0.4337
vn 0.9364 -0.0315 -0.3494
vn 0.9957 -0.0085 -0.0925
vn 0.9952 -0.0803 -0.0564
vn 0.9977 0.0042 -0.0682
vn 0.9340 -0.0026 0.3573
vn 0.9473 -0.0063 0.3204
vn 0.8838 -0.0021 0.4679
vn 0.8922 0.0029 0.4515
vn 0.6657 -0.0050 0.7462
vn 0.6694 0.0029 0.7429
vn 0.4488 -0.0017 0.8936
vn 0.4640 0.0005 0.8858
vn 0.2757 -0.0011 0.9613
vn 0.2815 0.0024 0.9595
vn -0.0847 -0.0027 0.9964
vn -0.0968 -0.0023 0.9953
vn -0.4255 -0.0003 0.9050
vn -0.4208 -0.0012 0.9071
vn -0.4911 -0.0029 0.8711
vn -0.5206 -0.0029 0.8538
vn -0.8147 -0.0003 0.5799
vn -0.8222 0.0004 0.5692
vn -0.8982 -0.0012 0.4396
vn -0.9034 0.0002 0.4288
vn -0.9900 0.0030 0.1410
vn -0.9904 -0.0026 0.1384
vn -0.9883 -0.0000 0.1524
vn -0.9676 -0.0004 -0.2523
vn -0.9623 0.0026 -0.2720
vn -0.8938 0.0015 -0.4484
vn -0.8961 -0.0013 -0.4439
vn -0.7139 0.0003 -0.7003
vn -0.7150 0.0017 -0.6991
vn -0.4694 -0.0006 -0.8830
vn -0.4744 0.0020 -0.8803
vn -0.3010 0.0019 -0.9536
vn -0.3113 0.0001 -0.9503
vn 0.1151 0.0016 -0.9934
vn 0.0933 -0.0001 -0.9956
vn 0.4280 0.0010 -0.9038
vn 0.4250 -0.0005 -0.9052
vn 0.5703 0.0011 -0.8214
vn 0.5649 -0.0014 -0.8251
vn 0.8623 0.0003 -0.5065
vn 0.8563 -0.0023 -0.5165
vn 0.9193 -0.0021 -0.3935
vn 0.9111 0.0041 -0.4121
vn 0.9143 -0.0019 -0.4051
vn 0.9999 -0.0029 -0.0116
vn 0.9998 -0.0018 -0.0204
vn 0.9246 -0.0004 0.3809
vn 0.9278 -0.0010 0.3730
vn 0.8797 -0.0009 0.4755
vn 0.8784 0.0006 0.4779
vn 0.6387 0.0002 0.7694
vn 0.6475 0.0003 0.7621
vn 0.4612 0.0014 0.8873
vn 0.4488 -0.0006 0.8936
vn 0.2867 0.0002 0.9580
vn 0.2852 -0.0024 0.9585
vn -0.0843 -0.0037 0.9964
vn -0.0790 0.0034 0.9969
vn -0.4153 -0.0040 0.9097
vn -0.4123 0.0033 0.9111
vn -0.4962 0.0007 0.8682
vn -0.4821 0.0015 0.8761
vn -0.8115 -0.0022 0.5844
vn -0.8055 0.0007 0.5926
vn -0.8993 -0.0009 0.4373
vn -0.8972 0.0005 0.4417
vn -0.9040 0.0016 0.4275
vn -0.9941 0.0021 0.1082
vn -0.9886 -0.0016 0.1505
vn -0.9608 0.0007 -0.2772
vn -0.9655 -0.0013 -0.2605
vn -0.8845 0.0007 -0.4666
vn -0.8898 -0.0003 -0.4564
vn -0.7019 0.0011 -0.7123
vn -0.7161 -0.0027 -0.6980
vn -0.4445 0.0020 -0.8958
vn -0.4554 -0.0032 -0.8903
vn -0.2880 0.0019 -0.9576
vn -0.2902 -0.0018 -0.9570
vn 0.1386 -0.0021 -0.9904
vn 0.1411 -0.0005 -0.9900
vn 0.4283 -0.0027 -0.9036
vn 0.4232 0.0004 -0.9060
vn 0.5622 0.0029 -0.8270
vn 0.5644 -0.0043 -0.8255
vn 0.8651 0.0022 -0.5016
vn 0.8653 -0.0032 -0.5013
vn 0.8561 0.0023 -0.5168
vn 0.9161 -0.0030 -0.4010
vn 0.9151 0.0036 -0.4033
vn 0.9984 -0.0048 -0.0563
vn 0.9992 0.0085 -0.0402
vn 0.9452 -0.0016 0.3263
vn 0.9356 0.0050 0.3531
vn 0.8811 0.0014 0.4730
vn 0.8827 -0.0000 0.4699
vn 0.6968 0.0007 0.7173
vn 0.6635 0.0012 0.7482
vn 0.4509 -0.0005 0.8926
vn 0.4573 -0.0011 0.8893
vn 0.2873 0.0024 0.9578
vn 0.2893 0.0008 0.9572
vn -0.1040 0.0026 0.9946
vn -0.0996 0.0026 0.9950
vn -0.4247 0.0021 0.9053
vn -0.4300 0.0011 0.9028
vn -0.5411 -0.0013 0.8410
vn -0.5257 0.0045 0.8507
vn -0.8388 -0.0039 0.5444
vn -0.8235 0.0021 0.5673
vn -0.8445 0.0030 0.5356
vn -0.9148 0.0005 0.4039
vn -0.9110 0.0003 0.4123
vn -0.9973 0.0043 0.0739
vn -0.9962 -0.0053 0.0869
vn -0.9456 0.0037 -0.3254
vn -0.9504 -0.0049 -0.3110
vn -0.8762 0.0015 -0.4819
vn -0.8806 -0.0005 -0.4739
vn -0.6724 0.0027 -0.7402
vn -0.6819 -0.0009 -0.7314
vn -0.4359 0.0015 -0.9000
vn -0.4401 -0.0005 -0.8979
vn -0.2618 0.0037 -0.9651
vn -0.2797 0.0005 -0.9601
vn 0.1420 0.0034 -0.9899
vn 0.1273 0.0016 -0.9919
vn 0.4442 0.0014 -0.8959
vn 0.4409 0.0015 -0.8976
vn 0.5893 -0.0026 -0.8079
vn 0.5816 0.0039 -0.8135
vn 0.6079 0.0056 -0.7940
vn 0.8713 0.0028 -0.4908
vn 0.8631 -0.0049 -0.5050
vn 0.9337 0.0025 -0.3580
vn 0.9204 0.0037 -0.3909
vn 0.9988 0.0039 -0.0497
vn 0.9983 0.0053 -0.0577
vn 0.9487 0.0008 0.3163
vn 0.9465 0.0015 0.3228
vn 0.8664 0.0003 0.4993
vn 0.8740 0.0026 0.4859
vn 0.7191 0.0002 0.6949
vn 0.7132 0.0026 0.7009
vn 0.4458 0.0013 0.8951
vn 0.4489 0.0021 0.8936
vn 0.3080 0.0017 0.9514
vn 0.2971 0.0007 0.9548
vn -0.0544 0.0030 0.9985
vn -0.0726 -0.0023 0.9974
vn -0.4257 0.0019 0.9049
vn -0.4282 -0.0027 0.9037
vn -0.5560 0.0006 0.8312
vn -0.5438 0.0029 0.8392
vn -0.5563 0.0002 0.8310
vn -0.8272 0.0002 0.5619
vn -0.8330 0.0016 0.5533
vn -0.9221 0.0025 0.3869
vn -0.9168 0.0014 0.3994
vn -0.9974 0.0034 0.0719
vn -0.9980 0.0035 0.0626
vn -0.9557 0.0021 -0.2942
vn -0.9515 0.0012 -0.3076
vn -0.8646 0.0029 -0.5025
vn -0.8707 0.0010 -0.4919
vn -0.6888 0.0026 -0.7249
vn -0.6753 0.0009 -0.7375
vn -0.4269 0.0011 -0.9043
vn -0.4282 0.0008 -0.9037
vn -0.2265 0.0022 -0.9740
vn -0.2420 0.0034 -0.9703
vn 0.1641 0.0035 -0.9864
vn 0.1575 0.0023 -0.9875
vn 0.4569 0.0024 -0.8895
vn 0.4534 0.0001 -0.8913
vn 0.4531 -0.0019 -0.8915
vn 0.6237 0.0010 -0.7817
vn 0.6266 0.0001 -0.7794
vn 0.8737 0.0018 -0.4865
vn 0.8743 0.0001 -0.4854
vn 0.9408 0.0014 -0.3389
vn 0.9381 0.0006 -0.3463
vn 1.0000 0.0037 -0.0030
vn 0.9996 -0.0027 -0.0281
vn 0.9369 0.0024 0.3495
vn 0.9432 -0.0023 0.3322
vn 0.8499 -0.0001 0.5270
vn 0.8578 0.0017 0.5139
vn 0.7075 -0.0003 0.7067
vn 0.7188 0.0025 0.6952
vn 0.4228 0.0001 0.9062
vn 0.4387 -0.0003 0.8986
vn 0.2605 0.0063 0.9655
vn 0.2961 0.0018 0.9551
vn -0.0640 0.0056 0.9979
vn -0.0588 0.0019 0.9983
vn -0.4198 -0.0004 0.9076
vn -0.4184 0.0012 0.9082
vn -0.4409 -0.0021 0.8975
vn -0.5995 -0.0015 0.8004
vn -0.5785 0.0063 0.8157
vn -0.8179 -0.0029 0.5753
vn -0.8194 0.0058 0.5732
vn -0.9379 -0.0016 0.3470
vn -0.9322 0.0039 0.3620
vn -0.9973 -0.0028 0.0733
vn -0.9973 0.0066 0.0731
vn -0.9613 -0.0023 -0.2753
vn -0.9607 0.0025 -0.2777
vn -0.8494 -0.0015 -0.5278
vn -0.8537 0.0031 -0.5208
vn -0.7145 -0.0005 -0.6996
vn -0.7117 0.0037 -0.7025
vn -0.4117 -0.0000 -0.9113
vn -0.4198 0.0013 -0.9076
vn -0.2141 0.0006 -0.9768
vn -0.2220 0.0045 -0.9750
vn 0.1138 0.0016 -0.9935
vn 0.1410 0.0007 -0.9900
vn 0.0958 0.0046 -0.9954
vn 0.4605 0.0021 -0.8877
vn 0.4541 0.0019 -0.8910
vn 0.5993 0.0010 -0.8006
vn 0.6176 0.0013 -0.7865
vn 0.8636 -0.0012 -0.5042
vn 0.8674 0.0020 -0.4975
vn 0.9500 -0.0003 -0.3124
vn 0.9468 0.0047 -0.3217
vn 1.0000 0.0024 -0.0088
vn 1.0000 0.0080 0.0035
vn 0.9485 0.0021 0.3168
vn 0.9423 0.0029 0.3348
vn 0.8301 0.0014 0.5576
vn 0.8406 0.0035 0.5417
vn 0.7165 0.0019 0.6976
vn 0.7072 0.0044 0.7070
vn 0.4081 0.0013 0.9130
vn 0.4111 -0.0011 0.9116
vn 0.2040 0.0039 0.9790
vn 0.2239 0.0001 0.9746
vn -0.0783 0.0065 0.9969
vn -0.0730 -0.0001 0.9973
vn -0.0987 0.0066 0.9951
vn -0.4352 0.0048 0.9003
vn -0.4549 0.0045 0.8905
vn -0.6026 0.0039 0.7981
vn -0.5938 0.0010 0.8046
vn -0.8343 0.0044 0.5513
vn -0.8315 -0.0010 0.5556
vn -0.9432 -0.0022 0.3321
vn -0.9425 0.0028 0.3342
vn -0.9988 -0.0038 0.0489
vn -0.9978 0.0055 0.0666
vn -0.9548 -0.0009 -0.2972
vn -0.9592 0.0026 -0.2828
vn -0.8299 -0.0006 -0.5580
vn -0.8405 0.0034 -0.5418
vn -0.7019 0.0023 -0.7123
vn -0.7124 0.0026 -0.7018
vn -0.3918 -0.0016 -0.9201
vn -0.4021 0.0021 -0.9156
vn -0.1818 -0.0040 -0.9833
vn -0.1911 0.0064 -0.9815
vn -0.1226 -0.3339 -0.9346
vn 0.1207 -0.3039 -0.9450
vn 0.0955 -0.0012 -0.9954
vn 0.3881 -0.3029 -0.8704
vn 0.4520 -0.0015 -0.8920
vn 0.5844 -0.3071 -0.7511
vn 0.6000 0.0010 -0.8000
vn 0.7445 -0.3293 -0.5808
vn 0.8516 0.0033 -0.5242
vn 0.8860 -0.3433 -0.3118
vn 0.9443 -0.0038 -0.3289
vn 0.9446 -0.3266 -0.0324
vn 0.9997 -0.0079 -0.0229
vn 0.8935 -0.3290 0.3058
vn 0.9463 -0.0043 0.3233
vn 0.7717 -0.3343 0.5410
vn 0.8334 -0.0033 0.5527
vn 0.6178 -0.3302 0.7136
vn 0.6990 0.0001 0.7151
vn 0.3835 -0.3358 0.8603
vn 0.4077 0.0017 0.9131
vn 0.1398 -0.3337 0.9323
vn 0.1891 0.0015 0.9820
vn 0.0952 -0.5296 0.8429
vn -0.0640 -0.5187 0.8525
vn -0.0829 -0.3394 0.9370
vn -0.3735 -0.5019 0.7802
vn -0.3803 -0.3557 0.8537
vn -0.5779 -0.4677 0.6688
vn -0.5868 -0.3444 0.7329
vn -0.7040 -0.4504 0.5490
vn -0.7539 -0.3470 0.5579
vn -0.8478 -0.4442 0.2895
vn -0.8801 -0.3571 0.3128
vn -0.8974 -0.4408 -0.0188
vn -0.9403 -0.3402 0.0020
vn -0.8591 -0.4497 -0.2445
vn -0.8995 -0.3336 -0.2823
vn -0.7404 -0.4566 -0.4933
vn -0.7757 -0.3465 -0.5275
vn -0.6025 -0.4576 -0.6539
vn -0.6459 -0.3485 -0.6792
vn -0.3865 -0.5094 -0.7688
vn -0.3767 -0.3537 -0.8562
vn -0.4989 -0.0234 -0.8664
vn -0.0336 -0.0589 -0.9977
vn -0.0583 -0.5184 -0.8531
vn 0.0411 -0.0613 -0.9973
vn 0.0743 -0.5205 -0.8506
vn 0.4423 -0.0165 -0.8967
vn 0.3402 -0.5386 -0.7708
vn 0.6421 0.0108 -0.7666
vn 0.5791 -0.4859 -0.6546
vn 0.7974 0.0141 -0.6032
vn 0.7117 -0.4089 -0.5712
vn 0.9463 0.0175 -0.3229
vn 0.8964 -0.3558 -0.2645
vn 1.0000 -0.0064 -0.0053
vn 0.9467 -0.3219 -0.0105
vn 0.9561 -0.0140 0.2927
vn 0.9062 -0.3146 0.2825
vn 0.8176 0.0005 0.5758
vn 0.7811 -0.3476 0.5187
vn 0.6434 0.0366 0.7647
vn 0.6187 -0.4168 0.6659
vn 0.4968 0.0107 0.8678
vn 0.3997 -0.5033 0.7661
vn 0.5071 -0.0091 0.8619
vn 0.0738 0.0081 0.9972
vn 0.0816 -0.0334 0.9961
vn -0.0591 0.0003 0.9983
vn -0.0653 -0.0282 0.9975
vn -0.5064 -0.0074 0.8623
vn -0.4671 0.0097 0.8842
vn -0.6107 -0.0151 0.7917
vn -0.6444 0.0160 0.7645
vn -0.7664 -0.0689 0.6386
vn -0.7976 0.0048 0.6031
vn -0.9575 -0.0585 0.2824
vn -0.9396 0.0039 0.3424
vn -1.0000 -0.0018 0.0043
vn -0.9997 -0.0234 0.0022
vn -0.9691 -0.0350 -0.2440
vn -0.9583 -0.0160 -0.2852
vn -0.8120 -0.0604 -0.5805
vn -0.8252 0.0018 -0.5648
vn -0.6852 -0.0798 -0.7240
vn -0.6545 0.0055 -0.7561
vn -0.6372 0.3029 -0.7087
vn -0.3433 0.3376 -0.8765
vn -0.4380 -0.0436 -0.8979
vn -0.1011 0.3033 -0.9475
vn -0.0411 0.0072 -0.9991
vn 0.1255 0.3008 -0.9454
vn 0.0525 0.0062 -0.9986
vn 0.3261 0.3331 -0.8847
vn 0.4154 -0.0630 -0.9075
vn 0.6373 0.2874 -0.7150
vn 0.6785 -0.0857 -0.7296
vn 0.7601 0.3137 -0.5690
vn 0.7855 -0.0804 -0.6136
vn 0.8961 0.3732 -0.2401
vn 0.9630 -0.0606 -0.2625
vn 0.9327 0.3604 -0.0170
vn 1.0000 -0.0025 0.0018
vn 0.8834 0.3823 0.2709
vn 0.9608 -0.0212 0.2763
vn 0.7864 0.3450 0.5125
vn 0.8052 -0.0475 0.5911
vn 0.5366 0.3038 0.7872
vn 0.6205 -0.0409 0.7832
vn 0.4949 0.5207 0.6957
vn 0.3367 0.4845 0.8074
vn 0.3902 0.3440 0.8541
vn 0.1647 0.4883 0.8570
vn 0.1347 0.3432 0.9296
vn -0.1418 0.4930 0.8584
vn -0.1225 0.3388 0.9329
vn -0.3484 0.4967 0.7949
vn -0.4249 0.3186 0.8473
vn -0.4692 0.5174 0.7157
vn -0.5632 0.2710 0.7806
vn -0.7620 0.5008 0.4106
vn -0.7581 0.3352 0.5594
vn -0.8254 0.4827 0.2928
vn -0.8916 0.3781 0.2490
vn -0.8689 0.4936 0.0379
vn -0.9414 0.3362 0.0264
vn -0.8357 0.4983 -0.2310
vn -0.9131 0.3408 -0.2237
vn -0.7650 0.5116 -0.3913
vn -0.8014 0.3083 -0.5126
vn -0.8881 -0.0128 -0.4595
vn -0.6611 -0.0164 -0.7502
vn -0.5280 0.5171 -0.6737
vn -0.4217 0.0105 -0.9067
vn -0.3285 0.5010 -0.8007
vn -0.1273 0.0494 -0.9906
vn -0.1416 0.5020 -0.8532
vn 0.1349 0.0800 -0.9876
vn 0.1645 0.5029 -0.8485
vn 0.3542 0.0628 -0.9331
vn 0.3371 0.5065 -0.7936
vn 0.6258 0.0282 -0.7795
vn 0.5145 0.5333 -0.6715
vn 0.8455 0.0267 -0.5333
vn 0.7446 0.5257 -0.4113
vn 0.9577 0.0514 -0.2830
vn 0.8243 0.5055 -0.2550
vn 0.9971 0.0725 0.0248
vn 0.8638 0.5034 -0.0205
vn 0.9591 0.0489 0.2790
vn 0.8190 0.5032 0.2759
vn 0.8571 0.0035 0.5152
vn 0.7592 0.5203 0.3910
vn 0.7508 -0.5994 0.2775
vn 0.4459 -0.6400 0.6258
vn 0.6379 -0.0145 0.7700
vn 0.1683 -0.5580 0.8126
vn 0.4076 -0.0091 0.9131
vn 0.0296 -0.4846 0.8743
vn 0.1242 0.0122 0.9922
vn -0.0342 -0.4925 0.8696
vn -0.1162 0.0195 0.9930
vn -0.1087 -0.5455 0.8310
vn -0.3671 -0.0191 0.9300
vn -0.3861 -0.6277 0.6760
vn -0.5796 -0.0622 0.8125
vn -0.7102 -0.6129 0.3463
vn -0.8356 -0.0660 0.5453
vn -0.8483 -0.5186 0.1070
vn -0.9549 -0.0275 0.2958
vn -0.8775 -0.4795 -0.0057
vn -0.9996 0.0230 0.0151
vn -0.8629 -0.5031 -0.0479
vn -0.9799 0.0256 -0.1978
vn -0.8291 -0.5590 -0.0048
vn -0.7798 -0.6165 -0.1092
vn -0.7900 -0.5724 -0.2196
vn -0.4940 -0.7147 -0.4951
vn -0.5362 -0.6274 -0.5647
vn -0.1017 -0.6064 -0.7887
vn -0.2298 -0.5558 -0.7989
vn -0.0064 -0.5598 -0.8286
vn -0.0543 -0.4578 -0.8874
vn 0.0009 -0.5562 -0.8310
vn 0.0489 -0.4559 -0.8887
vn 0.0204 -0.5611 -0.8275
vn 0.1036 -0.5200 -0.8479
vn 0.3206 -0.6514 -0.6876
vn 0.3876 -0.6161 -0.6857
vn 0.7539 -0.6223 -0.2107
vn 0.7588 -0.5825 -0.2916
vn 0.8293 -0.5588 -0.0102
vn 0.8727 -0.4773 -0.1032
vn 0.8307 -0.5567 0.0009
vn 0.8927 -0.4503 0.0176
vn 0.8217 -0.5696 0.0193
vn 0.8531 -0.5104 0.1085
vn 0.8065 -0.5912 0.0072
vn 0.6832 -0.6890 0.2417
vn 0.7235 -0.6540 0.2211
vn 0.2899 -0.7153 0.6358
vn 0.3723 -0.6956 0.6145
vn 0.0297 -0.6156 0.7875
vn 0.0508 -0.5805 0.8126
vn -0.0023 -0.6096 0.7927
vn 0.0021 -0.5583 0.8297
vn -0.0024 -0.6041 0.7969
vn -0.0017 -0.5583 0.8296
vn -0.0153 -0.6000 0.7998
vn -0.0304 -0.5742 0.8181
vn -0.3051 -0.6835 0.6631
vn -0.2883 -0.6940 0.6598
vn -0.7266 -0.6601 0.1906
vn -0.7025 -0.6760 0.2224
vn -0.7980 -0.6027 0.0004
vn -0.8203 -0.5717 0.0163
vn -0.7997 -0.6004 -0.0029
vn -0.8301 -0.5576 0.0006
vn -0.5783 -0.8158 -0.0084
vn -0.6393 -0.7689 0.0102
vn -0.8079 -0.5894 -0.0003
vn -0.6649 -0.7458 -0.0410
vn -0.7844 -0.6146 -0.0836
vn -0.1783 -0.9839 0.0109
vn -0.1739 -0.9845 0.0227
vn -0.0098 -1.0000 -0.0002
vn -0.0047 -1.0000 -0.0009
vn -0.0508 -0.9970 -0.0581
vn -0.0033 -1.0000 -0.0010
vn -0.0016 -1.0000 -0.0054
vn -0.0000 -1.0000 -0.0053
vn -0.0001 -1.0000 -0.0085
vn -0.0064 -0.9975 -0.0698
vn 0.0006 -0.9999 -0.0167
vn 0.0118 -0.9850 -0.1719
vn 0.0001 -0.9541 -0.2995
vn 0.0035 -0.7273 -0.6864
vn 0.0206 -0.7658 -0.6428
vn 0.0005 -0.5772 -0.8166
vn 0.0011 -0.5844 -0.8114
vn -0.0006 -0.6582 -0.7529
vn 0.0102 -0.5787 -0.8155
vn 0.2572 -0.6789 -0.6877
vn 0.2604 -0.7018 -0.6630
vn 0.7518 -0.6389 -0.1628
vn 0.7220 -0.6724 -0.1628
vn 0.7623 -0.6472 0.0004
vn 0.8202 -0.5720 -0.0043
vn 0.6886 -0.7251 -0.0061
vn 0.8158 -0.5784 -0.0018
vn 0.3082 -0.9513 -0.0034
vn 0.1629 -0.9865 -0.0148
vn 0.6388 -0.7691 -0.0187
vn 0.0176 -0.9998 -0.0001
vn 0.0114 -0.9999 0.0009
vn 0.0768 -0.9970 0.0103
vn 0.0446 -0.9990 0.0085
vn 0.0246 -0.9996 0.0159
vn 0.1370 -0.9906 0.0054
vn 0.0069 -1.0000 0.0043
vn 0.0082 -1.0000 0.0053
vn -0.0002 -1.0000 0.0092
vn 0.0008 -1.0000 0.0042
vn 0.0002 -1.0000 0.0055
vn 0.0005 -1.0000 0.0088
vn 0.0011 -0.9998 0.0176
vn 0.0046 -0.9900 0.1413
vn -0.0224 -0.9912 0.1305
vn 0.0027 -0.8223 0.5691
vn -0.0172 -0.8043 0.5940
vn -0.0054 -0.9898 0.1426
vn -0.0053 -0.8219 0.5696
vn 0.0187 -0.9918 0.1266
vn 0.0139 -0.7956 0.6057
vn -0.0006 -1.0000 0.0084
vn -0.0006 -1.0000 0.0037
vn -0.0288 -0.9980 0.0556
vn 0.0003 -1.0000 0.0024
vn -0.0014 -1.0000 0.0016
vn 0.0001 -1.0000 0.0008
vn -0.0039 -1.0000 0.0009
vn -0.0500 -0.9986 0.0172
vn -0.0104 -0.9999 -0.0005
vn -0.1194 -0.9928 -0.0101
vn -0.0176 -0.9998 0.0006
vn -0.1449 -0.9894 -0.0030
vn -0.0031 -1.0000 0.0003
vn -0.0042 -1.0000 -0.0006
vn -0.0177 -0.9998 -0.0007
vn -0.0035 -1.0000 -0.0023
vn -0.0155 -0.9999 -0.0006
vn -0.0058 -1.0000 -0.0002
vn -0.0266 -0.9996 0.0013
vn -0.0099 -1.0000 0.0003
vn -0.1234 -0.9920 -0.0270
vn -0.0147 -0.9999 0.0001
vn -0.5281 -0.8489 0.0211
vn -0.7704 -0.6373 0.0173
vn -0.9645 -0.2640 -0.0046
vn -0.9217 -0.1417 -0.3611
vn -0.9125 -0.3502 -0.2117
vn -0.5161 -0.0978 -0.8509
vn -0.3465 -0.4744 -0.8092
vn 0.0401 -0.2298 -0.9724
vn 0.0244 -0.7712 -0.6362
vn 0.0163 -0.9322 -0.3616
vn 0.0002 -0.9999 -0.0124
vn -0.0211 -0.9964 -0.0820
vn -0.0073 -0.9952 -0.0976
vn 0.0002 -1.0000 -0.0069
vn -0.0009 -0.9999 -0.0109
vn -0.0004 -1.0000 -0.0044
vn -0.0002 -1.0000 -0.0050
vn -0.0001 -1.0000 -0.0050
vn -0.0035 -0.9998 -0.0180
vn -0.0191 -0.9769 -0.2126
vn -0.0008 -0.9994 -0.0343
vn 0.0004 -1.0000 -0.0044
vn -0.0008 -1.0000 -0.0035
vn 0.0059 -0.9999 -0.0148
vn 0.0014 -1.0000 -0.0003
vn 0.0023 -1.0000 -0.0021
vn 0.0204 -0.9998 -0.0015
vn 0.0126 -0.9999 -0.0008
vn 0.0148 -0.9999 -0.0083
vn 0.0110 -0.9999 0.0001
vn 0.0232 -0.9997 0.0037
vn 0.0077 -1.0000 0.0004
vn 0.0466 -0.9989 -0.0000
vn 0.2286 -0.9735 0.0114
vn 0.0268 -0.9996 0.0021
vn 0.1865 -0.9824 0.0111
vn 0.0222 -0.9998 0.0009
vn 0.5824 -0.8128 -0.0131
vn 0.1249 -0.9922 -0.0031
vn 0.8799 -0.4751 -0.0090
vn 0.3558 -0.9344 0.0168
vn 0.9553 -0.2806 0.0935
vn 0.6545 -0.7559 -0.0148
vn 0.9391 -0.1037 0.3276
vn 0.9159 -0.4001 0.0304
vn 0.5326 -0.0423 0.8453
vn 0.5436 -0.3202 0.7759
vn -0.0081 -0.0318 0.9995
vn -0.0131 -0.3135 0.9495
vn -0.0117 -0.3694 0.9292
vn -0.0146 -0.9179 0.3964
vn -0.0435 -0.7929 0.6078
vn -0.0022 -0.9997 0.0240
vn 0.0015 -0.9998 0.0184
vn 0.0127 -0.9879 0.1548
vn 0.0003 -0.9999 0.0171
vn -0.0008 -0.9986 0.0525
vn -0.0000 -0.9999 0.0111
vn 0.0002 -0.9999 0.0101
vn -0.0001 -1.0000 0.0049
vn 0.0001 -1.0000 0.0048
vn -0.0004 -0.9999 0.0140
vn -0.0002 -1.0000 0.0051
vn 0.0025 -0.9999 0.0171
vn 0.0004 -1.0000 0.0069
vn -0.0083 -0.9985 0.0532
vn 0.0020 -1.0000 0.0073
vn -0.0171 -0.9858 0.1669
vn 0.0021 -1.0000 0.0043
vn 0.0291 -0.7916 0.6103
vn -0.0172 -0.7007 0.7133
vn -0.0506 -0.0878 0.9949
vn -0.5448 -0.0853 0.8342
vn -0.3987 -0.5066 0.7645
vn -0.8355 -0.1943 0.5140
vn -0.7690 -0.5355 0.3492
vn -0.9701 -0.2411 -0.0264
vn -0.6820 -0.7313 0.0082
vn -0.5771 -0.8160 -0.0334
vn -0.0308 -0.9995 0.0096
vn -0.1402 -0.9899 0.0205
vn -0.0004 -1.0000 0.0012
vn -0.0004 -1.0000 0.0018
vn 0.0018 -1.0000 0.0012
vn 0.0002 -1.0000 0.0004
vn 0.0001 -1.0000 -0.0013
vn -0.0012 -1.0000 -0.0003
vn -0.1166 -0.9931 0.0153
vn 0.0023 -1.0000 0.0031
vn 0.0002 -1.0000 0.0009
vn -0.7592 -0.6505 -0.0213
vn -0.7848 -0.6197 0.0058
vn -0.0251 -0.9996 -0.0106
vn -0.8692 -0.4943 0.0142
vn -0.2004 -0.9796 -0.0126
vn -0.9913 -0.1311 0.0060
vn -0.9949 -0.1007 -0.0029
vn -0.9415 -0.3370 0.0051
vn -0.9999 0.0126 -0.0025
vn -0.9984 0.0141 -0.0542
vn -0.9972 -0.0682 -0.0306
vn -0.9013 0.0103 -0.4331
vn -0.9036 -0.0536 -0.4251
vn -0.5706 0.0065 -0.8212
vn -0.5556 -0.0549 -0.8296
vn 0.0179 0.0090 -0.9998
vn 0.0164 -0.0288 -0.9995
vn 0.0016 0.0157 -0.9999
vn 0.0054 -0.0485 -0.9988
vn 0.0008 -0.0759 -0.9971
vn 0.0079 -0.7085 -0.7056
vn 0.0226 -0.3853 -0.9225
vn 0.0169 -0.2464 -0.9690
vn -0.0061 -0.9368 -0.3499
vn 0.0092 -0.5286 -0.8488
vn -0.0133 -0.9958 -0.0902
vn -0.0007 -0.7084 -0.7058
vn 0.0029 -0.9999 -0.0164
vn -0.0156 -0.7935 -0.6084
vn -0.0058 -0.9999 -0.0138
vn -0.0222 -0.8627 -0.5052
vn 0.0012 -1.0000 -0.0000
vn 0.0048 -0.0823 -0.9966
vn 0.0327 -0.2024 -0.9788
vn 0.0002 0.0260 -0.9997
vn 0.0098 -0.0008 -1.0000
vn -0.0138 0.1374 -0.9904
vn 0.0685 0.0884 -0.9937
vn 0.1285 -0.0439 -0.9907
vn 0.6403 0.0896 -0.7629
vn 0.6773 -0.1246 -0.7251
vn 0.9405 0.0937 -0.3266
vn 0.7589 -0.4382 -0.4817
vn 0.4761 -0.8794 0.0057
vn 0.2068 -0.9784 -0.0058
vn 0.2370 -0.9697 0.0585
vn 0.0301 -0.9995 0.0032
vn 0.0277 -0.9996 -0.0016
vn 0.4671 -0.8841 0.0140
vn 0.1626 -0.9867 0.0055
vn 0.4763 -0.8793 0.0016
vn 0.1163 -0.9932 -0.0050
vn 0.5518 -0.8339 0.0076
vn 0.0943 -0.9955 0.0015
vn 0.8743 -0.4835 0.0436
vn 0.2990 -0.9540 0.0231
vn 0.9958 -0.0911 -0.0099
vn 0.7545 -0.6563 0.0024
vn 0.9968 0.0802 0.0064
vn 0.9694 -0.2446 -0.0196
vn 0.9906 0.1345 0.0262
vn 0.9982 -0.0581 0.0129
vn 0.9852 0.1580 0.0660
vn 0.9936 -0.0584 0.0969
vn 0.8161 0.1783 0.5497
vn 0.8745 -0.0360 0.4838
vn 0.4133 0.2009 0.8882
vn 0.4730 0.0031 0.8811
vn 0.0040 0.2002 0.9798
vn -0.0093 0.0136 0.9999
vn 0.0006 0.1930 0.9812
vn -0.0024 0.0241 0.9997
vn 0.0016 0.0156 0.9999
vn 0.0008 -0.0466 0.9989
vn -0.0024 -0.0389 0.9992
vn 0.0008 -0.0482 0.9988
vn -0.0016 -0.7014 0.7128
vn 0.0003 -0.5510 0.8345
vn -0.0013 -0.0498 0.9988
vn 0.0004 -0.7042 0.7100
vn -0.0002 -0.5551 0.8318
vn -0.0123 -0.9895 0.1442
vn 0.0014 -0.9987 0.0509
vn 0.0133 -0.3542 0.9351
vn 0.0119 -0.9245 0.3810
vn 0.0021 -0.0383 0.9993
vn -0.0018 -0.0312 0.9995
vn 0.0244 -0.2162 0.9760
vn -0.0038 0.0217 0.9998
vn -0.1115 0.0394 0.9930
vn -0.0919 -0.0343 0.9952
vn -0.5463 0.0335 0.8369
vn -0.5436 -0.0501 0.8378
vn -0.8361 0.0171 0.5483
vn -0.8375 -0.0560 0.5436
vn -0.9999 0.0060 -0.0162
vn -0.9995 -0.0248 -0.0193
vn -0.9999 0.0121 -0.0029
vn -0.9993 -0.0384 -0.0042
vn -0.9985 -0.0541 -0.0044
vn -0.9100 -0.4144 -0.0148
vn -0.9559 -0.2929 -0.0240
vn -0.9964 -0.0852 -0.0011
vn -0.8171 -0.5765 -0.0004
vn -0.9999 0.0125 0.0003
vn -1.0000 -0.0092 -0.0031
vn -0.9845 -0.1742 -0.0183
vn -0.9998 -0.0213 0.0016
vn -0.9788 -0.2046 0.0063
vn -0.9918 0.1275 -0.0031
vn -0.9855 0.1699 -0.0035
vn -1.0000 0.0002 0.0004
vn -0.9924 0.1222 0.0129
vn -0.9967 0.0669 0.0451
vn -0.9831 0.1828 -0.0053
vn -1.0000 0.0048 -0.0065
vn -0.9806 0.1843 -0.0666
vn -0.9300 -0.0678 -0.3614
vn -0.8808 0.2156 -0.4217
vn -0.5824 -0.0809 -0.8089
vn -0.5675 0.2446 -0.7862
vn -0.0060 0.0014 -1.0000
vn -0.0202 0.2157 -0.9762
vn 0.0425 0.0612 -0.9972
vn -0.0004 0.1705 -0.9854
vn 0.0341 0.1185 -0.9924
vn 0.0033 0.1629 -0.9866
vn 0.0011 0.1293 -0.9916
vn 0.0001 -0.0015 -1.0000
vn 0.0013 0.0100 -0.9999
vn -0.0021 0.0817 -0.9967
vn 0.0025 -0.0287 -0.9996
vn -0.0019 0.0473 -0.9989
vn -0.0017 -0.0529 -0.9986
vn 0.0025 0.1937 -0.9811
vn -0.0015 0.2136 -0.9769
vn -0.0003 -0.1427 -0.9898
vn -0.0009 -0.1474 -0.9891
vn -0.0163 0.1866 -0.9823
vn -0.0007 -0.1891 -0.9820
vn -0.0616 -0.1717 -0.9832
vn -0.0984 -0.1432 -0.9848
vn -0.0897 -0.1453 -0.9853
vn -0.1135 -0.1622 -0.9802
vn 0.3720 -0.2111 -0.9039
vn 0.5188 -0.2575 -0.8152
vn 0.9355 -0.2083 -0.2853
vn 0.8350 -0.2493 -0.4906
vn 0.9849 -0.1477 0.0898
vn 0.9834 -0.1622 0.0815
vn 0.9882 -0.1338 0.0751
vn 0.9960 0.0874 0.0162
vn 0.9967 0.0803 -0.0077
vn 0.9912 -0.1253 -0.0417
vn 0.9960 0.0863 -0.0220
vn 0.9940 -0.1092 0.0024
vn 0.9956 0.0940 -0.0035
vn 0.9918 -0.1270 0.0116
vn 0.9904 0.1377 -0.0116
vn 0.9891 -0.1470 0.0064
vn 0.9841 0.1732 -0.0382
vn 0.9885 -0.1511 -0.0104
vn 0.9937 0.1086 -0.0282
vn 0.9781 -0.1334 -0.1600
vn 0.9986 0.0270 -0.0451
vn 0.9792 -0.1563 -0.1296
vn 0.9989 -0.0471 0.0080
vn 0.7367 -0.2662 0.6217
vn 0.7800 -0.0920 0.6190
vn 0.2957 -0.2379 0.9252
vn 0.3696 -0.0619 0.9271
vn -0.1584 -0.1508 0.9758
vn -0.0492 0.0026 0.9988
vn -0.0622 -0.1515 0.9865
vn -0.0318 0.0447 0.9985
vn 0.0003 -0.1515 0.9885
vn -0.0145 0.0901 0.9958
vn -0.0002 0.1334 0.9911
vn 0.0017 0.1572 0.9876
vn 0.0030 0.1830 0.9831
vn -0.0016 0.1574 0.9875
vn -0.0004 0.0042 1.0000
vn 0.0002 0.0042 1.0000
vn -0.0026 0.1816 0.9834
vn -0.0015 0.0167 0.9999
vn 0.0056 0.1911 0.9816
vn 0.0022 0.0260 0.9997
vn 0.0296 0.0771 0.9966
vn 0.0608 0.0303 0.9977
vn -0.0105 0.1879 0.9821
vn -0.1265 -0.0265 0.9916
vn -0.1353 0.1954 0.9713
vn -0.4977 -0.0729 0.8643
vn -0.5253 0.2230 0.8212
vn -0.8291 -0.0684 0.5548
vn -0.8052 0.2005 0.5581
vn -0.9980 0.0081 -0.0630
vn -0.9850 0.1721 -0.0120
vn -0.9974 0.0518 -0.0495
vn -0.9864 0.1645 -0.0022
vn -0.9949 0.0979 -0.0227
vn -0.9874 0.1579 0.0066
vn -0.9884 0.1516 -0.0133
vn -0.9894 0.1452 -0.0004
vn -0.9831 0.1830 0.0015
vn -0.9932 0.1167 0.0023
vn -0.9892 -0.1468 0.0002
vn -0.9891 -0.1470 -0.0000
vn -0.9851 0.1720 -0.0000
vn -0.9815 -0.1913 -0.0000
vn -0.9812 -0.1930 -0.0047
vn -0.9888 -0.1495 -0.0002
vn -0.9826 -0.1809 0.0409
vn -0.9871 -0.1439 0.0700
vn -0.9831 -0.1473 0.1084
vn -0.9791 -0.1528 0.1339
vn -0.9750 -0.1837 -0.1249
vn -0.9409 -0.2346 -0.2444
vn -0.4600 -0.2274 -0.8583
vn -0.5352 -0.2557 -0.8051
vn -0.0029 -0.1655 -0.9862
vn 0.0370 -0.1704 -0.9847
vn 0.0904 -0.1650 -0.9821
vn 0.1158 -0.1446 -0.9827
vn 0.0016 -0.1908 -0.9816
vn 0.0086 -0.1483 -0.9889
vn -0.0013 -0.1905 -0.9817
vn -0.0028 -0.1447 -0.9895
vn -0.0002 -0.1897 -0.9818
vn 0.0007 -0.1422 -0.9898
vn 0.0004 -0.1759 -0.9844
vn -0.0017 -0.1770 -0.9842
vn -0.0000 -0.1894 -0.9819
vn 0.0011 -0.1723 -0.9850
vn 0.0075 -0.1620 -0.9868
vn -0.0093 -0.1796 -0.9837
vn -0.0209 -0.1490 -0.9886
vn -0.0281 -0.1826 -0.9828
vn -0.0925 -0.1458 -0.9850
vn -0.0056 -0.1919 -0.9814
vn 0.4451 -0.2473 -0.8606
vn 0.4172 -0.2258 -0.8803
vn 0.8820 -0.2486 -0.4004
vn 0.9405 -0.2078 -0.2689
vn 0.9820 -0.1617 0.0974
vn 0.9827 -0.1852 -0.0000
vn 0.9871 -0.1579 0.0268
vn 0.9836 -0.1799 0.0114
vn 0.9842 -0.1770 0.0078
vn 0.9815 -0.1915 0.0020
vn 0.9827 -0.1739 0.0640
vn 0.9848 -0.1735 0.0017
vn 0.9812 -0.1928 0.0005
vn 0.9852 -0.1716 -0.0000
vn 0.9812 -0.1931 -0.0002
vn 0.9848 -0.1739 -0.0018
vn 0.9812 -0.1928 0.0003
vn 0.9841 -0.1769 -0.0158
vn 0.9815 -0.1916 -0.0035
vn 0.9828 -0.1820 -0.0303
vn 0.9822 -0.1648 -0.0899
vn 0.9810 -0.1939 -0.0066
vn 0.9874 -0.1406 -0.0725
vn 0.8171 -0.2315 0.5280
vn 0.8227 -0.2225 0.5231
vn 0.1892 -0.1924 0.9629
vn 0.1600 -0.1899 0.9687
vn 0.0131 -0.1835 0.9829
vn -0.0961 -0.1495 0.9841
vn -0.0102 -0.1791 0.9838
vn -0.0440 -0.1795 0.9828
vn -0.0065 -0.1761 0.9844
vn 0.0012 -0.1924 0.9813
vn -0.0010 -0.1723 0.9850
vn -0.0001 -0.1924 0.9813
vn 0.0001 -0.1924 0.9813
vn -0.0003 -0.1473 0.9891
vn 0.0005 -0.1475 0.9891
vn -0.0017 -0.1493 0.9888
vn 0.0058 0.1122 0.9937
vn -0.0016 0.1395 0.9902
vn -0.0015 -0.1926 0.9813
vn 0.0094 -0.1901 0.9817
vn 0.0211 -0.1499 0.9885
vn 0.0817 -0.1670 0.9826
vn 0.1357 -0.1404 0.9808
vn 0.0802 -0.1453 0.9861
vn 0.0389 -0.1867 0.9816
vn -0.3214 -0.2124 0.9228
vn -0.4817 -0.2688 0.8341
vn -0.9017 -0.2207 0.3719
vn -0.8434 -0.2488 0.4762
vn -0.9868 -0.1563 -0.0416
vn -0.9825 -0.1580 -0.0986
vn -0.9827 -0.1657 -0.0824
vn -0.9824 -0.1453 -0.1171
vn -0.9818 -0.1899 -0.0081
vn -0.9886 -0.1494 -0.0170
vn -0.9815 -0.1917 0.0013
vn -0.9889 -0.1486 0.0014
vn -0.9842 -0.1773 -0.0027
vn -0.9846 -0.1750 -0.0004
vn -0.9815 -0.1913 -0.0001
vn -0.9842 -0.1773 -0.0003
vn -0.9846 -0.1750 0.0009
vn -0.9843 -0.1763 0.0020
vn -0.9863 -0.1650 -0.0058
vn -0.9836 -0.1804 0.0080
vn -0.9879 -0.1552 0.0029
vn -0.9828 -0.1839 0.0161
vn -0.9867 -0.1547 0.0498
vn -0.9819 -0.1895 -0.0067
vn -0.9040 -0.2361 -0.3565
vn -0.9480 -0.1988 -0.2485
vn -0.4574 -0.2499 -0.8534
vn -0.4833 -0.2262 -0.8458
vn 0.1181 -0.1532 -0.9811
vn 0.0154 -0.1882 -0.9820
vn 0.0321 -0.1536 -0.9876
vn 0.0115 -0.1833 -0.9830
vn -0.0094 -0.1611 -0.9869
vn 0.0121 -0.1801 -0.9836
vn -0.0017 -0.1707 -0.9853
vn 0.0025 -0.1779 -0.9840
vn -0.0002 -0.2203 -0.9754
vn -0.0000 -0.2191 -0.9757
vn 0.0003 -0.1759 -0.9844
vn -0.0000 -0.1268 -0.9919
vn 0.0001 -0.1301 -0.9915
vn -0.0003 -0.2212 -0.9752
vn 0.0006 -0.1567 -0.9876
vn 0.0005 -0.2225 -0.9749
vn 0.0052 -0.1930 -0.9812
vn -0.0051 -0.2105 -0.9776
vn 0.0225 -0.1947 -0.9806
vn -0.0775 -0.1618 -0.9838
vn 0.2812 -0.2206 -0.9340
vn 0.3207 -0.2000 -0.9258
vn 0.9509 -0.2107 -0.2265
vn 0.9164 -0.2045 -0.3441
vn 0.9865 -0.1535 -0.0574
vn 0.9830 -0.1706 0.0674
vn 0.9871 -0.1589 0.0174
vn 0.9753 -0.2148 0.0518
vn 0.9892 -0.1468 0.0029
vn 0.9751 -0.2216 0.0017
vn 0.9759 -0.2183 -0.0003
vn 0.9842 -0.1769 0.0003
vn 0.9861 -0.1662 -0.0072
vn 0.9761 -0.2171 0.0001
vn 0.9835 -0.1811 -0.0001
vn 0.9757 -0.2192 -0.0000
vn 0.9844 -0.1762 0.0006
vn 0.9751 -0.2218 0.0001
vn 0.9863 -0.1649 0.0041
vn 0.9776 -0.2103 0.0075
vn 0.9884 -0.1501 -0.0214
vn 0.9825 -0.1474 -0.1143
vn 0.9812 -0.1415 -0.1314
vn 0.8086 -0.2236 0.5443
vn 0.7653 -0.2526 0.5920
vn 0.1834 -0.2109 0.9602
vn 0.2586 -0.2256 0.9393
vn -0.0652 -0.1882 0.9800
vn -0.0503 -0.1660 0.9848
vn -0.0134 -0.2167 0.9762
vn -0.0047 -0.1634 0.9865
vn 0.0004 -0.2195 0.9756
vn 0.0028 -0.1711 0.9853
vn 0.0002 -0.2176 0.9760
vn -0.0010 -0.1804 0.9836
vn -0.0009 -0.2148 0.9767
vn 0.0008 -0.1814 0.9834
vn -0.0021 -0.1744 0.9847
vn 0.0026 -0.1750 0.9846
vn 0.0005 -0.1719 0.9851
vn -0.0055 -0.1639 0.9865
vn 0.0180 -0.1767 0.9841
vn 0.0444 -0.1484 0.9879
vn 0.0344 -0.1809 0.9829
vn 0.1153 -0.1446 0.9827
vn 0.0182 -0.1909 0.9814
vn -0.4195 -0.2475 0.8734
vn -0.3339 -0.2151 0.9177
vn -0.8540 -0.2597 0.4508
vn -0.8952 -0.2084 0.3940
vn -0.9800 -0.1945 0.0411
vn -0.9797 -0.1869 0.0720
vn -0.9859 -0.1580 -0.0558
vn -0.9834 -0.1816 -0.0038
vn -0.9865 -0.1636 0.0058
vn -0.9839 -0.1784 -0.0116
vn -0.9751 -0.2219 -0.0056
vn -0.9755 -0.2201 -0.0004
vn -0.9852 -0.1713 0.0028
vn -0.9913 -0.1313 0.0004
vn -0.9925 -0.1226 0.0007
vn -0.9761 -0.2171 0.0002
vn -0.9912 -0.1321 0.0004
vn -0.9759 -0.2184 -0.0000
vn -0.9900 -0.1411 -0.0038
vn -0.9753 -0.2210 -0.0001
vn -0.9865 -0.1637 -0.0006
vn -0.9766 -0.2152 0.0039
vn -0.9834 -0.1775 -0.0363
vn -0.9831 -0.1781 0.0423
vn -0.9281 -0.2003 -0.3139
vn -0.9356 -0.2077 -0.2855
vn -0.1406 -0.1759 -0.9743
vn -0.2838 -0.2167 -0.9341
vn -0.0412 -0.1473 -0.9882
vn 0.0806 -0.1735 -0.9815
vn 0.0217 -0.1660 -0.9859
vn 0.0546 -0.2155 -0.9750
vn 0.0020 -0.1648 -0.9863
vn 0.0024 -0.2219 -0.9751
vn 0.0006 -0.1389 -0.9903
vn -0.0009 -0.1744 -0.9847
vn -0.0011 -0.1408 -0.9900
vn -0.0016 -0.3878 -0.9218
vn -0.0004 -0.4222 -0.9065
vn -0.0000 -0.2040 -0.9790
vn 0.0001 -0.4231 -0.9061
vn -0.0002 -0.1984 -0.9801
vn 0.0015 -0.3797 -0.9251
vn 0.0005 -0.1564 -0.9877
vn -0.0154 -0.3099 -0.9506
vn 0.0004 -0.1358 -0.9907
vn 0.0331 -0.2542 -0.9666
vn 0.0470 -0.1508 -0.9875
vn 0.3976 -0.2969 -0.8682
vn 0.3300 -0.2052 -0.9214
vn 0.9735 -0.2213 -0.0568
vn 0.9672 -0.2298 -0.1086
vn 0.9648 -0.2629 -0.0043
vn 0.9918 -0.1194 -0.0453
vn 0.9373 -0.3485 -0.0035
vn 0.9924 -0.1223 -0.0114
vn 0.8768 -0.4809 -0.0051
vn 0.9778 -0.2095 0.0023
vn 0.8021 -0.5972 -0.0017
vn 0.9610 -0.2766 0.0001
vn 0.9547 -0.2977 0.0006
vn 0.9943 -0.1070 0.0002
vn 0.9933 -0.1154 -0.0031
vn 0.9596 -0.2813 -0.0019
vn 0.9931 -0.1170 -0.0006
vn 0.9686 -0.2487 0.0011
vn 0.9916 -0.1296 0.0037
vn 0.9758 -0.2187 0.0026
vn 0.9872 -0.1588 0.0175
vn 0.9785 -0.2045 0.0252
vn 0.9863 -0.1646 0.0105
vn 0.7355 -0.3033 0.6058
vn 0.7934 -0.2498 0.5551
vn 0.0658 -0.2229 0.9726
vn 0.1277 -0.1673 0.9776
vn 0.0064 -0.1857 0.9826
vn 0.0017 -0.1334 0.9911
vn -0.0001 -0.2058 0.9786
vn -0.0001 -0.1355 0.9908
vn 0.0009 -0.2480 0.9688
vn 0.0028 -0.1238 0.9923
vn -0.0007 -0.2839 0.9589
vn 0.0009 -0.1143 0.9934
vn 0.0020 -0.2898 0.9571
vn 0.0003 -0.1236 0.9923
vn -0.0015 -0.2649 0.9643
vn -0.0028 -0.1337 0.9910
vn -0.0010 -0.1420 0.9899
vn 0.0022 -0.2210 0.9753
vn 0.0002 -0.2167 0.9762
vn -0.0237 -0.1742 0.9844
vn -0.0001 -0.2032 0.9791
vn -0.0175 -0.1769 0.9841
vn 0.0962 -0.1450 0.9847
vn -0.1227 -0.1734 0.9772
vn -0.2204 -0.2007 0.9545
vn -0.9335 -0.1990 0.2983
vn -0.9014 -0.2302 0.3666
vn -0.9852 -0.1483 0.0860
vn -0.9827 -0.1837 0.0236
vn -0.9912 -0.1320 -0.0077
vn -0.9768 -0.1993 -0.0782
vn -0.9828 -0.1846 0.0064
vn -0.9790 -0.2038 -0.0002
vn -0.9896 -0.1439 -0.0007
vn -0.8662 -0.4997 0.0010
vn -0.8351 -0.5501 0.0005
vn -0.9717 -0.2361 -0.0006
vn -0.8264 -0.5631 -0.0023
vn -0.9673 -0.2536 -0.0002
vn -0.8566 -0.5160 -0.0004
vn -0.9729 -0.2314 0.0012
vn -0.9023 -0.4311 -0.0034
vn -0.9797 -0.2006 -0.0031
vn -0.9337 -0.3580 -0.0000
vn -0.9865 -0.1640 -0.0002
vn -0.9516 -0.3073 -0.0066
vn -0.9869 -0.1578 -0.0342
vn -0.8282 -0.3081 -0.4681
vn -0.8948 -0.2263 -0.3848
vn -0.0379 -0.2912 -0.9559
vn -0.0787 -0.1730 -0.9818
vn -0.0048 -0.2909 -0.9567
vn -0.0324 -0.1177 -0.9925
vn -0.0018 -0.3370 -0.9415
vn 0.0015 -0.1084 -0.9941
vn -0.0075 -0.6378 -0.7701
vn 0.0288 -0.7312 -0.6816
vn 0.0120 -0.3700 -0.9290
vn 0.0200 -0.9733 -0.2287
vn 0.0028 -0.9951 -0.0987
vn 0.0006 -0.7967 -0.6044
vn -0.0010 -0.9974 -0.0723
vn -0.0002 -0.8472 -0.5312
vn 0.0001 -0.9974 -0.0718
vn -0.0007 -0.8521 -0.5234
vn -0.0021 -0.9955 -0.0943
vn -0.0020 -0.7973 -0.6036
vn -0.0300 -0.9662 -0.2560
vn -0.0271 -0.6483 -0.7609
vn 0.4567 -0.8742 -0.1650
vn -0.0236 -0.8714 -0.4900
vn 0.0447 -0.4258 -0.9037
vn 0.4920 -0.3969 -0.7748
vn 0.9382 -0.3457 -0.0159
vn 0.6116 -0.7902 0.0393
vn 0.9084 -0.4180 0.0068
vn 0.1861 -0.9825 0.0078
vn 0.6798 -0.7333 -0.0075
vn 0.0130 -0.9999 0.0015
vn 0.3080 -0.9514 0.0071
vn 0.0069 -1.0000 -0.0010
vn 0.1127 -0.9936 0.0032
vn 0.0090 -1.0000 0.0005
vn 0.0730 -0.9973 0.0011
vn 0.0893 -0.9960 -0.0014
vn 0.8136 -0.5814 0.0009
vn 0.7895 -0.6138 0.0044
vn 0.1366 -0.9906 -0.0081
vn 0.8483 -0.5294 0.0034
vn 0.2584 -0.9659 -0.0166
vn 0.8885 -0.4589 -0.0006
vn 0.0118 -0.9999 -0.0019
vn 0.0180 -0.9998 -0.0006
vn 0.0032 -1.0000 -0.0001
vn 0.0026 -1.0000 0.0004
vn 0.0307 -0.9995 -0.0104
vn 0.0041 -1.0000 -0.0000
vn 0.0230 -0.9997 0.0031
vn 0.0097 -1.0000 0.0002
vn 0.0018 -1.0000 0.0007
vn 0.0009 -1.0000 0.0012
vn 0.0037 -1.0000 0.0045
vn 0.0002 -1.0000 0.0027
vn 0.0002 -1.0000 0.0017
vn 0.0003 -0.9999 0.0124
vn -0.0002 -1.0000 0.0079
vn 0.0017 -0.9990 0.0436
vn -0.0003 -0.9996 0.0297
vn -0.0002 -1.0000 0.0068
vn -0.0000 -1.0000 0.0068
vn -0.0000 -1.0000 0.0019
vn -0.0000 -1.0000 0.0018
vn -0.0003 -1.0000 0.0070
vn 0.0003 -1.0000 0.0073
vn 0.0009 -1.0000 0.0041
vn -0.0020 -0.9988 0.0491
vn -0.0506 -0.9876 0.1486
vn 0.0021 -0.8398 0.5429
vn 0.0568 -0.6427 0.7641
vn -0.0004 -0.3933 0.9194
vn 0.0316 -0.3456 0.9378
vn -0.0063 -0.9350 0.3545
vn 0.0017 -0.4432 0.8964
vn -0.0079 -0.9737 0.2275
vn 0.0006 -0.4876 0.8731
vn -0.0031 -0.9883 0.1525
vn 0.0005 -0.5294 0.8484
vn -0.0045 -0.9945 0.1049
vn 0.0014 -0.5573 0.8303
vn 0.0106 -0.9902 0.1389
vn -0.0009 -0.5356 0.8444
vn 0.0093 -0.9672 0.2537
vn 0.0068 -0.4967 0.8679
vn 0.0215 -0.4998 0.8659
vn -0.0047 -0.2015 0.9795
vn 0.0018 -0.2247 0.9744
vn -0.0295 -0.4537 0.8907
vn -0.0345 -0.2094 0.9772
vn -0.0425 -0.3599 0.9320
vn -0.0895 -0.2590 0.9617
vn -0.8604 -0.4355 0.2648
vn -0.9165 -0.2833 0.2825
vn -0.9206 -0.3898 0.0213
vn -0.9781 -0.1997 0.0590
vn -0.4823 -0.8689 -0.1111
vn -0.3347 -0.9419 -0.0286
vn -0.8981 -0.4398 0.0030
vn -0.0168 -0.9999 -0.0021
vn -0.0116 -0.9999 -0.0014
vn -0.2525 -0.9675 -0.0088
vn -0.0060 -1.0000 -0.0004
vn -0.1972 -0.9804 -0.0027
vn -0.0061 -1.0000 0.0003
vn -0.1783 -0.9840 -0.0004
vn -0.0140 -0.9999 0.0010
vn -0.2456 -0.9694 0.0042
vn -0.0295 -0.9996 0.0008
vn -0.4357 -0.9001 -0.0012
vn -0.1208 -0.9927 0.0069
vn -0.7090 -0.7051 -0.0111
vn -0.4884 -0.8712 0.0509
vn -0.8813 -0.4726 0.0020
vn -0.5908 -0.5945 -0.5455
vn -0.7189 -0.4465 -0.5328
vn -0.0618 -0.6727 -0.7374
vn -0.0309 -0.4461 -0.8944
vn 0.0014 -0.8347 -0.5507
vn -0.0016 -0.5390 -0.8423
vn 0.0102 -0.9849 -0.1726
vn 0.0025 -0.9974 -0.0725
vn -0.0065 -0.9136 -0.4066
vn 0.0007 -1.0000 -0.0094
vn 0.0001 -1.0000 -0.0052
vn 0.0029 -0.9995 -0.0329
vn 0.0002 -1.0000 -0.0030
vn 0.0007 -0.9999 -0.0127
vn -0.0002 -1.0000 -0.0029
vn -0.0007 -0.9999 -0.0114
vn -0.0000 -1.0000 -0.0037
vn 0.0001 -0.9999 -0.0135
vn 0.0001 -1.0000 -0.0029
vn 0.0002 -0.9999 -0.0129
vn -0.0001 -1.0000 -0.0023
vn -0.0035 -0.9997 -0.0236
vn 0.0002 -1.0000 -0.0018
vn -0.0019 -0.9996 -0.0282
vn 0.0002 -1.0000 -0.0024
vn 0.0045 -0.9999 -0.0133
vn 0.0012 -1.0000 -0.0002
vn 0.0017 -1.0000 -0.0001
vn 0.0162 -0.9999 0.0028
vn 0.0026 -1.0000 -0.0000
vn 0.0081 -1.0000 0.0006
vn 0.0030 -1.0000 0.0002
vn 0.0131 -0.9999 0.0009
vn 0.2407 -0.9706 0.0055
vn 0.0020 -1.0000 -0.0000
vn 0.0027 -1.0000 0.0002
vn 0.0024 -1.0000 -0.0001
vn 0.0018 -1.0000 -0.0002
vn 0.0023 -1.0000 -0.0000
vn 0.0019 -1.0000 0.0001
vn 0.0011 -1.0000 -0.0002
vn 0.0008 -1.0000 0.0001
vn 0.0022 -1.0000 -0.0003
vn 0.0019 -1.0000 0.0006
vn 0.0035 -1.0000 -0.0003
vn 0.0012 -1.0000 -0.0001
vn 0.0491 -0.9988 0.0089
vn 0.0056 -1.0000 0.0012
vn 0.2602 -0.9655 -0.0002
vn 0.0307 -0.9995 0.0005
vn 0.5643 -0.8256 -0.0008
vn 0.1542 -0.9880 0.0046
vn 0.7869 -0.6121 0.0782
vn 0.3692 -0.9281 0.0491
vn 0.0412 -0.9989 0.0236
vn 0.5790 -0.8124 0.0682
vn 0.1157 -0.9907 0.0719
vn 0.9332 -0.3119 0.1787
vn 0.9054 -0.1253 0.4055
vn 0.7314 0.0049 0.6819
vn 0.8388 0.0842 0.5379
vn 0.3958 0.0010 0.9183
vn 0.3321 -0.0532 0.9417
vn 0.0439 -0.0029 0.9990
vn 0.0132 -0.2203 0.9753
vn -0.0006 -0.2916 0.9565
vn -0.0058 -0.9027 0.4303
vn 0.0089 -0.8677 0.4971
vn -0.0010 -0.9978 0.0665
vn 0.0118 -0.9961 0.0872
vn -0.0000 -0.3010 0.9536
vn -0.0027 -0.9190 0.3941
vn 0.0011 -0.3053 0.9522
vn -0.0020 -0.9253 0.3792
vn 0.0007 -0.3102 0.9507
vn 0.0003 -0.9246 0.3809
vn 0.0002 -0.9241 0.3821
vn 0.0004 -0.9996 0.0286
vn -0.0000 -0.9996 0.0290
vn -0.0060 -0.9986 0.0519
vn -0.0006 -1.0000 0.0077
vn 0.0001 -1.0000 0.0067
vn -0.0002 -1.0000 0.0020
vn -0.0000 -1.0000 0.0017
vn -0.0002 -1.0000 0.0042
vn -0.0001 -1.0000 0.0053
vn -0.0007 -0.9999 0.0157
vn -0.0009 -0.9997 0.0231
vn -0.0000 -1.0000 0.0034
vn -0.0000 -0.9999 0.0137
vn 0.0002 -1.0000 0.0040
vn 0.0007 -0.9999 0.0164
vn -0.0003 -1.0000 0.0034
vn -0.0019 -0.9999 0.0124
vn 0.0002 -1.0000 0.0024
vn 0.0059 -0.9998 0.0174
vn -0.0020 -0.9999 0.0146
vn 0.0629 -0.8926 0.4464
vn 0.0465 -0.9334 0.3558
vn -0.0002 -1.0000 0.0033
vn -0.0012 -1.0000 0.0041
vn -0.0004 -1.0000 0.0053
vn -0.0009 -1.0000 0.0014
vn -0.0072 -1.0000 0.0022
vn -0.0035 -1.0000 0.0001
vn -0.0036 -1.0000 0.0017
vn -0.0021 -1.0000 0.0001
vn -0.0113 -0.9999 0.0006
vn -0.0059 -1.0000 -0.0000
vn -0.0027 -1.0000 -0.0000
vn -0.0026 -1.0000 -0.0001
vn -0.0022 -1.0000 -0.0000
vn -0.0023 -1.0000 -0.0001
vn -0.0016 -1.0000 -0.0001
vn -0.0013 -1.0000 -0.0000
vn -0.0016 -1.0000 0.0001
vn -0.0011 -1.0000 -0.0000
vn -0.0031 -1.0000 0.0002
vn -0.0018 -1.0000 0.0001
vn -0.0071 -1.0000 0.0003
vn -0.0039 -1.0000 0.0001
vn -0.0168 -0.9999 0.0001
vn -0.0020 -1.0000 0.0001
vn -0.0015 -1.0000 -0.0000
vn -0.0225 -0.9997 0.0054
vn -0.0017 -1.0000 -0.0001
vn -0.0188 -0.9998 -0.0093
vn -0.0021 -1.0000 -0.0004
vn -0.0010 -1.0000 -0.0010
vn -0.0006 -1.0000 -0.0030
vn -0.0000 -1.0000 -0.0021
vn -0.0015 -1.0000 -0.0038
vn 0.0003 -1.0000 -0.0058
vn 0.0002 -1.0000 -0.0039
vn 0.0030 -0.9996 -0.0272
vn 0.0077 -0.9973 -0.0725
vn -0.0001 -1.0000 -0.0038
vn 0.0002 -1.0000 -0.0023
vn 0.0001 -1.0000 -0.0056
vn -0.0000 -1.0000 -0.0016
vn -0.0000 -1.0000 -0.0076
vn -0.0000 -1.0000 -0.0017
vn -0.0000 -1.0000 -0.0081
vn -0.0000 -1.0000 -0.0019
vn -0.0000 -1.0000 -0.0087
vn 0.0001 -1.0000 -0.0098
vn 0.0001 -1.0000 -0.0023
vn 0.0001 -0.9999 -0.0130
vn -0.0000 -1.0000 -0.0030
vn 0.0010 -0.9996 -0.0285
vn 0.0001 -1.0000 -0.0053
vn 0.0038 -0.9925 -0.1221
vn -0.0001 -0.9999 -0.0109
vn 0.0114 -0.9355 -0.3530
vn 0.0051 -0.9994 -0.0342
vn 0.0612 -0.9872 -0.1471
vn 0.0050 -0.9999 -0.0131
vn 0.0007 -1.0000 -0.0053
vn 0.4227 -0.9019 -0.0890
vn 0.3717 -0.9283 -0.0118
vn 0.0055 -1.0000 0.0024
vn 0.3674 -0.9301 0.0023
vn 0.0098 -1.0000 0.0012
vn 0.3840 -0.9233 -0.0035
vn 0.0128 -0.9999 0.0003
vn 0.4257 -0.9048 -0.0057
vn 0.0164 -0.9999 -0.0002
vn 0.0201 -0.9998 -0.0000
vn 0.0076 -1.0000 -0.0000
vn 0.0045 -1.0000 -0.0001
vn 0.0216 -0.9998 -0.0002
vn 0.0090 -1.0000 -0.0002
vn 0.0202 -0.9998 -0.0005
vn 0.0079 -1.0000 -0.0001
vn 0.0086 -1.0000 -0.0029
vn 0.0034 -1.0000 -0.0009
vn 0.5357 -0.8443 0.0161
vn 0.5960 -0.8030 -0.0011
vn 0.0038 -1.0000 0.0019
vn 0.6967 -0.7173 0.0066
vn 0.0082 -1.0000 -0.0005
vn 0.8526 -0.5219 0.0276
vn 0.2861 -0.9565 0.0563
vn 0.9655 -0.2597 -0.0205
vn 0.7048 -0.7093 -0.0097
vn 0.9956 -0.0934 -0.0047
vn 0.9135 -0.4068 -0.0097
vn 0.9949 -0.0325 0.0953
vn 0.9658 -0.2399 0.0984
vn 0.9941 0.0012 0.1089
vn 0.8710 -0.0325 0.4902
vn 0.8772 -0.0247 0.4795
vn 0.6726 -0.0472 0.7385
vn 0.6948 -0.0415 0.7180
vn 0.3736 -0.0223 0.9273
vn 0.3776 -0.0270 0.9256
vn 0.0484 0.0006 0.9988
vn 0.0516 0.0065 0.9986
vn 0.0020 0.0190 0.9998
vn 0.0011 0.0044 1.0000
vn 0.0002 0.0025 1.0000
vn -0.0001 -0.0067 1.0000
vn -0.0002 -0.0043 1.0000
vn -0.0000 0.0033 1.0000
vn 0.0006 -0.0064 1.0000
vn 0.0002 0.0039 1.0000
vn 0.0003 -0.0037 1.0000
vn 0.0005 0.0042 1.0000
vn 0.0009 -0.0007 1.0000
vn 0.0013 0.0057 1.0000
vn -0.0103 -0.4662 0.8846
vn 0.0001 -0.3265 0.9452
vn 0.0075 -0.5509 0.8345
vn 0.0190 -0.9660 0.2578
vn -0.0151 -0.9343 0.3562
vn 0.0008 -0.9841 0.1779
vn -0.0003 -0.9999 0.0116
vn 0.0058 -0.9990 0.0444
vn -0.0001 -1.0000 0.0045
vn 0.0006 -1.0000 0.0066
vn 0.0001 -1.0000 0.0020
vn -0.0001 -1.0000 0.0057
vn -0.0001 -1.0000 0.0019
vn -0.0003 -0.9999 0.0105
vn -0.0000 -1.0000 0.0027
vn 0.0012 -0.9997 0.0229
vn 0.0003 -1.0000 0.0049
vn -0.0026 -0.9970 0.0773
vn -0.0006 -0.9999 0.0108
vn -0.0294 -0.9675 0.2512
vn -0.0009 -0.9996 0.0282
vn -0.0841 -0.8250 0.5589
vn -0.0230 -0.9965 0.0798
vn -0.0166 -0.5243 0.8514
vn -0.1298 -0.3025 0.9443
vn -0.1560 -0.0270 0.9874
vn -0.4218 -0.0124 0.9066
vn -0.3968 -0.1032 0.9121
vn -0.8693 0.0076 0.4942
vn -0.8874 -0.0612 0.4569
vn -0.9757 -0.0209 0.2180
vn -0.9543 -0.2370 0.1823
vn -0.8931 -0.4495 0.0167
vn -0.3136 -0.9493 0.0235
vn -0.5982 -0.7896 0.1367
vn -0.0342 -0.9994 0.0076
vn -0.1138 -0.9924 0.0465
vn -0.1160 -0.9932 0.0016
vn -0.0135 -0.9999 -0.0002
vn -0.6296 -0.7767 -0.0171
vn -0.2228 -0.9747 0.0197
vn -0.0302 -0.9995 0.0010
vn -0.0413 -0.9991 0.0006
vn -0.0120 -0.9999 -0.0004
vn -0.0270 -0.9996 -0.0003
vn -0.0088 -1.0000 0.0001
vn -0.0227 -0.9997 0.0009
vn -0.0069 -1.0000 0.0002
vn -0.0326 -0.9995 -0.0024
vn -0.0070 -1.0000 -0.0001
vn -0.0310 -0.9995 0.0017
vn -0.0058 -1.0000 0.0001
vn -0.0128 -0.9999 -0.0000
vn -0.0033 -1.0000 -0.0000
vn -0.0868 -0.9962 0.0012
vn -0.0553 -0.9985 -0.0000
vn -0.0089 -1.0000 -0.0000
vn -0.0401 -0.9992 0.0016
vn -0.0078 -1.0000 -0.0002
vn -0.0403 -0.9992 -0.0006
vn -0.0079 -1.0000 0.0006
vn -0.0512 -0.9987 0.0010
vn -0.0097 -1.0000 -0.0006
vn -0.0438 -0.9990 -0.0052
vn -0.0148 -0.9999 -0.0085
vn -0.0412 -0.9980 -0.0489
vn -0.0080 -0.9997 -0.0240
vn -0.0036 -1.0000 -0.0051
vn -0.0194 -0.9954 -0.0936
vn -0.0044 -0.9980 -0.0629
vn -0.0022 -0.9999 -0.0133
vn 0.0005 -0.9989 -0.0476
vn 0.0001 -1.0000 -0.0078
vn 0.0057 -0.9985 -0.0543
vn 0.0007 -1.0000 -0.0085
vn 0.0020 -0.9974 -0.0721
vn 0.0008 -0.9999 -0.0123
vn -0.0013 -0.9960 -0.0895
vn -0.0004 -0.9999 -0.0168
vn 0.0066 -0.9871 -0.1602
vn 0.0002 -0.9998 -0.0212
vn 0.0031 -0.9571 -0.2899
vn -0.0002 -0.9997 -0.0253
vn 0.0009 -0.9188 -0.3948
vn 0.0004 -0.9995 -0.0313
vn 0.0012 -0.8936 -0.4488
vn 0.0012 -0.9990 -0.0454
vn -0.0014 -0.8554 -0.5179
vn 0.0003 -0.9980 -0.0638
vn 0.0012 -0.6859 -0.7277
vn -0.0012 -0.9964 -0.0849
vn -0.0035 -0.3596 -0.9331
vn 0.0166 -0.9617 -0.2738
vn -0.0114 -0.1003 -0.9949
vn -0.0048 -0.7191 -0.6949
vn -0.0024 -0.0081 -1.0000
vn -0.0156 -0.3145 -0.9491
vn 0.2062 0.0183 -0.9783
vn 0.1596 -0.1009 -0.9820
vn 0.5780 0.0583 -0.8139
vn 0.5233 0.0335 -0.8515
vn 0.8747 0.0317 -0.4837
vn 0.8987 0.0084 -0.4385
vn 0.9877 -0.0044 -0.1561
vn 0.9877 -0.0566 -0.1459
vn 0.9992 -0.0387 -0.0127
vn 0.9471 -0.3189 -0.0368
vn 0.9215 -0.3624 -0.1394
vn 0.9998 -0.0186 -0.0011
vn 0.9675 -0.2527 -0.0039
vn 0.9999 -0.0158 0.0007
vn 0.9756 -0.2194 -0.0004
vn 0.9999 -0.0158 -0.0000
vn 0.9797 -0.2003 -0.0016
vn 0.9999 -0.0150 -0.0003
vn 0.9814 -0.1921 -0.0004
vn 0.9805 -0.1964 -0.0001
vn 0.4947 -0.8691 -0.0001
vn 0.4750 -0.8800 -0.0032
vn 0.9778 -0.2097 0.0016
vn 0.4868 -0.8735 0.0003
vn 0.9996 -0.0270 0.0036
vn 0.9608 -0.2767 0.0195
vn 0.9999 -0.0145 -0.0002
vn 1.0000 0.0077 -0.0002
vn 0.9999 -0.0151 -0.0003
vn 1.0000 0.0070 -0.0003
vn 0.9741 0.2262 -0.0031
vn 0.9640 0.2658 -0.0020
vn 0.4122 0.9111 -0.0004
vn 0.9549 0.2970 -0.0027
vn 0.4264 0.9045 0.0005
vn 0.3199 0.9474 0.0033
vn 0.4355 0.9002 -0.0000
vn 0.3272 0.9449 -0.0018
vn 0.2616 0.9652 -0.0005
vn 0.3592 0.9333 -0.0029
vn 0.2248 0.9738 -0.0330
vn 0.0643 0.9860 -0.1536
vn 0.1443 0.9751 -0.1685
vn 0.0059 0.9672 -0.2541
vn -0.0030 0.9621 -0.2727
vn 0.0069 0.9393 -0.3430
vn -0.0082 0.9204 -0.3910
vn 0.0050 0.9047 -0.4261
vn -0.0245 0.8404 -0.5415
vn -0.0007 0.6270 -0.7791
vn 0.0065 0.3273 -0.9449
vn -0.0003 0.0137 -0.9999
vn -0.0000 0.0097 -1.0000
vn 0.0002 0.0062 -1.0000
vn -0.0001 -0.0038 -1.0000
vn -0.0000 -0.0061 -1.0000
vn 0.0001 -0.0069 -1.0000
vn -0.0016 -0.2191 -0.9757
vn -0.0006 -0.2924 -0.9563
vn -0.0001 0.0027 -1.0000
vn -0.0001 0.0047 -1.0000
vn -0.0004 -0.0088 -1.0000
vn 0.0002 -0.0116 -0.9999
vn 0.0008 -0.3968 -0.9179
vn 0.0010 -0.5546 -0.8321
vn 0.0010 -0.0024 -1.0000
vn 0.0003 -0.0002 -1.0000
vn -0.0032 -0.0287 -0.9996
vn -0.0143 -0.0797 -0.9967
vn 0.0012 -0.7240 -0.6898
vn -0.0060 -0.8192 -0.5735
vn -0.0007 -0.0072 -1.0000
vn 0.0011 -0.0059 -1.0000
vn -0.0035 -0.1281 -0.9918
vn 0.0038 -0.1328 -0.9911
vn 0.0076 -0.8428 -0.5382
vn 0.0073 -0.8369 -0.5473
vn -0.0000 -0.0068 -1.0000
vn -0.0019 -0.0067 -1.0000
vn 0.0127 -0.0860 -0.9962
vn -0.0029 -0.0387 -0.9992
vn 0.0080 -0.7717 -0.6359
vn -0.0049 -0.6410 -0.7675
vn -0.1877 0.0418 -0.9813
vn -0.0129 0.0119 -0.9998
vn -0.1516 0.0149 -0.9883
vn -0.4795 0.0575 -0.8756
vn -0.1383 -0.5155 -0.8457
vn -0.3900 -0.3528 -0.8506
vn -0.0994 -0.9856 -0.1367
vn -0.2121 -0.9458 -0.2459
vn -0.7239 -0.0469 -0.6883
vn -0.4864 0.0069 -0.8737
vn -0.6729 0.0942 -0.7337
vn -0.7148 -0.0587 -0.6968
vn -0.4642 0.0340 -0.8851
vn -0.9079 -0.0890 -0.4096
vn -0.8765 -0.0286 -0.4806
vn -0.9781 0.0092 -0.2080
vn -0.8547 0.0686 -0.5145
vn -0.9764 0.0077 -0.2160
vn -0.9999 -0.0146 -0.0093
vn -0.9418 -0.2853 -0.1776
vn -0.9496 -0.3133 -0.0073
vn -0.9595 -0.2816 -0.0000
vn -0.4356 -0.9001 -0.0010
vn -0.4366 -0.8997 0.0065
vn -0.9999 -0.0112 -0.0016
vn -0.9999 -0.0161 -0.0014
vn -0.9678 -0.2517 -0.0019
vn -0.9738 -0.2273 -0.0019
vn -0.4374 -0.8993 0.0034
vn -0.4510 -0.8925 0.0016
vn -1.0000 -0.0009 -0.0005
vn -1.0000 -0.0055 -0.0009
vn -0.9780 -0.2088 -0.0009
vn -0.9873 -0.1587 -0.0030
vn -0.4795 -0.8776 -0.0015
vn -0.5346 -0.8451 0.0003
vn -1.0000 0.0051 -0.0003
vn -1.0000 0.0034 -0.0002
vn -0.9982 -0.0603 -0.0058
vn -0.9998 -0.0205 0.0045
vn -0.6519 -0.7583 0.0070
vn -0.8011 -0.5985 -0.0029
vn -0.8802 -0.4747 0.0015
vn -0.2334 -0.9723 -0.0088
vn -0.2397 -0.9708 0.0025
vn -0.9997 -0.0236 -0.0011
vn -0.9993 -0.0369 0.0004
vn -0.9301 -0.3674 -0.0008
vn -0.9859 -0.1670 -0.0139
vn -0.3376 -0.9413 0.0020
vn -0.5865 -0.8099 -0.0086
vn -1.0000 -0.0052 0.0002
vn -0.9999 -0.0111 -0.0006
vn -0.9994 -0.0341 -0.0002
vn -0.9999 -0.0162 -0.0009
vn -0.8555 -0.5178 0.0030
vn -0.9854 -0.1688 -0.0235
vn -0.9998 0.0022 0.0176
vn -1.0000 -0.0012 -0.0000
vn -0.9999 -0.0060 0.0124
vn -0.9997 0.0118 0.0226
vn -0.9999 0.0121 -0.0010
vn -0.9030 0.4297 -0.0038
vn -0.9662 0.2575 0.0087
vn -0.9999 0.0119 -0.0006
vn -0.9962 0.0866 0.0084
vn -1.0000 0.0073 -0.0005
vn -0.9999 0.0156 0.0002
vn -1.0000 -0.0002 -0.0000
vn -0.9999 0.0119 0.0005
vn -1.0000 -0.0048 0.0005
vn -0.9999 0.0116 -0.0000
vn -1.0000 -0.0012 0.0009
vn -0.9704 0.2411 0.0165
vn -0.9937 0.1118 -0.0078
vn -0.9999 0.0114 -0.0005
vn -0.9966 0.0825 0.0076
vn -1.0000 0.0090 0.0003
vn -0.9979 0.0649 -0.0067
vn -1.0000 0.0070 -0.0002
vn -0.9977 0.0670 0.0079
vn -1.0000 0.0058 -0.0001
vn -0.9998 0.0179 0.0001
vn -1.0000 0.0029 -0.0006
vn -0.9999 0.0145 0.0006
vn -1.0000 -0.0015 0.0001
vn -0.9999 -0.0078 -0.0147
vn -0.9997 0.0069 -0.0228
vn -0.7648 0.6441 -0.0143
vn -0.8629 0.4815 -0.1538
vn -0.9845 -0.0500 -0.1682
vn -0.3515 0.9218 -0.1633
vn -0.1650 0.9323 -0.3217
vn -0.8917 0.2943 -0.3438
vn -0.2360 0.9292 -0.2846
vn -0.2278 0.8190 -0.5267
vn -0.0540 0.8600 -0.5074
vn -0.1410 0.6689 -0.7298
vn -0.1981 0.6754 -0.7103
vn -0.1203 0.1552 -0.9805
vn -0.2052 0.3088 -0.9287
vn -0.0410 0.0483 -0.9980
vn -0.1976 0.0860 -0.9765
vn -0.0011 0.0187 -0.9998
vn -0.0006 0.0064 -1.0000
vn -0.0095 0.0339 -0.9994
vn -0.0047 -0.0004 -1.0000
vn -0.0004 -0.0060 -1.0000
vn 0.0014 -0.0063 -1.0000
vn -0.0543 0.4359 -0.8984
vn -0.0092 0.9240 -0.3824
vn 0.1237 0.9842 -0.1265
vn -0.0023 0.7225 -0.6914
vn -0.0003 0.0217 -0.9998
vn -0.0067 0.7918 -0.6107
vn -0.0001 0.0190 -0.9998
vn -0.0061 0.8531 -0.5217
vn -0.0003 0.0208 -0.9998
vn -0.0074 0.8933 -0.4493
vn 0.0103 0.1230 -0.9924
vn -0.0010 0.9285 -0.3714
vn 0.0003 0.9415 -0.3369
vn 0.0013 0.9101 -0.4143
vn 0.0001 0.9630 -0.2695
vn -0.0002 0.9643 -0.2650
vn -0.0015 0.9528 -0.3036
vn 0.0001 0.9660 -0.2587
vn 0.0369 0.9826 -0.1820
vn 0.0001 0.9659 -0.2589
vn 0.1700 0.9812 -0.0911
vn 0.2566 0.9665 -0.0011
vn 0.1890 0.9797 -0.0666
vn 0.2596 0.9657 -0.0001
vn 0.2699 0.9629 -0.0006
vn 0.2685 0.9633 0.0008
vn 0.2684 0.9633 -0.0003
vn 0.3442 0.9389 -0.0008
vn 0.3354 0.9421 -0.0013
vn 0.3686 0.9296 0.0010
vn 0.4035 0.9150 -0.0002
vn 0.4248 0.9053 -0.0006
vn 0.9921 0.1252 -0.0094
vn 1.0000 0.0005 -0.0016
vn 1.0000 0.0042 0.0031
vn 0.9995 -0.0313 -0.0009
vn 0.9927 0.1200 0.0130
vn 0.9999 -0.0130 -0.0010
vn 0.9792 -0.2029 0.0036
vn 1.0000 0.0049 -0.0006
vn 0.9907 -0.1360 0.0087
vn 0.9999 0.0154 0.0004
vn 0.9986 -0.0519 -0.0058
vn 0.9957 0.0910 0.0193
vn 1.0000 0.0001 -0.0012
vn 0.4776 0.8770 -0.0521
vn 0.4394 0.8977 0.0323
vn 0.9745 0.1878 0.1226
vn 0.4407 0.8976 -0.0062
vn 0.3650 0.9296 0.0513
vn 0.1165 0.9791 0.1664
vn 0.0239 0.9016 0.4320
vn 0.2243 0.9009 0.3716
vn 0.0467 0.6564 0.7530
vn 0.2843 0.4156 0.8640
vn -0.0129 0.8960 0.4439
vn 0.0001 0.7443 0.6679
vn -0.0013 0.8987 0.4385
vn 0.0005 0.7739 0.6334
vn -0.0014 0.7602 0.6496
vn -0.0000 0.0168 0.9999
vn 0.0006 0.0189 0.9998
vn 0.0002 0.7140 0.7001
vn -0.0001 0.0167 0.9999
vn -0.0007 0.6714 0.7411
vn 0.0005 0.0162 0.9999
vn 0.0001 0.6419 0.7668
vn -0.0003 0.0158 0.9999
vn -0.0008 0.0148 0.9999
vn -0.0021 0.0018 1.0000
vn 0.0003 0.0076 1.0000
vn 0.0007 -0.0041 1.0000
vn 0.0011 -0.0619 0.9981
vn -0.0079 -0.0269 0.9996
vn 0.0019 -0.0408 0.9992
vn 0.0015 -0.4579 0.8890
vn 0.0014 -0.5268 0.8500
vn 0.0147 -0.2238 0.9745
vn 0.0064 -0.8870 0.4617
vn -0.0047 -0.9692 0.2463
vn -0.0007 -0.9995 0.0302
vn -0.0008 -0.9998 0.0179
vn -0.0116 -0.6334 0.7737
vn -0.0124 -0.9824 0.1865
vn 0.0259 -0.2276 0.9734
vn 0.0221 -0.8163 0.5772
vn 0.0022 -0.0271 0.9996
vn -0.0105 -0.0065 0.9999
vn -0.0017 -0.0526 0.9986
vn -0.0198 0.0094 0.9998
vn -0.1795 0.0116 0.9837
vn -0.1681 -0.0008 0.9858
vn -0.4269 0.0025 0.9043
vn -0.4247 -0.0042 0.9053
vn -0.8648 -0.0100 0.5019
vn -0.8652 -0.0022 0.5015
vn -0.9667 -0.0047 0.2560
vn -0.9704 -0.0093 0.2413
vn -0.8733 -0.0055 0.4872
vn -0.9599 0.0097 0.2800
vn -0.4397 -0.0074 0.8981
vn -0.1984 -0.0087 0.9801
vn -0.0220 0.4244 0.9052
vn -0.2069 0.3833 0.9001
vn -0.0228 0.0055 0.9997
vn -0.0110 0.9061 0.4228
vn -0.1516 0.8820 0.4462
vn -0.0326 0.9239 0.3812
vn -0.2297 0.9317 0.2813
vn -0.3472 0.9363 0.0524
vn -0.4321 0.9017 0.0182
vn -0.4057 0.8985 0.1676
vn -0.8757 0.4818 0.0312
vn -0.8945 0.3725 0.2473
vn -0.3791 0.9253 0.0011
vn -0.4445 0.8958 -0.0009
vn -0.3821 0.9241 -0.0078
vn -0.4219 0.9066 0.0016
vn -0.4168 0.9090 -0.0004
vn -0.4997 0.8658 -0.0252
vn -0.4465 0.8948 0.0039
vn -0.7215 0.6924 -0.0039
vn -0.4488 0.8936 0.0030
vn -0.8743 0.4855 0.0032
vn -0.3174 0.9483 0.0012
vn -0.3369 0.9415 -0.0026
vn -0.4232 0.9060 0.0005
vn -0.3591 0.9333 -0.0015
vn -0.3999 0.9166 -0.0023
vn -0.3790 0.9254 -0.0006
vn -0.3997 0.9166 -0.0020
vn -0.3874 0.9219 0.0002
vn -0.3886 0.9214 0.0024
vn -0.3843 0.9232 0.0012
vn -0.4375 0.8992 -0.0103
vn -0.4149 0.9099 0.0053
vn -0.5331 0.8459 -0.0167
vn -0.4612 0.8873 0.0085
vn -0.6375 0.7703 -0.0143
vn -0.2680 0.9634 -0.0106
vn -0.2531 0.9618 -0.1040
vn -0.4453 0.8953 -0.0129
vn -0.1421 0.9824 -0.1213
vn -0.0390 0.9776 -0.2070
vn 0.0022 0.9613 -0.2755
vn 0.0042 0.9311 -0.3646
vn -0.0107 0.9425 -0.3339
vn -0.0005 0.9598 -0.2808
vn 0.0009 0.9158 -0.4016
vn 0.0009 0.9602 -0.2792
vn 0.0010 0.9070 -0.4211
vn -0.0007 0.9604 -0.2787
vn -0.0001 0.9159 -0.4014
vn -0.0004 0.9650 -0.2622
vn -0.0000 0.9655 -0.2605
vn -0.0000 0.9618 -0.2736
vn -0.0000 0.9661 -0.2582
vn 0.0001 0.9662 -0.2578
vn -0.0000 0.9657 -0.2597
vn -0.0002 0.9662 -0.2578
vn -0.0015 0.9651 -0.2617
vn -0.0011 0.9589 -0.2836
vn -0.0084 0.9189 -0.3944
vn 0.0172 0.6517 -0.7582
vn 0.2016 0.6565 -0.7269
vn 0.1326 0.8292 -0.5430
vn 0.8021 0.5946 -0.0560
vn 0.5514 0.8333 -0.0408
vn 0.7650 0.6439 -0.0130
vn 0.3476 0.9377 -0.0013
vn 0.3059 0.9521 0.0005
vn 0.2584 0.9660 -0.0000
vn 0.2595 0.9657 0.0004
vn 0.2579 0.9662 -0.0000
vn 0.2578 0.9662 -0.0000
vn 0.2593 0.9658 -0.0000
vn 0.2592 0.9658 -0.0000
vn 0.2598 0.9657 -0.0000
vn 0.2751 0.9614 0.0003
vn 0.2715 0.9624 0.0003
vn 0.3951 0.9186 0.0027
vn 0.2735 0.9619 0.0006
vn 0.3700 0.9290 -0.0005
vn 0.5434 0.8393 -0.0182
vn 0.3087 0.9511 -0.0063
vn 0.4239 0.9057 0.0026
vn 0.9167 0.3994 0.0090
vn 0.4481 0.8940 0.0040
vn 0.6871 0.7261 -0.0236
vn 0.2781 0.9605 -0.0036
vn 0.2345 0.9720 0.0111
vn 0.1255 0.9824 0.1381
vn 0.2312 0.9727 0.0216
vn 0.0108 0.9707 0.2399
vn -0.0026 0.9592 0.2826
vn 0.0145 0.9664 0.2566
vn 0.0002 0.9646 0.2637
vn -0.0010 0.9573 0.2890
vn 0.0008 0.9561 0.2931
vn 0.0034 0.8932 0.4496
vn -0.0003 0.8998 0.4363
vn -0.0002 0.9558 0.2941
vn -0.0004 0.8881 0.4597
vn -0.0012 0.9527 0.3038
vn 0.0005 0.8926 0.4508
vn 0.0022 0.9540 0.2998
vn 0.0017 0.8917 0.4526
vn -0.0006 0.8998 0.4364
vn 0.0010 0.5487 0.8360
vn -0.0024 0.5956 0.8033
vn -0.0002 0.6455 0.7637
vn 0.0009 0.0197 0.9998
vn -0.0004 0.0180 0.9998
vn -0.0006 0.0204 0.9998
vn -0.0001 0.0042 1.0000
vn -0.0002 -0.0007 1.0000
vn 0.0007 0.0109 0.9999
vn 0.0008 -0.0066 1.0000
vn -0.0000 -0.0157 0.9999
vn 0.0004 0.0147 0.9999
vn -0.0000 0.0001 1.0000
vn -0.0185 0.1424 0.9896
vn -0.0009 0.3415 0.9399
vn 0.0155 0.8934 0.4489
vn 0.0002 0.9098 0.4151
vn 0.0064 0.9162 0.4007
vn 0.0026 0.9150 0.4033
vn 0.0071 0.9608 0.2770
vn -0.0115 0.9679 0.2513
vn -0.1213 0.9843 0.1285
vn -0.2396 0.9707 0.0167
vn -0.1339 0.9788 0.1549
vn -0.2355 0.9718 0.0128
vn -0.2726 0.9621 -0.0053
vn -0.2634 0.9647 -0.0001
vn -0.2839 0.9589 0.0001
vn -0.2673 0.9636 0.0002
vn -0.2967 0.9550 -0.0011
vn -0.2590 0.9659 0.0001
vn -0.2588 0.9659 -0.0000
vn -0.2674 0.9636 0.0006
vn -0.2595 0.9657 -0.0002
vn -0.2683 0.9633 -0.0007
vn -0.2608 0.9654 -0.0000
vn -0.2752 0.9614 -0.0006
vn -0.2606 0.9655 0.0001
vn -0.2780 0.9606 0.0004
vn -0.2599 0.9656 -0.0000
vn -0.2755 0.9613 -0.0000
vn -0.2590 0.9659 -0.0006
vn -0.2750 0.9615 -0.0000
vn -0.2327 0.9723 -0.0220
vn -0.2711 0.9625 0.0027
vn -0.1905 0.9800 -0.0573
vn -0.0650 0.9852 -0.1588
vn -0.0004 0.9662 -0.2580
vn -0.0001 0.9650 -0.2622
vn -0.0036 0.9697 -0.2444
vn 0.0002 0.9659 -0.2589
vn 0.0004 0.9649 -0.2626
vn -0.0003 0.9663 -0.2573
vn -0.0001 0.9663 -0.2575
vn -0.0001 0.9660 -0.2586
vn -0.0625 0.9799 -0.1894
vn -0.1965 0.9786 -0.0612
vn -0.2581 0.9661 -0.0001
vn -0.2577 0.9662 -0.0000
vn -0.2584 0.9660 -0.0000
vn -0.2743 0.9617 -0.0002
vn -0.3290 0.9441 0.0200
vn -0.2576 0.9662 -0.0000
vn -0.2579 0.9662 -0.0002
vn -0.2583 0.9661 0.0001
vn -0.4828 0.8756 -0.0110
vn -0.2925 0.9563 -0.0026
vn -0.2718 0.9623 -0.0096
vn -0.7817 0.6232 0.0225
vn -0.7131 0.7011 0.0036
vn -0.8294 0.5586 0.0005
vn -0.8283 0.5603 0.0002
vn -0.6612 0.7502 0.0006
vn -0.8228 0.5681 -0.0164
vn -0.7260 0.6873 -0.0232
vn -0.6459 0.6820 -0.3429
vn -0.6501 0.6428 -0.4051
vn -0.0538 0.5668 -0.8221
vn -0.0504 0.7048 -0.7076
vn -0.0005 0.5604 -0.8282
vn 0.0068 0.7574 -0.6529
vn 0.0003 0.5602 -0.8283
vn 0.0042 0.7378 -0.6750
vn -0.0000 0.5541 -0.8325
vn 0.0100 0.5585 -0.8294
vn 0.0102 0.5599 -0.8285
vn 0.2176 0.6561 -0.7226
vn 0.2171 0.6395 -0.7375
vn 0.7304 0.6530 -0.2003
vn 0.7991 0.5970 -0.0707
vn 0.8328 0.5536 -0.0020
vn 0.8298 0.5580 -0.0017
vn 0.8329 0.5534 -0.0000
vn 0.8296 0.5584 0.0003
vn 0.8303 0.5573 0.0018
vn 0.7834 0.6214 0.0092
vn 0.7354 0.6776 0.0031
vn 0.7921 0.6027 0.0968
vn 0.6161 0.7839 0.0766
vn 0.4279 0.9038 -0.0097
vn 0.3552 0.6802 0.6412
vn 0.3181 0.7684 0.5553
vn 0.0218 0.6117 0.7908
vn -0.0129 0.8785 0.4776
vn -0.0019 0.9496 0.3136
vn -0.0002 0.9660 0.2584
vn -0.0098 0.9617 0.2741
vn -0.0000 0.9662 0.2580
vn 0.0001 0.9662 0.2578
vn 0.0144 0.9702 0.2420
vn -0.0000 0.9658 0.2593
vn -0.0000 0.9658 0.2591
vn 0.0002 0.9633 0.2686
vn -0.0001 0.9639 0.2663
vn -0.0001 0.9657 0.2596
vn -0.0003 0.9630 0.2694
vn 0.0002 0.9657 0.2598
vn 0.0004 0.9632 0.2687
vn -0.0001 0.9657 0.2595
vn -0.0005 0.9632 0.2689
vn 0.0005 0.9639 0.2664
vn 0.0018 0.9521 0.3059
vn -0.0031 0.9523 0.3052
vn -0.0017 0.9562 0.2925
vn -0.0006 0.9042 0.4272
vn -0.0049 0.9023 0.4311
vn -0.0011 0.9642 0.2653
vn -0.0040 0.9680 0.2510
vn -0.1280 0.9820 0.1391
vn -0.0077 0.9700 0.2432
vn -0.1196 0.9837 0.1341
vn -0.2423 0.9702 0.0084
vn -0.0053 0.9678 0.2518
vn 0.0001 0.9659 0.2590
vn -0.0001 0.9662 0.2578
vn 0.0004 0.9660 0.2586
vn 0.0133 0.9604 0.2782
vn -0.0000 0.9662 0.2579
vn 0.0028 0.9471 0.3209
vn 0.0102 0.8673 0.4977
vn -0.0147 0.6097 0.7925
vn -0.1748 0.6419 0.7466
vn -0.1173 0.7325 0.6706
vn -0.6743 0.6748 0.3000
vn -0.5725 0.7593 0.3092
vn -0.2071 0.6395 0.7404
vn -0.6927 0.6665 0.2754
vn -0.6988 0.6582 0.2801
vn -0.8237 0.5666 0.0239
vn -0.8260 0.5634 0.0155
vn -0.8456 0.5327 0.0351
vn -0.8439 0.5364 -0.0025
vn -0.8324 0.5542 0.0003
vn -0.8426 0.5386 0.0023
vn -0.8323 0.5543 -0.0001
vn -0.8384 0.5431 -0.0455
vn -0.8217 0.5690 -0.0308
vn -0.6347 0.6337 -0.4422
vn -0.6230 0.6810 -0.3848
vn -0.1484 0.5741 -0.8053
vn -0.0738 0.6014 -0.7956
vn -0.0009 0.5354 -0.8446
vn -0.0012 0.5551 -0.8318
vn 0.0217 0.4202 -0.9072
vn -0.0021 0.4898 -0.8718
vn -0.0006 0.5402 -0.8416
vn -0.0373 0.2906 -0.9561
vn 0.0077 0.5254 -0.8508
vn 0.2318 0.0640 -0.9707
vn 0.2459 0.5788 -0.7775
vn -0.0180 -0.2819 -0.9593
vn 0.1076 -0.3261 -0.9392
vn 0.0432 -0.3163 -0.9477
vn 0.0299 -0.0678 -0.9973
vn 0.0039 0.3948 -0.9188
vn 0.0933 0.0087 -0.9956
vn 0.0218 0.3234 -0.9460
vn 0.0089 0.5078 -0.8614
vn 0.0017 0.5085 -0.8610
vn 0.0370 0.3282 -0.9439
vn 0.0054 0.5456 -0.8381
vn 0.0049 0.5187 -0.8549
vn 0.0010 0.5368 -0.8437
vn 0.4147 0.6812 -0.6033
vn 0.4303 0.6430 -0.6335
vn 0.8357 0.5487 -0.0240
vn 0.8982 0.4327 -0.0775
vn 0.4855 0.5157 -0.7060
vn 0.8524 0.5228 0.0015
vn 0.9099 0.4149 -0.0044
vn 0.9291 0.3697 0.0041
vn 0.9852 -0.1710 0.0076
vn 0.9979 -0.0615 -0.0192
vn 0.8420 -0.5395 -0.0045
vn 0.8257 -0.5611 -0.0584
vn 0.8792 0.4765 0.0032
vn 0.9245 0.3812 0.0010
vn 0.8456 0.5338 0.0004
vn 0.8435 0.5370 -0.0069
vn 0.9196 0.3923 -0.0209
vn 0.8479 0.5302 0.0005
vn 0.8444 0.5275 0.0934
vn 0.7916 0.6014 0.1079
vn 0.8332 0.5530 0.0018
vn 0.4705 0.6823 0.5596
vn 0.3765 0.6985 0.6086
vn 0.7891 0.6062 0.0995
vn 0.0540 0.5876 0.8074
vn 0.0268 0.5701 0.8212
vn 0.0004 0.5535 0.8329
vn 0.0004 0.5579 0.8299
vn -0.0004 0.5581 0.8298
vn -0.0035 0.6585 0.7525
vn 0.0017 0.6535 0.7569
vn -0.0002 0.5537 0.8327
vn -0.0116 0.5611 0.8276
vn -0.0097 0.5577 0.8300
vn -0.0204 0.5423 0.8399
vn -0.3435 0.6162 0.7087
vn -0.2537 0.6544 0.7123
vn -0.4609 0.4107 0.7867
vn -0.8392 0.3806 0.3885
vn -0.7308 0.6025 0.3207
vn -0.7323 -0.5737 0.3669
vn -0.9258 -0.3711 0.0718
vn -0.9366 0.3445 0.0636
vn -0.9629 -0.2693 -0.0173
vn -0.9038 0.4273 -0.0242
vn -0.9622 -0.2696 0.0373
vn -0.9108 0.4118 0.0304
vn -0.9270 -0.3659 -0.0827
vn -0.9349 0.3442 -0.0872
vn -0.6931 -0.5260 -0.4929
vn -0.7534 0.4129 -0.5118
vn -0.2567 -0.3891 -0.8847
vn -0.2346 0.3938 -0.8887
vn -0.1602 -0.3886 -0.9074
vn 0.0101 -0.3439 -0.9389
vn 0.0197 -0.2344 -0.9719
vn -0.0233 -0.4345 -0.9004
vn -0.0063 -0.2503 -0.9682
vn 0.0003 0.2787 -0.9604
vn -0.0183 0.2897 -0.9569
vn -0.0062 0.5059 -0.8626
vn -0.0026 0.5033 -0.8641
vn -0.1428 0.5958 -0.7903
vn -0.0055 0.5376 -0.8432
vn -0.1275 0.5505 -0.8251
vn -0.7213 0.5988 -0.3480
vn -0.1224 0.3736 -0.9195
vn -0.7858 0.4324 -0.4422
vn -0.9230 0.3837 -0.0282
vn -0.7688 -0.4058 -0.4943
vn -0.9095 -0.4121 -0.0548
vn -0.8518 0.5238 -0.0002
vn -0.8458 0.5333 -0.0145
vn -0.9685 0.2488 0.0110
vn -0.9943 0.1060 -0.0064
vn -0.8725 -0.4881 0.0199
vn -0.8634 -0.5043 -0.0124
vn -0.8651 0.5017 -0.0023
vn -0.8606 0.5092 0.0047
vn -0.9935 0.1142 -0.0001
vn -0.8492 0.5280 0.0017
vn -0.8485 0.5291 0.0007
vn -0.8434 0.5373 0.0027
vn -0.8380 0.5455 0.0158
vn -0.8376 0.5458 0.0241
vn -0.8541 0.5200 0.0132
vn -0.4798 0.6828 0.5510
vn -0.2995 0.6140 0.7302
vn -0.9300 0.3548 0.0961
vn -0.8497 0.5273 -0.0010
vn -0.8632 0.4435 0.2411
vn -0.8092 -0.0686 0.5834
vn -0.3842 0.4500 0.8061
vn -0.5921 -0.0714 0.8027
vn -0.5093 0.4011 0.7614
vn -0.2091 -0.1148 0.9711
vn -0.2097 0.3807 0.9006
vn -0.0026 -0.1452 0.9894
vn 0.0050 0.3882 0.9215
vn 0.2330 -0.1164 0.9655
vn 0.2802 0.4008 0.8723
vn 0.2459 0.6025 0.7593
vn 0.5227 0.4040 0.7507
vn 0.4247 0.6188 0.6609
vn 0.7532 0.4007 0.5217
vn 0.6442 0.6321 0.4307
vn 0.8981 0.3864 0.2102
vn 0.7478 0.6414 0.1715
vn 0.9240 0.3822 0.0148
vn 0.7446 0.6669 -0.0262
vn 0.6841 0.6966 -0.2162
vn 0.4275 0.8601 -0.2783
vn 0.5084 0.8576 -0.0776
vn 0.2314 0.9307 -0.2832
vn 0.2508 0.9672 -0.0403
vn 0.0464 0.9672 -0.2497
vn 0.1493 0.9869 0.0616
vn 0.1686 0.9692 0.1792
vn -0.0777 0.9808 0.1791
vn -0.0200 0.9564 0.2913
vn -0.2872 0.9236 0.2539
vn -0.1675 0.8815 0.4416
vn -0.5550 0.7367 0.3864
vn -0.3473 0.7028 0.6209
vn -0.6859 0.7122 0.1496
vn -0.8725 0.4427 0.2067
vn -0.7334 0.4345 0.5227
vn -0.4484 0.8938 0.0131
vn -0.2256 0.9649 -0.1347
vn -0.3323 0.8232 -0.4603
vn -0.5945 0.7685 -0.2365
vn -0.4882 0.4753 -0.7319
vn -0.7336 0.4768 -0.4842
vn -0.5332 -0.0399 -0.8451
vn -0.8139 -0.0527 -0.5786
vn -0.8215 0.4491 -0.3513
vn -0.9201 0.3718 -0.1231
vn -0.9724 -0.1025 -0.2096
vn -0.3342 0.4256 -0.8409
vn -0.1703 0.5852 -0.7928
vn -0.7687 0.6015 -0.2176
vn -0.1810 0.4682 -0.8649
vn -0.1889 -0.0923 -0.9777
vn 0.0372 0.4626 -0.8858
vn 0.0008 -0.1190 -0.9929
vn 0.2973 0.4383 -0.8482
vn 0.2753 -0.0991 -0.9562
vn 0.6142 -0.0769 -0.7854
vn 0.5046 0.4431 -0.7409
vn 0.1366 0.3122 -0.9401
vn 0.3997 0.6252 -0.6703
vn 0.0034 0.5124 -0.8587
vn 0.8952 0.3853 -0.2242
vn 0.8586 0.5124 -0.0154
vn 0.8568 -0.0816 -0.5091
vn 0.3174 0.7425 -0.5898
vn 0.1265 0.7697 -0.6257
vn -0.0873 0.7981 -0.5961
vn 0.2804 0.8584 0.4296
vn 0.1282 0.8211 0.5562
vn 0.8943 0.3687 -0.2536
vn 0.9903 -0.1380 0.0164
vn 0.9667 -0.1256 -0.2228
vn 0.9645 -0.1161 0.2371
vn 0.8219 -0.0876 0.5629
vn 0.8162 0.4388 0.3760
vn 0.9405 0.3114 0.1363
vn 0.8145 0.5670 0.1224
vn 0.8640 0.5035 -0.0009
vn 0.8240 0.5656 0.0329
vn 0.8415 0.5403 0.0056
vn 0.8444 0.5356 -0.0012
vn 0.8476 0.5306 0.0010
vn 0.8439 0.5366 0.0008
vn 0.9007 0.4342 0.0116
vn 0.9237 0.3832 -0.0022
vn 0.8539 0.5204 -0.0007
vn 0.9998 0.0116 0.0173
vn 0.9913 -0.1316 -0.0006
vn 0.8652 -0.5006 0.0282
vn 0.8506 -0.5258 0.0066
vn 0.9860 0.1527 0.0667
vn 0.8855 -0.4090 0.2204
vn 0.9589 0.2759 -0.0667
vn 0.8719 -0.3929 0.2924
vn 0.3578 0.6030 0.7130
vn 0.5336 0.4338 0.7260
vn 0.8544 0.5187 -0.0306
vn 0.0440 0.5187 0.8538
vn 0.1016 0.3496 0.9314
vn 0.0023 0.4942 0.8693
vn 0.0245 0.2882 0.9573
vn -0.0182 0.2259 0.9740
vn -0.0137 -0.2956 0.9552
vn 0.0495 -0.1836 0.9818
vn 0.0156 -0.4660 0.8847
vn 0.0482 -0.4866 0.8723
vn -0.0024 -0.4109 0.9117
vn 0.0007 0.4857 0.8741
vn -0.0091 0.4093 0.9123
vn -0.0004 0.5400 0.8416
vn 0.0008 0.5387 0.8425
vn -0.0689 -0.4842 0.8722
vn -0.0182 0.4366 0.8995
vn -0.0686 -0.3065 0.9494
vn -0.4421 -0.3791 0.8129
vn -0.4398 -0.5668 0.6966
vn 0.0130 -0.3291 0.9442
vn 0.0168 0.2327 0.9724
vn -0.0082 0.4614 0.8871
vn 0.0122 0.4844 0.8747
vn 0.0010 0.5329 0.8462
vn 0.0200 0.5356 0.8442
vn 0.0052 0.5395 0.8420
vn 0.2387 0.5918 0.7699
vn 0.1024 0.5600 0.8221
vn -0.0097 0.5016 0.8650
vn 0.1014 0.5662 0.8180
vn 0.0823 0.3033 0.9493
vn 0.3695 0.4234 0.8272
vn 0.0004 0.5364 0.8440
vn 0.8398 0.5428 0.0109
vn 0.8840 0.4675 -0.0019
vn 0.5744 -0.0786 0.8148
vn -0.9720 -0.1047 0.2106
vn -0.6513 0.6782 0.3404
vn -0.8368 -0.5475 -0.0010
vn -0.8458 0.5335 -0.0004
vn -0.8419 0.5395 -0.0137
vn -0.7276 0.6310 -0.2692
vn -0.7624 -0.5736 0.2994
vn 0.9908 0.1313 0.0323
vn 0.8595 0.5111 -0.0014
vn 0.8434 0.5373 -0.0023
vn 0.8388 0.5439 -0.0225
vn 0.1352 0.9840 0.1157
vn 0.0109 0.9707 0.2400
vn 0.2600 0.9656 0.0001
vn 0.2535 0.9673 0.0036
vn 0.2539 0.9672 0.0028
vn 0.1385 0.9818 0.1301
vn 0.6587 0.6187 -0.4282
vn -0.2580 0.9662 0.0001
vn -0.2471 0.9689 0.0094
vn 0.0154 0.8214 0.5701
vn 0.2674 0.9636 -0.0005
vn 0.2653 0.9641 -0.0038
vn -0.0002 0.9628 -0.2703
vn 0.0004 -0.0588 0.9983
vn 0.9590 -0.2833 -0.0046
vn 0.2568 0.9665 -0.0008
vn 0.0287 0.9746 -0.2221
vn -0.0016 0.8994 -0.4372
vn -0.0171 0.6630 -0.7484
vn -0.9993 -0.0351 0.0113
vn -0.1801 -0.9836 0.0071
vn -0.4150 -0.8990 -0.1400
vn -0.0048 -0.1304 -0.9914
vn 0.0002 -0.0016 -1.0000
vn -0.0025 -0.0465 -0.9989
vn 0.0004 0.0017 -1.0000
vn 0.0005 -0.0126 -0.9999
vn -0.0001 0.0105 -0.9999
vn -0.0014 -0.0044 -1.0000
vn 0.0396 0.1014 -0.9941
vn 0.0054 0.0092 -0.9999
vn 0.0072 0.4448 -0.8956
vn 0.0298 0.6971 -0.7164
vn 0.0081 0.9001 -0.4356
vn 0.0176 0.9140 -0.4054
vn 0.0477 0.9634 -0.2636
vn 0.2794 0.9528 -0.1189
vn 0.1896 0.9311 -0.3116
vn 0.6889 0.7127 -0.1323
vn 0.8287 0.4554 -0.3254
vn 0.9852 0.0223 -0.1699
vn 0.8701 0.0202 -0.4925
vn 0.5503 0.8333 -0.0524
vn 0.9997 0.0253 -0.0064
vn 0.9889 0.1451 0.0334
vn 1.0000 0.0038 -0.0005
vn 1.0000 -0.0005 -0.0045
vn 0.9608 0.2773 0.0063
vn 1.0000 0.0040 0.0001
vn 0.4564 0.8896 -0.0174
vn 0.3500 0.9357 -0.0444
vn 0.0117 0.1370 -0.9905
vn 1.0000 0.0046 0.0003
vn 0.6582 0.0035 -0.7528
vn 0.2540 0.0329 -0.9666
vn -0.0648 -0.9932 -0.0967
vn 0.1488 -0.7232 -0.6744
vn -0.0075 -1.0000 0.0016
vn -0.0357 -0.9238 -0.3811
vn -0.0009 -0.9995 0.0326
vn 0.0069 -0.9996 0.0260
vn 0.0070 -1.0000 0.0002
vn 0.6679 -0.4263 0.6100
vn 0.9241 -0.3817 0.0195
vn 0.0032 0.1620 -0.9868
vn -0.9999 0.0159 -0.0005
vn -0.0007 -0.0494 0.9988
vn -0.3618 -0.9322 -0.0112
vn 0.0002 -1.0000 0.0025
vn -0.0012 -0.9999 0.0171
vn 0.2319 -0.9719 0.0395
vn 0.5479 -0.8365 0.0094
vn 0.6393 -0.7625 -0.0989
vn 0.2369 -0.7588 -0.6067
vn -0.0209 -0.8575 -0.5141
vn -0.5673 -0.8233 -0.0217
vn -0.0788 -0.6236 -0.7777
vn -0.4272 -0.7346 -0.5271
vn 0.3384 0.9409 -0.0100
vn 0.8032 0.5955 0.0127
vn 0.7671 -0.0085 -0.6415
vn 0.0303 -0.0828 -0.9961
vn 0.9722 0.2310 0.0391
vn 0.3236 0.9457 0.0298
vn -0.9854 -0.1462 -0.0873
vn -0.5903 -0.8071 0.0068
vn -1.0000 0.0050 -0.0016
vn -0.2109 -0.9775 0.0001
vn -0.6544 -0.7561 0.0027
vn -0.0222 -0.9998 0.0006
vn -0.2444 -0.9697 0.0001
vn -0.0031 -1.0000 0.0010
vn -0.0336 -0.9994 0.0032
vn -0.0001 -1.0000 0.0066
vn -0.0009 -0.9998 0.0185
vn 0.0087 0.9914 0.1305
vn 0.2430 0.8688 0.4314
vn -0.2736 0.9615 0.0255
vn -0.9970 0.0775 0.0073
vn -0.1960 0.9803 0.0248
vn -0.9965 0.0826 0.0157
vn -0.1562 0.9871 0.0356
vn -0.9998 -0.0008 0.0195
vn -0.0925 0.9471 -0.3074
vn -0.0562 0.9949 -0.0832
vn -0.3771 0.9257 0.0302
vn -0.9927 -0.1201 -0.0070
vn -0.0108 0.5409 0.8410
vn -0.0014 0.5361 0.8441
vn -0.5915 0.2877 0.7532
vn 0.8827 -0.1355 -0.4501
vn 0.9995 0.0299 -0.0044
vn 0.6249 0.7800 0.0342
vn 0.6899 0.7234 -0.0279
vn 0.0134 0.0443 -0.9989
vn 0.0022 -0.0071 -1.0000
vt 0.581547 0.607351
vt 0.580670 0.604895
vt 0.584115 0.604557
vt 0.584594 0.607160
vt 0.303130 0.004015
vt 0.304297 0.008675
vt 0.301398 0.008423
vt 0.300726 0.003872
vt 0.533098 0.308674
vt 0.536192 0.309776
vt 0.536338 0.313758
vt 0.532529 0.313336
vt 0.312007 0.003495
vt 0.311384 0.002630
vt 0.317405 0.001057
vt 0.317817 0.004088
vt 0.318236 0.007505
vt 0.312815 0.006886
vt 0.550962 0.308707
vt 0.552107 0.312098
vt 0.549104 0.311357
vt 0.548521 0.307850
vt 0.229710 0.082363
vt 0.218200 0.093444
vt 0.210995 0.087636
vt 0.223059 0.058708
vt 0.250494 0.090329
vt 0.222573 0.102184
vt 0.258921 0.051115
vt 0.344450 0.043412
vt 0.351029 0.040479
vt 0.353030 0.042548
vt 0.349328 0.046052
vt 0.347419 0.056379
vt 0.342037 0.057218
vt 0.333451 0.027962
vt 0.344793 0.030138
vt 0.937431 0.732615
vt 0.925534 0.735059
vt 0.926121 0.728239
vt 0.937051 0.726285
vt 0.154102 0.830873
vt 0.150141 0.824967
vt 0.154685 0.824844
vt 0.158741 0.830283
vt 0.937865 0.736686
vt 0.926132 0.739212
vt 0.942989 0.735577
vt 0.943513 0.737646
vt 0.160336 0.834202
vt 0.156444 0.835647
vt 0.942303 0.739958
vt 0.947358 0.740811
vt 0.943942 0.742723
vt 0.937962 0.740066
vt 0.938058 0.743197
vt 0.083248 0.079338
vt 0.096257 0.091668
vt 0.089822 0.096438
vt 0.057116 0.083502
vt 0.089018 0.057609
vt 0.102082 0.088448
vt 0.050008 0.048042
vt 0.579445 0.307781
vt 0.581958 0.307767
vt 0.581782 0.311038
vt 0.579056 0.310731
vt 0.004039 0.003725
vt 0.007019 0.003079
vt 0.006723 0.006015
vt 0.003420 0.006374
vt 0.301744 0.435566
vt 0.302446 0.438223
vt 0.299645 0.438533
vt 0.299247 0.435456
vt 0.913904 0.762499
vt 0.911554 0.759165
vt 0.927527 0.753640
vt 0.926302 0.758679
vt 0.921457 0.767777
vt 0.907556 0.768816
vt 0.898609 0.766312
vt 0.190998 0.853434
vt 0.188439 0.848254
vt 0.204283 0.849307
vt 0.200035 0.856245
vt 0.180867 0.857685
vt 0.173420 0.850413
vt 0.190286 0.867870
vt 0.283963 0.436738
vt 0.286291 0.435479
vt 0.285619 0.439205
vt 0.282711 0.439745
vt 0.608451 0.004731
vt 0.608939 0.007738
vt 0.604254 0.008772
vt 0.604815 0.004503
vt 0.597176 0.308720
vt 0.598894 0.312352
vt 0.596236 0.311880
vt 0.594976 0.307682
vt 0.571379 0.041018
vt 0.568913 0.043063
vt 0.565841 0.042146
vt 0.571736 0.032834
vt 0.579892 0.039647
vt 0.570595 0.046081
vt 0.586738 0.025488
vt 0.917236 0.780135
vt 0.930680 0.767411
vt 0.928067 0.778785
vt 0.930916 0.794317
vt 0.924860 0.796628
vt 0.902011 0.775326
vt 0.919229 0.798974
vt 0.909324 0.786981
vt 0.897477 0.780201
vt 0.221349 0.834421
vt 0.219784 0.829875
vt 0.224715 0.830047
vt 0.225843 0.834325
vt 0.869885 0.868186
vt 0.874968 0.868075
vt 0.876553 0.871707
vt 0.871721 0.872941
vt 0.227104 0.838819
vt 0.224063 0.840110
vt 0.218420 0.838861
vt 0.181098 0.870825
vt 0.174363 0.860680
vt 0.206639 0.859765
vt 0.199775 0.871385
vt 0.197094 0.886306
vt 0.191028 0.886275
vt 0.185082 0.885975
vt 0.884907 0.769201
vt 0.881779 0.763842
vt 0.892997 0.759142
vt 0.895292 0.763185
vt 0.891214 0.771685
vt 0.875523 0.769389
vt 0.874696 0.765123
vt 0.887339 0.775393
vt 0.882993 0.773282
vt 0.867804 0.874281
vt 0.873129 0.877026
vt 0.868913 0.877810
vt 0.223623 0.843770
vt 0.217125 0.842591
vt 0.614391 0.949925
vt 0.620177 0.950969
vt 0.619112 0.954391
vt 0.612887 0.954125
vt 0.616576 0.946039
vt 0.621462 0.947795
vt 0.937035 0.822058
vt 0.935099 0.819002
vt 0.939472 0.817137
vt 0.940200 0.821931
vt 0.302919 0.879449
vt 0.302831 0.882614
vt 0.299000 0.881406
vt 0.300327 0.877575
vt 0.935313 0.824677
vt 0.930876 0.821729
vt 0.295906 0.891509
vt 0.297890 0.893738
vt 0.293825 0.895719
vt 0.292724 0.891950
vt 0.296809 0.888741
vt 0.300613 0.890587
vt 0.292653 0.888290
vt 0.910066 0.896383
vt 0.912360 0.915161
vt 0.905740 0.915696
vt 0.900446 0.900465
vt 0.891514 0.891021
vt 0.897720 0.887743
vt 0.906217 0.883864
vt 0.917517 0.885639
vt 0.921309 0.898137
vt 0.918863 0.913738
vt 0.927064 0.886342
vt 0.228584 0.223959
vt 0.218641 0.216325
vt 0.225025 0.202017
vt 0.249423 0.208522
vt 0.219581 0.246660
vt 0.208838 0.222173
vt 0.255104 0.245937
vt 0.645335 0.939878
vt 0.652420 0.932027
vt 0.661273 0.943324
vt 0.646574 0.945980
vt 0.631421 0.945111
vt 0.636410 0.938340
vt 0.642777 0.929182
vt 0.647202 0.912258
vt 0.653049 0.912223
vt 0.662524 0.928971
vt 0.669690 0.940369
vt 0.902087 0.878916
vt 0.918857 0.877681
vt 0.889738 0.881713
vt 0.200809 0.909332
vt 0.197379 0.910938
vt 0.197922 0.902051
vt 0.202664 0.902597
vt 0.899461 0.938825
vt 0.896954 0.932463
vt 0.901605 0.932389
vt 0.902846 0.940675
vt 0.281256 0.899781
vt 0.279305 0.897105
vt 0.284117 0.896787
vt 0.285001 0.900480
vt 0.283288 0.868909
vt 0.287261 0.869091
vt 0.285850 0.873382
vt 0.280923 0.872045
vt 0.654339 0.887305
vt 0.657618 0.885502
vt 0.660995 0.894625
vt 0.654349 0.894751
vt 0.648415 0.894397
vt 0.650694 0.885554
vt 0.096405 0.221489
vt 0.099471 0.215700
vt 0.114926 0.221143
vt 0.113039 0.236914
vt 0.077462 0.213102
vt 0.092361 0.206014
vt 0.082314 0.241515
vt 0.318082 0.791465
vt 0.316799 0.794680
vt 0.310302 0.793550
vt 0.315862 0.789444
vt 0.340693 0.821957
vt 0.349291 0.820858
vt 0.353335 0.826900
vt 0.349153 0.829403
vt 0.330313 0.807577
vt 0.344847 0.811247
vt 0.346388 0.835317
vt 0.340418 0.831790
vt 0.534932 0.607732
vt 0.534090 0.606000
vt 0.537962 0.606031
vt 0.539171 0.608980
vt 0.575599 0.607425
vt 0.571527 0.604635
vt 0.570930 0.598292
vt 0.574896 0.598886
vt 0.303253 0.303062
vt 0.294631 0.305372
vt 0.295219 0.302373
vt 0.302363 0.301306
vt 0.454231 0.793042
vt 0.450366 0.793459
vt 0.451006 0.790261
vt 0.455730 0.791703
vt 0.453915 0.797293
vt 0.449761 0.797895
vt 0.456929 0.796667
vt 0.552178 0.607072
vt 0.549190 0.607313
vt 0.548975 0.603200
vt 0.552703 0.603035
vt 0.309637 0.301885
vt 0.309201 0.297854
vt 0.313639 0.297292
vt 0.313443 0.302291
vt 0.558374 0.607333
vt 0.556650 0.603552
vt 0.560125 0.603436
vt 0.561371 0.607396
vt 0.422209 0.827338
vt 0.419165 0.829985
vt 0.413637 0.826755
vt 0.417997 0.820824
vt 0.427789 0.832086
vt 0.421616 0.835952
vt 0.432052 0.817194
vt 0.344687 0.902441
vt 0.346700 0.899562
vt 0.353800 0.905062
vt 0.351310 0.912135
vt 0.337188 0.896881
vt 0.343222 0.892958
vt 0.336293 0.914602
vt 0.576643 0.263260
vt 0.580718 0.276514
vt 0.569972 0.276498
vt 0.567846 0.269037
vt 0.571404 0.260885
vt 0.577397 0.245011
vt 0.582494 0.244543
vt 0.566584 0.265588
vt 0.004682 0.302920
vt 0.004087 0.300993
vt 0.008155 0.301110
vt 0.008215 0.303400
vt 0.574118 0.308432
vt 0.573626 0.312013
vt 0.570442 0.312340
vt 0.570578 0.308950
vt 0.300633 0.734772
vt 0.297040 0.734796
vt 0.297935 0.732725
vt 0.302038 0.732863
vt 0.314880 0.937667
vt 0.314432 0.934544
vt 0.321956 0.935294
vt 0.321613 0.938758
vt 0.041749 0.548404
vt 0.048464 0.549356
vt 0.048222 0.554457
vt 0.040657 0.551733
vt 0.313791 0.939071
vt 0.310898 0.934309
vt 0.609256 0.302355
vt 0.606739 0.303058
vt 0.606919 0.299144
vt 0.610119 0.299147
vt 0.557835 0.307757
vt 0.560480 0.307857
vt 0.560213 0.310188
vt 0.557139 0.310292
vt 0.284480 0.734359
vt 0.283807 0.731150
vt 0.287209 0.730508
vt 0.287161 0.733812
vt 0.417300 0.903000
vt 0.415028 0.899589
vt 0.418948 0.896502
vt 0.425003 0.901963
vt 0.411660 0.907364
vt 0.408186 0.901438
vt 0.427843 0.914039
vt 0.455377 0.934390
vt 0.454133 0.928995
vt 0.457491 0.929735
vt 0.456836 0.936248
vt 0.451212 0.937314
vt 0.450405 0.933648
vt 0.449417 0.928243
vt 0.576667 0.885464
vt 0.572229 0.881644
vt 0.578847 0.866011
vt 0.581967 0.866409
vt 0.566503 0.895046
vt 0.563059 0.890869
vt 0.585710 0.865996
vt 0.584336 0.884804
vt 0.578774 0.900302
vt 0.569968 0.902641
vt 0.584261 0.900120
vt 0.482726 0.905779
vt 0.489096 0.897822
vt 0.502920 0.901699
vt 0.500471 0.906288
vt 0.498718 0.912410
vt 0.481640 0.912864
vt 0.469373 0.904061
vt 0.474638 0.893080
vt 0.471393 0.879132
vt 0.478729 0.875802
vt 0.484351 0.886411
vt 0.460496 0.895882
vt 0.460537 0.882343
vt 0.460487 0.904671
vt 0.493392 0.893151
vt 0.575336 0.816045
vt 0.579095 0.829764
vt 0.573729 0.832226
vt 0.568466 0.822153
vt 0.563335 0.808915
vt 0.567480 0.799394
vt 0.577831 0.802071
vt 0.583180 0.801670
vt 0.583643 0.814502
vt 0.558851 0.813897
vt 0.583512 0.828881
vt 0.474115 0.914845
vt 0.480747 0.918106
vt 0.472281 0.918069
vt 0.470979 0.913445
vt 0.467518 0.918070
vt 0.589500 0.917709
vt 0.586943 0.917870
vt 0.587882 0.910045
vt 0.590259 0.909754
vt 0.775870 0.814105
vt 0.777234 0.806114
vt 0.781982 0.805736
vt 0.781554 0.811977
vt 0.302877 0.866317
vt 0.296999 0.867118
vt 0.297306 0.864567
vt 0.302818 0.863763
vt 0.491540 0.805045
vt 0.498268 0.811351
vt 0.489538 0.818731
vt 0.483476 0.814115
vt 0.490535 0.795805
vt 0.510847 0.797016
vt 0.512107 0.802716
vt 0.471863 0.807058
vt 0.474200 0.798538
vt 0.474323 0.793721
vt 0.460848 0.917675
vt 0.460476 0.911810
vt 0.464833 0.912376
vt 0.463799 0.918119
vt 0.302363 0.737497
vt 0.302865 0.740431
vt 0.293730 0.739633
vt 0.293425 0.737230
vt 0.831670 0.815071
vt 0.822913 0.813407
vt 0.822963 0.808626
vt 0.831711 0.809205
vt 0.799166 0.813459
vt 0.795683 0.814191
vt 0.795888 0.810305
vt 0.800414 0.810434
vt 0.279636 0.866103
vt 0.278605 0.862085
vt 0.282655 0.861331
vt 0.283178 0.865784
vt 0.001468 0.790730
vt 0.004480 0.790292
vt 0.004479 0.794123
vt 0.000942 0.794769
vt 0.225313 0.785632
vt 0.226917 0.782766
vt 0.232306 0.783404
vt 0.232045 0.786263
vt 0.589307 0.789519
vt 0.588753 0.794474
vt 0.586461 0.794251
vt 0.586371 0.789635
vt 0.774359 0.685924
vt 0.781084 0.686085
vt 0.781485 0.690604
vt 0.776925 0.690831
vt 0.279465 0.738656
vt 0.282881 0.738587
vt 0.283018 0.742766
vt 0.279154 0.742118
vt 0.002181 0.918193
vt 0.001639 0.914745
vt 0.004356 0.914926
vt 0.004582 0.918816
vt 0.808719 0.814791
vt 0.807725 0.812404
vt 0.811885 0.812454
vt 0.812077 0.815505
vt 0.831439 0.686669
vt 0.831711 0.689858
vt 0.823383 0.689275
vt 0.822754 0.685596
vt 0.461106 0.789274
vt 0.473756 0.788293
vt 0.461127 0.792462
vt 0.223534 0.657246
vt 0.231972 0.660658
vt 0.231780 0.669467
vt 0.224182 0.669916
vt 0.249185 0.785377
vt 0.245870 0.785972
vt 0.246340 0.782592
vt 0.250346 0.782660
vt 0.798236 0.685602
vt 0.798666 0.689679
vt 0.794697 0.690024
vt 0.794903 0.685596
vt 0.129328 0.789872
vt 0.129688 0.792571
vt 0.125351 0.792063
vt 0.125248 0.789857
vt 0.807589 0.686352
vt 0.808642 0.686185
vt 0.807927 0.690556
vt 0.804044 0.691363
vt 0.130625 0.917871
vt 0.125640 0.914794
vt 0.124978 0.906675
vt 0.129218 0.907265
vt 0.247466 0.657391
vt 0.250505 0.668002
vt 0.247521 0.668297
vt 0.246213 0.659645
vt 0.251563 0.681895
vt 0.249044 0.682333
vt 0.245078 0.682895
vt 0.244188 0.668872
vt 0.243713 0.660357
vt 0.240709 0.669119
vt 0.240718 0.661171
vt 0.240853 0.656303
vt 0.244226 0.656284
vt 0.811077 0.685836
vt 0.810834 0.690232
vt 0.809694 0.695943
vt 0.805656 0.696170
vt 0.814202 0.689752
vt 0.813630 0.695590
vt 0.813124 0.702436
vt 0.808672 0.702467
vt 0.818055 0.689281
vt 0.817880 0.695086
vt 0.817871 0.702390
vt 0.818086 0.716306
vt 0.812849 0.715626
vt 0.823441 0.694835
vt 0.823555 0.701846
vt 0.824004 0.716901
vt 0.824336 0.736578
vt 0.818333 0.736253
vt 0.831630 0.702030
vt 0.831528 0.718053
vt 0.831408 0.736969
vt 0.831458 0.760229
vt 0.824517 0.760850
vt 0.460522 0.839574
vt 0.460714 0.820659
vt 0.470123 0.822855
vt 0.470071 0.841030
vt 0.470252 0.861231
vt 0.460476 0.862834
vt 0.476299 0.842466
vt 0.475845 0.860017
vt 0.537092 0.737729
vt 0.537416 0.720166
vt 0.543028 0.721552
vt 0.542329 0.737250
vt 0.540768 0.751756
vt 0.534513 0.753392
vt 0.551314 0.737164
vt 0.550865 0.750991
vt 0.549631 0.762075
vt 0.539520 0.761788
vt 0.532036 0.763882
vt 0.539514 0.613687
vt 0.549632 0.613742
vt 0.551502 0.621984
vt 0.541074 0.621463
vt 0.534607 0.619808
vt 0.532036 0.610771
vt 0.553119 0.633829
vt 0.543121 0.632867
vt 0.537522 0.631559
vt 0.544619 0.647160
vt 0.539827 0.646592
vt 0.536033 0.645955
vt 0.533216 0.629637
vt 0.505199 0.898289
vt 0.539681 0.662408
vt 0.535902 0.663188
vt 0.532036 0.664068
vt 0.532116 0.645187
vt 0.519341 0.904001
vt 0.518239 0.907428
vt 0.537081 0.907326
vt 0.537140 0.911890
vt 0.517130 0.912231
vt 0.537124 0.918150
vt 0.516201 0.918301
vt 0.497544 0.918269
vt 0.302440 0.774258
vt 0.302231 0.792957
vt 0.295659 0.792569
vt 0.295339 0.773062
vt 0.294801 0.756683
vt 0.302811 0.757409
vt 0.289480 0.771853
vt 0.288455 0.755964
vt 0.287932 0.748405
vt 0.294190 0.748758
vt 0.302877 0.748926
vt 0.287718 0.743307
vt 0.293909 0.743827
vt 0.302875 0.744155
vt 0.287557 0.739055
vt 0.816697 0.815495
vt 0.816747 0.812785
vt 0.822791 0.815592
vt 0.811591 0.808537
vt 0.816645 0.808495
vt 0.811353 0.803861
vt 0.816653 0.803550
vt 0.823054 0.803043
vt 0.816922 0.796142
vt 0.823473 0.794910
vt 0.831657 0.793277
vt 0.831682 0.802067
vt 0.817794 0.782344
vt 0.824179 0.781123
vt 0.831664 0.779738
vt 0.818327 0.761516
vt 0.812195 0.783478
vt 0.812616 0.762389
vt 0.812779 0.735839
vt 0.807505 0.763339
vt 0.807681 0.735388
vt 0.807993 0.714872
vt 0.803882 0.734988
vt 0.803958 0.714000
vt 0.804483 0.702487
vt 0.114520 0.917165
vt 0.103010 0.916237
vt 0.104010 0.910924
vt 0.114641 0.912127
vt 0.120665 0.913253
vt 0.120829 0.918282
vt 0.114720 0.905578
vt 0.120392 0.905953
vt 0.126422 0.919019
vt 0.114447 0.895563
vt 0.119856 0.894903
vt 0.124597 0.894094
vt 0.119467 0.873407
vt 0.124222 0.872295
vt 0.128617 0.871577
vt 0.128646 0.893373
vt 0.124254 0.844401
vt 0.128588 0.845305
vt 0.252651 0.703678
vt 0.252967 0.729941
vt 0.249639 0.729330
vt 0.249642 0.704238
vt 0.245327 0.728946
vt 0.245628 0.704665
vt 0.240749 0.728813
vt 0.241201 0.704934
vt 0.240889 0.682940
vt 0.236402 0.705101
vt 0.236433 0.683578
vt 0.236851 0.669256
vt 0.231341 0.684554
vt 0.237025 0.661349
vt 0.231634 0.656474
vt 0.236986 0.656422
vt 0.231164 0.705481
vt 0.225012 0.705856
vt 0.224531 0.685767
vt 0.489580 0.788240
vt 0.509634 0.788156
vt 0.230853 0.728568
vt 0.225078 0.728376
vt 0.532130 0.788292
vt 0.531648 0.796977
vt 0.656447 0.003407
vt 0.675848 0.000895
vt 0.673091 0.007402
vt 0.656021 0.009982
vt 0.636755 0.008749
vt 0.635656 0.002814
vt 0.553010 0.788552
vt 0.550898 0.798086
vt 0.568973 0.790694
vt 0.225055 0.749277
vt 0.229994 0.749618
vt 0.229146 0.765451
vt 0.224090 0.765250
vt 0.234174 0.765400
vt 0.233248 0.773577
vt 0.228013 0.773802
vt 0.223534 0.774129
vt 0.235211 0.749888
vt 0.240050 0.750251
vt 0.239143 0.765592
vt 0.235963 0.728734
vt 0.243912 0.765830
vt 0.243072 0.773545
vt 0.238236 0.773545
vt 0.244735 0.750725
vt 0.249327 0.751463
vt 0.248739 0.766162
vt 0.252981 0.766710
vt 0.252697 0.773626
vt 0.247998 0.773504
vt 0.253101 0.752517
vt 0.128738 0.822720
vt 0.124177 0.821356
vt 0.124522 0.807876
vt 0.129069 0.808517
vt 0.119354 0.807455
vt 0.119726 0.801016
vt 0.125069 0.801278
vt 0.129483 0.801592
vt 0.118984 0.819576
vt 0.113160 0.818010
vt 0.112967 0.807203
vt 0.119320 0.843323
vt 0.113858 0.841659
vt 0.105929 0.838018
vt 0.104300 0.816323
vt 0.114187 0.874981
vt 0.106469 0.878389
vt 0.088850 0.880065
vt 0.086510 0.835741
vt 0.105996 0.896079
vt 0.086920 0.896345
vt 0.045854 0.895897
vt 0.043158 0.879677
vt 0.105027 0.904932
vt 0.084354 0.904190
vt 0.049094 0.903843
vt 0.028185 0.903770
vt 0.026605 0.894691
vt 0.082830 0.910421
vt 0.051278 0.910007
vt 0.029649 0.909762
vt 0.018597 0.910074
vt 0.018203 0.903603
vt 0.052706 0.915623
vt 0.031055 0.915323
vt 0.019079 0.915155
vt 0.012523 0.915291
vt 0.012280 0.910238
vt 0.032340 0.919691
vt 0.019562 0.919323
vt 0.012795 0.919305
vt 0.008128 0.919181
vt 0.007945 0.915193
vt 0.806486 0.804205
vt 0.806476 0.797438
vt 0.811538 0.796871
vt 0.806851 0.808868
vt 0.807212 0.784653
vt 0.003643 0.909874
vt 0.007599 0.910091
vt 0.003343 0.902798
vt 0.007515 0.903151
vt 0.012202 0.903422
vt 0.007387 0.889956
vt 0.012402 0.891535
vt 0.017945 0.893210
vt 0.012257 0.869820
vt 0.017473 0.871791
vt 0.025170 0.876279
vt 0.017285 0.841164
vt 0.024668 0.837782
vt 0.044135 0.835045
vt 0.025387 0.816481
vt 0.044193 0.815332
vt 0.085085 0.815255
vt 0.047115 0.806393
vt 0.081406 0.806489
vt 0.102480 0.807042
vt 0.079385 0.800527
vt 0.100908 0.801110
vt 0.112876 0.801072
vt 0.099417 0.795833
vt 0.112593 0.796034
vt 0.119821 0.796105
vt 0.112015 0.791554
vt 0.119753 0.791822
vt 0.125323 0.796043
vt 0.130107 0.796522
vt 0.252233 0.778684
vt 0.247173 0.778534
vt 0.241943 0.782966
vt 0.242388 0.778703
vt 0.237348 0.783320
vt 0.237678 0.778975
vt 0.232703 0.779147
vt 0.227621 0.779157
vt 0.582738 0.789421
vt 0.583094 0.794003
vt 0.577821 0.793337
vt 0.577378 0.788968
vt 0.586904 0.800999
vt 0.587794 0.812934
vt 0.774105 0.697430
vt 0.774506 0.690677
vt 0.777344 0.697140
vt 0.776403 0.708061
vt 0.773564 0.709372
vt 0.775884 0.724257
vt 0.773399 0.725062
vt 0.781399 0.696958
vt 0.780792 0.707196
vt 0.779901 0.723267
vt 0.778867 0.742708
vt 0.774890 0.743209
vt 0.785239 0.706389
vt 0.784273 0.722250
vt 0.783106 0.742119
vt 0.782679 0.762664
vt 0.778402 0.762518
vt 0.788756 0.721053
vt 0.787619 0.741353
vt 0.787175 0.763024
vt 0.787375 0.783024
vt 0.782805 0.782353
vt 0.792446 0.740390
vt 0.791971 0.763580
vt 0.792119 0.783732
vt 0.792005 0.797476
vt 0.787170 0.797255
vt 0.796904 0.764036
vt 0.797138 0.784537
vt 0.797057 0.797710
vt 0.796451 0.805069
vt 0.791612 0.805254
vt 0.802032 0.785425
vt 0.802091 0.797991
vt 0.801247 0.805070
vt 0.009833 0.789838
vt 0.016913 0.790288
vt 0.016670 0.794645
vt 0.009784 0.794373
vt 0.016559 0.799921
vt 0.009919 0.799882
vt 0.004792 0.800086
vt 0.000895 0.800508
vt 0.010519 0.806970
vt 0.005580 0.807293
vt 0.001439 0.807669
vt 0.276341 0.849194
vt 0.281129 0.848868
vt 0.281760 0.856020
vt 0.276952 0.856361
vt 0.006295 0.820443
vt 0.001919 0.821275
vt 0.275902 0.835582
vt 0.280496 0.835030
vt 0.285450 0.834670
vt 0.285995 0.848612
vt 0.275653 0.813910
vt 0.280116 0.813670
vt 0.285184 0.813557
vt 0.290412 0.813594
vt 0.290540 0.834356
vt 0.279875 0.790567
vt 0.284885 0.791360
vt 0.290092 0.792125
vt 0.295955 0.813819
vt 0.284274 0.770940
vt 0.279503 0.769774
vt 0.279084 0.754582
vt 0.283483 0.755214
vt 0.278858 0.747425
vt 0.283062 0.747998
vt 0.275592 0.754048
vt 0.275809 0.746966
vt 0.000895 0.909456
vt 0.275352 0.768377
vt 0.275443 0.789608
vt 0.002831 0.888480
vt 0.002624 0.867248
vt 0.007184 0.868357
vt 0.002290 0.842946
vt 0.006725 0.842669
vt 0.011883 0.842181
vt 0.011476 0.819300
vt 0.017179 0.817991
vt 0.016731 0.806735
vt 0.026521 0.806520
vt 0.027478 0.800235
vt 0.048467 0.800148
vt 0.028486 0.794792
vt 0.049594 0.794663
vt 0.077660 0.795089
vt 0.050352 0.789953
vt 0.076389 0.790564
vt 0.097950 0.791225
vt 0.802069 0.716971
vt 0.801866 0.738524
vt 0.797439 0.739523
vt 0.798300 0.718379
vt 0.798859 0.703704
vt 0.802091 0.702911
vt 0.793501 0.719762
vt 0.794299 0.704641
vt 0.794624 0.695807
vt 0.799039 0.695414
vt 0.802010 0.695178
vt 0.801588 0.689586
vt 0.789722 0.705568
vt 0.790236 0.696152
vt 0.790467 0.690312
vt 0.785796 0.696555
vt 0.786051 0.690480
vt 0.786183 0.686037
vt 0.790692 0.685866
vt 0.241654 0.786140
vt 0.237143 0.786242
vt 0.801737 0.764552
vt 0.029481 0.790327
vt 0.302576 0.813889
vt 0.302562 0.833302
vt 0.296067 0.833878
vt 0.302507 0.847802
vt 0.296245 0.848136
vt 0.290961 0.848385
vt 0.296706 0.855523
vt 0.291538 0.855666
vt 0.286650 0.855854
vt 0.291994 0.860785
vt 0.287207 0.861028
vt 0.292175 0.865094
vt 0.287482 0.865474
vt 0.791371 0.814294
vt 0.786664 0.814358
vt 0.786638 0.811150
vt 0.791363 0.810621
vt 0.786811 0.805463
vt 0.782495 0.796996
vt 0.777904 0.796766
vt 0.778248 0.781829
vt 0.774597 0.796596
vt 0.774595 0.781419
vt 0.774545 0.762380
vt 0.589078 0.865963
vt 0.588701 0.884997
vt 0.586532 0.847023
vt 0.589618 0.846807
vt 0.583423 0.847192
vt 0.587510 0.828615
vt 0.589872 0.827880
vt 0.739249 0.883647
vt 0.720007 0.882939
vt 0.720320 0.879429
vt 0.739008 0.879984
vt 0.580572 0.847348
vt 0.721080 0.872906
vt 0.737970 0.873609
vt 0.754000 0.875413
vt 0.756626 0.882473
vt 0.721920 0.860891
vt 0.737121 0.861100
vt 0.751350 0.861851
vt 0.736528 0.837426
vt 0.750201 0.838148
vt 0.762677 0.838435
vt 0.762725 0.863487
vt 0.764057 0.876800
vt 0.771608 0.839192
vt 0.771303 0.863153
vt 0.690818 0.022266
vt 0.682330 0.022498
vt 0.683650 0.010898
vt 0.693522 0.008846
vt 0.682325 0.046440
vt 0.669492 0.045838
vt 0.669862 0.023798
vt 0.670742 0.013785
vt 0.655441 0.024105
vt 0.655560 0.015730
vt 0.688404 0.002992
vt 0.639576 0.024196
vt 0.638899 0.015280
vt 0.624895 0.023899
vt 0.622871 0.013030
vt 0.616462 0.003271
vt 0.640734 0.046363
vt 0.626423 0.047011
vt 0.615817 0.047864
vt 0.615296 0.024633
vt 0.614229 0.013985
vt 0.550699 0.697720
vt 0.573783 0.698725
vt 0.574074 0.710168
vt 0.551467 0.708682
vt 0.542191 0.706868
vt 0.540245 0.696595
vt 0.551892 0.722491
vt 0.534933 0.703916
vt 0.532036 0.691445
vt 0.478689 0.826395
vt 0.573539 0.723821
vt 0.573743 0.738010
vt 0.586800 0.724636
vt 0.586144 0.738453
vt 0.585266 0.751339
vt 0.572600 0.751225
vt 0.584350 0.763270
vt 0.572526 0.763203
vt 0.572573 0.613536
vt 0.584381 0.613739
vt 0.585322 0.622530
vt 0.573420 0.622439
vt 0.586373 0.634818
vt 0.573640 0.634644
vt 0.586609 0.647798
vt 0.575089 0.647692
vt 0.553061 0.647757
vt 0.574223 0.661530
vt 0.553107 0.661918
vt 0.544487 0.662145
vt 0.551392 0.675685
vt 0.542012 0.676427
vt 0.536672 0.677604
vt 0.539050 0.687433
vt 0.533212 0.689654
vt 0.551127 0.896985
vt 0.552946 0.900703
vt 0.532417 0.679793
vt 0.555064 0.905620
vt 0.536546 0.903406
vt 0.571013 0.911523
vt 0.556194 0.912115
vt 0.570981 0.918143
vt 0.556507 0.918132
vt 0.579090 0.911078
vt 0.578798 0.918059
vt 0.584165 0.910531
vt 0.583591 0.917975
vt 0.302642 0.855621
vt 0.302748 0.860413
vt 0.297149 0.860529
vt 0.588340 0.900168
vt 0.549539 0.686931
vt 0.697588 0.872027
vt 0.697900 0.861459
vt 0.708086 0.861281
vt 0.706724 0.872976
vt 0.704626 0.879011
vt 0.695313 0.878106
vt 0.697678 0.837155
vt 0.708633 0.837247
vt 0.722262 0.837199
vt 0.709110 0.825597
vt 0.722453 0.825745
vt 0.736365 0.825418
vt 0.722723 0.820629
vt 0.736154 0.820205
vt 0.749116 0.819472
vt 0.749702 0.824974
vt 0.760396 0.818561
vt 0.762076 0.824558
vt 0.691116 0.061197
vt 0.689111 0.067300
vt 0.680646 0.067279
vt 0.682347 0.061354
vt 0.770937 0.824296
vt 0.669440 0.067647
vt 0.669617 0.061349
vt 0.655715 0.067161
vt 0.655756 0.061016
vt 0.655539 0.046339
vt 0.641606 0.060858
vt 0.642525 0.067895
vt 0.629117 0.068284
vt 0.627583 0.061535
vt 0.619011 0.068308
vt 0.616693 0.062319
vt 0.588042 0.700051
vt 0.593636 0.702359
vt 0.593797 0.712639
vt 0.587932 0.711361
vt 0.591795 0.725315
vt 0.226275 0.590947
vt 0.233259 0.579294
vt 0.236073 0.581417
vt 0.229448 0.592218
vt 0.595141 0.726164
vt 0.594622 0.738187
vt 0.591390 0.738440
vt 0.593765 0.750534
vt 0.590402 0.751279
vt 0.223534 0.616903
vt 0.226615 0.616535
vt 0.230482 0.627930
vt 0.226834 0.629710
vt 0.589520 0.763185
vt 0.236502 0.636505
vt 0.233623 0.639263
vt 0.589582 0.614316
vt 0.590526 0.622963
vt 0.245946 0.644445
vt 0.243913 0.647574
vt 0.591641 0.634755
vt 0.257603 0.649805
vt 0.256218 0.653535
vt 0.591685 0.648082
vt 0.269616 0.651695
vt 0.269375 0.654493
vt 0.590820 0.661222
vt 0.586016 0.661392
vt 0.590659 0.674187
vt 0.585656 0.674707
vt 0.574047 0.675164
vt 0.585335 0.686221
vt 0.573751 0.686608
vt 0.590416 0.685197
vt 0.697567 0.825528
vt 0.698686 0.820317
vt 0.709691 0.820743
vt 0.299216 0.319339
vt 0.301595 0.332504
vt 0.298324 0.332236
vt 0.296664 0.320076
vt 0.710914 0.817313
vt 0.723474 0.816963
vt 0.290926 0.308049
vt 0.294162 0.320603
vt 0.288919 0.309458
vt 0.723852 0.814447
vt 0.735867 0.813680
vt 0.735951 0.816569
vt 0.747431 0.812590
vt 0.748073 0.815852
vt 0.757519 0.811062
vt 0.758120 0.815387
vt 0.288919 0.405135
vt 0.293587 0.394226
vt 0.296995 0.395241
vt 0.291260 0.406788
vt 0.686204 0.070624
vt 0.685668 0.074982
vt 0.677996 0.076206
vt 0.678473 0.070827
vt 0.295045 0.383919
vt 0.298658 0.383898
vt 0.667991 0.076653
vt 0.667965 0.071345
vt 0.294022 0.371960
vt 0.298092 0.370780
vt 0.655676 0.076865
vt 0.655372 0.071181
vt 0.288919 0.360214
vt 0.292513 0.357972
vt 0.643328 0.076979
vt 0.643444 0.071765
vt 0.630965 0.076118
vt 0.630876 0.071827
vt 0.269616 0.566397
vt 0.256355 0.568311
vt 0.255097 0.565069
vt 0.269289 0.562752
vt 0.622017 0.074910
vt 0.621225 0.071668
vt 0.245417 0.573207
vt 0.243510 0.570850
vt 0.280245 0.435299
vt 0.279770 0.438463
vt 0.269573 0.438285
vt 0.270412 0.435954
vt 0.280146 0.442866
vt 0.270172 0.442194
vt 0.258598 0.442378
vt 0.258252 0.437983
vt 0.237839 0.582687
vt 0.231949 0.593057
vt 0.246972 0.442441
vt 0.246923 0.438747
vt 0.228836 0.604010
vt 0.226087 0.603822
vt 0.235344 0.442960
vt 0.235191 0.438830
vt 0.229413 0.616074
vt 0.225493 0.443153
vt 0.225507 0.438637
vt 0.233159 0.626661
vt 0.285795 0.308639
vt 0.286231 0.313129
vt 0.278720 0.314417
vt 0.278532 0.309886
vt 0.238950 0.634436
vt 0.268649 0.315153
vt 0.268573 0.310779
vt 0.247429 0.642400
vt 0.256780 0.314755
vt 0.256678 0.310765
vt 0.256833 0.308190
vt 0.269392 0.308049
vt 0.244968 0.314376
vt 0.245051 0.310566
vt 0.244656 0.308049
vt 0.233408 0.313708
vt 0.233549 0.309877
vt 0.288919 0.354597
vt 0.294160 0.343591
vt 0.296528 0.344480
vt 0.290763 0.356181
vt 0.296116 0.332065
vt 0.298942 0.345521
vt 0.593953 0.672959
vt 0.594295 0.660623
vt 0.224058 0.309342
vt 0.224345 0.313079
vt 0.702775 0.814798
vt 0.702966 0.811024
vt 0.712207 0.811027
vt 0.712267 0.814833
vt 0.702301 0.804177
vt 0.712092 0.804260
vt 0.723378 0.804130
vt 0.723882 0.810565
vt 0.735851 0.803074
vt 0.735908 0.810168
vt 0.747419 0.801373
vt 0.747691 0.808204
vt 0.757579 0.799522
vt 0.757852 0.805785
vt 0.765004 0.798730
vt 0.766303 0.804353
vt 0.765037 0.809754
vt 0.678913 0.081537
vt 0.677789 0.087232
vt 0.667676 0.087926
vt 0.668432 0.082122
vt 0.655711 0.088331
vt 0.655726 0.082636
vt 0.643264 0.088204
vt 0.643137 0.082288
vt 0.631377 0.087425
vt 0.630653 0.081098
vt 0.621888 0.086414
vt 0.621730 0.079310
vt 0.634653 0.100152
vt 0.626379 0.100277
vt 0.280290 0.449927
vt 0.276556 0.463382
vt 0.268244 0.464294
vt 0.270674 0.449251
vt 0.259125 0.465001
vt 0.259497 0.449530
vt 0.249373 0.465380
vt 0.247484 0.449358
vt 0.239353 0.465519
vt 0.235469 0.449555
vt 0.230447 0.465030
vt 0.225354 0.449850
vt 0.287129 0.319766
vt 0.281554 0.335398
vt 0.274456 0.335655
vt 0.278932 0.321170
vt 0.265916 0.335992
vt 0.269008 0.321964
vt 0.256239 0.336312
vt 0.256823 0.322054
vt 0.246211 0.336487
vt 0.244625 0.321275
vt 0.237032 0.336205
vt 0.233168 0.320731
vt 0.228458 0.335651
vt 0.223534 0.319958
vt 0.240343 0.361486
vt 0.234907 0.361065
vt 0.706837 0.787968
vt 0.712805 0.761855
vt 0.718665 0.761840
vt 0.715343 0.787731
vt 0.725912 0.761762
vt 0.724847 0.787569
vt 0.734195 0.761709
vt 0.734987 0.787493
vt 0.742424 0.761927
vt 0.744800 0.787485
vt 0.749023 0.762197
vt 0.753595 0.787601
vt 0.681451 0.098675
vt 0.675536 0.124375
vt 0.669676 0.124106
vt 0.674376 0.098743
vt 0.686169 0.086504
vt 0.663847 0.123984
vt 0.665663 0.099132
vt 0.656361 0.124022
vt 0.655794 0.099619
vt 0.647819 0.124139
vt 0.644934 0.099916
vt 0.639213 0.124476
vt 0.647188 0.147910
vt 0.638920 0.148017
vt 0.632723 0.148679
vt 0.632591 0.125013
vt 0.270979 0.487538
vt 0.273000 0.511074
vt 0.267606 0.512207
vt 0.265965 0.488431
vt 0.260691 0.512797
vt 0.259539 0.489043
vt 0.252974 0.513185
vt 0.252022 0.489336
vt 0.244319 0.512769
vt 0.243976 0.489482
vt 0.236954 0.512489
vt 0.236330 0.489412
vt 0.231553 0.512218
vt 0.230354 0.489195
vt 0.223534 0.464156
vt 0.269687 0.361021
vt 0.270486 0.384012
vt 0.264021 0.384781
vt 0.263647 0.361580
vt 0.256202 0.384610
vt 0.255942 0.361801
vt 0.248180 0.384385
vt 0.247748 0.361819
vt 0.240309 0.383984
vt 0.248055 0.409669
vt 0.240223 0.409463
vt 0.234013 0.409055
vt 0.234364 0.383435
vt 0.712054 0.739451
vt 0.711318 0.713781
vt 0.717393 0.713926
vt 0.718052 0.739407
vt 0.724860 0.714027
vt 0.725563 0.739347
vt 0.733876 0.714100
vt 0.734045 0.739441
vt 0.742560 0.714419
vt 0.742488 0.739514
vt 0.749786 0.714947
vt 0.749664 0.739006
vt 0.675919 0.147526
vt 0.676516 0.171558
vt 0.671005 0.171056
vt 0.670190 0.148048
vt 0.664091 0.171430
vt 0.663862 0.147864
vt 0.655631 0.171803
vt 0.656065 0.148072
vt 0.646560 0.172210
vt 0.655855 0.181126
vt 0.645981 0.181571
vt 0.637608 0.182169
vt 0.638951 0.172282
vt 0.631146 0.182730
vt 0.632746 0.172129
vt 0.275303 0.534400
vt 0.277743 0.545071
vt 0.271037 0.545625
vt 0.269105 0.534976
vt 0.262729 0.546022
vt 0.261684 0.535892
vt 0.253241 0.546584
vt 0.253146 0.536436
vt 0.243950 0.547094
vt 0.244664 0.537223
vt 0.236408 0.547691
vt 0.237542 0.537256
vt 0.277151 0.408137
vt 0.279908 0.418371
vt 0.274124 0.418976
vt 0.272038 0.408654
vt 0.275873 0.383416
vt 0.266433 0.418689
vt 0.265106 0.408866
vt 0.256932 0.419235
vt 0.256734 0.409656
vt 0.247315 0.419472
vt 0.257096 0.424456
vt 0.246985 0.424532
vt 0.237633 0.424814
vt 0.238478 0.419560
vt 0.229991 0.424760
vt 0.231883 0.419659
vt 0.709120 0.703339
vt 0.707298 0.698391
vt 0.714730 0.699205
vt 0.715689 0.703857
vt 0.723741 0.699904
vt 0.724039 0.704542
vt 0.734338 0.700256
vt 0.734081 0.704758
vt 0.744548 0.700386
vt 0.743575 0.704966
vt 0.752364 0.700095
vt 0.751171 0.705015
vt 0.758984 0.700485
vt 0.756817 0.705208
vt 0.678938 0.181380
vt 0.672746 0.181134
vt 0.674679 0.185731
vt 0.666532 0.184988
vt 0.665331 0.180977
vt 0.656157 0.185381
vt 0.666936 0.189080
vt 0.656397 0.189327
vt 0.645539 0.189916
vt 0.645469 0.185963
vt 0.636307 0.190768
vt 0.636425 0.186783
vt 0.628954 0.191353
vt 0.629355 0.187449
vt 0.279756 0.549905
vt 0.280290 0.553824
vt 0.272606 0.554626
vt 0.272376 0.550537
vt 0.263887 0.555770
vt 0.263554 0.551065
vt 0.253764 0.556464
vt 0.253555 0.551800
vt 0.243607 0.556616
vt 0.243458 0.552271
vt 0.234891 0.557377
vt 0.235376 0.553160
vt 0.227277 0.556441
vt 0.228359 0.552205
vt 0.230662 0.547368
vt 0.275872 0.423755
vt 0.276199 0.428029
vt 0.267095 0.427896
vt 0.267096 0.423741
vt 0.257217 0.429092
vt 0.266835 0.431845
vt 0.257415 0.433508
vt 0.247227 0.433086
vt 0.246920 0.429152
vt 0.238332 0.432610
vt 0.237590 0.429113
vt 0.230027 0.432228
vt 0.228816 0.428614
vt 0.706369 0.694608
vt 0.707858 0.690833
vt 0.715550 0.691494
vt 0.714846 0.695252
vt 0.724070 0.691353
vt 0.723765 0.695586
vt 0.734511 0.691960
vt 0.734513 0.696069
vt 0.744111 0.692340
vt 0.744545 0.696382
vt 0.752222 0.692491
vt 0.752606 0.696253
vt 0.759504 0.692729
vt 0.759854 0.696541
vt 0.675377 0.189627
vt 0.674932 0.193461
vt 0.666704 0.193247
vt 0.673104 0.197973
vt 0.665579 0.197890
vt 0.656468 0.198168
vt 0.656503 0.193364
vt 0.646885 0.198486
vt 0.645961 0.193981
vt 0.638626 0.198935
vt 0.636912 0.194644
vt 0.631875 0.199547
vt 0.629566 0.195107
vt 0.831711 0.817383
vt 0.831442 0.820656
vt 0.822994 0.820785
vt 0.822442 0.817605
vt 0.279699 0.557516
vt 0.272165 0.558547
vt 0.815310 0.823249
vt 0.813466 0.819451
vt 0.263919 0.560427
vt 0.807833 0.828154
vt 0.805040 0.824988
vt 0.253866 0.560962
vt 0.802048 0.834529
vt 0.798901 0.832430
vt 0.244479 0.560551
vt 0.798342 0.842284
vt 0.794666 0.840970
vt 0.235976 0.560640
vt 0.797010 0.850650
vt 0.792950 0.850666
vt 0.228780 0.560004
vt 0.797840 0.858823
vt 0.794634 0.859656
vt 0.275151 0.431654
vt 0.888537 0.001758
vt 0.895668 0.001249
vt 0.894077 0.010596
vt 0.887754 0.010922
vt 0.879820 0.010906
vt 0.879835 0.002308
vt 0.801663 0.866799
vt 0.798211 0.868780
vt 0.871178 0.011196
vt 0.870708 0.002209
vt 0.807801 0.873610
vt 0.804945 0.876429
vt 0.863482 0.010933
vt 0.862547 0.001786
vt 0.814862 0.878562
vt 0.812901 0.881627
vt 0.857752 0.010198
vt 0.855530 0.000895
vt 0.823051 0.881281
vt 0.822336 0.885064
vt 0.710608 0.687413
vt 0.712629 0.677893
vt 0.718226 0.678063
vt 0.717134 0.687567
vt 0.831296 0.881512
vt 0.831711 0.884881
vt 0.725262 0.678237
vt 0.724791 0.687593
vt 0.733555 0.677803
vt 0.734124 0.687605
vt 0.741636 0.677505
vt 0.742918 0.687825
vt 0.748650 0.677575
vt 0.750615 0.688049
vt 0.679384 0.198349
vt 0.676948 0.208947
vt 0.671031 0.208739
vt 0.681501 0.193800
vt 0.754079 0.677732
vt 0.748379 0.654603
vt 0.754321 0.654562
vt 0.671709 0.231876
vt 0.664606 0.231938
vt 0.664327 0.208313
vt 0.656521 0.231596
vt 0.656458 0.208732
vt 0.648328 0.232213
vt 0.647838 0.208502
vt 0.640651 0.231918
vt 0.640190 0.209361
vt 0.634746 0.232293
vt 0.634464 0.209617
vt 0.775756 0.674101
vt 0.775853 0.651519
vt 0.781772 0.651096
vt 0.781666 0.673976
vt 0.780267 0.683233
vt 0.773399 0.683798
vt 0.789368 0.651185
vt 0.788780 0.674105
vt 0.787912 0.682911
vt 0.797258 0.652041
vt 0.796766 0.673788
vt 0.796845 0.682817
vt 0.805011 0.652257
vt 0.804616 0.673844
vt 0.805283 0.683288
vt 0.811750 0.652528
vt 0.811527 0.674546
vt 0.812880 0.683806
vt 0.817639 0.653086
vt 0.816908 0.675314
vt 0.899898 0.010184
vt 0.901714 0.000895
vt 0.811941 0.632494
vt 0.817367 0.633124
vt 0.894366 0.032856
vt 0.893760 0.052834
vt 0.887294 0.053259
vt 0.887621 0.033285
vt 0.879543 0.053326
vt 0.879755 0.033341
vt 0.871736 0.053353
vt 0.871557 0.033017
vt 0.863985 0.053217
vt 0.863749 0.032956
vt 0.858454 0.052692
vt 0.857587 0.032698
vt 0.712081 0.655340
vt 0.712659 0.635205
vt 0.718131 0.635138
vt 0.718095 0.655233
vt 0.725703 0.635153
vt 0.725575 0.655235
vt 0.733563 0.635184
vt 0.733578 0.655135
vt 0.741450 0.635157
vt 0.741526 0.654855
vt 0.748154 0.635083
vt 0.741756 0.616333
vt 0.748483 0.616369
vt 0.676898 0.251444
vt 0.677114 0.270135
vt 0.671410 0.270206
vt 0.671187 0.251470
vt 0.753710 0.634995
vt 0.664890 0.270286
vt 0.664541 0.251505
vt 0.656975 0.270537
vt 0.656589 0.251611
vt 0.649013 0.270597
vt 0.648819 0.251700
vt 0.641480 0.270471
vt 0.641203 0.251861
vt 0.274599 0.581747
vt 0.274700 0.563223
vt 0.280290 0.562752
vt 0.280290 0.581271
vt 0.635794 0.252096
vt 0.280290 0.583537
vt 0.280270 0.602144
vt 0.274734 0.602185
vt 0.274734 0.583622
vt 0.776697 0.631907
vt 0.782180 0.631486
vt 0.782361 0.613017
vt 0.789743 0.612806
vt 0.789747 0.631514
vt 0.797695 0.613006
vt 0.797581 0.631735
vt 0.805601 0.613402
vt 0.805394 0.631967
vt 0.812227 0.614079
vt 0.805886 0.590151
vt 0.812973 0.590474
vt 0.819071 0.590952
vt 0.817801 0.614728
vt 0.899411 0.070729
vt 0.893750 0.071264
vt 0.899364 0.052302
vt 0.894573 0.095076
vt 0.887432 0.095363
vt 0.887258 0.071807
vt 0.879294 0.095337
vt 0.879386 0.072065
vt 0.871048 0.095341
vt 0.871397 0.072119
vt 0.863479 0.095289
vt 0.863839 0.071778
vt 0.857472 0.094980
vt 0.858390 0.071247
vt 0.706899 0.616652
vt 0.712295 0.616597
vt 0.706948 0.635298
vt 0.711553 0.592815
vt 0.717706 0.592794
vt 0.717936 0.616595
vt 0.725223 0.592894
vt 0.725568 0.616401
vt 0.733615 0.592987
vt 0.733604 0.616233
vt 0.741969 0.593041
vt 0.733535 0.569092
vt 0.741643 0.568984
vt 0.749271 0.568805
vt 0.748976 0.593013
vt 0.677465 0.293457
vt 0.678499 0.317620
vt 0.672197 0.317626
vt 0.672260 0.293302
vt 0.754624 0.593091
vt 0.753877 0.616241
vt 0.665213 0.317690
vt 0.665451 0.292998
vt 0.657659 0.317878
vt 0.657671 0.292843
vt 0.649281 0.318376
vt 0.649291 0.292756
vt 0.642268 0.318822
vt 0.641546 0.293025
vt 0.635566 0.318922
vt 0.635315 0.293510
vt 0.636106 0.270701
vt 0.776317 0.590552
vt 0.776143 0.565227
vt 0.782818 0.565173
vt 0.782424 0.590055
vt 0.776781 0.613388
vt 0.790159 0.565175
vt 0.789860 0.589948
vt 0.798265 0.565384
vt 0.797986 0.590062
vt 0.806382 0.565801
vt 0.798950 0.532227
vt 0.806987 0.532589
vt 0.814355 0.533003
vt 0.813716 0.566316
vt 0.820259 0.533605
vt 0.819528 0.567105
vt 0.894518 0.118960
vt 0.894569 0.152507
vt 0.887258 0.152901
vt 0.887429 0.119097
vt 0.879335 0.153009
vt 0.879481 0.119021
vt 0.870970 0.152749
vt 0.871018 0.118916
vt 0.863256 0.152379
vt 0.863370 0.118753
vt 0.856270 0.151873
vt 0.856567 0.118413
vt 0.711423 0.569273
vt 0.711435 0.535651
vt 0.718414 0.535585
vt 0.718098 0.569145
vt 0.725798 0.535444
vt 0.725195 0.569097
vt 0.733889 0.535303
vt 0.726672 0.501362
vt 0.734854 0.500840
vt 0.742453 0.500457
vt 0.741750 0.535174
vt 0.749584 0.500215
vt 0.749116 0.535122
vt 0.678751 0.351292
vt 0.678913 0.386165
vt 0.672740 0.386219
vt 0.672437 0.351279
vt 0.665669 0.386208
vt 0.665128 0.351412
vt 0.658191 0.386047
vt 0.657409 0.351487
vt 0.650658 0.385858
vt 0.649867 0.351537
vt 0.644006 0.385737
vt 0.643094 0.351682
vt 0.637356 0.385588
vt 0.636397 0.351800
vt 0.776266 0.532524
vt 0.776325 0.498923
vt 0.783112 0.498885
vt 0.783093 0.532279
vt 0.790838 0.498907
vt 0.790731 0.532096
vt 0.799258 0.499235
vt 0.791245 0.465692
vt 0.799587 0.465770
vt 0.807912 0.466230
vt 0.807452 0.499901
vt 0.815540 0.466827
vt 0.814943 0.500629
vt 0.821620 0.467586
vt 0.820862 0.501433
vt 0.894349 0.184741
vt 0.894270 0.218652
vt 0.886622 0.219035
vt 0.886961 0.185075
vt 0.878585 0.219287
vt 0.879079 0.185410
vt 0.870237 0.219131
vt 0.870622 0.185512
vt 0.862611 0.218778
vt 0.862906 0.185381
vt 0.855837 0.218238
vt 0.855884 0.185074
vt 0.711481 0.502285
vt 0.711453 0.468967
vt 0.719081 0.468990
vt 0.718992 0.501881
vt 0.726937 0.469159
vt 0.718464 0.435735
vt 0.726321 0.435809
vt 0.734645 0.435986
vt 0.735293 0.469397
vt 0.742217 0.436202
vt 0.742731 0.469514
vt 0.749416 0.436510
vt 0.749775 0.469619
vt 0.679093 0.416739
vt 0.679772 0.449834
vt 0.673690 0.449523
vt 0.673009 0.416639
vt 0.666691 0.449480
vt 0.666301 0.416690
vt 0.659163 0.449620
vt 0.659008 0.416844
vt 0.651344 0.449936
vt 0.651454 0.417132
vt 0.644395 0.450355
vt 0.644487 0.417542
vt 0.637728 0.450677
vt 0.637791 0.417990
vt 0.777069 0.466688
vt 0.778068 0.434137
vt 0.784753 0.433701
vt 0.783689 0.466065
vt 0.792366 0.433289
vt 0.786177 0.399735
vt 0.793824 0.399265
vt 0.802188 0.399192
vt 0.800711 0.433148
vt 0.810096 0.399414
vt 0.808917 0.433276
vt 0.817712 0.399822
vt 0.816624 0.433580
vt 0.899951 0.251508
vt 0.899582 0.285396
vt 0.893567 0.286027
vt 0.894003 0.252199
vt 0.822556 0.434142
vt 0.886148 0.286395
vt 0.886441 0.252626
vt 0.878329 0.286518
vt 0.878361 0.252820
vt 0.870107 0.286188
vt 0.870130 0.252599
vt 0.862586 0.285725
vt 0.862584 0.252156
vt 0.855810 0.285225
vt 0.855738 0.251480
vt 0.711035 0.435609
vt 0.711040 0.401704
vt 0.718109 0.401676
vt 0.711202 0.368783
vt 0.718164 0.368527
vt 0.725478 0.368344
vt 0.725783 0.401648
vt 0.733419 0.368373
vt 0.733825 0.401744
vt 0.741069 0.368403
vt 0.741585 0.401853
vt 0.748129 0.368335
vt 0.748569 0.402007
vt 0.680628 0.484335
vt 0.681183 0.517997
vt 0.675354 0.517971
vt 0.674662 0.484049
vt 0.668115 0.518015
vt 0.667290 0.483909
vt 0.660162 0.517948
vt 0.659520 0.483899
vt 0.652193 0.517937
vt 0.651503 0.483984
vt 0.644637 0.518087
vt 0.644323 0.484304
vt 0.637745 0.518311
vt 0.637762 0.484706
vt 0.779406 0.400273
vt 0.780211 0.366801
vt 0.787355 0.366546
vt 0.780970 0.333189
vt 0.788032 0.332979
vt 0.795743 0.332702
vt 0.795005 0.366390
vt 0.804022 0.332780
vt 0.803255 0.366572
vt 0.811997 0.333209
vt 0.811160 0.367142
vt 0.819294 0.333776
vt 0.818647 0.367820
vt 0.899370 0.317495
vt 0.899204 0.351600
vt 0.892989 0.352002
vt 0.893296 0.317840
vt 0.885650 0.352243
vt 0.885908 0.318120
vt 0.877662 0.352466
vt 0.878118 0.318414
vt 0.869447 0.352332
vt 0.869914 0.318407
vt 0.861726 0.352046
vt 0.862323 0.318226
vt 0.855211 0.351679
vt 0.855757 0.317976
vt 0.861186 0.385742
vt 0.854947 0.385442
vt 0.711288 0.334907
vt 0.711840 0.300928
vt 0.718692 0.300784
vt 0.718365 0.334781
vt 0.725957 0.300639
vt 0.725731 0.334557
vt 0.733698 0.300743
vt 0.733453 0.334346
vt 0.740986 0.300899
vt 0.740986 0.334158
vt 0.747897 0.301018
vt 0.747978 0.334048
vt 0.753356 0.301053
vt 0.753533 0.334065
vt 0.681444 0.552271
vt 0.675919 0.552189
vt 0.676409 0.585184
vt 0.669165 0.585191
vt 0.668847 0.552111
vt 0.661592 0.585282
vt 0.661103 0.552046
vt 0.653454 0.585477
vt 0.652935 0.551969
vt 0.645855 0.585734
vt 0.645375 0.551996
vt 0.639066 0.585945
vt 0.638365 0.552112
vt 0.646267 0.619370
vt 0.639586 0.619667
vt 0.781504 0.299541
vt 0.782069 0.265990
vt 0.789041 0.265773
vt 0.788375 0.299292
vt 0.796879 0.265569
vt 0.796107 0.299147
vt 0.805040 0.265621
vt 0.804534 0.299429
vt 0.813101 0.266086
vt 0.812525 0.300029
vt 0.820284 0.266680
vt 0.819851 0.300706
vt 0.899139 0.384711
vt 0.899038 0.418767
vt 0.893168 0.419218
vt 0.892990 0.385182
vt 0.885468 0.419405
vt 0.885455 0.385575
vt 0.877143 0.419451
vt 0.877203 0.385882
vt 0.868839 0.419125
vt 0.868820 0.385867
vt 0.861176 0.418665
vt 0.869082 0.453168
vt 0.861525 0.452644
vt 0.855040 0.452007
vt 0.854792 0.418084
vt 0.711764 0.268138
vt 0.711421 0.234091
vt 0.718686 0.234194
vt 0.718924 0.268070
vt 0.726524 0.234219
vt 0.726426 0.267669
vt 0.734372 0.234371
vt 0.734184 0.267320
vt 0.741600 0.234450
vt 0.741346 0.267118
vt 0.748292 0.234322
vt 0.747975 0.266969
vt 0.681958 0.619314
vt 0.682107 0.651935
vt 0.676508 0.652053
vt 0.676551 0.619271
vt 0.753401 0.266950
vt 0.669218 0.652340
vt 0.669288 0.619208
vt 0.661465 0.652791
vt 0.661786 0.619208
vt 0.653711 0.653188
vt 0.653859 0.619199
vt 0.646622 0.653508
vt 0.653448 0.685944
vt 0.646524 0.686100
vt 0.640167 0.686364
vt 0.640047 0.653918
vt 0.783289 0.231937
vt 0.784043 0.199631
vt 0.790751 0.199335
vt 0.790012 0.231566
vt 0.798410 0.199166
vt 0.797763 0.231297
vt 0.806545 0.199329
vt 0.805852 0.231329
vt 0.814332 0.199813
vt 0.813731 0.231729
vt 0.821380 0.200395
vt 0.820556 0.232353
vt 0.827287 0.200919
vt 0.826604 0.233178
vt 0.898992 0.453100
vt 0.893112 0.453534
vt 0.892866 0.485867
vt 0.885329 0.486377
vt 0.885542 0.453599
vt 0.877248 0.486655
vt 0.877349 0.453543
vt 0.869162 0.486666
vt 0.877030 0.521377
vt 0.869079 0.521244
vt 0.861970 0.520793
vt 0.861737 0.486436
vt 0.855331 0.520307
vt 0.855209 0.486099
vt 0.711086 0.199874
vt 0.710690 0.165544
vt 0.717900 0.165669
vt 0.718441 0.199727
vt 0.725547 0.165708
vt 0.726188 0.199514
vt 0.733843 0.165897
vt 0.734219 0.199452
vt 0.741282 0.166118
vt 0.741384 0.199585
vt 0.747789 0.166251
vt 0.747931 0.199715
vt 0.753437 0.166277
vt 0.753537 0.200006
vt 0.682429 0.686536
vt 0.676824 0.686179
vt 0.677147 0.719892
vt 0.669867 0.719881
vt 0.669424 0.685944
vt 0.661969 0.719924
vt 0.661445 0.685915
vt 0.653936 0.720005
vt 0.662273 0.753303
vt 0.654250 0.753483
vt 0.647223 0.753447
vt 0.646857 0.720151
vt 0.640871 0.753454
vt 0.640314 0.720427
vt 0.784931 0.165722
vt 0.785778 0.132880
vt 0.792549 0.132811
vt 0.791706 0.165353
vt 0.800072 0.132709
vt 0.799409 0.165037
vt 0.808544 0.132735
vt 0.807642 0.165011
vt 0.816307 0.132905
vt 0.815418 0.165272
vt 0.823341 0.133259
vt 0.822319 0.165715
vt 0.898347 0.519943
vt 0.898077 0.552512
vt 0.891967 0.552699
vt 0.892784 0.520706
vt 0.898923 0.485130
vt 0.884840 0.552702
vt 0.884979 0.521181
vt 0.877041 0.553011
vt 0.886310 0.569226
vt 0.877143 0.568651
vt 0.868251 0.568292
vt 0.869097 0.553002
vt 0.859787 0.568211
vt 0.862255 0.552656
vt 0.851985 0.568464
vt 0.855606 0.551902
vt 0.710530 0.133819
vt 0.706699 0.117513
vt 0.714515 0.117076
vt 0.717507 0.134331
vt 0.724143 0.116394
vt 0.725161 0.134970
vt 0.734144 0.116549
vt 0.733484 0.135258
vt 0.743689 0.116883
vt 0.741079 0.134826
vt 0.751711 0.117282
vt 0.747815 0.134090
vt 0.683344 0.752120
vt 0.687979 0.768672
vt 0.680230 0.768553
vt 0.677271 0.752761
vt 0.682802 0.719984
vt 0.671453 0.767701
vt 0.670172 0.753100
vt 0.662248 0.767909
vt 0.672562 0.774410
vt 0.662113 0.774411
vt 0.651686 0.774757
vt 0.652876 0.768283
vt 0.642623 0.775271
vt 0.644338 0.769104
vt 0.634799 0.775433
vt 0.636841 0.769773
vt 0.781997 0.116068
vt 0.780059 0.110150
vt 0.788665 0.109365
vt 0.789887 0.115653
vt 0.798937 0.109074
vt 0.799438 0.115800
vt 0.809947 0.109033
vt 0.809609 0.115737
vt 0.820689 0.109721
vt 0.819286 0.116358
vt 0.830079 0.110812
vt 0.827683 0.117264
vt 0.902302 0.568540
vt 0.904656 0.575009
vt 0.896104 0.575318
vt 0.894842 0.569360
vt 0.887225 0.575603
vt 0.895578 0.584763
vt 0.887178 0.585283
vt 0.877291 0.585283
vt 0.877277 0.575596
vt 0.866936 0.585323
vt 0.867229 0.575605
vt 0.858110 0.585177
vt 0.857738 0.575489
vt 0.849314 0.585222
vt 0.849500 0.575386
vt 0.704292 0.110766
vt 0.704152 0.100895
vt 0.713459 0.099184
vt 0.713238 0.109804
vt 0.723747 0.097516
vt 0.723733 0.108912
vt 0.735058 0.097097
vt 0.734577 0.108464
vt 0.745278 0.097728
vt 0.744945 0.108379
vt 0.753983 0.098806
vt 0.753948 0.109282
vt 0.690409 0.776531
vt 0.690206 0.787007
vt 0.681499 0.785312
vt 0.681920 0.774981
vt 0.672445 0.784534
vt 0.682170 0.803400
vt 0.672843 0.802962
vt 0.661834 0.802902
vt 0.661970 0.784028
vt 0.651616 0.802762
vt 0.651865 0.784319
vt 0.642778 0.802897
vt 0.643073 0.784916
vt 0.634396 0.803354
vt 0.634682 0.785222
vt 0.780231 0.100387
vt 0.780455 0.082292
vt 0.788262 0.081568
vt 0.789074 0.099910
vt 0.798979 0.081497
vt 0.799053 0.099193
vt 0.810577 0.081820
vt 0.810125 0.099208
vt 0.821900 0.082641
vt 0.820843 0.100187
vt 0.831358 0.084318
vt 0.830549 0.101422
vt 0.904362 0.584473
vt 0.904997 0.601586
vt 0.897350 0.602242
vt 0.901363 0.620867
vt 0.893880 0.620859
vt 0.885365 0.620764
vt 0.887202 0.602472
vt 0.875822 0.621044
vt 0.876281 0.602685
vt 0.866618 0.620367
vt 0.865563 0.602474
vt 0.858682 0.620197
vt 0.855885 0.602459
vt 0.851982 0.620122
vt 0.848554 0.602217
vt 0.703878 0.083839
vt 0.706963 0.065586
vt 0.714816 0.066322
vt 0.712163 0.082467
vt 0.723966 0.066212
vt 0.723485 0.081433
vt 0.734574 0.065625
vt 0.735493 0.080509
vt 0.743525 0.065145
vt 0.746226 0.080590
vt 0.751081 0.063962
vt 0.754896 0.081439
vt 0.690684 0.804325
vt 0.686893 0.822022
vt 0.679771 0.821763
vt 0.679650 0.837904
vt 0.675212 0.838150
vt 0.669722 0.838353
vt 0.671532 0.821557
vt 0.662822 0.838624
vt 0.662273 0.821962
vt 0.656499 0.838831
vt 0.653519 0.821994
vt 0.651233 0.838686
vt 0.645670 0.822442
vt 0.646946 0.839413
vt 0.639116 0.823254
vt 0.784362 0.063056
vt 0.791332 0.047974
vt 0.796053 0.047834
vt 0.791673 0.063634
vt 0.801857 0.047949
vt 0.800010 0.063735
vt 0.808755 0.048330
vt 0.809888 0.064044
vt 0.815324 0.048958
vt 0.819248 0.064767
vt 0.821100 0.049414
vt 0.827701 0.064992
vt 0.816290 0.032368
vt 0.821403 0.033463
vt 0.893714 0.636489
vt 0.894248 0.652406
vt 0.890163 0.652661
vt 0.889234 0.636674
vt 0.884940 0.653084
vt 0.883353 0.636617
vt 0.878281 0.653361
vt 0.876712 0.636877
vt 0.870583 0.653058
vt 0.869870 0.636459
vt 0.864579 0.652130
vt 0.864238 0.635960
vt 0.860299 0.651611
vt 0.859972 0.635543
vt 0.714051 0.049490
vt 0.714051 0.033349
vt 0.718774 0.032882
vt 0.719153 0.049510
vt 0.725264 0.032202
vt 0.725555 0.049556
vt 0.733172 0.031893
vt 0.732870 0.049045
vt 0.739616 0.031980
vt 0.739123 0.048826
vt 0.744052 0.032438
vt 0.744135 0.048496
vt 0.745220 0.019879
vt 0.750500 0.021404
vt 0.367141 0.849129
vt 0.360240 0.842740
vt 0.365067 0.838538
vt 0.371066 0.845659
vt 0.680039 0.853951
vt 0.676039 0.854435
vt 0.681949 0.865336
vt 0.676114 0.867708
vt 0.670886 0.855094
vt 0.664570 0.869813
vt 0.663722 0.856143
vt 0.651907 0.868919
vt 0.656184 0.855891
vt 0.645083 0.866910
vt 0.650694 0.855251
vt 0.639900 0.866010
vt 0.646398 0.855212
vt 0.790784 0.032146
vt 0.784302 0.020491
vt 0.789541 0.018937
vt 0.795158 0.031559
vt 0.797407 0.016743
vt 0.801090 0.031111
vt 0.810938 0.016705
vt 0.809057 0.031086
vt 0.821420 0.019443
vt 0.812336 0.007361
vt 0.827419 0.009706
vt 0.834156 0.012047
vt 0.827027 0.021816
vt 0.408357 0.883956
vt 0.414947 0.890898
vt 0.410784 0.894897
vt 0.403738 0.888546
vt 0.901044 0.663968
vt 0.896321 0.664206
vt 0.903282 0.674208
vt 0.897044 0.676002
vt 0.890529 0.666311
vt 0.883336 0.677430
vt 0.881102 0.667908
vt 0.865149 0.675869
vt 0.868225 0.666740
vt 0.854371 0.673204
vt 0.859979 0.663965
vt 0.848418 0.671655
vt 0.854137 0.662216
vt 0.707808 0.023235
vt 0.702027 0.014254
vt 0.708679 0.012574
vt 0.714052 0.021158
vt 0.721131 0.010306
vt 0.723248 0.018518
vt 0.740689 0.009150
vt 0.736744 0.017889
vt 0.752776 0.010527
vt 0.742826 0.003324
vt 0.758055 0.004104
vt 0.351099 0.840553
vt 0.353915 0.835200
vt 0.758095 0.011566
vt 0.358222 0.831937
vt 0.688707 0.874809
vt 0.693522 0.881328
vt 0.683800 0.882910
vt 0.681008 0.876719
vt 0.665402 0.883125
vt 0.664959 0.877893
vt 0.645617 0.883366
vt 0.647574 0.877638
vt 0.633237 0.882032
vt 0.637955 0.876052
vt 0.408978 0.831202
vt 0.414152 0.834349
vt 0.407192 0.841218
vt 0.401930 0.837526
vt 0.777622 0.010499
vt 0.773399 0.003068
vt 0.779393 0.001989
vt 0.783181 0.008856
vt 0.792652 0.000895
vt 0.793900 0.007161
vt 0.813146 0.001761
vt 0.422277 0.869693
vt 0.422655 0.849187
vt 0.427585 0.848566
vt 0.426714 0.870143
vt 0.426325 0.889778
vt 0.421389 0.887855
vt 0.831278 0.003461
vt 0.839879 0.005828
vt 0.432560 0.870061
vt 0.433449 0.890426
vt 0.437003 0.906634
vt 0.439979 0.890770
vt 0.444370 0.908331
vt 0.447821 0.921503
vt 0.441276 0.919885
vt 0.443224 0.926734
vt 0.430385 0.922623
vt 0.444033 0.931676
vt 0.431874 0.928272
vt 0.412500 0.922673
vt 0.411929 0.915446
vt 0.393723 0.918760
vt 0.393076 0.912042
vt 0.392829 0.906359
vt 0.370682 0.909996
vt 0.370809 0.904964
vt 0.885151 0.687437
vt 0.863162 0.686293
vt 0.863859 0.682202
vt 0.884428 0.683187
vt 0.392030 0.901905
vt 0.900586 0.682568
vt 0.847876 0.682815
vt 0.850323 0.679121
vt 0.841669 0.681021
vt 0.844031 0.677306
vt 0.697738 0.008946
vt 0.695313 0.005424
vt 0.702459 0.003815
vt 0.704486 0.007052
vt 0.720191 0.000895
vt 0.720392 0.004476
vt 0.346703 0.872979
vt 0.343369 0.873214
vt 0.341363 0.849780
vt 0.345729 0.850554
vt 0.338712 0.873716
vt 0.335403 0.849310
vt 0.330957 0.829009
vt 0.328889 0.848003
vt 0.323299 0.827341
vt 0.317392 0.811487
vt 0.325866 0.814486
vt 0.313796 0.802938
vt 0.320002 0.803763
vt 0.311613 0.797899
vt 0.317633 0.798520
vt 0.326510 0.800268
vt 0.325447 0.796207
vt 0.340465 0.798930
vt 0.342462 0.804114
vt 0.359432 0.801731
vt 0.360267 0.807690
vt 0.360866 0.813903
vt 0.380828 0.808677
vt 0.380802 0.814751
vt 0.381022 0.820592
vt 0.361832 0.820455
vt 0.381438 0.825314
vt 0.363034 0.825311
vt 0.402047 0.813906
vt 0.401736 0.820379
vt 0.401232 0.825397
vt 0.420062 0.811019
vt 0.402120 0.807685
vt 0.420762 0.804384
vt 0.436512 0.800789
vt 0.435191 0.806677
vt 0.444800 0.798780
vt 0.443678 0.804297
vt 0.440970 0.814199
vt 0.448868 0.803230
vt 0.446387 0.812987
vt 0.442780 0.829536
vt 0.436310 0.830893
vt 0.439924 0.847356
vt 0.433826 0.847958
vt 0.438274 0.869597
vt 0.445881 0.846770
vt 0.444637 0.869513
vt 0.446093 0.891126
vt 0.450490 0.869411
vt 0.451584 0.892058
vt 0.454176 0.910538
vt 0.449452 0.909400
vt 0.456222 0.922638
vt 0.452189 0.922134
vt 0.457993 0.911687
vt 0.458686 0.923094
vt 0.474756 0.548528
vt 0.475240 0.545876
vt 0.482320 0.545280
vt 0.481864 0.547727
vt 0.475723 0.542265
vt 0.482708 0.542306
vt 0.488707 0.542689
vt 0.488669 0.545257
vt 0.488376 0.547422
vt 0.183815 0.551218
vt 0.183792 0.553794
vt 0.178567 0.553754
vt 0.178364 0.550881
vt 0.178058 0.548420
vt 0.183711 0.549034
vt 0.172206 0.553521
vt 0.171855 0.549971
vt 0.451546 0.939456
vt 0.445029 0.938830
vt 0.444577 0.935789
vt 0.434630 0.937734
vt 0.433156 0.933137
vt 0.416848 0.934998
vt 0.414755 0.929154
vt 0.395295 0.932239
vt 0.394289 0.925862
vt 0.371995 0.930171
vt 0.371780 0.923328
vt 0.370902 0.916198
vt 0.351313 0.922288
vt 0.350823 0.929485
vt 0.333780 0.930258
vt 0.334989 0.924500
vt 0.322228 0.931197
vt 0.322685 0.926324
vt 0.323787 0.918445
vt 0.315946 0.926754
vt 0.316922 0.919361
vt 0.317955 0.902331
vt 0.326406 0.900390
vt 0.317795 0.873831
vt 0.325184 0.874224
vt 0.332735 0.874682
vt 0.322015 0.846343
vt 0.315103 0.845540
vt 0.310137 0.823037
vt 0.316495 0.825472
vt 0.307902 0.809459
vt 0.311285 0.810392
vt 0.057554 0.309224
vt 0.056568 0.313878
vt 0.048845 0.315630
vt 0.049377 0.311104
vt 0.309306 0.802243
vt 0.043421 0.316352
vt 0.044113 0.312302
vt 0.309113 0.796984
vt 0.038661 0.316671
vt 0.039406 0.312813
vt 0.040700 0.309834
vt 0.045068 0.308995
vt 0.490950 0.555104
vt 0.490509 0.558942
vt 0.484852 0.559108
vt 0.485184 0.555206
vt 0.485137 0.551986
vt 0.490789 0.552168
vt 0.477894 0.559434
vt 0.477474 0.555399
vt 0.477091 0.551944
vt 0.465719 0.554963
vt 0.464100 0.551323
vt 0.323912 0.789510
vt 0.336925 0.790126
vt 0.338611 0.794210
vt 0.324689 0.792449
vt 0.356681 0.791378
vt 0.358199 0.796328
vt 0.380351 0.791808
vt 0.380622 0.797038
vt 0.380799 0.802573
vt 0.402978 0.796253
vt 0.402355 0.801689
vt 0.423178 0.794172
vt 0.421869 0.799148
vt 0.437919 0.792139
vt 0.437231 0.796366
vt 0.445620 0.790675
vt 0.445234 0.794522
vt 0.438554 0.788909
vt 0.445930 0.788330
vt 0.451430 0.788346
vt 0.349569 0.552806
vt 0.355068 0.552622
vt 0.354780 0.555757
vt 0.349171 0.555764
vt 0.344543 0.555764
vt 0.344869 0.553144
vt 0.345360 0.551172
vt 0.350053 0.550812
vt 0.343578 0.544399
vt 0.343515 0.541754
vt 0.348230 0.541817
vt 0.348490 0.544627
vt 0.348798 0.546785
vt 0.343832 0.546422
vt 0.353983 0.541793
vt 0.354279 0.545095
vt 0.354587 0.547361
vt 0.456414 0.802461
vt 0.458686 0.802130
vt 0.458173 0.810401
vt 0.454963 0.811222
vt 0.450818 0.812083
vt 0.452753 0.802778
vt 0.453016 0.826661
vt 0.448116 0.828187
vt 0.451231 0.846127
vt 0.457335 0.825103
vt 0.456110 0.845208
vt 0.455434 0.869539
vt 0.421654 0.548403
vt 0.397329 0.548000
vt 0.396027 0.543984
vt 0.421879 0.544533
vt 0.446721 0.543913
vt 0.445196 0.548085
vt 0.456300 0.893075
vt 0.464984 0.542777
vt 0.463824 0.546840
vt 0.448498 0.539154
vt 0.466212 0.538578
vt 0.476110 0.538621
vt 0.467350 0.534198
vt 0.476372 0.534491
vt 0.483181 0.534825
vt 0.483043 0.538935
vt 0.488759 0.535131
vt 0.488847 0.539363
vt 0.183890 0.557125
vt 0.183908 0.561348
vt 0.178956 0.561719
vt 0.178867 0.557362
vt 0.172715 0.561726
vt 0.172504 0.557349
vt 0.164642 0.561822
vt 0.163667 0.557118
vt 0.162642 0.552670
vt 0.148445 0.555933
vt 0.145978 0.550927
vt 0.143750 0.547645
vt 0.161474 0.548806
vt 0.125087 0.554009
vt 0.123484 0.548842
vt 0.419156 0.939607
vt 0.396636 0.937956
vt 0.098139 0.552522
vt 0.098643 0.547691
vt 0.371759 0.936217
vt 0.074569 0.551725
vt 0.076426 0.547718
vt 0.349524 0.935675
vt 0.347734 0.940077
vt 0.331313 0.939853
vt 0.332507 0.935595
vt 0.058149 0.550860
vt 0.072329 0.557697
vt 0.057072 0.556507
vt 0.069689 0.564119
vt 0.056215 0.562891
vt 0.048173 0.560970
vt 0.054424 0.576857
vt 0.048109 0.577046
vt 0.042580 0.576729
vt 0.041653 0.559240
vt 0.039257 0.575356
vt 0.036849 0.555986
vt 0.037847 0.548500
vt 0.183386 0.316234
vt 0.182829 0.335717
vt 0.179567 0.334126
vt 0.178950 0.310440
vt 0.178628 0.309030
vt 0.181457 0.308887
vt 0.311037 0.931478
vt 0.308414 0.931836
vt 0.308385 0.926785
vt 0.311531 0.926787
vt 0.315197 0.931323
vt 0.308295 0.919960
vt 0.312073 0.919722
vt 0.308075 0.904951
vt 0.312358 0.903525
vt 0.307702 0.876361
vt 0.311900 0.874151
vt 0.121318 0.308435
vt 0.123467 0.311606
vt 0.088228 0.319036
vt 0.091109 0.311173
vt 0.309404 0.843977
vt 0.065046 0.324699
vt 0.067855 0.316862
vt 0.070182 0.310298
vt 0.092751 0.308049
vt 0.054857 0.326536
vt 0.055640 0.319688
vt 0.048305 0.327153
vt 0.048509 0.320673
vt 0.043100 0.327329
vt 0.043035 0.321000
vt 0.038875 0.327420
vt 0.038169 0.321339
vt 0.490002 0.563596
vt 0.488874 0.569707
vt 0.483928 0.569682
vt 0.484417 0.563530
vt 0.477922 0.569570
vt 0.478133 0.563858
vt 0.470116 0.569484
vt 0.468688 0.564177
vt 0.467247 0.559410
vt 0.450394 0.563654
vt 0.448092 0.558649
vt 0.446037 0.553823
vt 0.421241 0.558241
vt 0.420930 0.553405
vt 0.354931 0.788355
vt 0.380045 0.788238
vt 0.444385 0.550364
vt 0.394123 0.558638
vt 0.395773 0.553794
vt 0.405203 0.788156
vt 0.403978 0.791260
vt 0.397096 0.550319
vt 0.374827 0.554958
vt 0.376458 0.551206
vt 0.424582 0.789827
vt 0.361875 0.555616
vt 0.362461 0.551980
vt 0.373069 0.559467
vt 0.361358 0.559649
vt 0.354538 0.559459
vt 0.360918 0.564135
vt 0.354412 0.563913
vt 0.348817 0.563839
vt 0.348981 0.559302
vt 0.344403 0.563860
vt 0.344330 0.559267
vt 0.343476 0.538245
vt 0.343650 0.533688
vt 0.348070 0.533598
vt 0.348010 0.538219
vt 0.353525 0.533777
vt 0.353725 0.538299
vt 0.360418 0.533641
vt 0.361064 0.538050
vt 0.361797 0.542016
vt 0.373832 0.538177
vt 0.375593 0.542692
vt 0.377237 0.546673
vt 0.362544 0.545706
vt 0.394375 0.539068
vt 0.371874 0.533449
vt 0.392109 0.534146
vt 0.422414 0.534637
vt 0.422160 0.539681
vt 0.450860 0.534494
vt 0.422548 0.529398
vt 0.453738 0.529465
vt 0.468524 0.529213
vt 0.457575 0.519421
vt 0.470814 0.517405
vt 0.477705 0.515651
vt 0.476616 0.529310
vt 0.483160 0.514678
vt 0.482486 0.529310
vt 0.488076 0.514711
vt 0.487543 0.529351
vt 0.183112 0.567092
vt 0.184563 0.581641
vt 0.180104 0.581834
vt 0.178652 0.567523
vt 0.174722 0.581386
vt 0.172928 0.567156
vt 0.168653 0.579735
vt 0.165976 0.566887
vt 0.157942 0.576644
vt 0.153836 0.566346
vt 0.151080 0.561174
vt 0.129889 0.565340
vt 0.127084 0.559775
vt 0.096660 0.564603
vt 0.097563 0.558603
vt 0.136424 0.575473
vt 0.092526 0.574711
vt 0.065880 0.574763
vt 0.089422 0.604109
vt 0.060314 0.604053
vt 0.049347 0.607433
vt 0.052925 0.656048
vt 0.042214 0.656069
vt 0.035467 0.656430
vt 0.043016 0.609464
vt 0.029075 0.656594
vt 0.037252 0.609942
vt 0.023785 0.656464
vt 0.032712 0.609874
vt 0.189881 0.369786
vt 0.197461 0.415950
vt 0.192678 0.416715
vt 0.184864 0.369940
vt 0.186783 0.417322
vt 0.179455 0.369730
vt 0.174497 0.333264
vt 0.173294 0.368600
vt 0.168175 0.332308
vt 0.167073 0.310575
vt 0.173899 0.310504
vt 0.162817 0.368050
vt 0.156753 0.329556
vt 0.152062 0.310806
vt 0.130100 0.369485
vt 0.126194 0.330109
vt 0.076098 0.368675
vt 0.081637 0.333903
vt 0.056411 0.368993
vt 0.062071 0.337849
vt 0.047463 0.371863
vt 0.052785 0.341092
vt 0.041483 0.372659
vt 0.047083 0.342187
vt 0.036142 0.372554
vt 0.042005 0.342359
vt 0.031958 0.372599
vt 0.038076 0.342654
vt 0.489814 0.584901
vt 0.495427 0.614593
vt 0.490156 0.614579
vt 0.485010 0.584798
vt 0.484497 0.614303
vt 0.479560 0.584324
vt 0.477902 0.612851
vt 0.472794 0.582951
vt 0.465073 0.609889
vt 0.458596 0.579976
vt 0.453182 0.568998
vt 0.423863 0.579269
vt 0.421995 0.568583
vt 0.421626 0.563309
vt 0.389329 0.568689
vt 0.392204 0.563644
vt 0.369408 0.569274
vt 0.371097 0.564108
vt 0.360197 0.569466
vt 0.366224 0.581028
vt 0.358434 0.582735
vt 0.353215 0.584183
vt 0.354467 0.569644
vt 0.348427 0.584590
vt 0.349732 0.569890
vt 0.344545 0.584728
vt 0.345390 0.569733
vt 0.344589 0.527981
vt 0.343797 0.512939
vt 0.347530 0.512962
vt 0.348495 0.527600
vt 0.352306 0.513738
vt 0.353442 0.527823
vt 0.357813 0.515106
vt 0.359629 0.527999
vt 0.366567 0.517238
vt 0.369716 0.528392
vt 0.383238 0.519327
vt 0.389290 0.529278
vt 0.424352 0.519919
vt 0.376122 0.489161
vt 0.425654 0.489120
vt 0.463507 0.489421
vt 0.426336 0.436823
vt 0.471400 0.439112
vt 0.484212 0.439940
vt 0.476510 0.485350
vt 0.490786 0.440854
vt 0.483405 0.483733
vt 0.496709 0.441276
vt 0.489043 0.483234
vt 0.501853 0.441795
vt 0.494248 0.483399
vt 0.190794 0.612934
vt 0.198101 0.654554
vt 0.193321 0.655063
vt 0.186229 0.613251
vt 0.187531 0.655408
vt 0.180558 0.612551
vt 0.181270 0.655728
vt 0.174611 0.610710
vt 0.172072 0.655925
vt 0.164463 0.606294
vt 0.145966 0.657158
vt 0.142125 0.604740
vt 0.087699 0.657460
vt 0.144955 0.712528
vt 0.088963 0.713438
vt 0.047509 0.710046
vt 0.092968 0.757096
vt 0.051303 0.752829
vt 0.030336 0.746591
vt 0.035008 0.705880
vt 0.021650 0.742134
vt 0.027935 0.703848
vt 0.015335 0.738613
vt 0.021628 0.702505
vt 0.010039 0.737457
vt 0.016753 0.701779
vt 0.204731 0.460846
vt 0.211986 0.496062
vt 0.206738 0.497462
vt 0.200337 0.461903
vt 0.200686 0.501254
vt 0.194336 0.463896
vt 0.192687 0.505960
vt 0.187577 0.466505
vt 0.180132 0.417609
vt 0.174560 0.470708
vt 0.169571 0.418643
vt 0.131597 0.475376
vt 0.132165 0.420904
vt 0.075130 0.474823
vt 0.073254 0.420307
vt 0.043507 0.471161
vt 0.049367 0.417665
vt 0.033381 0.466224
vt 0.040487 0.417716
vt 0.027131 0.463956
vt 0.034275 0.416872
vt 0.021351 0.462351
vt 0.028501 0.415869
vt 0.017061 0.462083
vt 0.024160 0.415381
vt 0.502662 0.657052
vt 0.510307 0.703445
vt 0.504958 0.704507
vt 0.497588 0.657721
vt 0.498923 0.706489
vt 0.491611 0.658430
vt 0.491114 0.709046
vt 0.484504 0.658587
vt 0.474981 0.713796
vt 0.471947 0.660246
vt 0.424578 0.717629
vt 0.424818 0.662666
vt 0.424955 0.610354
vt 0.370849 0.660356
vt 0.376508 0.609787
vt 0.383044 0.579429
vt 0.361170 0.610990
vt 0.353622 0.658447
vt 0.346042 0.659484
vt 0.353402 0.613885
vt 0.340451 0.658817
vt 0.347727 0.614981
vt 0.335312 0.658145
vt 0.342652 0.615185
vt 0.331147 0.657569
vt 0.338757 0.615373
vt 0.337483 0.481599
vt 0.329661 0.438517
vt 0.334475 0.438436
vt 0.341943 0.482001
vt 0.339851 0.438387
vt 0.347058 0.482754
vt 0.345783 0.438673
vt 0.352814 0.484413
vt 0.353321 0.439680
vt 0.360648 0.487501
vt 0.370418 0.437830
vt 0.346720 0.385310
vt 0.369935 0.382575
vt 0.425874 0.381244
vt 0.376265 0.338349
vt 0.424323 0.337717
vt 0.470299 0.340555
vt 0.474907 0.386613
vt 0.495539 0.347507
vt 0.491067 0.391491
vt 0.505713 0.352296
vt 0.498661 0.394005
vt 0.512430 0.356006
vt 0.505036 0.395921
vt 0.518502 0.357854
vt 0.510261 0.396939
vt 0.204005 0.699653
vt 0.211406 0.738806
vt 0.205858 0.739832
vt 0.199459 0.700348
vt 0.200129 0.742555
vt 0.193923 0.702268
vt 0.192881 0.745670
vt 0.187726 0.704540
vt 0.176792 0.752188
vt 0.177470 0.708800
vt 0.139991 0.756885
vt 0.173102 0.767707
vt 0.137029 0.769225
vt 0.095499 0.769482
vt 0.135730 0.776184
vt 0.097137 0.776465
vt 0.060259 0.775908
vt 0.056207 0.768500
vt 0.033950 0.774328
vt 0.031622 0.766213
vt 0.018309 0.772344
vt 0.019219 0.764182
vt 0.009575 0.770876
vt 0.011692 0.762054
vt 0.003831 0.769961
vt 0.005880 0.760723
vt 0.215830 0.519107
vt 0.217264 0.528270
vt 0.211510 0.529483
vt 0.209978 0.520364
vt 0.204493 0.530850
vt 0.203433 0.522109
vt 0.191688 0.532584
vt 0.192409 0.524358
vt 0.164315 0.534569
vt 0.167181 0.526673
vt 0.171735 0.513025
vt 0.127105 0.528340
vt 0.128692 0.516720
vt 0.085056 0.528434
vt 0.081294 0.516454
vt 0.048818 0.527561
vt 0.044935 0.512339
vt 0.027900 0.526356
vt 0.028379 0.506686
vt 0.017250 0.524883
vt 0.020677 0.502890
vt 0.010178 0.523343
vt 0.014571 0.500096
vt 0.004920 0.522789
vt 0.009625 0.499663
vt 0.517088 0.740718
vt 0.520458 0.763658
vt 0.513838 0.764902
vt 0.510887 0.742276
vt 0.505764 0.766208
vt 0.504331 0.745883
vt 0.491146 0.767654
vt 0.493695 0.750617
vt 0.462589 0.769018
vt 0.468335 0.756235
vt 0.421602 0.769594
vt 0.422808 0.758152
vt 0.381185 0.769384
vt 0.376497 0.757003
vt 0.369907 0.714870
vt 0.345793 0.752138
vt 0.346890 0.711629
vt 0.332858 0.746573
vt 0.338686 0.707468
vt 0.326431 0.743320
vt 0.333160 0.705100
vt 0.320865 0.741020
vt 0.327969 0.703323
vt 0.316332 0.740076
vt 0.324023 0.702869
vt 0.322977 0.392439
vt 0.315719 0.354334
vt 0.320610 0.353376
vt 0.327091 0.391506
vt 0.326247 0.351299
vt 0.332234 0.390174
vt 0.332465 0.348112
vt 0.338202 0.388396
vt 0.345006 0.343000
vt 0.330775 0.327927
vt 0.347106 0.326791
vt 0.379965 0.325717
vt 0.349470 0.318859
vt 0.382257 0.318254
vt 0.422607 0.318497
vt 0.423167 0.325820
vt 0.462550 0.319611
vt 0.465785 0.327036
vt 0.491852 0.320971
vt 0.494097 0.328891
vt 0.509419 0.322383
vt 0.508457 0.330794
vt 0.519159 0.323810
vt 0.516836 0.332603
vt 0.525507 0.325225
vt 0.523671 0.334384
vt 0.215072 0.762420
vt 0.216135 0.771655
vt 0.209983 0.772371
vt 0.209211 0.763279
vt 0.202705 0.772861
vt 0.202554 0.764473
vt 0.191109 0.773715
vt 0.192308 0.766022
vt 0.170075 0.774989
vt 0.189429 0.779085
vt 0.167840 0.780351
vt 0.134947 0.781351
vt 0.166163 0.784887
vt 0.134571 0.785673
vt 0.099631 0.785921
vt 0.098518 0.781606
vt 0.065845 0.785697
vt 0.063378 0.781217
vt 0.037064 0.784628
vt 0.035659 0.779874
vt 0.017006 0.781642
vt 0.017595 0.777352
vt 0.006106 0.778889
vt 0.007863 0.775419
vt 0.001761 0.777861
vt 0.002396 0.774700
vt 0.217566 0.533014
vt 0.217959 0.536157
vt 0.213247 0.537812
vt 0.212439 0.534427
vt 0.205765 0.540546
vt 0.205313 0.536165
vt 0.190553 0.543621
vt 0.191157 0.538653
vt 0.161310 0.545419
vt 0.162558 0.540678
vt 0.125448 0.545855
vt 0.125588 0.541507
vt 0.126094 0.535703
vt 0.088688 0.541513
vt 0.087508 0.535798
vt 0.053670 0.541271
vt 0.051568 0.535300
vt 0.030032 0.540372
vt 0.029035 0.534374
vt 0.014881 0.539099
vt 0.016162 0.533228
vt 0.005947 0.537324
vt 0.007463 0.532064
vt 0.002057 0.536996
vt 0.003340 0.531894
vt 0.521785 0.772699
vt 0.522678 0.777751
vt 0.516215 0.778849
vt 0.515177 0.773593
vt 0.505160 0.779981
vt 0.505665 0.774065
vt 0.485705 0.780632
vt 0.488287 0.775004
vt 0.455802 0.781709
vt 0.458516 0.776261
vt 0.420134 0.782046
vt 0.420566 0.776725
vt 0.385760 0.782245
vt 0.383928 0.776775
vt 0.354131 0.781187
vt 0.351918 0.775456
vt 0.348911 0.767815
vt 0.332422 0.774135
vt 0.331843 0.766096
vt 0.321167 0.773417
vt 0.322668 0.764786
vt 0.314469 0.772630
vt 0.316715 0.763477
vt 0.310105 0.772023
vt 0.311698 0.762661
vt 0.311547 0.331216
vt 0.310234 0.321683
vt 0.314787 0.320837
vt 0.317032 0.330504
vt 0.320697 0.319870
vt 0.323146 0.329266
vt 0.330442 0.319222
vt 0.319190 0.314201
vt 0.330588 0.313283
vt 0.351226 0.312754
vt 0.330663 0.308144
vt 0.352528 0.307738
vt 0.384412 0.307682
vt 0.383543 0.312343
vt 0.421413 0.308064
vt 0.421912 0.312693
vt 0.458759 0.309148
vt 0.460404 0.313907
vt 0.488919 0.310650
vt 0.490126 0.315422
vt 0.509464 0.312642
vt 0.509436 0.317016
vt 0.522326 0.315466
vt 0.520832 0.319036
vt 0.527655 0.316644
vt 0.526528 0.320159
vt 0.216648 0.776772
vt 0.216796 0.780385
vt 0.210778 0.781488
vt 0.210437 0.777535
vt 0.202102 0.782444
vt 0.202322 0.778195
vt 0.188262 0.783487
vt 0.201757 0.786038
vt 0.187272 0.786852
vt 0.165010 0.788048
vt 0.513979 0.268010
vt 0.536245 0.267434
vt 0.535477 0.271654
vt 0.513265 0.272832
vt 0.483506 0.273630
vt 0.483415 0.268732
vt 0.483509 0.265135
vt 0.515103 0.264664
vt 0.450250 0.273723
vt 0.449504 0.268914
vt 0.448564 0.265246
vt 0.418164 0.273564
vt 0.416682 0.268720
vt 0.414773 0.265063
vt 0.388462 0.273104
vt 0.387366 0.267891
vt 0.385986 0.264348
vt 0.365240 0.272058
vt 0.365513 0.266001
vt 0.038413 0.788048
vt 0.016576 0.785895
vt 0.347387 0.271090
vt 0.341545 0.260711
vt 0.347626 0.257032
vt 0.352757 0.263403
vt 0.003840 0.782889
vt 0.000895 0.780165
vt 0.218056 0.538471
vt 0.214171 0.540450
vt 0.348992 0.255855
vt 0.342087 0.248365
vt 0.347024 0.247704
vt 0.205998 0.544231
vt 0.336739 0.231382
vt 0.342793 0.231748
vt 0.347533 0.232254
vt 0.349022 0.247449
vt 0.333350 0.201390
vt 0.339951 0.202175
vt 0.345836 0.203025
vt 0.333178 0.167238
vt 0.339402 0.167357
vt 0.345153 0.167168
vt 0.333095 0.132641
vt 0.339656 0.132039
vt 0.345602 0.131210
vt 0.340209 0.098446
vt 0.345885 0.097102
vt 0.089493 0.545855
vt 0.055388 0.545685
vt 0.340775 0.074216
vt 0.346638 0.072966
vt 0.031259 0.545194
vt 0.014680 0.544117
vt 0.333994 0.099597
vt 0.334317 0.075075
vt 0.333921 0.057708
vt 0.327968 0.076024
vt 0.327127 0.058166
vt 0.323894 0.042154
vt 0.331667 0.042650
vt 0.319357 0.026087
vt 0.325045 0.026381
vt 0.316090 0.015525
vt 0.321173 0.016172
vt 0.327683 0.017422
vt 0.341119 0.020852
vt 0.319310 0.011153
vt 0.326275 0.012440
vt 0.339430 0.014606
vt 0.355276 0.016689
vt 0.355890 0.023384
vt 0.325623 0.008444
vt 0.338223 0.009701
vt 0.354426 0.010903
vt 0.337154 0.005202
vt 0.353298 0.005761
vt 0.372850 0.005952
vt 0.373005 0.011375
vt 0.372661 0.017314
vt 0.397167 0.011216
vt 0.396697 0.016952
vt 0.395733 0.023259
vt 0.372403 0.023745
vt 0.395295 0.029468
vt 0.372500 0.030181
vt 0.356763 0.030858
vt 0.372277 0.036092
vt 0.358420 0.037705
vt 0.371974 0.040796
vt 0.359710 0.041490
vt 0.518032 0.786365
vt 0.516832 0.783188
vt 0.523546 0.781217
vt 0.525479 0.785117
vt 0.504547 0.784433
vt 0.394260 0.035228
vt 0.392680 0.040289
vt 0.483829 0.785166
vt 0.423707 0.034628
vt 0.422478 0.039760
vt 0.454020 0.785832
vt 0.456995 0.034496
vt 0.456779 0.039532
vt 0.419718 0.786051
vt 0.488894 0.034492
vt 0.489639 0.039216
vt 0.386854 0.786365
vt 0.519008 0.034857
vt 0.520393 0.040016
vt 0.356123 0.785610
vt 0.542742 0.034852
vt 0.543301 0.040261
vt 0.333226 0.785032
vt 0.332860 0.780245
vt 0.318705 0.783851
vt 0.320051 0.779387
vt 0.310744 0.782156
vt 0.312832 0.777902
vt 0.307701 0.780420
vt 0.308988 0.776938
vt 0.308878 0.316624
vt 0.307701 0.312981
vt 0.310726 0.311617
vt 0.312806 0.315656
vt 0.317807 0.309095
vt 0.571901 0.053149
vt 0.578524 0.051327
vt 0.578281 0.065966
vt 0.572624 0.065999
vt 0.586512 0.050397
vt 0.584683 0.066107
vt 0.584453 0.089278
vt 0.578464 0.088750
vt 0.573130 0.087863
vt 0.584587 0.120577
vt 0.578702 0.120288
vt 0.573472 0.119746
vt 0.584138 0.155662
vt 0.578337 0.156275
vt 0.573200 0.156749
vt 0.582709 0.191364
vt 0.577148 0.192625
vt 0.572453 0.194099
vt 0.580412 0.221887
vt 0.575264 0.222904
vt 0.571454 0.224267
vt 0.572765 0.244874
vt 0.487568 0.307682
vt 0.509535 0.309009
vt 0.570484 0.259207
vt 0.523847 0.313066
vt 0.525537 0.310969
vt 0.530245 0.311532
vt 0.528830 0.313907
vt 0.217031 0.783215
vt 0.217630 0.785671
vt 0.211410 0.787340
vt 0.211066 0.784753
vt 0.560022 0.265309
vt 0.560392 0.268101
vt 0.550333 0.270128
vt 0.550719 0.266327
vt 0.560691 0.272428
vt 0.550001 0.275143
vt 0.534713 0.276835
vt 0.549772 0.280831
vt 0.534198 0.282720
vt 0.512894 0.283849
vt 0.513002 0.278061
vt 0.484135 0.284888
vt 0.483793 0.278976
vt 0.452142 0.284766
vt 0.451008 0.278933
vt 0.420116 0.284835
vt 0.419483 0.278823
vt 0.390054 0.285464
vt 0.389535 0.279081
vt 0.366217 0.286607
vt 0.365923 0.279615
vt 0.346093 0.289764
vt 0.346281 0.282670
vt 0.329475 0.293665
vt 0.329878 0.287402
vt 0.331142 0.277603
vt 0.320038 0.289961
vt 0.320532 0.280720
vt 0.320834 0.266040
vt 0.330910 0.263716
vt 0.319588 0.250153
vt 0.327553 0.249566
vt 0.335658 0.248762
vt 0.323414 0.228973
vt 0.329927 0.230826
vt 0.321332 0.200315
vt 0.326782 0.200758
vt 0.321250 0.167040
vt 0.326717 0.166403
vt 0.321218 0.133366
vt 0.326527 0.132825
vt 0.322070 0.102259
vt 0.327667 0.101479
vt 0.322182 0.077193
vt 0.317079 0.102750
vt 0.317045 0.078226
vt 0.316156 0.058463
vt 0.321247 0.058378
vt 0.313520 0.041245
vt 0.318288 0.041769
vt 0.310089 0.025537
vt 0.314378 0.025846
vt 0.308375 0.015068
vt 0.311493 0.015218
vt 0.551965 0.320421
vt 0.548861 0.320266
vt 0.547245 0.314700
vt 0.550509 0.315162
vt 0.310198 0.009959
vt 0.314340 0.010525
vt 0.309704 0.006151
vt 0.546315 0.310954
vt 0.543755 0.314352
vt 0.543115 0.310618
vt 0.542861 0.307682
vt 0.546116 0.307837
vt 0.594547 0.604818
vt 0.591293 0.604387
vt 0.591297 0.599834
vt 0.595157 0.599778
vt 0.599125 0.599662
vt 0.596965 0.605708
vt 0.591263 0.593369
vt 0.595576 0.592871
vt 0.599521 0.592407
vt 0.595601 0.582011
vt 0.599504 0.580952
vt 0.324666 0.001364
vt 0.336124 0.001439
vt 0.325118 0.004669
vt 0.595552 0.566065
vt 0.599414 0.564890
vt 0.352189 0.001484
vt 0.595431 0.545607
vt 0.599232 0.544801
vt 0.372282 0.001485
vt 0.595321 0.519987
vt 0.599030 0.519720
vt 0.397366 0.001514
vt 0.397430 0.005885
vt 0.426641 0.001632
vt 0.426347 0.006018
vt 0.425840 0.011185
vt 0.456962 0.006963
vt 0.456942 0.011963
vt 0.457010 0.017424
vt 0.425433 0.016696
vt 0.457157 0.023199
vt 0.425029 0.022869
vt 0.457020 0.029060
vt 0.424552 0.029058
vt 0.488214 0.023601
vt 0.488463 0.029286
vt 0.517500 0.023533
vt 0.517973 0.029337
vt 0.542764 0.022369
vt 0.542670 0.028678
vt 0.561197 0.019957
vt 0.560123 0.026774
vt 0.559227 0.034085
vt 0.575649 0.022280
vt 0.557837 0.040524
vt 0.577506 0.015760
vt 0.591319 0.011809
vt 0.590227 0.016899
vt 0.598944 0.009782
vt 0.598157 0.014546
vt 0.596265 0.021634
vt 0.603409 0.013675
vt 0.601586 0.020519
vt 0.597784 0.033399
vt 0.591193 0.035242
vt 0.593490 0.049531
vt 0.602964 0.032154
vt 0.599412 0.048681
vt 0.597170 0.066040
vt 0.591093 0.066032
vt 0.596495 0.090752
vt 0.590667 0.089666
vt 0.596499 0.121203
vt 0.590797 0.120805
vt 0.596134 0.154734
vt 0.590347 0.155181
vt 0.594662 0.188634
vt 0.588739 0.189934
vt 0.592631 0.219364
vt 0.586200 0.220936
vt 0.589982 0.243648
vt 0.598201 0.217775
vt 0.596530 0.242847
vt 0.596099 0.262020
vt 0.588363 0.262505
vt 0.597766 0.277378
vt 0.591420 0.277179
vt 0.598969 0.287822
vt 0.593002 0.287291
vt 0.582772 0.285937
vt 0.593330 0.293428
vt 0.582965 0.292106
vt 0.571300 0.291170
vt 0.571091 0.284453
vt 0.560769 0.291345
vt 0.560923 0.285073
vt 0.560976 0.278315
vt 0.549554 0.286804
vt 0.549537 0.292359
vt 0.534343 0.293564
vt 0.534235 0.288446
vt 0.512452 0.294615
vt 0.512242 0.289623
vt 0.484962 0.295536
vt 0.484429 0.290472
vt 0.453780 0.295796
vt 0.453076 0.290509
vt 0.421522 0.296059
vt 0.420762 0.290741
vt 0.391758 0.296749
vt 0.391103 0.291387
vt 0.366524 0.298219
vt 0.366509 0.292736
vt 0.345183 0.300665
vt 0.345715 0.295455
vt 0.329256 0.303606
vt 0.329354 0.298815
vt 0.319806 0.304938
vt 0.319940 0.301217
vt 0.319956 0.296080
vt 0.313314 0.291264
vt 0.308588 0.292171
vt 0.308050 0.283372
vt 0.313130 0.282369
vt 0.307870 0.269641
vt 0.313076 0.268048
vt 0.307826 0.252072
vt 0.312691 0.251014
vt 0.307763 0.229374
vt 0.311993 0.228934
vt 0.317499 0.228702
vt 0.311613 0.199871
vt 0.316380 0.200030
vt 0.311659 0.167022
vt 0.316341 0.167059
vt 0.311862 0.133409
vt 0.316428 0.133469
vt 0.312487 0.103170
vt 0.308044 0.132982
vt 0.308849 0.103504
vt 0.308401 0.079530
vt 0.312322 0.078867
vt 0.308009 0.058616
vt 0.311685 0.058583
vt 0.553543 0.363779
vt 0.549129 0.363810
vt 0.545613 0.345131
vt 0.550374 0.345804
vt 0.309462 0.040607
vt 0.542661 0.329865
vt 0.547237 0.330352
vt 0.307701 0.025150
vt 0.540872 0.319988
vt 0.544933 0.320139
vt 0.551072 0.330735
vt 0.540097 0.314101
vt 0.536676 0.319738
vt 0.539688 0.310247
vt 0.588072 0.607297
vt 0.587756 0.604345
vt 0.591486 0.607460
vt 0.583396 0.600442
vt 0.587402 0.600025
vt 0.582811 0.594606
vt 0.587006 0.593957
vt 0.582508 0.585500
vt 0.586788 0.584319
vt 0.591194 0.583171
vt 0.586689 0.568935
vt 0.591139 0.567410
vt 0.586685 0.547935
vt 0.591068 0.546652
vt 0.586747 0.521162
vt 0.591054 0.520475
vt 0.586644 0.490561
vt 0.590930 0.490406
vt 0.595180 0.490348
vt 0.591034 0.459788
vt 0.595361 0.459916
vt 0.598625 0.460082
vt 0.598877 0.490452
vt 0.595910 0.429588
vt 0.599443 0.429700
vt 0.457032 0.002653
vt 0.487424 0.002939
vt 0.487517 0.007577
vt 0.516937 0.002995
vt 0.516748 0.007538
vt 0.516776 0.012479
vt 0.487758 0.012541
vt 0.517062 0.017676
vt 0.487982 0.017789
vt 0.542493 0.011293
vt 0.542491 0.016528
vt 0.563313 0.009090
vt 0.562168 0.014155
vt 0.580341 0.006007
vt 0.578932 0.010638
vt 0.592788 0.003186
vt 0.592085 0.007440
vt 0.599940 0.002095
vt 0.599475 0.005669
vt 0.605243 0.001943
vt 0.597872 0.317185
vt 0.598970 0.324355
vt 0.596227 0.323722
vt 0.594805 0.316842
vt 0.593641 0.311809
vt 0.591513 0.316610
vt 0.590756 0.311746
vt 0.590302 0.307899
vt 0.592760 0.307812
vt 0.288489 0.435364
vt 0.290930 0.435316
vt 0.290947 0.439017
vt 0.288294 0.439092
vt 0.290504 0.443755
vt 0.287382 0.444029
vt 0.284033 0.444458
vt 0.285960 0.450730
vt 0.282803 0.451245
vt 0.611419 0.012457
vt 0.610379 0.019241
vt 0.606102 0.019888
vt 0.608027 0.013049
vt 0.611118 0.007205
vt 0.607657 0.030944
vt 0.612438 0.018733
vt 0.611361 0.029776
vt 0.609310 0.046400
vt 0.604636 0.047609
vt 0.607351 0.065790
vt 0.602513 0.066083
vt 0.606361 0.090976
vt 0.601579 0.091004
vt 0.606055 0.121597
vt 0.601425 0.121546
vt 0.605575 0.154124
vt 0.601079 0.154606
vt 0.604372 0.187144
vt 0.599824 0.187986
vt 0.603159 0.217029
vt 0.608488 0.186302
vt 0.607812 0.216352
vt 0.607381 0.241835
vt 0.602166 0.242186
vt 0.607156 0.262410
vt 0.601935 0.262096
vt 0.607322 0.277669
vt 0.602744 0.277487
vt 0.607521 0.288207
vt 0.603463 0.288102
vt 0.607426 0.294342
vt 0.603512 0.294208
vt 0.599400 0.294027
vt 0.603332 0.299040
vt 0.599486 0.298990
vt 0.593202 0.298448
vt 0.599559 0.303670
vt 0.592759 0.302952
vt 0.582300 0.302050
vt 0.582717 0.297344
vt 0.571075 0.301649
vt 0.571256 0.296692
vt 0.561025 0.301779
vt 0.560812 0.296820
vt 0.550502 0.302245
vt 0.549864 0.297453
vt 0.535557 0.303073
vt 0.534779 0.298394
vt 0.513604 0.303964
vt 0.512890 0.299453
vt 0.486127 0.304487
vt 0.485429 0.300359
vt 0.455203 0.304754
vt 0.454488 0.300749
vt 0.423129 0.304979
vt 0.422398 0.301056
vt 0.392666 0.305409
vt 0.392302 0.301734
vt 0.555521 0.524703
vt 0.558362 0.524373
vt 0.560166 0.550921
vt 0.555840 0.550614
vt 0.366409 0.303095
vt 0.562632 0.572652
vt 0.557808 0.572173
vt 0.344857 0.304818
vt 0.564995 0.588693
vt 0.560480 0.588210
vt 0.556477 0.587765
vt 0.555333 0.571801
vt 0.566764 0.597821
vt 0.562493 0.597450
vt 0.558025 0.597221
vt 0.567834 0.603677
vt 0.563930 0.603321
vt 0.568475 0.607404
vt 0.564776 0.607282
vt 0.545748 0.607102
vt 0.541969 0.606498
vt 0.541185 0.602896
vt 0.545235 0.603060
vt 0.540410 0.598077
vt 0.544771 0.597884
vt 0.549017 0.597731
vt 0.544191 0.589863
vt 0.548793 0.589249
vt 0.553146 0.588544
vt 0.553247 0.597345
vt 0.543637 0.577588
vt 0.548363 0.576188
vt 0.552899 0.574813
vt 0.543294 0.559981
vt 0.548090 0.558495
vt 0.552724 0.557245
vt 0.543067 0.536152
vt 0.547868 0.535229
vt 0.552476 0.534547
vt 0.542932 0.505686
vt 0.547701 0.505284
vt 0.552257 0.505066
vt 0.547518 0.472073
vt 0.552032 0.472138
vt 0.307798 0.199890
vt 0.307865 0.166961
vt 0.547164 0.437614
vt 0.551897 0.438161
vt 0.542125 0.436559
vt 0.540392 0.408343
vt 0.546464 0.408860
vt 0.551265 0.408692
vt 0.542753 0.471905
vt 0.537794 0.471567
vt 0.537470 0.434402
vt 0.538017 0.506292
vt 0.533767 0.507047
vt 0.533618 0.470906
vt 0.538189 0.537355
vt 0.533878 0.538934
vt 0.304753 0.234267
vt 0.300426 0.236084
vt 0.300763 0.203246
vt 0.304906 0.202384
vt 0.538398 0.561742
vt 0.534120 0.563811
vt 0.304641 0.259144
vt 0.300428 0.261461
vt 0.295260 0.264215
vt 0.295388 0.238107
vt 0.304968 0.276098
vt 0.300740 0.277840
vt 0.295786 0.279803
vt 0.289809 0.282332
vt 0.289589 0.267764
vt 0.301561 0.288001
vt 0.296392 0.289275
vt 0.288994 0.290722
vt 0.275614 0.291824
vt 0.277880 0.285217
vt 0.296204 0.294902
vt 0.288065 0.295839
vt 0.273717 0.296874
vt 0.250902 0.298255
vt 0.252653 0.292991
vt 0.287141 0.299944
vt 0.272157 0.301381
vt 0.249591 0.302903
vt 0.220238 0.304421
vt 0.220621 0.300024
vt 0.270942 0.305149
vt 0.248468 0.306250
vt 0.576728 0.553596
vt 0.574344 0.552698
vt 0.572835 0.524064
vt 0.576334 0.524254
vt 0.571807 0.492070
vt 0.576025 0.491598
vt 0.569930 0.551917
vt 0.568032 0.524018
vt 0.566965 0.492624
vt 0.566353 0.460208
vt 0.570977 0.459342
vt 0.563233 0.524119
vt 0.562249 0.493243
vt 0.561705 0.461068
vt 0.561117 0.430082
vt 0.565726 0.429090
vt 0.557746 0.493912
vt 0.557378 0.461840
vt 0.556966 0.430919
vt 0.564804 0.401232
vt 0.569494 0.399466
vt 0.570325 0.427980
vt 0.560210 0.402482
vt 0.559282 0.380396
vt 0.564057 0.378683
vt 0.556263 0.403443
vt 0.555568 0.381484
vt 0.563224 0.364249
vt 0.568096 0.362570
vt 0.569376 0.374639
vt 0.558361 0.365626
vt 0.557992 0.355824
vt 0.562727 0.355583
vt 0.555362 0.366529
vt 0.551435 0.305832
vt 0.561237 0.305518
vt 0.562344 0.346955
vt 0.567208 0.347852
vt 0.567623 0.355269
vt 0.557728 0.346376
vt 0.557821 0.335317
vt 0.562257 0.335962
vt 0.570686 0.305396
vt 0.581748 0.305523
vt 0.562579 0.325342
vt 0.566633 0.325660
vt 0.566627 0.336698
vt 0.558484 0.324876
vt 0.559186 0.317624
vt 0.562976 0.317828
vt 0.592189 0.305891
vt 0.555333 0.324287
vt 0.555667 0.317497
vt 0.563347 0.313179
vt 0.566912 0.312878
vt 0.566756 0.317839
vt 0.559782 0.313266
vt 0.563623 0.310066
vt 0.556179 0.313373
vt 0.603676 0.303546
vt 0.289918 0.735439
vt 0.290490 0.733059
vt 0.294069 0.732762
vt 0.293410 0.735186
vt 0.567040 0.309525
vt 0.563725 0.307682
vt 0.294718 0.729745
vt 0.298838 0.729903
vt 0.290904 0.729972
vt 0.291264 0.725942
vt 0.295363 0.725839
vt 0.287256 0.726152
vt 0.287469 0.720077
vt 0.291714 0.720110
vt 0.283483 0.726357
vt 0.283599 0.720137
vt 0.283718 0.709971
vt 0.287809 0.710370
vt 0.610938 0.288136
vt 0.610778 0.294355
vt 0.611047 0.277970
vt 0.288121 0.695294
vt 0.292686 0.695974
vt 0.292244 0.710883
vt 0.283903 0.694789
vt 0.284086 0.673784
vt 0.288302 0.673942
vt 0.611209 0.262789
vt 0.611355 0.241784
vt 0.288502 0.647420
vt 0.293004 0.647341
vt 0.292877 0.674325
vt 0.284244 0.647830
vt 0.284746 0.617553
vt 0.289201 0.616870
vt 0.611483 0.215830
vt 0.611865 0.185554
vt 0.290394 0.584650
vt 0.294695 0.584060
vt 0.293645 0.616347
vt 0.286163 0.585158
vt 0.286462 0.553287
vt 0.290706 0.552900
vt 0.612438 0.153161
vt 0.609706 0.153651
vt 0.282950 0.585656
vt 0.282809 0.553526
vt 0.283101 0.522751
vt 0.286944 0.522322
vt 0.610252 0.121522
vt 0.610536 0.090748
vt 0.288083 0.496352
vt 0.292536 0.495267
vt 0.291306 0.521691
vt 0.283859 0.497215
vt 0.285617 0.477120
vt 0.289945 0.475789
vt 0.611216 0.065214
vt 0.612349 0.045122
vt 0.291823 0.459591
vt 0.295747 0.458542
vt 0.294212 0.474405
vt 0.287770 0.460674
vt 0.289491 0.450256
vt 0.293107 0.449774
vt 0.282080 0.478407
vt 0.283936 0.461777
vt 0.293724 0.443451
vt 0.296835 0.443160
vt 0.296601 0.449251
vt 0.300178 0.442778
vt 0.300244 0.448619
vt 0.299747 0.457527
vt 0.302818 0.447976
vt 0.302703 0.456565
vt 0.302609 0.471303
vt 0.298593 0.472908
vt 0.301116 0.492525
vt 0.296931 0.493982
vt 0.300079 0.519807
vt 0.295675 0.520853
vt 0.299441 0.551745
vt 0.294990 0.552384
vt 0.299161 0.583699
vt 0.302652 0.551014
vt 0.302340 0.583477
vt 0.302354 0.615455
vt 0.298289 0.616167
vt 0.302077 0.647291
vt 0.297580 0.647328
vt 0.302295 0.675796
vt 0.297671 0.674975
vt 0.301556 0.697819
vt 0.297299 0.696818
vt 0.300951 0.712204
vt 0.296715 0.711475
vt 0.300374 0.720673
vt 0.296033 0.720304
vt 0.299680 0.726053
vt 0.302698 0.721240
vt 0.302625 0.726376
vt 0.302402 0.730151
vt 0.003594 0.298277
vt 0.003418 0.294500
vt 0.007839 0.295053
vt 0.007927 0.298632
vt 0.013950 0.296046
vt 0.013835 0.299774
vt 0.013607 0.302456
vt 0.023355 0.300822
vt 0.022411 0.303961
vt 0.022031 0.306214
vt 0.013403 0.304737
vt 0.573577 0.317245
vt 0.574145 0.325886
vt 0.570607 0.325811
vt 0.570345 0.317599
vt 0.574231 0.338836
vt 0.571058 0.337557
vt 0.574259 0.349805
vt 0.572916 0.349799
vt 0.572748 0.355199
vt 0.572615 0.360140
vt 0.575932 0.341077
vt 0.575628 0.349812
vt 0.046010 0.306197
vt 0.037339 0.304861
vt 0.048393 0.302694
vt 0.048534 0.306200
vt 0.056341 0.306209
vt 0.065525 0.306212
vt 0.087280 0.302680
vt 0.092938 0.306225
vt 0.573514 0.369494
vt 0.573974 0.396925
vt 0.120964 0.302462
vt 0.122666 0.306206
vt 0.574609 0.426663
vt 0.153692 0.301935
vt 0.154405 0.306199
vt 0.575139 0.458424
vt 0.187339 0.301167
vt 0.187599 0.305312
vt 0.152914 0.297157
vt 0.187044 0.296324
vt 0.221150 0.294998
vt 0.186909 0.290975
vt 0.221780 0.289407
vt 0.254886 0.287108
vt 0.221930 0.279185
vt 0.257888 0.276226
vt 0.280479 0.272136
vt 0.279777 0.244145
vt 0.289562 0.240360
vt 0.280850 0.206749
vt 0.290371 0.205286
vt 0.295867 0.204280
vt 0.291043 0.167375
vt 0.296454 0.166770
vt 0.301200 0.166596
vt 0.297299 0.125142
vt 0.301738 0.124539
vt 0.305858 0.123193
vt 0.305121 0.166248
vt 0.533500 0.427840
vt 0.536116 0.407159
vt 0.535038 0.386343
vt 0.540068 0.385375
vt 0.545549 0.385147
vt 0.532697 0.362607
vt 0.537906 0.363172
vt 0.543526 0.363638
vt 0.550715 0.384718
vt 0.535548 0.343589
vt 0.540501 0.344454
vt 0.533945 0.328620
vt 0.538123 0.329263
vt 0.532572 0.319523
vt 0.305212 0.014870
vt 0.305747 0.023997
vt 0.302350 0.023201
vt 0.301810 0.014522
vt 0.298277 0.022264
vt 0.298007 0.013975
vt 0.297533 0.008018
vt 0.292814 0.013471
vt 0.292042 0.008005
vt 0.291231 0.003710
vt 0.296876 0.003605
vt 0.580122 0.601006
vt 0.579960 0.595348
vt 0.283989 0.008247
vt 0.282637 0.003978
vt 0.281314 0.000917
vt 0.290393 0.000932
vt 0.270388 0.008473
vt 0.268331 0.004066
vt 0.266418 0.000904
vt 0.247171 0.003715
vt 0.245317 0.000895
vt 0.582407 0.570580
vt 0.582419 0.549453
vt 0.579790 0.551226
vt 0.579689 0.523141
vt 0.582452 0.522041
vt 0.579602 0.491227
vt 0.582358 0.490819
vt 0.579295 0.459424
vt 0.582261 0.459507
vt 0.586635 0.459644
vt 0.582358 0.428681
vt 0.586909 0.429052
vt 0.591435 0.429373
vt 0.586774 0.398382
vt 0.591311 0.399182
vt 0.595779 0.399773
vt 0.590007 0.371155
vt 0.594526 0.372346
vt 0.598423 0.373374
vt 0.599279 0.400192
vt 0.592527 0.349969
vt 0.597023 0.351397
vt 0.543746 0.002236
vt 0.565703 0.000937
vt 0.564459 0.004506
vt 0.542965 0.006407
vt 0.599521 0.352703
vt 0.594522 0.334133
vt 0.598094 0.335436
vt 0.581689 0.002202
vt 0.592652 0.323176
vt 0.593381 0.000895
vt 0.590435 0.332891
vt 0.588989 0.322605
vt 0.588223 0.316343
vt 0.585365 0.322003
vt 0.584905 0.316009
vt 0.584797 0.311408
vt 0.587811 0.311617
vt 0.584798 0.307879
vt 0.587599 0.307940
vt 0.293618 0.435298
vt 0.296411 0.435358
vt 0.296641 0.438790
vt 0.293807 0.438908
vt 0.581497 0.315528
vt 0.581634 0.321344
vt 0.578755 0.320687
vt 0.578641 0.315070
vt 0.011389 0.002362
vt 0.016998 0.002124
vt 0.016356 0.005444
vt 0.011024 0.005655
vt 0.015609 0.009230
vt 0.010389 0.009524
vt 0.006293 0.010090
vt 0.009898 0.014777
vt 0.005979 0.015475
vt 0.002494 0.016123
vt 0.002768 0.010499
vt 0.302877 0.442352
vt 0.009671 0.022620
vt 0.005834 0.023727
vt 0.002266 0.024714
vt 0.009581 0.035972
vt 0.005297 0.037751
vt 0.001662 0.039452
vt 0.008611 0.056956
vt 0.004180 0.059009
vt 0.000970 0.060694
vt 0.007404 0.085281
vt 0.003183 0.086637
vt 0.000895 0.087987
vt 0.006679 0.118370
vt 0.002507 0.119155
vt 0.302877 0.518497
vt 0.012152 0.083757
vt 0.011359 0.117590
vt 0.011063 0.150632
vt 0.006461 0.150968
vt 0.001249 0.151622
vt 0.010701 0.182978
vt 0.006014 0.182910
vt 0.001700 0.183596
vt 0.010491 0.216330
vt 0.005631 0.215845
vt 0.001163 0.215434
vt 0.010674 0.246335
vt 0.005798 0.245001
vt 0.001603 0.243932
vt 0.010421 0.268812
vt 0.005517 0.267228
vt 0.001152 0.265964
vt 0.009168 0.282497
vt 0.004747 0.281272
vt 0.001104 0.280356
vt 0.008252 0.290125
vt 0.003906 0.289362
vt 0.001056 0.288831
vt 0.014540 0.284095
vt 0.014069 0.291229
vt 0.022798 0.286115
vt 0.022811 0.292485
vt 0.023107 0.296966
vt 0.046229 0.292853
vt 0.046352 0.297475
vt 0.083838 0.292900
vt 0.085225 0.298138
vt 0.118187 0.292755
vt 0.119689 0.297827
vt 0.152246 0.291965
vt 0.116746 0.286530
vt 0.151612 0.285035
vt 0.186803 0.282638
vt 0.151093 0.265599
vt 0.186455 0.257809
vt 0.150541 0.234051
vt 0.186545 0.229855
vt 0.149933 0.221204
vt 0.187382 0.219257
vt 0.207012 0.215345
vt 0.849698 0.830937
vt 0.868777 0.826467
vt 0.869896 0.832708
vt 0.853688 0.837262
vt 0.847196 0.839154
vt 0.841669 0.832901
vt 0.215327 0.211864
vt 0.247568 0.794494
vt 0.242125 0.801683
vt 0.233776 0.799197
vt 0.237032 0.791372
vt 0.218334 0.201379
vt 0.207135 0.796602
vt 0.206943 0.789838
vt 0.220727 0.171323
vt 0.230974 0.170085
vt 0.220111 0.130586
vt 0.230134 0.129590
vt 0.254189 0.128817
vt 0.253954 0.168695
vt 0.283301 0.127975
vt 0.282282 0.168402
vt 0.292020 0.126732
vt 0.282178 0.086510
vt 0.291303 0.086546
vt 0.296885 0.086377
vt 0.302451 0.088390
vt 0.289739 0.053943
vt 0.295186 0.055963
vt 0.300383 0.057480
vt 0.304788 0.057945
vt 0.305761 0.081732
vt 0.293954 0.034616
vt 0.298842 0.036462
vt 0.303256 0.037830
vt 0.532036 0.342515
vt 0.305715 0.038995
vt 0.293500 0.021114
vt 0.288363 0.032177
vt 0.287092 0.019660
vt 0.285467 0.013100
vt 0.275588 0.018783
vt 0.272658 0.013275
vt 0.254655 0.018344
vt 0.251789 0.012869
vt 0.249273 0.007967
vt 0.221783 0.012030
vt 0.220459 0.007474
vt 0.219133 0.003371
vt 0.188473 0.011699
vt 0.187827 0.007237
vt 0.187265 0.003214
vt 0.155454 0.011654
vt 0.155481 0.007216
vt 0.155518 0.003152
vt 0.123220 0.011623
vt 0.123806 0.007025
vt 0.124349 0.003005
vt 0.091270 0.007201
vt 0.092467 0.002949
vt 0.579193 0.428209
vt 0.578817 0.396267
vt 0.582192 0.397387
vt 0.578518 0.366395
vt 0.581153 0.368140
vt 0.585509 0.369777
vt 0.580012 0.344970
vt 0.583883 0.346723
vt 0.588204 0.348386
vt 0.582366 0.330468
vt 0.586440 0.331642
vt 0.578908 0.329354
vt 0.025652 0.001843
vt 0.041208 0.000938
vt 0.039454 0.004722
vt 0.024554 0.005360
vt 0.037482 0.009005
vt 0.023445 0.009109
vt 0.035391 0.013627
vt 0.022203 0.013661
vt 0.014764 0.014030
vt 0.020787 0.019881
vt 0.014142 0.021336
vt 0.019604 0.031305
vt 0.014131 0.033946
vt 0.018805 0.051544
vt 0.013490 0.054485
vt 0.017376 0.082371
vt 0.027293 0.047883
vt 0.025805 0.080628
vt 0.023936 0.115586
vt 0.016449 0.116682
vt 0.022850 0.149881
vt 0.016006 0.150213
vt 0.022526 0.183247
vt 0.015793 0.183037
vt 0.023046 0.217536
vt 0.015830 0.216835
vt 0.023691 0.251254
vt 0.016320 0.248128
vt 0.022984 0.273880
vt 0.015752 0.271062
vt 0.041973 0.250165
vt 0.041960 0.276116
vt 0.045163 0.287473
vt 0.081382 0.273059
vt 0.080663 0.287234
vt 0.116370 0.268216
vt 0.041491 0.216901
vt 0.041044 0.183394
vt 0.074386 0.183809
vt 0.074635 0.149348
vt 0.087491 0.148925
vt 0.087735 0.184839
vt 0.041690 0.149622
vt 0.045281 0.115451
vt 0.079099 0.115339
vt 0.095495 0.100921
vt 0.089946 0.115044
vt 0.605739 0.999105
vt 0.592082 0.993217
vt 0.597099 0.987650
vt 0.608488 0.991328
vt 0.097900 0.117100
vt 0.095332 0.150290
vt 0.641311 0.996960
vt 0.614588 0.981731
vt 0.642144 0.987836
vt 0.674106 0.988255
vt 0.676755 0.999105
vt 0.095744 0.185786
vt 0.686643 0.986455
vt 0.693522 0.997640
vt 0.098195 0.202362
vt 0.106773 0.194530
vt 0.111897 0.201652
vt 0.102619 0.209238
vt 0.954943 0.827866
vt 0.947518 0.839558
vt 0.937867 0.837678
vt 0.940571 0.826467
vt 0.116548 0.212322
vt 0.908879 0.836989
vt 0.906515 0.827845
vt 0.150402 0.213627
vt 0.875346 0.842634
vt 0.187373 0.212431
vt 0.911174 0.850619
vt 0.884418 0.853776
vt 0.872527 0.857074
vt 0.863233 0.847118
vt 0.866992 0.858767
vt 0.856992 0.849603
vt 0.234423 0.813618
vt 0.227074 0.824253
vt 0.221221 0.824046
vt 0.226889 0.811323
vt 0.205602 0.822442
vt 0.207228 0.807854
vt 0.178114 0.822067
vt 0.173208 0.808332
vt 0.168375 0.796917
vt 0.153903 0.812576
vt 0.145173 0.800618
vt 0.140709 0.793307
vt 0.166212 0.789838
vt 0.137796 0.802798
vt 0.132416 0.795261
vt 0.216471 0.105024
vt 0.213986 0.096694
vt 0.948158 0.689228
vt 0.946392 0.698228
vt 0.941152 0.699152
vt 0.942316 0.690452
vt 0.208130 0.092692
vt 0.928381 0.700939
vt 0.925918 0.692150
vt 0.192091 0.088679
vt 0.190560 0.079027
vt 0.157114 0.087492
vt 0.156639 0.076495
vt 0.156117 0.051856
vt 0.190227 0.052682
vt 0.155603 0.024743
vt 0.189869 0.025086
vt 0.225162 0.026453
vt 0.258973 0.027430
vt 0.189160 0.016473
vt 0.223405 0.017058
vt 0.155469 0.016367
vt 0.121862 0.024960
vt 0.122616 0.016491
vt 0.086827 0.026025
vt 0.088438 0.016975
vt 0.089881 0.011848
vt 0.055502 0.018153
vt 0.058377 0.012822
vt 0.060757 0.008050
vt 0.062631 0.003745
vt 0.032847 0.019024
vt 0.051336 0.026805
vt 0.029563 0.028096
vt 0.122047 0.052361
vt 0.122530 0.079702
vt 0.121752 0.088858
vt 0.105343 0.092869
vt 0.846647 0.728527
vt 0.860455 0.718216
vt 0.864081 0.725226
vt 0.852724 0.733239
vt 0.848030 0.737023
vt 0.841669 0.732573
vt 0.099297 0.095751
vt 0.103873 0.100266
vt 0.100357 0.105432
vt 0.864353 0.741180
vt 0.859377 0.744874
vt 0.112073 0.107869
vt 0.108285 0.113764
vt 0.119460 0.115021
vt 0.116191 0.120303
vt 0.606287 0.978254
vt 0.613678 0.968837
vt 0.622384 0.971089
vt 0.617262 0.963764
vt 0.626125 0.965693
vt 0.645197 0.967787
vt 0.644129 0.974341
vt 0.666042 0.969201
vt 0.668608 0.975209
vt 0.677104 0.968853
vt 0.679858 0.974271
vt 0.116069 0.186706
vt 0.119821 0.183490
vt 0.124035 0.189153
vt 0.120714 0.192679
vt 0.940606 0.851341
vt 0.938148 0.856705
vt 0.930583 0.856407
vt 0.932500 0.850414
vt 0.913101 0.857406
vt 0.930269 0.860596
vt 0.913948 0.861165
vt 0.892522 0.863219
vt 0.889771 0.859872
vt 0.880697 0.866158
vt 0.877729 0.862311
vt 0.872285 0.863918
vt 0.895019 0.867422
vt 0.882928 0.869868
vt 0.897228 0.871381
vt 0.884786 0.873392
vt 0.878195 0.875031
vt 0.879944 0.879112
vt 0.875178 0.881087
vt 0.886241 0.877302
vt 0.899099 0.875339
vt 0.883523 0.883944
vt 0.885945 0.893739
vt 0.878797 0.886112
vt 0.299257 0.426049
vt 0.298912 0.417811
vt 0.304580 0.418223
vt 0.304136 0.426279
vt 0.304193 0.430822
vt 0.298940 0.430484
vt 0.221744 0.848165
vt 0.218482 0.853391
vt 0.212953 0.851485
vt 0.216036 0.846566
vt 0.871202 0.881849
vt 0.204818 0.844869
vt 0.204602 0.841156
vt 0.186385 0.844758
vt 0.185585 0.840914
vt 0.184881 0.836562
vt 0.204712 0.836933
vt 0.183619 0.832322
vt 0.204656 0.832759
vt 0.181970 0.828171
vt 0.204810 0.828193
vt 0.167570 0.833270
vt 0.165858 0.828922
vt 0.162137 0.823337
vt 0.146912 0.814928
vt 0.296354 0.420291
vt 0.296610 0.429904
vt 0.290275 0.429127
vt 0.288919 0.420286
vt 0.290071 0.408741
vt 0.296610 0.408579
vt 0.937640 0.714104
vt 0.927953 0.714698
vt 0.904360 0.734684
vt 0.899676 0.721439
vt 0.894837 0.711298
vt 0.872842 0.734610
vt 0.893089 0.704348
vt 0.883507 0.743986
vt 0.874419 0.749199
vt 0.888014 0.748663
vt 0.878710 0.753806
vt 0.874291 0.756060
vt 0.869605 0.751943
vt 0.880545 0.757059
vt 0.876386 0.758957
vt 0.612496 0.962971
vt 0.614120 0.959767
vt 0.618600 0.960383
vt 0.608471 0.967807
vt 0.613445 0.957102
vt 0.618855 0.957541
vt 0.628088 0.958376
vt 0.627451 0.961954
vt 0.646284 0.959724
vt 0.645963 0.964000
vt 0.665473 0.960539
vt 0.665432 0.964923
vt 0.677149 0.961359
vt 0.676025 0.965114
vt 0.683291 0.962255
vt 0.681374 0.965531
vt 0.682748 0.969413
vt 0.937710 0.860465
vt 0.939402 0.863746
vt 0.930767 0.864591
vt 0.941152 0.868233
vt 0.931680 0.868726
vt 0.916738 0.869758
vt 0.915398 0.865509
vt 0.932015 0.872840
vt 0.917966 0.873760
vt 0.930977 0.877777
vt 0.938056 0.878446
vt 0.933921 0.886915
vt 0.940224 0.873018
vt 0.683866 0.952967
vt 0.677332 0.952731
vt 0.675116 0.947942
vt 0.680842 0.947489
vt 0.685634 0.957840
vt 0.678082 0.957000
vt 0.665510 0.956965
vt 0.665507 0.953234
vt 0.646737 0.952558
vt 0.646789 0.949558
vt 0.664914 0.949332
vt 0.646614 0.955948
vt 0.628631 0.954994
vt 0.629398 0.951886
vt 0.629913 0.948835
vt 0.624006 0.943274
vt 0.630073 0.935614
vt 0.619343 0.941393
vt 0.624653 0.933176
vt 0.631211 0.923148
vt 0.636606 0.926000
vt 0.601311 0.319964
vt 0.601475 0.312092
vt 0.606641 0.312554
vt 0.607097 0.321985
vt 0.893228 0.782843
vt 0.903653 0.790991
vt 0.641434 0.911277
vt 0.637302 0.911005
vt 0.637380 0.893919
vt 0.642310 0.893902
vt 0.914992 0.801019
vt 0.925215 0.814454
vt 0.920965 0.817005
vt 0.927189 0.824216
vt 0.930930 0.811879
vt 0.936813 0.809591
vt 0.936204 0.792763
vt 0.942587 0.807456
vt 0.943938 0.815623
vt 0.943829 0.821250
vt 0.947363 0.805897
vt 0.948158 0.814416
vt 0.947251 0.820362
vt 0.176964 0.910129
vt 0.174410 0.902001
vt 0.179524 0.901970
vt 0.181466 0.910308
vt 0.183231 0.915193
vt 0.179795 0.915225
vt 0.185845 0.901724
vt 0.186870 0.910385
vt 0.187668 0.915302
vt 0.191981 0.901862
vt 0.192252 0.910736
vt 0.192540 0.915348
vt 0.197321 0.914508
vt 0.289005 0.896545
vt 0.282793 0.892662
vt 0.288090 0.892445
vt 0.281974 0.888007
vt 0.287830 0.888187
vt 0.282283 0.883041
vt 0.288294 0.883753
vt 0.293292 0.884375
vt 0.297875 0.885380
vt 0.289353 0.878946
vt 0.294428 0.880037
vt 0.291005 0.874009
vt 0.296114 0.875340
vt 0.292670 0.868909
vt 0.298035 0.870337
vt 0.302409 0.873646
vt 0.645439 0.885214
vt 0.640594 0.885587
vt 0.283807 0.878008
vt 0.275352 0.881903
vt 0.277391 0.876224
vt 0.923829 0.940784
vt 0.918834 0.941333
vt 0.920383 0.931564
vt 0.925761 0.931014
vt 0.662178 0.885156
vt 0.666026 0.895137
vt 0.923528 0.912759
vt 0.664529 0.913483
vt 0.659561 0.913066
vt 0.669182 0.927370
vt 0.928205 0.898657
vt 0.675677 0.939014
vt 0.913193 0.941418
vt 0.913737 0.931945
vt 0.907785 0.941215
vt 0.907412 0.932309
vt 0.900556 0.916250
vt 0.895992 0.916168
vt 0.889248 0.904468
vt 0.894229 0.903486
vt 0.298401 0.408579
vt 0.304580 0.409431
vt 0.205948 0.873666
vt 0.201637 0.886305
vt 0.212326 0.862334
vt 0.276828 0.892773
vt 0.275454 0.887638
vt 0.302174 0.886555
vt 0.179628 0.886077
vt 0.175068 0.885953
vt 0.170619 0.874555
vt 0.175320 0.872993
vt 0.164082 0.864756
vt 0.168801 0.862920
vt 0.159168 0.855764
vt 0.163037 0.854026
vt 0.167158 0.852281
vt 0.159797 0.848616
vt 0.163869 0.846987
vt 0.170848 0.845790
vt 0.162462 0.842728
vt 0.169696 0.841631
vt 0.161487 0.838265
vt 0.168708 0.837040
vt 0.158277 0.844310
vt 0.157417 0.839719
vt 0.154857 0.846461
vt 0.154124 0.842203
vt 0.152967 0.837853
vt 0.947232 0.745477
vt 0.946221 0.750114
vt 0.942460 0.750534
vt 0.943561 0.746507
vt 0.156482 0.850336
vt 0.937124 0.750957
vt 0.937960 0.746901
vt 0.927537 0.749712
vt 0.927016 0.746047
vt 0.910749 0.755882
vt 0.909692 0.752363
vt 0.908477 0.748697
vt 0.926570 0.742447
vt 0.907473 0.744973
vt 0.891483 0.755567
vt 0.890080 0.752105
vt 0.906302 0.740967
vt 0.880890 0.760002
vt 0.875495 0.761885
vt 0.935036 0.757015
vt 0.940550 0.756785
vt 0.937325 0.767287
vt 0.945067 0.756514
vt 0.942755 0.767293
vt 0.935217 0.778918
vt 0.940769 0.778855
vt 0.940479 0.791396
vt 0.601311 0.307682
vt 0.606498 0.308495
vt 0.601611 0.331799
vt 0.601311 0.323776
vt 0.608112 0.325415
vt 0.608112 0.333470
vt 0.279459 0.029039
vt 0.280768 0.050610
vt 0.064290 0.000895
vt 0.576191 0.326086
vt 0.565124 0.551332
vt 0.572224 0.574143
vt 0.567429 0.573331
vt 0.573871 0.589946
vt 0.569469 0.589230
vt 0.576155 0.575072
vt 0.576658 0.590518
vt 0.285622 0.306259
vt 0.286424 0.303823
vt 0.295781 0.298971
vt 0.302014 0.294156
vt 0.302233 0.298316
vt 0.533440 0.603023
vt 0.533153 0.598870
vt 0.536174 0.598395
vt 0.537027 0.602967
vt 0.305835 0.293774
vt 0.305911 0.286945
vt 0.535276 0.591583
vt 0.539573 0.590630
vt 0.534310 0.580761
vt 0.538784 0.579101
vt 0.572414 0.607580
vt 0.555492 0.597050
vt 0.004373 0.540856
vt 0.000895 0.540508
vt 0.346142 0.890919
vt 0.349185 0.898031
vt 0.355472 0.901931
vt 0.907459 0.680899
vt 0.774427 0.806482
vt 0.781523 0.814455
vt 0.053650 0.919638
vt 0.082022 0.915919
vt 0.081597 0.919540
vt 0.548317 0.804583
vt 0.460943 0.804634
vt 0.831666 0.693990
vt 0.461050 0.796594
vt 0.879081 0.772644
vt 0.215332 0.543291
vt 0.221743 0.540836
vt 0.305852 0.102567
vt 0.532036 0.393090
vt 0.575648 0.360160
s 0
usemtl Material.005
f 1/1/1 55/2/1 56/3/1 57/4/1
f 1/5/2 58/6/2 59/7/2 55/8/2
f 1/9/3 57/10/3 60/11/3 58/12/3
f 2/13/4 61/14/4 62/15/4 63/16/4
f 2/13/5 63/16/5 64/17/5 65/18/5
f 2/19/6 65/20/6 66/21/6 61/22/6
f 3/23/7 67/24/7 68/25/7 69/26/7
f 71/27/8 72/28/8 67/24/8 3/23/8
f 3/23/9 69/26/9 70/29/9 71/27/9
f 4/30/10 73/31/10 74/32/10 75/33/10
f 4/30/11 75/33/11 76/34/11 77/35/11
f 4/30/12 78/36/12 79/37/12 73/31/12
f 5/38/13 80/39/13 81/40/13 82/41/13
f 5/42/14 82/43/14 83/44/14 84/45/14
f 5/38/15 85/46/15 86/47/15 80/39/15
f 5/38/16 87/48/16 88/49/16 85/46/16
f 5/42/17 84/45/17 89/50/17 87/51/17
f 6/52/18 88/49/18 90/53/18 91/54/18
f 6/52/19 92/55/19 85/46/19 88/49/19
f 6/52/20 91/54/20 93/56/20 92/55/20
f 7/57/21 94/58/21 95/59/21 96/60/21
f 98/61/22 99/62/22 94/58/22 7/57/22
f 7/57/23 96/60/23 97/63/23 98/61/23
f 8/64/24 100/65/24 101/66/24 102/67/24
f 8/68/25 102/69/25 103/70/25 104/71/25
f 8/72/26 104/73/26 105/74/26 100/75/26
f 9/76/27 106/77/27 107/78/27 108/79/27
f 9/76/28 108/79/28 109/80/28 110/81/28
f 9/76/29 110/81/29 111/82/29 106/77/29
f 10/83/30 112/84/30 113/85/30 114/86/30
f 10/83/31 115/87/31 116/88/31 112/84/31
f 10/83/32 114/86/32 15/89/32 115/87/32
f 11/90/33 117/91/33 118/92/33 119/93/33
f 11/94/34 119/95/34 120/96/34 121/97/34
f 11/98/35 121/99/35 122/100/35 117/101/35
f 12/102/36 123/103/36 124/104/36 125/105/36
f 127/106/37 128/107/37 123/103/37 12/102/37
f 12/102/38 125/105/38 126/108/38 127/106/38
f 13/109/39 109/80/39 129/110/39 130/111/39
f 13/109/40 130/111/40 131/112/40 132/113/40
f 13/109/41 133/114/41 110/81/41 109/80/41
f 13/109/42 132/113/42 134/115/42 135/116/42
f 13/109/43 135/116/43 136/117/43 133/114/43
f 14/118/44 137/119/44 138/120/44 139/121/44
f 14/122/45 139/123/45 140/124/45 141/125/45
f 14/118/46 141/126/46 17/127/46 142/128/46
f 15/89/47 143/129/47 144/130/47 115/87/47
f 15/89/48 114/86/48 145/131/48 146/132/48
f 15/89/49 146/132/49 147/133/49 148/134/49
f 15/89/50 148/134/50 149/135/50 143/129/50
f 16/136/51 151/137/51 152/138/51 153/139/51
f 16/136/52 153/139/52 111/82/52 154/140/52
f 16/136/53 18/141/53 155/142/53 151/137/53
f 16/136/54 154/140/54 156/143/54 150/144/54
f 17/145/55 141/125/55 157/146/55 158/147/55
f 17/127/56 158/148/56 159/149/56 142/128/56
f 18/150/57 161/151/57 162/152/57 155/153/57
f 18/150/58 160/154/58 163/155/58 161/151/58
f 19/156/59 164/157/59 165/158/59 166/159/59
f 19/160/60 166/161/60 167/162/60 168/163/60
f 19/156/61 168/164/61 169/165/61 164/157/61
f 20/166/62 170/167/62 171/168/62 172/169/62
f 20/166/63 173/170/63 174/171/63 170/167/63
f 20/166/64 172/169/64 175/172/64 173/170/64
f 21/173/65 176/174/65 177/175/65 178/176/65
f 21/173/66 178/176/66 179/177/66 180/178/66
f 21/173/67 180/178/67 25/179/67 181/180/67
f 21/173/68 182/181/68 183/182/68 176/174/68
f 21/173/69 181/180/69 184/183/69 182/181/69
f 22/184/70 185/185/70 186/186/70 187/187/70
f 189/188/71 190/189/71 185/185/71 22/184/71
f 22/184/72 187/187/72 188/190/72 189/188/72
f 23/191/73 24/192/73 191/193/73 192/194/73
f 23/191/74 192/194/74 193/195/74 194/196/74
f 23/191/75 194/196/75 195/197/75 24/192/75
f 24/192/76 195/197/76 196/198/76 197/199/76
f 24/192/77 198/200/77 199/201/77 191/193/77
f 25/179/78 200/202/78 201/203/78 181/180/78
f 25/179/79 180/178/79 202/204/79 200/202/79
f 26/205/80 203/206/80 204/207/80 205/208/80
f 26/209/81 205/210/81 206/211/81 207/212/81
f 26/213/82 207/214/82 208/215/82 203/216/82
f 27/217/83 209/218/83 210/219/83 211/220/83
f 27/221/84 211/222/84 212/223/84 213/224/84
f 27/221/85 213/224/85 214/225/85 209/226/85
f 28/227/86 215/228/86 216/229/86 217/230/86
f 219/231/87 220/232/87 215/228/87 28/227/87
f 28/227/88 217/230/88 218/233/88 219/231/88
f 221/234/89 222/235/89 223/236/89 224/237/89
f 29/238/90 225/239/90 226/240/90 227/241/90
f 29/238/91 228/242/91 229/243/91 225/239/91
f 29/238/92 227/241/92 230/244/92 231/245/92
f 30/246/93 232/247/93 233/248/93 234/249/93
f 30/250/94 234/251/94 235/252/94 236/253/94
f 30/254/95 236/255/95 237/256/95 232/257/95
f 31/258/96 238/259/96 239/260/96 240/261/96
f 31/258/97 241/262/97 242/263/97 238/259/97
f 31/258/98 240/261/98 243/264/98 241/262/98
f 32/265/99 244/266/99 245/267/99 246/268/99
f 32/269/100 246/270/100 247/271/100 248/272/100
f 32/273/101 248/274/101 249/275/101 244/276/101
f 33/277/102 250/278/102 251/279/102 252/280/102
f 254/281/103 255/282/103 250/278/103 33/277/103
f 33/277/104 252/280/104 253/283/104 254/281/104
f 34/284/105 256/285/105 257/286/105 258/287/105
f 260/288/106 261/289/106 256/285/106 34/284/106
f 34/284/107 258/287/107 259/290/107 260/288/107
f 35/291/108 262/292/108 263/293/108 264/294/108
f 35/291/109 265/295/109 266/296/109 267/297/109
f 35/291/110 264/294/110 268/298/110 265/295/110
f 36/299/111 269/300/111 270/301/111 271/302/111
f 36/303/112 271/304/112 272/305/112 273/306/112
f 36/307/113 273/308/113 274/309/113 269/310/113
f 37/311/114 275/312/114 276/313/114 277/314/114
f 37/315/115 277/316/115 278/317/115 279/318/115
f 37/311/116 279/319/116 280/320/116 275/312/116
f 38/321/117 281/322/117 282/323/117 283/324/117
f 38/325/118 284/326/118 285/327/118 281/328/118
f 38/329/119 283/330/119 286/331/119 284/332/119
f 39/333/120 287/334/120 288/335/120 289/336/120
f 291/337/121 292/338/121 287/334/121 39/333/121
f 39/333/122 289/336/122 290/339/122 291/337/122
f 40/340/123 293/341/123 294/342/123 295/343/123
f 40/340/124 295/343/124 296/344/124 297/345/124
f 40/340/125 297/345/125 298/346/125 293/341/125
f 41/347/126 299/348/126 300/349/126 301/350/126
f 41/347/127 302/351/127 303/352/127 299/348/127
f 41/347/128 301/350/128 304/353/128 305/354/128
f 41/347/129 306/355/129 307/356/129 302/351/129
f 41/347/130 305/354/130 308/357/130 306/355/130
f 42/358/131 309/359/131 310/360/131 311/361/131
f 42/358/132 311/361/132 312/362/132 313/363/132
f 42/358/133 314/364/133 43/365/133 309/359/133
f 43/365/134 315/366/134 316/367/134 317/368/134
f 43/365/135 318/369/135 319/370/135 315/366/135
f 43/365/136 314/364/136 320/371/136 318/369/136
f 43/365/137 317/368/137 321/372/137 309/359/137
f 44/373/138 322/374/138 323/375/138 324/376/138
f 44/373/139 325/377/139 326/378/139 327/379/139
f 44/373/140 327/379/140 328/380/140 329/381/140
f 44/373/141 324/376/141 330/382/141 325/377/141
f 44/373/142 329/381/142 331/383/142 322/374/142
f 45/384/143 313/363/143 332/385/143 333/386/143
f 45/384/144 334/387/144 42/358/144 313/363/144
f 45/384/145 333/386/145 335/388/145 334/387/145
f 46/389/146 336/390/146 337/391/146 338/392/146
f 46/393/147 338/394/147 339/395/147 340/396/147
f 46/397/148 340/398/148 341/399/148 336/400/148
f 47/401/149 342/402/149 343/403/149 344/404/149
f 47/401/150 345/405/150 346/406/150 347/407/150
f 47/401/151 344/404/151 348/408/151 349/409/151
f 47/401/152 349/409/152 350/410/152 345/405/152
f 48/411/153 351/412/153 352/413/153 353/414/153
f 48/415/154 353/416/154 354/417/154 355/418/154
f 48/419/155 355/420/155 356/421/155 351/422/155
f 49/423/156 357/424/156 358/425/156 359/426/156
f 49/427/157 360/428/157 361/429/157 357/430/157
f 49/431/158 359/432/158 362/433/158 360/434/158
f 50/435/159 363/436/159 364/437/159 365/438/159
f 50/439/160 366/440/160 367/441/160 363/442/160
f 50/443/161 365/444/161 368/445/161 366/446/161
f 51/447/162 369/448/162 370/449/162 371/450/162
f 51/451/163 371/452/163 372/453/163 373/454/163
f 51/455/164 373/456/164 374/457/164 369/458/164
f 52/459/165 375/460/165 376/461/165 377/462/165
f 52/463/166 378/464/166 350/410/166 375/465/166
f 52/466/167 377/467/167 379/468/167 378/469/167
f 53/470/168 380/471/168 381/472/168 382/473/168
f 53/474/169 383/475/169 384/476/169 380/477/169
f 53/478/170 382/479/170 385/480/170 383/481/170
f 54/482/171 386/483/171 387/484/171 388/485/171
f 54/486/172 388/487/172 389/488/172 390/489/172
f 54/490/173 390/491/173 391/492/173 386/493/173
f 391/492/174 390/491/174 392/494/174 393/495/174
f 391/492/175 393/495/175 394/496/175 395/497/175
f 391/492/176 395/497/176 396/498/176 386/493/176
f 396/498/177 395/497/177 397/499/177 398/500/177
f 396/498/178 398/500/178 399/501/178 400/502/178
f 396/503/179 400/504/179 387/484/179 386/483/179
f 400/504/180 401/505/180 402/506/180 387/484/180
f 400/504/181 399/507/181 403/508/181 401/505/181
f 403/508/182 404/509/182 405/510/182 401/505/182
f 403/508/183 399/507/183 406/511/183 407/512/183
f 403/508/184 407/512/184 408/513/184 404/509/184
f 408/513/185 409/514/185 410/515/185 404/509/185
f 408/513/186 407/512/186 411/516/186 412/517/186
f 408/513/187 412/517/187 413/518/187 409/514/187
f 413/518/188 414/519/188 415/520/188 409/514/188
f 413/518/189 412/517/189 416/521/189 417/522/189
f 413/518/190 417/522/190 418/523/190 414/519/190
f 418/523/191 419/524/191 420/525/191 414/519/191
f 418/526/192 417/527/192 421/528/192 422/529/192
f 418/526/193 422/529/193 423/530/193 419/531/193
f 423/530/194 422/529/194 424/532/194 425/533/194
f 423/530/195 425/533/195 316/367/195 315/366/195
f 423/530/196 315/366/196 319/370/196 419/531/196
f 425/534/197 424/535/197 426/536/197 427/537/197
f 425/534/198 427/537/198 428/538/198 316/539/198
f 428/538/199 427/537/199 429/540/199 430/541/199
f 428/538/200 430/541/200 431/542/200 432/543/200
f 428/538/201 432/543/201 317/544/201 316/539/201
f 432/545/202 431/546/202 433/547/202 434/548/202
f 432/545/203 434/548/203 321/549/203 317/550/203
f 434/548/204 433/547/204 435/551/204 436/552/204
f 434/548/205 436/552/205 437/553/205 321/549/205
f 437/553/206 436/552/206 438/554/206 439/555/206
f 437/553/207 439/555/207 440/556/207 310/557/207
f 437/558/208 310/360/208 309/359/208 321/372/208
f 440/556/209 439/555/209 441/559/209 442/560/209
f 440/556/210 442/560/210 443/561/210 444/562/210
f 440/563/211 444/564/211 311/361/211 310/360/211
f 444/564/212 443/565/212 445/566/212 446/567/212
f 444/564/213 446/567/213 312/362/213 311/361/213
f 446/567/214 445/566/214 447/568/214 448/569/214
f 446/567/215 448/569/215 449/570/215 312/362/215
f 449/570/216 332/385/216 313/363/216 312/362/216
f 449/571/217 448/572/217 450/573/217 451/574/217
f 449/571/218 451/574/218 452/575/218 332/576/218
f 452/575/219 451/574/219 453/577/219 454/578/219
f 452/575/220 454/578/220 455/579/220 456/580/220
f 452/575/221 456/580/221 333/581/221 332/576/221
f 456/580/222 455/579/222 457/582/222 458/583/222
f 456/580/223 458/583/223 335/584/223 333/581/223
f 458/583/224 457/582/224 459/585/224 354/417/224
f 458/583/225 354/417/225 353/416/225 335/584/225
f 459/585/226 457/582/226 370/449/226 369/448/226
f 459/586/227 369/458/227 374/457/227 460/587/227
f 459/586/228 460/587/228 355/420/228 354/588/228
f 460/587/229 374/457/229 461/589/229 462/590/229
f 460/587/230 462/590/230 356/421/230 355/420/230
f 462/590/231 461/589/231 463/591/231 464/592/231
f 462/590/232 464/592/232 465/593/232 356/421/232
f 465/593/233 464/592/233 466/594/233 467/595/233
f 465/593/234 467/595/234 318/596/234 320/597/234
f 465/593/235 320/597/235 351/422/235 356/421/235
f 467/595/236 466/594/236 468/598/236 469/599/236
f 467/595/237 469/599/237 319/600/237 318/596/237
f 469/599/238 468/598/238 470/601/238 420/525/238
f 469/599/239 420/525/239 419/524/239 319/600/239
f 470/601/240 468/598/240 471/602/240 472/603/240
f 470/601/241 472/603/241 473/604/241 415/520/241
f 470/601/242 415/520/242 414/519/242 420/525/242
f 473/604/243 472/603/243 474/605/243 475/606/243
f 473/604/244 475/606/244 476/607/244 410/515/244
f 473/604/245 410/515/245 409/514/245 415/520/245
f 476/607/246 475/606/246 477/608/246 478/609/246
f 476/607/247 478/609/247 479/610/247 405/510/247
f 476/607/248 405/510/248 404/509/248 410/515/248
f 479/611/249 478/612/249 480/613/249 481/614/249
f 479/611/250 481/614/250 482/615/250 402/616/250
f 479/610/251 402/506/251 401/505/251 405/510/251
f 482/615/252 481/614/252 483/617/252 484/618/252
f 482/615/253 484/618/253 389/488/253 388/487/253
f 482/615/254 388/487/254 387/619/254 402/616/254
f 484/618/255 483/617/255 485/620/255 486/621/255
f 484/618/256 486/621/256 487/622/256 389/488/256
f 487/622/257 486/621/257 488/623/257 489/624/257
f 487/622/258 489/624/258 490/625/258 392/626/258
f 487/622/259 392/626/259 390/489/259 389/488/259
f 490/625/260 489/624/260 491/627/260 492/628/260
f 490/629/261 492/630/261 493/631/261 494/632/261
f 490/629/262 494/632/262 393/495/262 392/494/262
f 494/632/263 493/631/263 495/633/263 496/634/263
f 494/632/264 496/634/264 394/496/264 393/495/264
f 496/634/265 495/633/265 497/635/265 498/636/265
f 496/634/266 498/636/266 499/637/266 394/496/266
f 499/637/267 498/636/267 500/638/267 501/639/267
f 499/637/268 501/639/268 502/640/268 397/499/268
f 499/637/269 397/499/269 395/497/269 394/496/269
f 502/640/270 501/639/270 503/641/270 379/468/270
f 502/640/271 379/468/271 377/467/271 504/642/271
f 502/640/272 504/642/272 398/500/272 397/499/272
f 504/642/273 377/467/273 376/643/273 406/644/273
f 504/642/274 406/644/274 399/501/274 398/500/274
f 503/641/275 501/639/275 500/638/275 505/645/275
f 503/641/276 505/645/276 506/646/276 507/647/276
f 503/641/277 507/647/277 378/469/277 379/468/277
f 507/648/278 506/649/278 346/406/278 345/405/278
f 507/648/279 345/405/279 350/410/279 378/464/279
f 506/646/280 505/645/280 508/650/280 509/651/280
f 506/649/281 509/652/281 510/653/281 346/406/281
f 510/654/282 511/655/282 512/656/282 513/657/282
f 510/654/283 513/657/283 347/658/283 346/659/283
f 510/653/284 509/652/284 514/660/284 511/661/284
f 514/660/285 515/662/285 326/378/285 511/661/285
f 514/663/286 509/651/286 508/650/286 516/664/286
f 514/663/287 516/664/287 517/665/287 515/666/287
f 517/665/288 518/667/288 519/668/288 520/669/288
f 517/665/289 520/669/289 521/670/289 515/666/289
f 517/665/290 516/664/290 522/671/290 518/667/290
f 522/671/291 523/672/291 524/673/291 518/667/291
f 522/671/292 516/664/292 508/650/292 525/674/292
f 522/671/293 525/674/293 497/635/293 523/672/293
f 525/674/294 508/650/294 505/645/294 500/638/294
f 525/674/295 500/638/295 498/636/295 497/635/295
f 524/673/296 526/675/296 527/676/296 528/677/296
f 524/673/297 528/677/297 519/668/297 518/667/297
f 524/673/298 523/672/298 529/678/298 526/675/298
f 529/678/299 530/679/299 531/680/299 526/675/299
f 529/678/300 523/672/300 497/635/300 495/633/300
f 529/678/301 495/633/301 493/631/301 530/679/301
f 531/680/302 532/681/302 533/682/302 534/683/302
f 531/680/303 534/683/303 527/676/303 526/675/303
f 531/680/304 530/679/304 535/684/304 532/681/304
f 535/685/305 536/686/305 537/687/305 532/688/305
f 535/684/306 530/679/306 493/631/306 492/630/306
f 535/685/307 492/628/307 491/627/307 536/686/307
f 537/687/308 538/689/308 539/690/308 540/691/308
f 537/687/309 540/691/309 533/692/309 532/688/309
f 537/687/310 536/686/310 541/693/310 538/689/310
f 541/693/311 542/694/311 543/695/311 538/689/311
f 541/693/312 536/686/312 491/627/312 544/696/312
f 541/693/313 544/696/313 545/697/313 542/694/313
f 545/697/314 546/698/314 547/699/314 542/694/314
f 545/697/315 544/696/315 488/623/315 548/700/315
f 545/697/316 548/700/316 549/701/316 546/698/316
f 549/701/317 550/702/317 551/703/317 546/698/317
f 549/701/318 548/700/318 485/620/318 552/704/318
f 549/701/317 552/704/317 553/705/317 550/702/317
f 553/705/317 554/706/317 555/707/317 550/702/317
f 553/705/319 552/704/319 556/708/319 557/709/319
f 553/705/320 557/709/320 558/710/320 554/706/320
f 558/710/321 559/711/321 560/712/321 554/706/321
f 558/710/322 557/709/322 561/713/322 562/714/322
f 558/710/323 562/714/323 563/715/323 559/711/323
f 563/715/324 564/716/324 565/717/324 559/711/324
f 563/715/325 562/714/325 566/718/325 567/719/325
f 563/715/326 567/719/326 568/720/326 564/716/326
f 568/720/327 569/721/327 570/722/327 564/716/327
f 568/720/328 567/719/328 571/723/328 572/724/328
f 568/720/329 572/724/329 573/725/329 569/721/329
f 573/725/330 574/726/330 575/727/330 569/721/330
f 573/728/331 572/729/331 576/730/331 463/591/331
f 573/728/332 463/591/332 461/589/332 574/731/332
f 576/730/333 572/729/333 571/732/333 471/602/333
f 576/730/334 471/602/334 468/598/334 466/594/334
f 576/730/335 466/594/335 464/592/335 463/591/335
f 575/727/336 372/453/336 577/733/336 578/734/336
f 575/727/337 578/734/337 570/722/337 569/721/337
f 575/727/338 574/726/338 373/454/338 372/453/338
f 578/734/339 577/733/339 579/735/339 580/736/339
f 578/734/340 580/736/340 581/737/340 570/722/340
f 581/737/341 580/736/341 582/738/341 583/739/341
f 581/737/342 583/739/342 584/740/342 565/717/342
f 581/737/343 565/717/343 564/716/343 570/722/343
f 584/740/344 583/739/344 585/741/344 586/742/344
f 584/740/345 586/742/345 587/743/345 560/712/345
f 584/740/346 560/712/346 559/711/346 565/717/346
f 587/743/347 586/742/347 588/744/347 589/745/347
f 587/743/317 589/745/317 590/746/317 555/707/317
f 587/743/317 555/707/317 554/706/317 560/712/317
f 590/746/317 589/745/317 591/747/317 592/748/317
f 590/746/317 592/748/317 593/749/317 551/703/317
f 590/746/317 551/703/317 550/702/317 555/707/317
f 593/749/348 592/748/348 594/750/348 595/751/348
f 593/749/349 595/751/349 596/752/349 547/699/349
f 593/749/317 547/699/317 546/698/317 551/703/317
f 596/752/350 595/751/350 597/753/350 598/754/350
f 596/752/351 598/754/351 599/755/351 543/695/351
f 596/752/352 543/695/352 542/694/352 547/699/352
f 599/755/353 598/754/353 600/756/353 601/757/353
f 599/755/354 601/757/354 602/758/354 539/690/354
f 599/755/355 539/690/355 538/689/355 543/695/355
f 602/758/356 601/757/356 603/759/356 604/760/356
f 602/758/357 604/760/357 385/480/357 605/761/357
f 602/758/358 605/761/358 540/691/358 539/690/358
f 605/761/359 385/480/359 382/479/359 606/762/359
f 605/761/360 606/762/360 533/692/360 540/691/360
f 606/763/361 382/473/361 381/472/361 607/764/361
f 606/763/362 607/764/362 534/683/362 533/682/362
f 607/764/363 381/472/363 608/765/363 609/766/363
f 607/764/364 609/766/364 527/676/364 534/683/364
f 609/766/365 608/765/365 610/767/365 611/768/365
f 609/766/366 611/768/366 528/677/366 527/676/366
f 611/768/367 610/767/367 364/437/367 612/769/367
f 611/768/368 612/769/368 519/668/368 528/677/368
f 612/769/369 364/437/369 363/436/369 613/770/369
f 612/769/370 613/770/370 520/669/370 519/668/370
f 613/771/371 363/442/371 367/441/371 614/772/371
f 613/771/372 614/772/372 521/773/372 520/774/372
f 614/772/373 367/441/373 615/775/373 328/380/373
f 614/772/374 328/380/374 327/379/374 521/773/374
f 615/775/375 616/776/375 329/381/375 328/380/375
f 615/777/376 367/778/376 366/446/376 617/779/376
f 615/777/377 617/779/377 618/780/377 616/781/377
f 618/780/378 619/782/378 620/783/378 616/781/378
f 618/780/379 617/779/379 621/784/379 622/785/379
f 618/780/380 622/785/380 623/786/380 619/782/380
f 623/786/381 624/787/381 625/788/381 619/782/381
f 623/786/382 622/785/382 626/789/382 627/790/382
f 623/786/383 627/790/383 628/791/383 624/787/383
f 628/791/384 629/792/384 630/793/384 624/787/384
f 628/791/385 627/790/385 631/794/385 632/795/385
f 628/791/386 632/795/386 633/796/386 629/792/386
f 633/796/387 634/797/387 635/798/387 629/792/387
f 633/796/388 632/795/388 636/799/388 637/800/388
f 633/796/389 637/800/389 638/801/389 634/797/389
f 638/801/390 639/802/390 640/803/390 634/797/390
f 638/801/391 637/800/391 641/804/391 642/805/391
f 638/801/392 642/805/392 643/806/392 639/802/392
f 643/806/393 644/807/393 645/808/393 639/802/393
f 643/806/394 642/805/394 646/809/394 647/810/394
f 643/806/395 647/810/395 648/811/395 644/807/395
f 648/811/396 359/426/396 358/425/396 644/807/396
f 648/812/397 647/813/397 649/814/397 650/815/397
f 648/812/398 650/815/398 362/433/398 359/432/398
f 650/815/399 649/814/399 651/816/399 652/817/399
f 650/815/400 652/817/400 653/818/400 362/433/400
f 653/818/401 654/819/401 360/434/401 362/433/401
f 653/818/402 652/817/402 655/820/402 656/821/402
f 653/818/403 656/821/403 657/822/403 654/819/403
f 657/823/404 658/824/404 659/825/404 654/826/404
f 657/822/405 656/821/405 660/827/405 661/828/405
f 657/823/406 661/829/406 662/830/406 658/824/406
f 662/830/407 663/831/407 664/832/407 658/824/407
f 662/830/408 661/829/408 665/833/408 666/834/408
f 662/830/409 666/834/409 667/835/409 663/831/409
f 667/835/410 668/836/410 669/837/410 663/831/410
f 667/835/411 666/834/411 670/838/411 671/839/411
f 667/835/412 671/839/412 672/840/412 668/836/412
f 672/840/413 450/573/413 673/841/413 668/836/413
f 672/840/414 671/839/414 674/842/414 453/577/414
f 672/840/415 453/577/415 451/574/415 450/573/415
f 674/842/416 671/839/416 670/838/416 675/843/416
f 674/842/417 675/843/417 676/844/417 677/845/417
f 674/842/418 677/845/418 454/578/418 453/577/418
f 677/845/419 676/844/419 678/846/419 679/847/419
f 677/845/420 679/847/420 455/579/420 454/578/420
f 679/847/421 678/846/421 371/450/421 370/449/421
f 679/847/422 370/449/422 457/582/422 455/579/422
f 678/846/423 676/844/423 579/848/423 577/849/423
f 678/850/424 577/733/424 372/453/424 371/452/424
f 676/844/425 675/843/425 680/851/425 579/848/425
f 680/851/426 675/843/426 670/838/426 681/852/426
f 680/853/427 681/854/427 682/855/427 582/738/427
f 680/853/428 582/738/428 580/736/428 579/735/428
f 682/855/429 681/854/429 665/856/429 683/857/429
f 682/855/430 683/857/430 684/858/430 585/741/430
f 682/855/431 585/741/431 583/739/431 582/738/431
f 684/858/432 683/857/432 660/827/432 685/859/432
f 684/858/433 685/859/433 686/860/433 588/744/433
f 684/858/434 588/744/434 586/742/434 585/741/434
f 686/860/435 685/859/435 655/820/435 687/861/435
f 686/860/436 687/861/436 688/862/436 591/747/436
f 686/860/437 591/747/437 589/745/437 588/744/437
f 688/862/438 687/861/438 651/816/438 689/863/438
f 688/862/439 689/863/439 690/864/439 594/750/439
f 688/862/440 594/750/440 592/748/440 591/747/440
f 690/864/441 689/863/441 691/865/441 692/866/441
f 690/864/442 692/866/442 693/867/442 597/753/442
f 690/864/443 597/753/443 595/751/443 594/750/443
f 693/867/444 692/866/444 694/868/444 695/869/444
f 693/867/445 695/869/445 696/870/445 600/756/445
f 693/867/446 600/756/446 598/754/446 597/753/446
f 696/871/447 695/872/447 697/873/447 698/874/447
f 696/871/448 698/874/448 699/875/448 603/876/448
f 696/870/449 603/759/449 601/757/449 600/756/449
f 699/875/450 698/874/450 700/877/450 701/878/450
f 699/875/451 701/878/451 702/879/451 703/880/451
f 699/875/452 703/880/452 604/881/452 603/876/452
f 703/880/453 702/879/453 384/476/453 383/475/453
f 703/880/454 383/475/454 385/882/454 604/881/454
f 702/879/455 701/878/455 704/883/455 705/884/455
f 702/879/456 705/884/456 706/885/456 384/476/456
f 706/885/457 705/884/457 707/886/457 708/887/457
f 706/885/458 708/887/458 709/888/458 710/889/458
f 706/885/459 710/889/459 380/477/459 384/476/459
f 710/890/460 709/891/460 610/767/460 608/765/460
f 710/890/461 608/765/461 381/472/461 380/471/461
f 709/888/462 708/887/462 368/445/462 365/444/462
f 709/891/463 365/438/463 364/437/463 610/767/463
f 708/887/464 707/886/464 621/784/464 368/445/464
f 707/886/465 626/789/465 622/785/465 621/784/465
f 707/886/466 705/884/466 704/883/466 626/789/466
f 704/883/467 631/794/467 627/790/467 626/789/467
f 704/883/468 701/878/468 700/877/468 631/794/468
f 700/877/469 636/799/469 632/795/469 631/794/469
f 700/877/470 698/874/470 697/873/470 636/799/470
f 697/873/471 641/804/471 637/800/471 636/799/471
f 697/873/472 695/872/472 694/892/472 641/804/472
f 694/892/473 646/809/473 642/805/473 641/804/473
f 694/868/474 692/866/474 691/865/474 646/893/474
f 691/865/475 649/814/475 647/813/475 646/893/475
f 691/865/476 689/863/476 651/816/476 649/814/476
f 687/861/477 655/820/477 652/817/477 651/816/477
f 685/859/478 660/827/478 656/821/478 655/820/478
f 683/857/479 665/856/479 661/828/479 660/827/479
f 681/852/480 670/838/480 666/834/480 665/833/480
f 673/841/481 447/894/481 711/895/481 712/896/481
f 673/841/482 712/896/482 669/837/482 668/836/482
f 673/841/483 450/573/483 448/572/483 447/894/483
f 712/896/484 711/895/484 713/897/484 714/898/484
f 712/896/485 714/898/485 715/899/485 669/837/485
f 715/899/486 714/898/486 716/900/486 717/901/486
f 715/899/487 717/901/487 718/902/487 664/832/487
f 715/899/488 664/832/488 663/831/488 669/837/488
f 718/902/489 717/901/489 719/903/489 720/904/489
f 718/902/490 720/904/490 361/429/490 659/825/490
f 718/902/491 659/825/491 658/824/491 664/832/491
f 720/904/492 719/903/492 721/905/492 722/906/492
f 720/904/493 722/906/493 357/430/493 361/429/493
f 722/907/494 721/908/494 723/909/494 724/910/494
f 722/907/495 724/910/495 358/425/495 357/424/495
f 724/910/496 723/909/496 725/911/496 645/808/496
f 724/910/497 645/808/497 644/807/497 358/425/497
f 725/911/498 723/909/498 340/396/498 339/395/498
f 725/911/499 339/395/499 726/912/499 640/803/499
f 725/911/500 640/803/500 639/802/500 645/808/500
f 726/912/501 339/395/501 338/394/501 727/913/501
f 726/912/502 727/913/502 728/914/502 635/798/502
f 726/912/503 635/798/503 634/797/503 640/803/503
f 728/914/504 727/913/504 729/915/504 730/916/504
f 728/914/505 730/916/505 731/917/505 630/793/505
f 728/914/506 630/793/506 629/792/506 635/798/506
f 731/918/507 730/919/507 305/354/507 304/353/507
f 731/918/508 304/353/508 732/920/508 625/921/508
f 731/917/509 625/788/509 624/787/509 630/793/509
f 732/920/510 304/353/510 301/350/510 733/922/510
f 732/920/511 733/922/511 331/383/511 620/923/511
f 732/920/512 620/923/512 619/924/512 625/921/512
f 733/925/513 301/926/513 300/927/513 734/928/513
f 733/922/514 734/929/514 322/374/514 331/383/514
f 734/928/515 300/927/515 735/930/515 736/931/515
f 734/928/516 736/931/516 323/932/516 322/933/516
f 736/931/517 735/930/517 737/934/517 738/935/517
f 736/931/518 738/935/518 739/936/518 323/932/518
f 739/936/519 738/935/519 740/937/519 741/938/519
f 739/936/520 741/938/520 742/939/520 743/940/520
f 739/936/521 743/940/521 324/941/521 323/932/521
f 743/940/522 742/939/522 744/942/522 745/943/522
f 743/944/523 745/945/523 330/946/523 324/947/523
f 745/945/524 744/948/524 746/949/524 747/950/524
f 745/945/525 747/950/525 748/951/525 330/946/525
f 748/951/526 747/950/526 749/952/526 750/953/526
f 748/951/527 750/953/527 513/657/527 512/656/527
f 748/951/528 512/656/528 325/954/528 330/946/528
f 750/953/529 749/952/529 751/955/529 752/956/529
f 750/953/530 752/956/530 347/658/530 513/657/530
f 752/956/531 751/955/531 753/957/531 342/958/531
f 752/956/532 342/958/532 47/959/532 347/658/532
f 753/957/533 751/955/533 754/960/533 755/961/533
f 753/957/534 755/961/534 756/962/534 757/963/534
f 753/957/535 757/963/535 343/964/535 342/958/535
f 757/965/536 756/966/536 758/967/536 759/968/536
f 757/965/537 759/968/537 760/969/537 343/970/537
f 760/969/538 759/968/538 761/971/538 426/536/538
f 760/969/539 426/536/539 424/535/539 762/972/539
f 760/969/540 762/972/540 344/973/540 343/970/540
f 762/974/541 424/532/541 422/529/541 421/528/541
f 762/974/542 421/528/542 348/408/542 344/404/542
f 761/971/543 759/968/543 758/967/543 763/975/543
f 761/971/544 763/975/544 764/976/544 429/540/544
f 761/971/545 429/540/545 427/537/545 426/536/545
f 764/976/546 763/975/546 765/977/546 766/978/546
f 764/976/547 766/978/547 767/979/547 768/980/547
f 764/976/548 768/980/548 430/541/548 429/540/548
f 768/980/549 767/979/549 769/981/549 770/982/549
f 768/980/550 770/982/550 431/542/550 430/541/550
f 770/983/551 769/984/551 771/985/551 772/986/551
f 770/983/552 772/986/552 433/547/552 431/546/552
f 772/986/553 771/985/553 773/987/553 774/988/553
f 772/986/554 774/988/554 435/551/554 433/547/554
f 774/988/555 773/987/555 775/989/555 776/990/555
f 774/988/556 776/990/556 777/991/556 435/551/556
f 777/991/557 776/990/557 778/992/557 779/993/557
f 777/991/558 779/993/558 780/994/558 438/554/558
f 777/991/559 438/554/559 436/552/559 435/551/559
f 780/994/560 779/993/560 781/995/560 782/996/560
f 780/994/561 782/996/561 783/997/561 441/559/561
f 780/994/562 441/559/562 439/555/562 438/554/562
f 783/997/563 782/996/563 784/998/563 303/999/563
f 783/1000/564 303/352/564 302/351/564 785/1001/564
f 783/997/565 785/1002/565 442/560/565 441/559/565
f 785/1001/566 302/351/566 307/356/566 786/1003/566
f 785/1001/567 786/1003/567 443/565/567 442/1004/567
f 786/1003/568 307/356/568 787/1005/568 788/1006/568
f 786/1003/569 788/1006/569 445/566/569 443/565/569
f 788/1006/570 787/1005/570 713/1007/570 711/1008/570
f 788/1006/571 711/1008/571 447/568/571 445/566/571
f 787/1005/572 307/356/572 306/355/572 789/1009/572
f 787/1005/573 789/1009/573 790/1010/573 713/1007/573
f 790/1010/574 789/1009/574 791/1011/574 792/1012/574
f 790/1013/575 792/1014/575 793/1015/575 716/900/575
f 790/1013/576 716/900/576 714/898/576 713/897/576
f 793/1015/577 792/1014/577 336/400/577 341/399/577
f 793/1015/578 341/399/578 721/905/578 719/903/578
f 793/1015/579 719/903/579 717/901/579 716/900/579
f 792/1012/580 791/1011/580 337/391/580 336/390/580
f 791/1011/581 789/1009/581 306/355/581 308/357/581
f 791/1011/582 308/357/582 729/1016/582 337/391/582
f 784/998/583 782/996/583 781/995/583 794/1017/583
f 784/1018/584 794/1019/584 795/1020/584 796/1021/584
f 784/1018/585 796/1021/585 299/1022/585 303/1023/585
f 796/1021/586 795/1020/586 737/934/586 735/930/586
f 796/1021/587 735/930/587 300/927/587 299/1022/587
f 795/1020/588 794/1019/588 797/1024/588 798/1025/588
f 795/1020/589 798/1025/589 799/1026/589 737/934/589
f 799/1026/590 798/1025/590 800/1027/590 801/1028/590
f 799/1026/591 801/1028/591 802/1029/591 740/937/591
f 799/1026/592 740/937/592 738/935/592 737/934/592
f 802/1029/593 801/1028/593 803/1030/593 804/1031/593
f 802/1029/594 804/1031/594 805/1032/594 806/1033/594
f 802/1029/595 806/1033/595 741/938/595 740/937/595
f 806/1033/596 805/1032/596 807/1034/596 808/1035/596
f 806/1033/597 808/1035/597 742/939/597 741/938/597
f 808/1036/598 807/1037/598 809/1038/598 810/1039/598
f 808/1035/599 810/1040/599 744/942/599 742/939/599
f 810/1039/600 809/1038/600 811/1041/600 812/1042/600
f 810/1039/601 812/1042/601 746/949/601 744/948/601
f 812/1042/602 811/1041/602 813/1043/602 814/1044/602
f 812/1042/603 814/1044/603 815/1045/603 746/949/603
f 815/1045/604 814/1044/604 816/1046/604 754/960/604
f 815/1045/605 754/960/605 751/955/605 749/952/605
f 815/1045/606 749/952/606 747/950/606 746/949/606
f 816/1046/607 814/1044/607 813/1043/607 817/1047/607
f 816/1046/608 817/1047/608 818/1048/608 819/1049/608
f 816/1046/609 819/1049/609 755/961/609 754/960/609
f 819/1049/610 818/1048/610 820/1050/610 821/1051/610
f 819/1049/611 821/1051/611 756/962/611 755/961/611
f 821/1052/612 820/1053/612 822/1054/612 823/1055/612
f 821/1052/613 823/1055/613 758/967/613 756/966/613
f 823/1055/614 822/1054/614 824/1056/614 765/977/614
f 823/1055/615 765/977/615 763/975/615 758/967/615
f 824/1057/616 822/1058/616 825/1059/616 826/1060/616
f 824/1056/617 826/1061/617 827/1062/617 828/1063/617
f 824/1056/618 828/1063/618 766/978/618 765/977/618
f 828/1063/619 827/1062/619 829/1064/619 830/1065/619
f 828/1063/620 830/1065/620 767/979/620 766/978/620
f 830/1066/621 829/1067/621 831/1068/621 832/1069/621
f 830/1065/622 832/1070/622 769/981/622 767/979/622
f 832/1069/623 831/1068/623 833/1071/623 834/1072/623
f 832/1073/624 834/1074/624 771/985/624 769/984/624
f 834/1072/625 833/1071/625 835/1075/625 836/1076/625
f 834/1074/626 836/1077/626 773/987/626 771/985/626
f 836/1076/627 835/1075/627 837/1078/627 838/1079/627
f 836/1077/628 838/1080/628 775/989/628 773/987/628
f 838/1079/629 837/1078/629 839/1081/629 840/1082/629
f 838/1080/630 840/1083/630 841/1084/630 775/989/630
f 841/1084/631 840/1083/631 842/1085/631 843/1086/631
f 841/1084/632 843/1086/632 844/1087/632 778/992/632
f 841/1084/633 778/992/633 776/990/633 775/989/633
f 844/1087/634 843/1086/634 845/1088/634 797/1089/634
f 844/1087/635 797/1089/635 794/1017/635 781/995/635
f 844/1087/636 781/995/636 779/993/636 778/992/636
f 845/1088/637 843/1086/637 842/1085/637 846/1090/637
f 845/1091/638 846/1092/638 847/1093/638 800/1027/638
f 845/1091/639 800/1027/639 798/1025/639 797/1024/639
f 847/1094/640 846/1095/640 848/1096/640 849/1097/640
f 847/1093/641 849/1098/641 850/1099/641 803/1030/641
f 847/1093/642 803/1030/642 801/1028/642 800/1027/642
f 850/1100/643 849/1097/643 851/1101/643 852/1102/643
f 850/1099/644 852/1103/644 853/1104/644 854/1105/644
f 850/1099/645 854/1105/645 804/1031/645 803/1030/645
f 854/1105/646 853/1104/646 855/1106/646 856/1107/646
f 854/1105/647 856/1107/647 805/1032/647 804/1031/647
f 856/1107/648 855/1106/648 857/1108/648 858/1109/648
f 856/1110/649 858/1111/649 807/1112/649 805/1113/649
f 858/1114/650 857/1115/650 859/1116/650 860/1117/650
f 858/1111/651 860/1118/651 809/1119/651 807/1112/651
f 860/1117/652 859/1116/652 861/1120/652 862/1121/652
f 860/1118/653 862/1122/653 811/1123/653 809/1119/653
f 862/1121/654 861/1120/654 863/1124/654 864/1125/654
f 862/1122/655 864/1126/655 813/1127/655 811/1123/655
f 864/1125/656 863/1124/656 865/1128/656 866/1129/656
f 864/1125/657 866/1129/657 817/1047/657 813/1043/657
f 866/1129/658 865/1128/658 867/1130/658 868/1131/658
f 866/1132/659 868/1133/659 818/1134/659 817/1135/659
f 868/1131/660 867/1130/660 869/1136/660 870/1137/660
f 868/1133/661 870/1138/661 820/1139/661 818/1134/661
f 870/1140/662 869/1141/662 871/1142/662 825/1143/662
f 870/1138/663 825/1059/663 822/1058/663 820/1139/663
f 871/1142/664 869/1141/664 872/1144/664 873/1145/664
f 871/1142/665 873/1145/665 874/1146/665 875/1147/665
f 871/1148/666 875/1149/666 826/1060/666 825/1059/666
f 875/1147/667 874/1146/667 876/1150/667 877/1151/667
f 875/1149/668 877/1152/668 827/1153/668 826/1060/668
f 877/1151/669 876/1150/669 878/1154/669 879/1155/669
f 877/1152/670 879/1156/670 829/1067/670 827/1153/670
f 879/1155/671 878/1154/671 880/1157/671 881/1158/671
f 879/1156/672 881/1159/672 831/1068/672 829/1067/672
f 881/1160/673 880/1161/673 882/1162/673 883/1163/673
f 881/1159/674 883/1164/674 833/1071/674 831/1068/674
f 883/1163/675 882/1162/675 884/1165/675 885/1166/675
f 883/1164/676 885/1167/676 835/1075/676 833/1071/676
f 885/1166/677 884/1165/677 886/1168/677 887/1169/677
f 885/1166/678 887/1169/678 837/1170/678 835/1171/678
f 887/1169/679 886/1168/679 888/1172/679 889/1173/679
f 887/1169/680 889/1173/680 839/1174/680 837/1170/680
f 889/1173/681 888/1172/681 890/1175/681 891/1176/681
f 889/1177/682 891/1178/682 892/1179/682 839/1180/682
f 892/1179/683 891/1178/683 893/1181/683 848/1096/683
f 892/1179/684 848/1096/684 846/1095/684 842/1182/684
f 892/1183/685 842/1085/685 840/1083/685 839/1184/685
f 893/1185/686 891/1176/686 890/1175/686 894/1186/686
f 893/1187/687 894/1188/687 895/1189/687 851/1190/687
f 893/1181/688 851/1101/688 849/1097/688 848/1096/688
f 895/1189/689 894/1188/689 896/1191/689 897/1192/689
f 895/1189/690 897/1192/690 898/1193/690 899/1194/690
f 895/1189/691 899/1194/691 852/1103/691 851/1190/691
f 899/1194/692 898/1193/692 900/1195/692 901/1196/692
f 899/1194/693 901/1196/693 853/1104/693 852/1103/693
f 901/1196/694 900/1195/694 902/1197/694 903/1198/694
f 901/1196/695 903/1198/695 855/1106/695 853/1104/695
f 903/1198/696 902/1197/696 904/1199/696 905/1200/696
f 903/1198/697 905/1200/697 857/1108/697 855/1106/697
f 905/1200/698 904/1199/698 906/1201/698 907/1202/698
f 905/1200/699 907/1202/699 859/1203/699 857/1108/699
f 907/1204/700 906/1205/700 908/1206/700 909/1207/700
f 907/1204/701 909/1207/701 861/1120/701 859/1116/701
f 909/1207/702 908/1206/702 910/1208/702 911/1209/702
f 909/1207/703 911/1209/703 863/1124/703 861/1120/703
f 911/1209/704 910/1208/704 912/1210/704 913/1211/704
f 911/1209/705 913/1211/705 865/1128/705 863/1124/705
f 913/1211/706 912/1210/706 914/1212/706 915/1213/706
f 913/1211/707 915/1213/707 867/1130/707 865/1128/707
f 915/1213/708 914/1212/708 916/1214/708 872/1215/708
f 915/1213/709 872/1215/709 869/1136/709 867/1130/709
f 916/1214/710 914/1212/710 917/1216/710 918/1217/710
f 916/1218/711 918/1219/711 919/1220/711 920/1221/711
f 916/1218/712 920/1221/712 873/1145/712 872/1144/712
f 920/1221/713 919/1220/713 921/1222/713 922/1223/713
f 920/1221/714 922/1223/714 874/1146/714 873/1145/714
f 922/1223/715 921/1222/715 923/1224/715 924/1225/715
f 922/1223/716 924/1225/716 876/1150/716 874/1146/716
f 924/1225/717 923/1224/717 925/1226/717 926/1227/717
f 924/1225/718 926/1227/718 878/1154/718 876/1150/718
f 926/1227/719 925/1226/719 927/1228/719 928/1229/719
f 926/1227/720 928/1229/720 880/1157/720 878/1154/720
f 928/1230/721 927/1231/721 929/1232/721 930/1233/721
f 928/1230/722 930/1233/722 882/1162/722 880/1161/722
f 930/1233/723 929/1232/723 931/1234/723 932/1235/723
f 930/1233/724 932/1235/724 884/1165/724 882/1162/724
f 932/1235/725 931/1234/725 933/1236/725 934/1237/725
f 932/1235/726 934/1237/726 886/1168/726 884/1165/726
f 934/1237/727 933/1236/727 935/1238/727 936/1239/727
f 934/1237/728 936/1239/728 888/1172/728 886/1168/728
f 936/1239/729 935/1238/729 937/1240/729 938/1241/729
f 936/1239/730 938/1241/730 890/1175/730 888/1172/730
f 938/1241/731 937/1240/731 939/1242/731 896/1243/731
f 938/1241/732 896/1243/732 894/1186/732 890/1175/732
f 939/1242/733 937/1240/733 940/1244/733 941/1245/733
f 939/1246/734 941/1247/734 942/1248/734 943/1249/734
f 939/1246/735 943/1249/735 897/1192/735 896/1191/735
f 943/1249/736 942/1248/736 944/1250/736 945/1251/736
f 943/1249/737 945/1251/737 898/1193/737 897/1192/737
f 945/1251/738 944/1250/738 946/1252/738 947/1253/738
f 945/1251/739 947/1253/739 900/1195/739 898/1193/739
f 947/1253/740 946/1252/740 948/1254/740 949/1255/740
f 947/1253/741 949/1255/741 902/1197/741 900/1195/741
f 949/1255/742 948/1254/742 950/1256/742 951/1257/742
f 949/1255/743 951/1257/743 904/1199/743 902/1197/743
f 951/1258/744 950/1259/744 952/1260/744 953/1261/744
f 951/1258/745 953/1261/745 906/1205/745 904/1262/745
f 953/1261/746 952/1260/746 954/1263/746 955/1264/746
f 953/1261/747 955/1264/747 908/1206/747 906/1205/747
f 955/1264/748 954/1263/748 956/1265/748 957/1266/748
f 955/1264/749 957/1266/749 910/1208/749 908/1206/749
f 957/1266/750 956/1265/750 958/1267/750 959/1268/750
f 957/1266/751 959/1268/751 912/1210/751 910/1208/751
f 959/1268/752 958/1267/752 960/1269/752 917/1216/752
f 959/1268/753 917/1216/753 914/1212/753 912/1210/753
f 960/1269/754 958/1267/754 961/1270/754 962/1271/754
f 960/1269/755 962/1271/755 963/1272/755 964/1273/755
f 960/1269/756 964/1273/756 918/1217/756 917/1216/756
f 964/1274/757 963/1275/757 965/1276/757 966/1277/757
f 964/1274/758 966/1277/758 919/1220/758 918/1219/758
f 966/1277/759 965/1276/759 967/1278/759 968/1279/759
f 966/1277/760 968/1279/760 921/1222/760 919/1220/760
f 968/1279/761 967/1278/761 969/1280/761 970/1281/761
f 968/1279/762 970/1281/762 923/1224/762 921/1222/762
f 970/1281/763 969/1280/763 971/1282/763 972/1283/763
f 970/1281/764 972/1283/764 925/1226/764 923/1224/764
f 972/1283/765 971/1282/765 973/1284/765 974/1285/765
f 972/1283/766 974/1285/766 927/1228/766 925/1226/766
f 974/1285/767 973/1284/767 975/1286/767 976/1287/767
f 974/1285/768 976/1287/768 929/1288/768 927/1228/768
f 976/1289/769 975/1290/769 977/1291/769 978/1292/769
f 976/1289/770 978/1292/770 931/1234/770 929/1232/770
f 978/1292/771 977/1291/771 979/1293/771 980/1294/771
f 978/1292/772 980/1294/772 933/1236/772 931/1234/772
f 980/1294/773 979/1293/773 981/1295/773 982/1296/773
f 980/1294/774 982/1296/774 935/1238/774 933/1236/774
f 982/1296/775 981/1295/775 983/1297/775 940/1244/775
f 982/1296/776 940/1244/776 937/1240/776 935/1238/776
f 983/1297/777 981/1295/777 984/1298/777 985/1299/777
f 983/1297/778 985/1299/778 986/1300/778 987/1301/778
f 983/1297/779 987/1301/779 941/1245/779 940/1244/779
f 987/1302/780 986/1303/780 988/1304/780 989/1305/780
f 987/1302/781 989/1305/781 942/1248/781 941/1247/781
f 989/1305/782 988/1304/782 990/1306/782 991/1307/782
f 989/1305/783 991/1307/783 944/1250/783 942/1248/783
f 991/1307/784 990/1306/784 992/1308/784 993/1309/784
f 991/1307/785 993/1309/785 946/1252/785 944/1250/785
f 993/1309/786 992/1308/786 994/1310/786 995/1311/786
f 993/1309/787 995/1311/787 948/1254/787 946/1252/787
f 995/1311/788 994/1310/788 996/1312/788 997/1313/788
f 995/1311/789 997/1313/789 950/1256/789 948/1254/789
f 997/1314/790 996/1315/790 998/1316/790 999/1317/790
f 997/1314/791 999/1317/791 952/1260/791 950/1259/791
f 999/1317/792 998/1316/792 1000/1318/792 1001/1319/792
f 999/1317/793 1001/1319/793 954/1263/793 952/1260/793
f 1001/1319/794 1000/1318/794 1002/1320/794 1003/1321/794
f 1001/1319/795 1003/1321/795 956/1265/795 954/1263/795
f 1003/1321/796 1002/1320/796 1004/1322/796 961/1270/796
f 1003/1321/797 961/1270/797 958/1267/797 956/1265/797
f 1004/1322/798 1002/1320/798 1005/1323/798 1006/1324/798
f 1004/1322/799 1006/1324/799 1007/1325/799 1008/1326/799
f 1004/1322/800 1008/1326/800 962/1271/800 961/1270/800
f 1008/1326/801 1007/1325/801 1009/1327/801 1010/1328/801
f 1008/1326/802 1010/1328/802 963/1272/802 962/1271/802
f 1010/1329/803 1009/1330/803 1011/1331/803 1012/1332/803
f 1010/1329/804 1012/1332/804 965/1276/804 963/1275/804
f 1012/1332/805 1011/1331/805 1013/1333/805 1014/1334/805
f 1012/1332/806 1014/1334/806 967/1278/806 965/1276/806
f 1014/1334/807 1013/1333/807 1015/1335/807 1016/1336/807
f 1014/1334/808 1016/1336/808 969/1280/808 967/1278/808
f 1016/1336/809 1015/1335/809 1017/1337/809 1018/1338/809
f 1016/1336/810 1018/1338/810 971/1282/810 969/1280/810
f 1018/1338/811 1017/1337/811 1019/1339/811 1020/1340/811
f 1018/1338/812 1020/1340/812 973/1284/812 971/1282/812
f 1020/1341/813 1019/1342/813 1021/1343/813 1022/1344/813
f 1020/1341/814 1022/1344/814 975/1290/814 973/1345/814
f 1022/1344/815 1021/1343/815 1023/1346/815 1024/1347/815
f 1022/1344/816 1024/1347/816 977/1291/816 975/1290/816
f 1024/1347/817 1023/1346/817 1025/1348/817 1026/1349/817
f 1024/1347/818 1026/1349/818 979/1293/818 977/1291/818
f 1026/1349/819 1025/1348/819 1027/1350/819 984/1298/819
f 1026/1349/820 984/1298/820 981/1295/820 979/1293/820
f 1027/1350/821 1025/1348/821 1028/1351/821 1029/1352/821
f 1027/1350/822 1029/1352/822 1030/1353/822 1031/1354/822
f 1027/1350/823 1031/1354/823 985/1299/823 984/1298/823
f 1031/1354/824 1030/1353/824 1032/1355/824 1033/1356/824
f 1031/1354/825 1033/1356/825 986/1300/825 985/1299/825
f 1033/1357/826 1032/1358/826 1034/1359/826 1035/1360/826
f 1033/1357/827 1035/1360/827 988/1304/827 986/1303/827
f 1035/1360/828 1034/1359/828 1036/1361/828 1037/1362/828
f 1035/1360/829 1037/1362/829 990/1306/829 988/1304/829
f 1037/1362/830 1036/1361/830 1038/1363/830 1039/1364/830
f 1037/1362/831 1039/1364/831 992/1308/831 990/1306/831
f 1039/1364/832 1038/1363/832 1040/1365/832 1041/1366/832
f 1039/1364/833 1041/1366/833 994/1310/833 992/1308/833
f 1041/1366/834 1040/1365/834 1042/1367/834 1043/1368/834
f 1041/1366/835 1043/1368/835 996/1312/835 994/1310/835
f 1043/1368/836 1042/1367/836 1044/1369/836 1045/1370/836
f 1043/1371/837 1045/1372/837 998/1316/837 996/1315/837
f 1045/1372/838 1044/1373/838 1046/1374/838 1047/1375/838
f 1045/1372/839 1047/1375/839 1000/1318/839 998/1316/839
f 1047/1375/840 1046/1374/840 1048/1376/840 1005/1323/840
f 1047/1375/841 1005/1323/841 1002/1320/841 1000/1318/841
f 1048/1376/842 1046/1374/842 1049/1377/842 1050/1378/842
f 1048/1376/843 1050/1378/843 1051/1379/843 1052/1380/843
f 1048/1376/844 1052/1380/844 1006/1324/844 1005/1323/844
f 1052/1380/845 1051/1379/845 1053/1381/845 1054/1382/845
f 1052/1380/846 1054/1382/846 1007/1325/846 1006/1324/846
f 1054/1382/847 1053/1381/847 1055/1383/847 1056/1384/847
f 1054/1382/848 1056/1384/848 1009/1327/848 1007/1325/848
f 1056/1385/849 1055/1386/849 1057/1387/849 1058/1388/849
f 1056/1385/850 1058/1388/850 1011/1331/850 1009/1330/850
f 1058/1388/851 1057/1387/851 1059/1389/851 1060/1390/851
f 1058/1388/852 1060/1390/852 1013/1333/852 1011/1331/852
f 1060/1390/853 1059/1389/853 1061/1391/853 1062/1392/853
f 1060/1390/854 1062/1392/854 1015/1335/854 1013/1333/854
f 1062/1392/855 1061/1391/855 1063/1393/855 1064/1394/855
f 1062/1392/856 1064/1394/856 1017/1337/856 1015/1335/856
f 1064/1394/857 1063/1393/857 1065/1395/857 1066/1396/857
f 1064/1394/858 1066/1396/858 1019/1339/858 1017/1337/858
f 1066/1396/859 1065/1395/859 1067/1397/859 1068/1398/859
f 1066/1396/860 1068/1398/860 1021/1399/860 1019/1339/860
f 1068/1400/861 1067/1401/861 1069/1402/861 1070/1403/861
f 1068/1400/862 1070/1403/862 1023/1346/862 1021/1343/862
f 1070/1403/863 1069/1402/863 1071/1404/863 1028/1351/863
f 1070/1403/864 1028/1351/864 1025/1348/864 1023/1346/864
f 1071/1404/865 1069/1402/865 1072/1405/865 1073/1406/865
f 1071/1404/866 1073/1406/866 1074/1407/866 1075/1408/866
f 1071/1404/867 1075/1408/867 1029/1352/867 1028/1351/867
f 1075/1408/868 1074/1407/868 1076/1409/868 1077/1410/868
f 1075/1408/869 1077/1410/869 1030/1353/869 1029/1352/869
f 1077/1410/870 1076/1409/870 1078/1411/870 1079/1412/870
f 1077/1410/871 1079/1412/871 1032/1355/871 1030/1353/871
f 1079/1413/872 1078/1414/872 1080/1415/872 1081/1416/872
f 1079/1413/873 1081/1416/873 1034/1359/873 1032/1358/873
f 1081/1416/874 1080/1415/874 1082/1417/874 1083/1418/874
f 1081/1416/875 1083/1418/875 1036/1361/875 1034/1359/875
f 1083/1418/876 1082/1417/876 1084/1419/876 1085/1420/876
f 1083/1418/877 1085/1420/877 1038/1363/877 1036/1361/877
f 1085/1420/878 1084/1419/878 1086/1421/878 1087/1422/878
f 1085/1420/879 1087/1422/879 1040/1365/879 1038/1363/879
f 1087/1422/880 1086/1421/880 1088/1423/880 1089/1424/880
f 1087/1422/881 1089/1424/881 1042/1367/881 1040/1365/881
f 1089/1424/882 1088/1423/882 1090/1425/882 1091/1426/882
f 1089/1424/883 1091/1426/883 1044/1369/883 1042/1367/883
f 1091/1427/884 1090/1428/884 1092/1429/884 1049/1377/884
f 1091/1427/885 1049/1377/885 1046/1374/885 1044/1373/885
f 1092/1429/886 1090/1428/886 1093/1430/886 1094/1431/886
f 1092/1429/887 1094/1431/887 1095/1432/887 1096/1433/887
f 1092/1429/888 1096/1433/888 1050/1378/888 1049/1377/888
f 1096/1433/889 1095/1432/889 1097/1434/889 1098/1435/889
f 1096/1433/890 1098/1435/890 1051/1379/890 1050/1378/890
f 1098/1435/891 1097/1434/891 1099/1436/891 1100/1437/891
f 1098/1435/892 1100/1437/892 1053/1381/892 1051/1379/892
f 1100/1437/893 1099/1436/893 1101/1438/893 1102/1439/893
f 1100/1437/894 1102/1439/894 1055/1383/894 1053/1381/894
f 1102/1440/895 1101/1441/895 1103/1442/895 1104/1443/895
f 1102/1444/896 1104/1445/896 1057/1387/896 1055/1386/896
f 1104/1443/897 1103/1442/897 1105/1446/897 1106/1447/897
f 1104/1445/898 1106/1448/898 1059/1389/898 1057/1387/898
f 1106/1447/899 1105/1446/899 1107/1449/899 1108/1450/899
f 1106/1448/900 1108/1451/900 1061/1391/900 1059/1389/900
f 1108/1450/901 1107/1449/901 1109/1452/901 1110/1453/901
f 1108/1451/902 1110/1454/902 1063/1393/902 1061/1391/902
f 1110/1453/903 1109/1452/903 1111/1455/903 1112/1456/903
f 1110/1454/904 1112/1457/904 1065/1395/904 1063/1393/904
f 1112/1456/905 1111/1455/905 1113/1458/905 1114/1459/905
f 1112/1457/906 1114/1460/906 1067/1397/906 1065/1395/906
f 1114/1459/907 1113/1458/907 1115/1461/907 1072/1462/907
f 1114/1463/908 1072/1405/908 1069/1402/908 1067/1401/908
f 1115/1464/909 1113/1465/909 1116/1466/909 1117/1467/909
f 1115/1464/910 1117/1467/910 1118/1468/910 1119/1469/910
f 1115/1461/911 1119/1470/911 1073/1471/911 1072/1462/911
f 1119/1469/912 1118/1468/912 1120/1472/912 1121/1473/912
f 1119/1470/913 1121/1474/913 1074/1475/913 1073/1471/913
f 1121/1473/914 1120/1472/914 1122/1476/914 1123/1477/914
f 1121/1474/915 1123/1478/915 1076/1479/915 1074/1475/915
f 1123/1477/916 1122/1476/916 1124/1480/916 1125/1481/916
f 1123/1478/917 1125/1482/917 1078/1483/917 1076/1479/917
f 1125/1484/918 1124/1485/918 1126/1486/918 1127/1487/918
f 1125/1482/919 1127/1488/919 1080/1489/919 1078/1483/919
f 1127/1487/920 1126/1486/920 1128/1490/920 1129/1491/920
f 1127/1487/921 1129/1491/921 1082/1417/921 1080/1415/921
f 1129/1491/922 1128/1490/922 1130/1492/922 1131/1493/922
f 1129/1491/923 1131/1493/923 1084/1419/923 1082/1417/923
f 1131/1493/924 1130/1492/924 1132/1494/924 1133/1495/924
f 1131/1493/925 1133/1495/925 1086/1421/925 1084/1419/925
f 1133/1495/926 1132/1494/926 1134/1496/926 1135/1497/926
f 1133/1495/927 1135/1497/927 1088/1423/927 1086/1421/927
f 1135/1498/928 1134/1499/928 1136/1500/928 1093/1430/928
f 1135/1498/929 1093/1430/929 1090/1428/929 1088/1501/929
f 1136/1502/930 1134/1496/930 1137/1503/930 1138/1504/930
f 1136/1500/931 1138/1505/931 1139/1506/931 1140/1507/931
f 1136/1500/932 1140/1507/932 1094/1431/932 1093/1430/932
f 1140/1507/933 1139/1506/933 1141/1508/933 1142/1509/933
f 1140/1507/934 1142/1509/934 1095/1432/934 1094/1431/934
f 1142/1509/935 1141/1508/935 1143/1510/935 1144/1511/935
f 1142/1509/936 1144/1511/936 1097/1434/936 1095/1432/936
f 1144/1511/937 1143/1510/937 1145/1512/937 1146/1513/937
f 1144/1511/938 1146/1513/938 1099/1436/938 1097/1434/938
f 1146/1513/939 1145/1512/939 1147/1514/939 1148/1515/939
f 1146/1513/940 1148/1515/940 1101/1438/940 1099/1436/940
f 1148/1516/941 1147/1517/941 1149/1518/941 1150/1519/941
f 1148/1516/942 1150/1519/942 1103/1520/942 1101/1521/942
f 1150/1519/943 1149/1518/943 1151/1522/943 1152/1523/943
f 1150/1519/944 1152/1523/944 1105/1524/944 1103/1520/944
f 1152/1523/945 1151/1522/945 1153/1525/945 1154/1526/945
f 1152/1523/946 1154/1526/946 1107/1527/946 1105/1524/946
f 1154/1526/947 1153/1525/947 1155/1528/947 1156/1529/947
f 1154/1526/948 1156/1529/948 1109/1530/948 1107/1527/948
f 1156/1529/949 1155/1528/949 1157/1531/949 1158/1532/949
f 1156/1529/950 1158/1532/950 1111/1533/950 1109/1530/950
f 1158/1532/951 1157/1531/951 1159/1534/951 1116/1535/951
f 1158/1536/952 1116/1466/952 1113/1465/952 1111/1537/952
f 1159/1534/953 1157/1531/953 1160/1538/953 1161/1539/953
f 1159/1540/954 1161/1541/954 1162/1542/954 1163/1543/954
f 1159/1540/955 1163/1543/955 1117/1467/955 1116/1466/955
f 1163/1543/956 1162/1542/956 1164/1544/956 1165/1545/956
f 1163/1543/957 1165/1545/957 1118/1468/957 1117/1467/957
f 1165/1545/958 1164/1544/958 1166/1546/958 1167/1547/958
f 1165/1545/959 1167/1547/959 1120/1472/959 1118/1468/959
f 1167/1547/960 1166/1546/960 1168/1548/960 1169/1549/960
f 1167/1547/961 1169/1549/961 1122/1476/961 1120/1472/961
f 1169/1549/962 1168/1548/962 1170/1550/962 1171/1551/962
f 1169/1549/963 1171/1551/963 1124/1480/963 1122/1476/963
f 1171/1552/964 1170/1553/964 1172/1554/964 1173/1555/964
f 1171/1552/965 1173/1555/965 1126/1486/965 1124/1485/965
f 1173/1555/966 1172/1554/966 1174/1556/966 1175/1557/966
f 1173/1555/967 1175/1557/967 1128/1490/967 1126/1486/967
f 1175/1557/968 1174/1556/968 1176/1558/968 1177/1559/968
f 1175/1557/969 1177/1559/969 1130/1492/969 1128/1490/969
f 1177/1559/970 1176/1558/970 1178/1560/970 1179/1561/970
f 1177/1559/971 1179/1561/971 1132/1494/971 1130/1492/971
f 1179/1561/972 1178/1560/972 1180/1562/972 1137/1503/972
f 1179/1561/973 1137/1503/973 1134/1496/973 1132/1494/973
f 1180/1562/974 1178/1560/974 1181/1563/974 1182/1564/974
f 1180/1565/975 1182/1566/975 1183/1567/975 1184/1568/975
f 1180/1562/976 1184/1569/976 1138/1504/976 1137/1503/976
f 1184/1568/977 1183/1567/977 1185/1570/977 1186/1571/977
f 1184/1568/978 1186/1571/978 1139/1506/978 1138/1505/978
f 1186/1571/979 1185/1570/979 1187/1572/979 1188/1573/979
f 1186/1571/980 1188/1573/980 1141/1508/980 1139/1506/980
f 1188/1573/981 1187/1572/981 1189/1574/981 1190/1575/981
f 1188/1573/982 1190/1575/982 1143/1510/982 1141/1508/982
f 1190/1575/983 1189/1574/983 1191/1576/983 1192/1577/983
f 1190/1575/984 1192/1577/984 1145/1512/984 1143/1510/984
f 1192/1578/985 1191/1579/985 1193/1580/985 1194/1581/985
f 1192/1577/986 1194/1582/986 1147/1514/986 1145/1512/986
f 1194/1583/987 1193/1584/987 1195/1585/987 1196/1586/987
f 1194/1587/988 1196/1588/988 1149/1518/988 1147/1517/988
f 1196/1588/989 1195/1589/989 1197/1590/989 1198/1591/989
f 1196/1588/990 1198/1591/990 1151/1522/990 1149/1518/990
f 1198/1591/991 1197/1590/991 1199/1592/991 1200/1593/991
f 1198/1591/992 1200/1593/992 1153/1525/992 1151/1522/992
f 1200/1593/993 1199/1592/993 1201/1594/993 1202/1595/993
f 1200/1593/994 1202/1595/994 1155/1528/994 1153/1525/994
f 1202/1595/995 1201/1594/995 1203/1596/995 1160/1538/995
f 1202/1595/996 1160/1538/996 1157/1531/996 1155/1528/996
f 1203/1596/997 1201/1594/997 1204/1597/997 1205/1598/997
f 1203/1596/998 1205/1598/998 1206/1599/998 1207/1600/998
f 1203/1601/999 1207/1602/999 1161/1541/999 1160/1603/999
f 1207/1602/1000 1206/1604/1000 1208/1605/1000 1209/1606/1000
f 1207/1602/1001 1209/1606/1001 1162/1542/1001 1161/1541/1001
f 1209/1606/1002 1208/1605/1002 1210/1607/1002 1211/1608/1002
f 1209/1606/1003 1211/1608/1003 1164/1544/1003 1162/1542/1003
f 1211/1608/1004 1210/1607/1004 1212/1609/1004 1213/1610/1004
f 1211/1608/1005 1213/1610/1005 1166/1546/1005 1164/1544/1005
f 1213/1610/1006 1212/1609/1006 1214/1611/1006 1215/1612/1006
f 1213/1610/1007 1215/1612/1007 1168/1548/1007 1166/1546/1007
f 1215/1612/1008 1214/1611/1008 1216/1613/1008 1217/1614/1008
f 1215/1615/1009 1217/1616/1009 1170/1553/1009 1168/1617/1009
f 1217/1616/1010 1216/1618/1010 1218/1619/1010 1219/1620/1010
f 1217/1616/1011 1219/1620/1011 1172/1554/1011 1170/1553/1011
f 1219/1620/1012 1218/1619/1012 1220/1621/1012 1221/1622/1012
f 1219/1620/1013 1221/1622/1013 1174/1556/1013 1172/1554/1013
f 1221/1622/1014 1220/1621/1014 1222/1623/1014 1223/1624/1014
f 1221/1622/1015 1223/1624/1015 1176/1558/1015 1174/1556/1015
f 1223/1624/1016 1222/1623/1016 1224/1625/1016 1181/1563/1016
f 1223/1624/1017 1181/1563/1017 1178/1560/1017 1176/1558/1017
f 1224/1625/1018 1222/1623/1018 1225/1626/1018 1226/1627/1018
f 1224/1625/1019 1226/1627/1019 1227/1628/1019 1228/1629/1019
f 1224/1625/1020 1228/1629/1020 1182/1564/1020 1181/1563/1020
f 1228/1630/1021 1227/1631/1021 1229/1632/1021 1230/1633/1021
f 1228/1629/1022 1230/1634/1022 1183/1635/1022 1182/1564/1022
f 1230/1633/1023 1229/1632/1023 1231/1636/1023 1232/1637/1023
f 1230/1633/1024 1232/1637/1024 1185/1570/1024 1183/1567/1024
f 1232/1637/1025 1231/1636/1025 1233/1638/1025 1234/1639/1025
f 1232/1637/1026 1234/1639/1026 1187/1572/1026 1185/1570/1026
f 1234/1639/1027 1233/1638/1027 1235/1640/1027 1236/1641/1027
f 1234/1639/1028 1236/1641/1028 1189/1574/1028 1187/1572/1028
f 1236/1641/1029 1235/1640/1029 1237/1642/1029 1238/1643/1029
f 1236/1641/1030 1238/1643/1030 1191/1576/1030 1189/1574/1030
f 1238/1643/1031 1237/1642/1031 1239/1644/1031 1240/1645/1031
f 1238/1643/1032 1240/1645/1032 1193/1646/1032 1191/1576/1032
f 1240/1647/1033 1239/1648/1033 1241/1649/1033 1242/1650/1033
f 1240/1647/1034 1242/1650/1034 1195/1589/1034 1193/1651/1034
f 1242/1650/1035 1241/1649/1035 1243/1652/1035 1244/1653/1035
f 1242/1650/1036 1244/1653/1036 1197/1590/1036 1195/1589/1036
f 1244/1653/1037 1243/1652/1037 1245/1654/1037 1246/1655/1037
f 1244/1653/1038 1246/1655/1038 1199/1592/1038 1197/1590/1038
f 1246/1655/1039 1245/1654/1039 1247/1656/1039 1204/1597/1039
f 1246/1655/1040 1204/1597/1040 1201/1594/1040 1199/1592/1040
f 1247/1656/1041 1245/1654/1041 1248/1657/1041 1249/1658/1041
f 1247/1656/1042 1249/1658/1042 1250/1659/1042 1251/1660/1042
f 1247/1656/1043 1251/1660/1043 1205/1598/1043 1204/1597/1043
f 1251/1660/1044 1250/1659/1044 1252/1661/1044 1253/1662/1044
f 1251/1660/1045 1253/1662/1045 1206/1599/1045 1205/1598/1045
f 1253/1663/1046 1252/1664/1046 1254/1665/1046 1255/1666/1046
f 1253/1663/1047 1255/1666/1047 1208/1605/1047 1206/1604/1047
f 1255/1666/1048 1254/1665/1048 1256/1667/1048 1257/1668/1048
f 1255/1666/1049 1257/1668/1049 1210/1607/1049 1208/1605/1049
f 1257/1668/1050 1256/1667/1050 1258/1669/1050 1259/1670/1050
f 1257/1668/1051 1259/1670/1051 1212/1609/1051 1210/1607/1051
f 1259/1670/1052 1258/1669/1052 1260/1671/1052 1261/1672/1052
f 1259/1670/1053 1261/1672/1053 1214/1611/1053 1212/1609/1053
f 1261/1672/1054 1260/1671/1054 1262/1673/1054 1263/1674/1054
f 1261/1672/1055 1263/1674/1055 1216/1613/1055 1214/1611/1055
f 1263/1675/1056 1262/1676/1056 1264/1677/1056 1265/1678/1056
f 1263/1675/1057 1265/1678/1057 1218/1619/1057 1216/1618/1057
f 1265/1678/1058 1264/1677/1058 1266/1679/1058 1267/1680/1058
f 1265/1678/1059 1267/1680/1059 1220/1621/1059 1218/1619/1059
f 1267/1680/1060 1266/1679/1060 1268/1681/1060 1225/1626/1060
f 1267/1680/1061 1225/1626/1061 1222/1623/1061 1220/1621/1061
f 1268/1681/1062 1266/1679/1062 1269/1682/1062 1270/1683/1062
f 1268/1681/1063 1270/1683/1063 1271/1684/1063 1272/1685/1063
f 1268/1681/1064 1272/1685/1064 1226/1627/1064 1225/1626/1064
f 1272/1685/1065 1271/1684/1065 1273/1686/1065 1274/1687/1065
f 1272/1685/1066 1274/1687/1066 1227/1628/1066 1226/1627/1066
f 1274/1688/1067 1273/1689/1067 1275/1690/1067 1276/1691/1067
f 1274/1688/1068 1276/1691/1068 1229/1632/1068 1227/1631/1068
f 1276/1691/1069 1275/1690/1069 1277/1692/1069 1278/1693/1069
f 1276/1691/1070 1278/1693/1070 1231/1636/1070 1229/1632/1070
f 1278/1693/1071 1277/1692/1071 1279/1694/1071 1280/1695/1071
f 1278/1693/1072 1280/1695/1072 1233/1638/1072 1231/1636/1072
f 1280/1695/1073 1279/1694/1073 1281/1696/1073 1282/1697/1073
f 1280/1695/1074 1282/1697/1074 1235/1640/1074 1233/1638/1074
f 1282/1697/1075 1281/1696/1075 1283/1698/1075 1284/1699/1075
f 1282/1697/1076 1284/1699/1076 1237/1642/1076 1235/1640/1076
f 1284/1699/1077 1283/1698/1077 1285/1700/1077 1286/1701/1077
f 1284/1699/1078 1286/1701/1078 1239/1644/1078 1237/1642/1078
f 1286/1702/1079 1285/1703/1079 1287/1704/1079 1288/1705/1079
f 1286/1702/1080 1288/1705/1080 1241/1649/1080 1239/1648/1080
f 1288/1705/1081 1287/1704/1081 1289/1706/1081 1290/1707/1081
f 1288/1705/1082 1290/1707/1082 1243/1652/1082 1241/1649/1082
f 1290/1707/1083 1289/1706/1083 1291/1708/1083 1248/1657/1083
f 1290/1707/1084 1248/1657/1084 1245/1654/1084 1243/1652/1084
f 1291/1708/1085 1289/1706/1085 1292/1709/1085 1293/1710/1085
f 1291/1708/1086 1293/1710/1086 1294/1711/1086 1295/1712/1086
f 1291/1708/1087 1295/1712/1087 1249/1658/1087 1248/1657/1087
f 1295/1712/1088 1294/1711/1088 1296/1713/1088 1297/1714/1088
f 1295/1712/1089 1297/1714/1089 1250/1659/1089 1249/1658/1089
f 1297/1714/1090 1296/1713/1090 1298/1715/1090 1299/1716/1090
f 1297/1714/1091 1299/1716/1091 1252/1661/1091 1250/1659/1091
f 1299/1717/1092 1298/1718/1092 1300/1719/1092 1301/1720/1092
f 1299/1717/1093 1301/1720/1093 1254/1665/1093 1252/1664/1093
f 1301/1720/1094 1300/1719/1094 1302/1721/1094 1303/1722/1094
f 1301/1720/1095 1303/1722/1095 1256/1667/1095 1254/1665/1095
f 1303/1722/1096 1302/1721/1096 1304/1723/1096 1305/1724/1096
f 1303/1722/1097 1305/1724/1097 1258/1669/1097 1256/1667/1097
f 1305/1724/1098 1304/1723/1098 1306/1725/1098 1307/1726/1098
f 1305/1724/1099 1307/1726/1099 1260/1671/1099 1258/1669/1099
f 1307/1726/1100 1306/1725/1100 1308/1727/1100 1309/1728/1100
f 1307/1726/1101 1309/1728/1101 1262/1673/1101 1260/1671/1101
f 1309/1729/1102 1308/1730/1102 1310/1731/1102 1311/1732/1102
f 1309/1729/1103 1311/1732/1103 1264/1677/1103 1262/1676/1103
f 1311/1732/1104 1310/1731/1104 1312/1733/1104 1269/1682/1104
f 1311/1732/1105 1269/1682/1105 1266/1679/1105 1264/1677/1105
f 1312/1733/1106 1310/1731/1106 1313/1734/1106 1314/1735/1106
f 1312/1733/1107 1314/1735/1107 1315/1736/1107 1316/1737/1107
f 1312/1733/1108 1316/1737/1108 1270/1683/1108 1269/1682/1108
f 1316/1737/1109 1315/1736/1109 1317/1738/1109 1318/1739/1109
f 1316/1737/1110 1318/1739/1110 1271/1684/1110 1270/1683/1110
f 1318/1739/1111 1317/1738/1111 1319/1740/1111 1320/1741/1111
f 1318/1739/1112 1320/1741/1112 1273/1686/1112 1271/1684/1112
f 1320/1742/1113 1319/1743/1113 1321/1744/1113 1322/1745/1113
f 1320/1742/1114 1322/1745/1114 1275/1690/1114 1273/1689/1114
f 1322/1745/1115 1321/1744/1115 1323/1746/1115 1324/1747/1115
f 1322/1745/1116 1324/1747/1116 1277/1692/1116 1275/1690/1116
f 1324/1747/1117 1323/1746/1117 1325/1748/1117 1326/1749/1117
f 1324/1747/1118 1326/1749/1118 1279/1694/1118 1277/1692/1118
f 1326/1749/1119 1325/1748/1119 1327/1750/1119 1328/1751/1119
f 1326/1749/1120 1328/1751/1120 1281/1696/1120 1279/1694/1120
f 1328/1751/1121 1327/1750/1121 1329/1752/1121 1330/1753/1121
f 1328/1751/1122 1330/1753/1122 1283/1698/1122 1281/1696/1122
f 1330/1753/1123 1329/1752/1123 1331/1754/1123 1332/1755/1123
f 1330/1753/1124 1332/1755/1124 1285/1700/1124 1283/1698/1124
f 1332/1756/1125 1331/1757/1125 1333/1758/1125 1334/1759/1125
f 1332/1756/1126 1334/1759/1126 1287/1704/1126 1285/1703/1126
f 1334/1759/1127 1333/1758/1127 1335/1760/1127 1292/1709/1127
f 1334/1759/1128 1292/1709/1128 1289/1706/1128 1287/1704/1128
f 1335/1760/1129 1333/1758/1129 1336/1761/1129 1337/1762/1129
f 1335/1760/1130 1337/1762/1130 1338/1763/1130 1339/1764/1130
f 1335/1760/1131 1339/1764/1131 1293/1710/1131 1292/1709/1131
f 1339/1764/1132 1338/1763/1132 1340/1765/1132 1341/1766/1132
f 1339/1764/1133 1341/1766/1133 1294/1711/1133 1293/1710/1133
f 1341/1766/1134 1340/1765/1134 1342/1767/1134 1343/1768/1134
f 1341/1766/1135 1343/1768/1135 1296/1713/1135 1294/1711/1135
f 1343/1769/1136 1342/1770/1136 1344/1771/1136 1345/1772/1136
f 1343/1768/1137 1345/1773/1137 1298/1715/1137 1296/1713/1137
f 1345/1772/1138 1344/1771/1138 1346/1774/1138 1347/1775/1138
f 1345/1772/1139 1347/1775/1139 1300/1719/1139 1298/1718/1139
f 1347/1775/1140 1346/1774/1140 1348/1776/1140 1349/1777/1140
f 1347/1775/1141 1349/1777/1141 1302/1721/1141 1300/1719/1141
f 1349/1777/1142 1348/1776/1142 1350/1778/1142 1351/1779/1142
f 1349/1777/1143 1351/1779/1143 1304/1723/1143 1302/1721/1143
f 1351/1779/1144 1350/1778/1144 1352/1780/1144 1353/1781/1144
f 1351/1779/1145 1353/1781/1145 1306/1725/1145 1304/1723/1145
f 1353/1781/1146 1352/1780/1146 1354/1782/1146 1355/1783/1146
f 1353/1781/1147 1355/1783/1147 1308/1727/1147 1306/1725/1147
f 1355/1784/1148 1354/1785/1148 1356/1786/1148 1313/1734/1148
f 1355/1784/1149 1313/1734/1149 1310/1731/1149 1308/1730/1149
f 1356/1786/1150 1354/1785/1150 1357/1787/1150 1358/1788/1150
f 1356/1786/1151 1358/1788/1151 1359/1789/1151 1360/1790/1151
f 1356/1786/1152 1360/1790/1152 1314/1735/1152 1313/1734/1152
f 1360/1790/1153 1359/1789/1153 1361/1791/1153 1362/1792/1153
f 1360/1790/1154 1362/1792/1154 1315/1736/1154 1314/1735/1154
f 1362/1792/1155 1361/1791/1155 1363/1793/1155 1364/1794/1155
f 1362/1792/1156 1364/1794/1156 1317/1738/1156 1315/1736/1156
f 1364/1794/1157 1363/1793/1157 1365/1795/1157 1366/1796/1157
f 1364/1794/1158 1366/1796/1158 1319/1740/1158 1317/1738/1158
f 1366/1797/1159 1365/1798/1159 1367/1799/1159 1368/1800/1159
f 1366/1797/1160 1368/1800/1160 1321/1744/1160 1319/1743/1160
f 1368/1800/1161 1367/1799/1161 1369/1801/1161 1370/1802/1161
f 1368/1800/1162 1370/1802/1162 1323/1746/1162 1321/1744/1162
f 1370/1802/1163 1369/1801/1163 1371/1803/1163 1372/1804/1163
f 1370/1802/1164 1372/1804/1164 1325/1748/1164 1323/1746/1164
f 1372/1804/1165 1371/1803/1165 1373/1805/1165 1374/1806/1165
f 1372/1804/1166 1374/1806/1166 1327/1750/1166 1325/1748/1166
f 1374/1806/1167 1373/1805/1167 1375/1807/1167 1376/1808/1167
f 1374/1806/1168 1376/1808/1168 1329/1752/1168 1327/1750/1168
f 1376/1808/1169 1375/1807/1169 1377/1809/1169 1378/1810/1169
f 1376/1808/1170 1378/1810/1170 1331/1754/1170 1329/1752/1170
f 1378/1811/1171 1377/1812/1171 1379/1813/1171 1336/1761/1171
f 1378/1811/1172 1336/1761/1172 1333/1758/1172 1331/1757/1172
f 1379/1813/1173 1377/1812/1173 1380/1814/1173 1381/1815/1173
f 1379/1813/1174 1381/1815/1174 1382/1816/1174 1383/1817/1174
f 1379/1813/1175 1383/1817/1175 1337/1762/1175 1336/1761/1175
f 1383/1817/1176 1382/1816/1176 1384/1818/1176 1385/1819/1176
f 1383/1817/1177 1385/1819/1177 1338/1763/1177 1337/1762/1177
f 1385/1819/1178 1384/1818/1178 1386/1820/1178 1387/1821/1178
f 1385/1819/1179 1387/1821/1179 1340/1765/1179 1338/1763/1179
f 1387/1821/1180 1386/1820/1180 1388/1822/1180 1389/1823/1180
f 1387/1821/1181 1389/1823/1181 1342/1767/1181 1340/1765/1181
f 1389/1824/1182 1388/1825/1182 1390/1826/1182 1391/1827/1182
f 1389/1824/1183 1391/1827/1183 1344/1771/1183 1342/1770/1183
f 1391/1827/1184 1390/1826/1184 1392/1828/1184 1393/1829/1184
f 1391/1827/1185 1393/1829/1185 1346/1774/1185 1344/1771/1185
f 1393/1829/1186 1392/1828/1186 1394/1830/1186 1395/1831/1186
f 1393/1829/1187 1395/1831/1187 1348/1776/1187 1346/1774/1187
f 1395/1831/1188 1394/1830/1188 1396/1832/1188 1397/1833/1188
f 1395/1831/1189 1397/1833/1189 1350/1778/1189 1348/1776/1189
f 1397/1833/1190 1396/1832/1190 1398/1834/1190 1399/1835/1190
f 1397/1833/1191 1399/1835/1191 1352/1780/1191 1350/1778/1191
f 1399/1835/1192 1398/1834/1192 1400/1836/1192 1357/1837/1192
f 1399/1835/1193 1357/1837/1193 1354/1782/1193 1352/1780/1193
f 1400/1836/1194 1398/1834/1194 1401/1838/1194 1402/1839/1194
f 1400/1840/1195 1402/1841/1195 1403/1842/1195 1404/1843/1195
f 1400/1840/1196 1404/1843/1196 1358/1788/1196 1357/1787/1196
f 1404/1843/1197 1403/1842/1197 1405/1844/1197 1406/1845/1197
f 1404/1843/1198 1406/1845/1198 1359/1789/1198 1358/1788/1198
f 1406/1845/1199 1405/1844/1199 1407/1846/1199 1408/1847/1199
f 1406/1845/1200 1408/1847/1200 1361/1791/1200 1359/1789/1200
f 1408/1847/1201 1407/1846/1201 1409/1848/1201 1410/1849/1201
f 1408/1847/1202 1410/1849/1202 1363/1793/1202 1361/1791/1202
f 1410/1849/1203 1409/1848/1203 1411/1850/1203 1412/1851/1203
f 1410/1849/1204 1412/1851/1204 1365/1795/1204 1363/1793/1204
f 1412/1851/1205 1411/1850/1205 1413/1852/1205 1414/1853/1205
f 1412/1854/1206 1414/1855/1206 1367/1799/1206 1365/1798/1206
f 1414/1855/1207 1413/1856/1207 1415/1857/1207 1416/1858/1207
f 1414/1855/1208 1416/1858/1208 1369/1801/1208 1367/1799/1208
f 1416/1858/1209 1415/1857/1209 1417/1859/1209 1418/1860/1209
f 1416/1858/1210 1418/1860/1210 1371/1803/1210 1369/1801/1210
f 1418/1860/1211 1417/1859/1211 1419/1861/1211 1420/1862/1211
f 1418/1860/1212 1420/1862/1212 1373/1805/1212 1371/1803/1212
f 1420/1862/1213 1419/1861/1213 1421/1863/1213 1422/1864/1213
f 1420/1862/1214 1422/1864/1214 1375/1807/1214 1373/1805/1214
f 1422/1864/1215 1421/1863/1215 1423/1865/1215 1380/1866/1215
f 1422/1864/1216 1380/1866/1216 1377/1809/1216 1375/1807/1216
f 1423/1865/1217 1421/1863/1217 1424/1867/1217 1425/1868/1217
f 1423/1869/1218 1425/1870/1218 1426/1871/1218 1427/1872/1218
f 1423/1869/1219 1427/1872/1219 1381/1815/1219 1380/1814/1219
f 1427/1872/1220 1426/1871/1220 1428/1873/1220 1429/1874/1220
f 1427/1872/1221 1429/1874/1221 1382/1816/1221 1381/1815/1221
f 1429/1874/1222 1428/1873/1222 1430/1875/1222 1431/1876/1222
f 1429/1874/1223 1431/1876/1223 1384/1818/1223 1382/1816/1223
f 1431/1876/1224 1430/1875/1224 1432/1877/1224 1433/1878/1224
f 1431/1876/1225 1433/1878/1225 1386/1820/1225 1384/1818/1225
f 1433/1878/1226 1432/1877/1226 1434/1879/1226 1435/1880/1226
f 1433/1878/1227 1435/1880/1227 1388/1822/1227 1386/1820/1227
f 1435/1881/1228 1434/1882/1228 1436/1883/1228 1437/1884/1228
f 1435/1881/1229 1437/1884/1229 1390/1826/1229 1388/1825/1229
f 1437/1884/1230 1436/1883/1230 1438/1885/1230 1439/1886/1230
f 1437/1884/1231 1439/1886/1231 1392/1828/1231 1390/1826/1231
f 1439/1886/1232 1438/1885/1232 1440/1887/1232 1441/1888/1232
f 1439/1886/1233 1441/1888/1233 1394/1830/1233 1392/1828/1233
f 1441/1888/1234 1440/1887/1234 1442/1889/1234 1443/1890/1234
f 1441/1888/1235 1443/1890/1235 1396/1832/1235 1394/1830/1235
f 1443/1890/1236 1442/1889/1236 1444/1891/1236 1401/1838/1236
f 1443/1890/1237 1401/1838/1237 1398/1834/1237 1396/1832/1237
f 1444/1891/1238 1442/1889/1238 1445/1892/1238 1446/1893/1238
f 1444/1891/1239 1446/1893/1239 1447/1894/1239 1448/1895/1239
f 1444/1891/1240 1448/1895/1240 1402/1839/1240 1401/1838/1240
f 1448/1896/1241 1447/1897/1241 1449/1898/1241 1450/1899/1241
f 1448/1896/1242 1450/1899/1242 1403/1842/1242 1402/1841/1242
f 1450/1899/1243 1449/1898/1243 1451/1900/1243 1452/1901/1243
f 1450/1899/1244 1452/1901/1244 1405/1844/1244 1403/1842/1244
f 1452/1901/1245 1451/1900/1245 1453/1902/1245 1454/1903/1245
f 1452/1901/1246 1454/1903/1246 1407/1846/1246 1405/1844/1246
f 1454/1903/1247 1453/1902/1247 1455/1904/1247 1456/1905/1247
f 1454/1903/1248 1456/1905/1248 1409/1848/1248 1407/1846/1248
f 1456/1905/1249 1455/1904/1249 1457/1906/1249 1458/1907/1249
f 1456/1905/1250 1458/1907/1250 1411/1850/1250 1409/1848/1250
f 1458/1908/1251 1457/1909/1251 1459/1910/1251 1460/1911/1251
f 1458/1907/1252 1460/1912/1252 1413/1852/1252 1411/1850/1252
f 1460/1911/1253 1459/1910/1253 1461/1913/1253 1462/1914/1253
f 1460/1911/1254 1462/1914/1254 1415/1857/1254 1413/1856/1254
f 1462/1914/1255 1461/1913/1255 1463/1915/1255 1464/1916/1255
f 1462/1914/1256 1464/1916/1256 1417/1859/1256 1415/1857/1256
f 1464/1916/1257 1463/1915/1257 1465/1917/1257 1466/1918/1257
f 1464/1916/1258 1466/1918/1258 1419/1861/1258 1417/1859/1258
f 1466/1918/1259 1465/1917/1259 1467/1919/1259 1424/1867/1259
f 1466/1918/1260 1424/1867/1260 1421/1863/1260 1419/1861/1260
f 1467/1919/1261 1465/1917/1261 1468/1920/1261 1469/1921/1261
f 1467/1919/1262 1469/1921/1262 1470/1922/1262 1471/1923/1262
f 1467/1919/1263 1471/1923/1263 1425/1868/1263 1424/1867/1263
f 1471/1924/1264 1470/1925/1264 1472/1926/1264 1473/1927/1264
f 1471/1924/1265 1473/1927/1265 1426/1871/1265 1425/1870/1265
f 1473/1927/1266 1472/1926/1266 1474/1928/1266 1475/1929/1266
f 1473/1927/1267 1475/1929/1267 1428/1873/1267 1426/1871/1267
f 1475/1929/1268 1474/1928/1268 1476/1930/1268 1477/1931/1268
f 1475/1929/1269 1477/1931/1269 1430/1875/1269 1428/1873/1269
f 1477/1931/1270 1476/1930/1270 1478/1932/1270 1479/1933/1270
f 1477/1931/1271 1479/1933/1271 1432/1877/1271 1430/1875/1271
f 1479/1933/1272 1478/1932/1272 1480/1934/1272 1481/1935/1272
f 1479/1933/1273 1481/1935/1273 1434/1879/1273 1432/1877/1273
f 1481/1935/1274 1480/1934/1274 1482/1936/1274 1483/1937/1274
f 1481/1938/1275 1483/1939/1275 1436/1883/1275 1434/1882/1275
f 1483/1939/1276 1482/1940/1276 1484/1941/1276 1485/1942/1276
f 1483/1939/1277 1485/1942/1277 1438/1885/1277 1436/1883/1277
f 1485/1942/1278 1484/1941/1278 1486/1943/1278 1487/1944/1278
f 1485/1942/1279 1487/1944/1279 1440/1887/1279 1438/1885/1279
f 1487/1944/1280 1486/1943/1280 1488/1945/1280 1445/1892/1280
f 1487/1944/1281 1445/1892/1281 1442/1889/1281 1440/1887/1281
f 1488/1945/1282 1486/1943/1282 1489/1946/1282 1490/1947/1282
f 1488/1945/1283 1490/1947/1283 1491/1948/1283 1492/1949/1283
f 1488/1945/1284 1492/1949/1284 1446/1893/1284 1445/1892/1284
f 1492/1949/1285 1491/1948/1285 1493/1950/1285 1494/1951/1285
f 1492/1949/1286 1494/1951/1286 1447/1894/1286 1446/1893/1286
f 1494/1952/1287 1493/1953/1287 1495/1954/1287 1496/1955/1287
f 1494/1952/1288 1496/1955/1288 1449/1898/1288 1447/1897/1288
f 1496/1955/1289 1495/1954/1289 1497/1956/1289 1498/1957/1289
f 1496/1955/1290 1498/1957/1290 1451/1900/1290 1449/1898/1290
f 1498/1957/1291 1497/1956/1291 1499/1958/1291 1500/1959/1291
f 1498/1957/1292 1500/1959/1292 1453/1902/1292 1451/1900/1292
f 1500/1959/1293 1499/1958/1293 1501/1960/1293 1502/1961/1293
f 1500/1959/1294 1502/1961/1294 1455/1904/1294 1453/1902/1294
f 1502/1961/1295 1501/1960/1295 1503/1962/1295 1504/1963/1295
f 1502/1961/1296 1504/1963/1296 1457/1906/1296 1455/1904/1296
f 1504/1963/1297 1503/1962/1297 1505/1964/1297 1506/1965/1297
f 1504/1966/1298 1506/1967/1298 1459/1910/1298 1457/1909/1298
f 1506/1967/1299 1505/1968/1299 1507/1969/1299 1508/1970/1299
f 1506/1967/1300 1508/1970/1300 1461/1913/1300 1459/1910/1300
f 1508/1970/1301 1507/1969/1301 1509/1971/1301 1510/1972/1301
f 1508/1970/1302 1510/1972/1302 1463/1915/1302 1461/1913/1302
f 1510/1972/1303 1509/1971/1303 1511/1973/1303 1468/1920/1303
f 1510/1972/1304 1468/1920/1304 1465/1917/1304 1463/1915/1304
f 1511/1973/1305 1509/1971/1305 1512/1974/1305 1513/1975/1305
f 1511/1973/1306 1513/1975/1306 1514/1976/1306 1515/1977/1306
f 1511/1973/1307 1515/1977/1307 1469/1921/1307 1468/1920/1307
f 1515/1977/1308 1514/1976/1308 1516/1978/1308 1517/1979/1308
f 1515/1977/1309 1517/1979/1309 1470/1922/1309 1469/1921/1309
f 1517/1980/1310 1516/1981/1310 1518/1982/1310 1519/1983/1310
f 1517/1980/1311 1519/1983/1311 1472/1926/1311 1470/1925/1311
f 1519/1983/1312 1518/1982/1312 1520/1984/1312 1521/1985/1312
f 1519/1983/1313 1521/1985/1313 1474/1928/1313 1472/1926/1313
f 1521/1985/1314 1520/1984/1314 1522/1986/1314 1523/1987/1314
f 1521/1985/1315 1523/1987/1315 1476/1930/1315 1474/1928/1315
f 1523/1987/1316 1522/1986/1316 1524/1988/1316 1525/1989/1316
f 1523/1987/1317 1525/1989/1317 1478/1932/1317 1476/1930/1317
f 1525/1989/1318 1524/1988/1318 1526/1990/1318 1527/1991/1318
f 1525/1989/1319 1527/1991/1319 1480/1934/1319 1478/1932/1319
f 1527/1992/1320 1526/1993/1320 1528/1994/1320 1529/1995/1320
f 1527/1992/1321 1529/1995/1321 1482/1940/1321 1480/1996/1321
f 1529/1995/1322 1528/1994/1322 1530/1997/1322 1531/1998/1322
f 1529/1995/1323 1531/1998/1323 1484/1941/1323 1482/1940/1323
f 1531/1998/1324 1530/1997/1324 1532/1999/1324 1489/1946/1324
f 1531/1998/1325 1489/1946/1325 1486/1943/1325 1484/1941/1325
f 1532/1999/1326 1530/1997/1326 1533/2000/1326 1534/2001/1326
f 1532/1999/1327 1534/2001/1327 1535/2002/1327 1536/2003/1327
f 1532/1999/1328 1536/2003/1328 1490/1947/1328 1489/1946/1328
f 1536/2003/1329 1535/2002/1329 1537/2004/1329 1538/2005/1329
f 1536/2003/1330 1538/2005/1330 1491/1948/1330 1490/1947/1330
f 1538/2005/1331 1537/2004/1331 1539/2006/1331 1540/2007/1331
f 1538/2005/1332 1540/2007/1332 1493/1950/1332 1491/1948/1332
f 1540/2008/1333 1539/2009/1333 1541/2010/1333 1542/2011/1333
f 1540/2008/1334 1542/2011/1334 1495/1954/1334 1493/1953/1334
f 1542/2011/1335 1541/2010/1335 1543/2012/1335 1544/2013/1335
f 1542/2011/1336 1544/2013/1336 1497/1956/1336 1495/1954/1336
f 1544/2013/1337 1543/2012/1337 1545/2014/1337 1546/2015/1337
f 1544/2013/1338 1546/2015/1338 1499/1958/1338 1497/1956/1338
f 1546/2015/1339 1545/2014/1339 1547/2016/1339 1548/2017/1339
f 1546/2015/1340 1548/2017/1340 1501/1960/1340 1499/1958/1340
f 1548/2017/1341 1547/2016/1341 1549/2018/1341 1550/2019/1341
f 1548/2017/1342 1550/2019/1342 1503/1962/1342 1501/1960/1342
f 1550/2020/1343 1549/2021/1343 1551/2022/1343 1552/2023/1343
f 1550/2020/1344 1552/2023/1344 1505/1968/1344 1503/2024/1344
f 1552/2023/1345 1551/2022/1345 1553/2025/1345 1554/2026/1345
f 1552/2023/1346 1554/2026/1346 1507/1969/1346 1505/1968/1346
f 1554/2026/1347 1553/2025/1347 1555/2027/1347 1512/1974/1347
f 1554/2026/1348 1512/1974/1348 1509/1971/1348 1507/1969/1348
f 1555/2027/1349 1553/2025/1349 1556/2028/1349 1557/2029/1349
f 1555/2027/1350 1557/2029/1350 1558/2030/1350 1559/2031/1350
f 1555/2027/1351 1559/2031/1351 1513/1975/1351 1512/1974/1351
f 1559/2031/1352 1558/2030/1352 1560/2032/1352 1561/2033/1352
f 1559/2031/1353 1561/2033/1353 1514/1976/1353 1513/1975/1353
f 1561/2033/1354 1560/2032/1354 1562/2034/1354 1563/2035/1354
f 1561/2033/1355 1563/2035/1355 1516/1978/1355 1514/1976/1355
f 1563/2036/1356 1562/2037/1356 1564/2038/1356 1565/2039/1356
f 1563/2036/1357 1565/2039/1357 1518/1982/1357 1516/1981/1357
f 1565/2039/1358 1564/2038/1358 1566/2040/1358 1567/2041/1358
f 1565/2039/1359 1567/2041/1359 1520/1984/1359 1518/1982/1359
f 1567/2041/1360 1566/2040/1360 1568/2042/1360 1569/2043/1360
f 1567/2041/1361 1569/2043/1361 1522/1986/1361 1520/1984/1361
f 1569/2043/1362 1568/2042/1362 1570/2044/1362 1571/2045/1362
f 1569/2043/1363 1571/2045/1363 1524/1988/1363 1522/1986/1363
f 1571/2045/1364 1570/2044/1364 1572/2046/1364 1573/2047/1364
f 1571/2045/1365 1573/2047/1365 1526/1990/1365 1524/1988/1365
f 1573/2048/1366 1572/2049/1366 1574/2050/1366 1575/2051/1366
f 1573/2048/1367 1575/2051/1367 1528/1994/1367 1526/1993/1367
f 1575/2051/1368 1574/2050/1368 1576/2052/1368 1533/2000/1368
f 1575/2051/1369 1533/2000/1369 1530/1997/1369 1528/1994/1369
f 1576/2052/1370 1574/2050/1370 1577/2053/1370 1578/2054/1370
f 1576/2052/1371 1578/2054/1371 1579/2055/1371 1580/2056/1371
f 1576/2052/1372 1580/2056/1372 1534/2001/1372 1533/2000/1372
f 1580/2056/1373 1579/2055/1373 1581/2057/1373 1582/2058/1373
f 1580/2056/1374 1582/2058/1374 1535/2002/1374 1534/2001/1374
f 1582/2058/1375 1581/2057/1375 1583/2059/1375 1584/2060/1375
f 1582/2058/1376 1584/2060/1376 1537/2004/1376 1535/2002/1376
f 1584/2060/1377 1583/2059/1377 1585/2061/1377 1586/2062/1377
f 1584/2060/1378 1586/2062/1378 1539/2006/1378 1537/2004/1378
f 1586/2063/1379 1585/2064/1379 1587/2065/1379 1588/2066/1379
f 1586/2063/1380 1588/2066/1380 1541/2010/1380 1539/2009/1380
f 1588/2066/1381 1587/2065/1381 1589/2067/1381 1590/2068/1381
f 1588/2066/1382 1590/2068/1382 1543/2012/1382 1541/2010/1382
f 1590/2068/1383 1589/2067/1383 1591/2069/1383 1592/2070/1383
f 1590/2068/1384 1592/2070/1384 1545/2014/1384 1543/2012/1384
f 1592/2070/1385 1591/2069/1385 1593/2071/1385 1594/2072/1385
f 1592/2070/1386 1594/2072/1386 1547/2016/1386 1545/2014/1386
f 1594/2072/1387 1593/2071/1387 1595/2073/1387 1596/2074/1387
f 1594/2072/1388 1596/2074/1388 1549/2018/1388 1547/2016/1388
f 1596/2075/1389 1595/2076/1389 1597/2077/1389 1598/2078/1389
f 1596/2075/1390 1598/2078/1390 1551/2022/1390 1549/2021/1390
f 1598/2078/1391 1597/2077/1391 1599/2079/1391 1556/2028/1391
f 1598/2078/1392 1556/2028/1392 1553/2025/1392 1551/2022/1392
f 1599/2079/1393 1597/2077/1393 1600/2080/1393 1601/2081/1393
f 1599/2079/1394 1601/2081/1394 1602/2082/1394 1603/2083/1394
f 1599/2079/1395 1603/2083/1395 1557/2029/1395 1556/2028/1395
f 1603/2083/1396 1602/2082/1396 1604/2084/1396 1605/2085/1396
f 1603/2083/1397 1605/2085/1397 1558/2030/1397 1557/2029/1397
f 1605/2085/1398 1604/2084/1398 1606/2086/1398 1607/2087/1398
f 1605/2085/1399 1607/2087/1399 1560/2032/1399 1558/2030/1399
f 1607/2087/1400 1606/2086/1400 1608/2088/1400 1609/2089/1400
f 1607/2087/1401 1609/2089/1401 1562/2034/1401 1560/2032/1401
f 1609/2090/1402 1608/2091/1402 1610/2092/1402 1611/2093/1402
f 1609/2090/1403 1611/2093/1403 1564/2038/1403 1562/2037/1403
f 1611/2093/1404 1610/2092/1404 1612/2094/1404 1613/2095/1404
f 1611/2093/1405 1613/2095/1405 1566/2040/1405 1564/2038/1405
f 1613/2095/1406 1612/2094/1406 1614/2096/1406 1615/2097/1406
f 1613/2095/1407 1615/2097/1407 1568/2042/1407 1566/2040/1407
f 1615/2097/1408 1614/2096/1408 1616/2098/1408 1617/2099/1408
f 1615/2097/1409 1617/2099/1409 1570/2044/1409 1568/2042/1409
f 1617/2099/1410 1616/2098/1410 1618/2100/1410 1619/2101/1410
f 1617/2099/1411 1619/2101/1411 1572/2046/1411 1570/2044/1411
f 1619/2102/1412 1618/2103/1412 1620/2104/1412 1577/2053/1412
f 1619/2102/1413 1577/2053/1413 1574/2050/1413 1572/2049/1413
f 1620/2104/1414 1618/2103/1414 1621/2105/1414 1622/2106/1414
f 1620/2104/1415 1622/2106/1415 1623/2107/1415 1624/2108/1415
f 1620/2104/1416 1624/2108/1416 1578/2054/1416 1577/2053/1416
f 1624/2108/1417 1623/2107/1417 1625/2109/1417 1626/2110/1417
f 1624/2108/1418 1626/2110/1418 1579/2055/1418 1578/2054/1418
f 1626/2110/1419 1625/2109/1419 1627/2111/1419 1628/2112/1419
f 1626/2110/1420 1628/2112/1420 1581/2057/1420 1579/2055/1420
f 1628/2112/1421 1627/2111/1421 1629/2113/1421 1630/2114/1421
f 1628/2112/1422 1630/2114/1422 1583/2059/1422 1581/2057/1422
f 1630/2114/1423 1629/2113/1423 1631/2115/1423 1632/2116/1423
f 1630/2114/1424 1632/2116/1424 1585/2061/1424 1583/2059/1424
f 1632/2117/1425 1631/2118/1425 1633/2119/1425 1634/2120/1425
f 1632/2117/1426 1634/2120/1426 1587/2065/1426 1585/2064/1426
f 1634/2120/1427 1633/2119/1427 1635/2121/1427 1636/2122/1427
f 1634/2120/1428 1636/2122/1428 1589/2067/1428 1587/2065/1428
f 1636/2122/1429 1635/2121/1429 1637/2123/1429 1638/2124/1429
f 1636/2122/1430 1638/2124/1430 1591/2069/1430 1589/2067/1430
f 1638/2124/1431 1637/2123/1431 1639/2125/1431 1640/2126/1431
f 1638/2124/1432 1640/2126/1432 1593/2071/1432 1591/2069/1432
f 1640/2126/1433 1639/2125/1433 1641/2127/1433 1642/2128/1433
f 1640/2126/1434 1642/2128/1434 1595/2073/1434 1593/2071/1434
f 1642/2129/1435 1641/2130/1435 1643/2131/1435 1600/2080/1435
f 1642/2129/1436 1600/2080/1436 1597/2077/1436 1595/2076/1436
f 1643/2131/1437 1641/2130/1437 1644/2132/1437 1645/2133/1437
f 1643/2131/1438 1645/2133/1438 1646/2134/1438 1647/2135/1438
f 1643/2131/1439 1647/2135/1439 1601/2081/1439 1600/2080/1439
f 1647/2135/1440 1646/2134/1440 1648/2136/1440 1649/2137/1440
f 1647/2135/1441 1649/2137/1441 1602/2082/1441 1601/2081/1441
f 1649/2137/1442 1648/2136/1442 1650/2138/1442 1651/2139/1442
f 1649/2137/1443 1651/2139/1443 1604/2084/1443 1602/2082/1443
f 1651/2139/1444 1650/2138/1444 1652/2140/1444 1653/2141/1444
f 1651/2139/1445 1653/2141/1445 1606/2086/1445 1604/2084/1445
f 1653/2141/1446 1652/2140/1446 1654/2142/1446 1655/2143/1446
f 1653/2141/1447 1655/2143/1447 1608/2088/1447 1606/2086/1447
f 1655/2144/1448 1654/2145/1448 1656/2146/1448 1657/2147/1448
f 1655/2144/1449 1657/2147/1449 1610/2092/1449 1608/2091/1449
f 1657/2147/1450 1656/2146/1450 1658/2148/1450 1659/2149/1450
f 1657/2147/1451 1659/2149/1451 1612/2094/1451 1610/2092/1451
f 1659/2149/1452 1658/2148/1452 1660/2150/1452 1661/2151/1452
f 1659/2149/1453 1661/2151/1453 1614/2096/1453 1612/2094/1453
f 1661/2151/1454 1660/2150/1454 1662/2152/1454 1663/2153/1454
f 1661/2151/1455 1663/2153/1455 1616/2098/1455 1614/2096/1455
f 1663/2153/1456 1662/2152/1456 1664/2154/1456 1621/2155/1456
f 1663/2153/1457 1621/2155/1457 1618/2100/1457 1616/2098/1457
f 1664/2154/1458 1662/2152/1458 1665/2156/1458 1666/2157/1458
f 1664/2158/1459 1666/2159/1459 1667/2160/1459 1668/2161/1459
f 1664/2158/1460 1668/2161/1460 1622/2106/1460 1621/2105/1460
f 1668/2161/1461 1667/2160/1461 1669/2162/1461 1670/2163/1461
f 1668/2161/1462 1670/2163/1462 1623/2107/1462 1622/2106/1462
f 1670/2163/1463 1669/2162/1463 1671/2164/1463 1672/2165/1463
f 1670/2163/1464 1672/2165/1464 1625/2109/1464 1623/2107/1464
f 1672/2165/1465 1671/2164/1465 1673/2166/1465 1674/2167/1465
f 1672/2165/1466 1674/2167/1466 1627/2111/1466 1625/2109/1466
f 1674/2167/1467 1673/2166/1467 1675/2168/1467 1676/2169/1467
f 1674/2167/1468 1676/2169/1468 1629/2113/1468 1627/2111/1468
f 1676/2169/1469 1675/2168/1469 1677/2170/1469 1678/2171/1469
f 1676/2169/1470 1678/2171/1470 1631/2115/1470 1629/2113/1470
f 1678/2172/1471 1677/2173/1471 1679/2174/1471 1680/2175/1471
f 1678/2172/1472 1680/2175/1472 1633/2119/1472 1631/2118/1472
f 1680/2175/1473 1679/2174/1473 1681/2176/1473 1682/2177/1473
f 1680/2175/1474 1682/2177/1474 1635/2121/1474 1633/2119/1474
f 1682/2177/1475 1681/2176/1475 1683/2178/1475 1684/2179/1475
f 1682/2177/1476 1684/2179/1476 1637/2123/1476 1635/2121/1476
f 1684/2179/1477 1683/2178/1477 1685/2180/1477 1686/2181/1477
f 1684/2179/1478 1686/2181/1478 1639/2125/1478 1637/2123/1478
f 1686/2181/1479 1685/2180/1479 1687/2182/1479 1644/2183/1479
f 1686/2181/1480 1644/2183/1480 1641/2127/1480 1639/2125/1480
f 1687/2182/1481 1685/2180/1481 1688/2184/1481 1689/2185/1481
f 1687/2186/1482 1689/2187/1482 1690/2188/1482 1691/2189/1482
f 1687/2190/1483 1691/2191/1483 1645/2133/1483 1644/2132/1483
f 1691/2191/1484 1690/2192/1484 1692/2193/1484 1693/2194/1484
f 1691/2191/1485 1693/2194/1485 1646/2134/1485 1645/2133/1485
f 1693/2194/1486 1692/2193/1486 1694/2195/1486 1695/2196/1486
f 1693/2194/1487 1695/2196/1487 1648/2136/1487 1646/2134/1487
f 1695/2196/1488 1694/2195/1488 1696/2197/1488 1697/2198/1488
f 1695/2196/1489 1697/2198/1489 1650/2138/1489 1648/2136/1489
f 1697/2198/1490 1696/2197/1490 1698/2199/1490 1699/2200/1490
f 1697/2198/1491 1699/2200/1491 1652/2140/1491 1650/2138/1491
f 1699/2200/1492 1698/2199/1492 1700/2201/1492 1701/2202/1492
f 1699/2200/1493 1701/2202/1493 1654/2142/1493 1652/2140/1493
f 1701/2203/1494 1700/2204/1494 1702/2205/1494 1703/2206/1494
f 1701/2203/1495 1703/2206/1495 1656/2146/1495 1654/2145/1495
f 1703/2206/1496 1702/2205/1496 1704/2207/1496 1705/2208/1496
f 1703/2206/1497 1705/2208/1497 1658/2148/1497 1656/2146/1497
f 1705/2208/1498 1704/2207/1498 1706/2209/1498 1707/2210/1498
f 1705/2208/1499 1707/2210/1499 1660/2150/1499 1658/2148/1499
f 1707/2210/1500 1706/2209/1500 1708/2211/1500 1665/2156/1500
f 1707/2210/1501 1665/2156/1501 1662/2152/1501 1660/2150/1501
f 1708/2211/1502 1706/2209/1502 1709/2212/1502 1710/2213/1502
f 1708/2211/1503 1710/2213/1503 1711/2214/1503 1712/2215/1503
f 1708/2211/1504 1712/2215/1504 1666/2157/1504 1665/2156/1504
f 1712/2216/1505 1711/2217/1505 1713/2218/1505 1714/2219/1505
f 1712/2220/1506 1714/2221/1506 1667/2160/1506 1666/2159/1506
f 1714/2221/1507 1713/2222/1507 1715/2223/1507 1716/2224/1507
f 1714/2221/1508 1716/2224/1508 1669/2162/1508 1667/2160/1508
f 1716/2224/1509 1715/2223/1509 1717/2225/1509 1718/2226/1509
f 1716/2224/1510 1718/2226/1510 1671/2164/1510 1669/2162/1510
f 1718/2226/1511 1717/2225/1511 1719/2227/1511 1720/2228/1511
f 1718/2226/1512 1720/2228/1512 1673/2166/1512 1671/2164/1512
f 1720/2228/1513 1719/2227/1513 1721/2229/1513 1722/2230/1513
f 1720/2228/1514 1722/2230/1514 1675/2168/1514 1673/2166/1514
f 1722/2230/1515 1721/2229/1515 1723/2231/1515 1724/2232/1515
f 1722/2230/1516 1724/2232/1516 1677/2170/1516 1675/2168/1516
f 1724/2233/1517 1723/2234/1517 1725/2235/1517 1726/2236/1517
f 1724/2233/1518 1726/2236/1518 1679/2174/1518 1677/2173/1518
f 1726/2236/1519 1725/2235/1519 1727/2237/1519 1728/2238/1519
f 1726/2236/1520 1728/2238/1520 1681/2176/1520 1679/2174/1520
f 1728/2238/1521 1727/2237/1521 1729/2239/1521 1730/2240/1521
f 1728/2238/1522 1730/2240/1522 1683/2178/1522 1681/2176/1522
f 1730/2240/1523 1729/2239/1523 1731/2241/1523 1688/2184/1523
f 1730/2240/1524 1688/2184/1524 1685/2180/1524 1683/2178/1524
f 1731/2241/1525 1729/2239/1525 1732/2242/1525 230/2243/1525
f 1731/2244/1526 230/244/1526 227/241/1526 1733/2245/1526
f 1731/2241/1527 1733/2246/1527 1689/2185/1527 1688/2184/1527
f 1733/2245/1528 227/241/1528 226/240/1528 1734/2247/1528
f 1733/2245/1529 1734/2247/1529 1690/2188/1529 1689/2187/1529
f 1734/2248/1530 226/2249/1530 1735/2250/1530 1736/2251/1530
f 1734/2248/1531 1736/2251/1531 1692/2193/1531 1690/2192/1531
f 1736/2251/1532 1735/2250/1532 1737/2252/1532 1738/2253/1532
f 1736/2251/1533 1738/2253/1533 1694/2195/1533 1692/2193/1533
f 1738/2253/1534 1737/2252/1534 1739/2254/1534 1740/2255/1534
f 1738/2253/1535 1740/2255/1535 1696/2197/1535 1694/2195/1535
f 1740/2255/1536 1739/2254/1536 251/2256/1536 1741/2257/1536
f 1740/2255/1537 1741/2257/1537 1698/2199/1537 1696/2197/1537
f 1741/2258/1538 251/279/1538 250/278/1538 1742/2259/1538
f 1741/2258/1539 1742/2259/1539 1700/2260/1539 1698/2261/1539
f 1742/2262/1540 250/2263/1540 255/2264/1540 1743/2265/1540
f 1742/2262/1541 1743/2265/1541 1702/2205/1541 1700/2204/1541
f 1743/2265/1542 255/2264/1542 1744/2266/1542 1745/2267/1542
f 1743/2265/1543 1745/2267/1543 1704/2207/1543 1702/2205/1543
f 1745/2267/1544 1744/2266/1544 1746/2268/1544 1709/2212/1544
f 1745/2267/1545 1709/2212/1545 1706/2209/1545 1704/2207/1545
f 1746/2269/1546 1744/2270/1546 1747/2271/1546 1748/2272/1546
f 1746/2269/1547 1748/2272/1547 1749/2273/1547 1750/2274/1547
f 1746/2268/1548 1750/2275/1548 1710/2213/1548 1709/2212/1548
f 1750/2274/1549 1749/2273/1549 289/336/1549 288/335/1549
f 1750/2275/1550 288/2276/1550 1711/2214/1550 1710/2213/1550
f 1749/2273/1551 1748/2272/1551 1751/2277/1551 1752/2278/1551
f 1749/2273/1552 1752/2278/1552 1753/2279/1552 289/336/1552
f 1753/2279/1553 1752/2278/1553 1754/2280/1553 1755/2281/1553
f 1753/2279/1554 1755/2281/1554 1756/2282/1554 1757/2283/1554
f 1753/2279/1555 1757/2283/1555 290/339/1555 289/336/1555
f 1757/2283/1556 1756/2282/1556 298/346/1556 1758/2284/1556
f 1757/2283/1557 1758/2284/1557 1759/2285/1557 290/339/1557
f 1759/2285/1558 1758/2284/1558 1760/2286/1558 1761/2287/1558
f 1759/2285/1559 1761/2287/1559 1762/2288/1559 1763/2289/1559
f 1759/2285/1560 1763/2289/1560 291/337/1560 290/339/1560
f 1763/2289/1561 1762/2288/1561 1764/2290/1561 1765/2291/1561
f 1763/2289/1562 1765/2291/1562 1766/2292/1562 291/337/1562
f 1766/2292/1563 1765/2291/1563 1767/2293/1563 1768/2294/1563
f 1766/2295/1564 1768/2296/1564 1769/2297/1564 1770/2298/1564
f 1766/2292/1565 1770/2299/1565 292/338/1565 291/337/1565
f 1770/2298/1566 1769/2297/1566 1719/2227/1566 1717/2225/1566
f 1770/2298/1567 1717/2225/1567 1715/2223/1567 292/2300/1567
f 1769/2297/1568 1768/2296/1568 1771/2301/1568 1772/2302/1568
f 1769/2297/1569 1772/2302/1569 1721/2229/1569 1719/2227/1569
f 1772/2302/1570 1771/2301/1570 1773/2303/1570 1774/2304/1570
f 1772/2302/1571 1774/2304/1571 1723/2231/1571 1721/2229/1571
f 1774/2305/1572 1773/2306/1572 1775/2307/1572 1776/2308/1572
f 1774/2305/1573 1776/2308/1573 1725/2235/1573 1723/2234/1573
f 1776/2308/1574 1775/2307/1574 1777/2309/1574 1778/2310/1574
f 1776/2308/1575 1778/2310/1575 1727/2237/1575 1725/2235/1575
f 1778/2311/1576 1777/2312/1576 1779/2313/1576 1732/2314/1576
f 1778/2310/1577 1732/2242/1577 1729/2239/1577 1727/2237/1577
f 1779/2313/1578 1777/2312/1578 1780/2315/1578 1781/2316/1578
f 1779/2313/1579 1781/2316/1579 1782/2317/1579 231/245/1579
f 1779/2313/1580 231/245/1580 230/244/1580 1732/2314/1580
f 1782/2317/1581 1781/2316/1581 1783/2318/1581 1784/2319/1581
f 1782/2317/1582 1784/2319/1582 1785/2320/1582 1786/2321/1582
f 1782/2317/1583 1786/2321/1583 29/238/1583 231/245/1583
f 1786/2321/1584 1785/2320/1584 1787/2322/1584 1788/2323/1584
f 1786/2321/1585 1788/2323/1585 228/242/1585 29/238/1585
f 1788/2323/1586 1787/2322/1586 1789/2324/1586 1790/2325/1586
f 1788/2323/1587 1790/2325/1587 1791/2326/1587 228/242/1587
f 1791/2326/1588 1790/2325/1588 222/235/1588 1792/2327/1588
f 1791/2326/1589 1792/2327/1589 1793/2328/1589 1794/2329/1589
f 1791/2326/1590 1794/2329/1590 229/243/1590 228/242/1590
f 1794/2329/1591 1793/2328/1591 1795/2330/1591 1796/2331/1591
f 1794/2329/1592 1796/2331/1592 1797/2332/1592 229/243/1592
f 1797/2332/1593 1796/2331/1593 1798/2333/1593 1799/2334/1593
f 1797/2332/1594 1799/2334/1594 1800/2335/1594 1801/2336/1594
f 1797/2332/1595 1801/2336/1595 225/239/1595 229/243/1595
f 1801/2336/1596 1800/2335/1596 1737/2337/1596 1735/2338/1596
f 1801/2336/1597 1735/2338/1597 226/240/1597 225/239/1597
f 1800/2335/1598 1799/2334/1598 1802/2339/1598 1803/2340/1598
f 1800/2335/1599 1803/2340/1599 1739/2341/1599 1737/2337/1599
f 1803/2340/1600 1802/2339/1600 1804/2342/1600 252/280/1600
f 1803/2340/1601 252/280/1601 251/279/1601 1739/2341/1601
f 1804/2342/1602 1802/2339/1602 1805/2343/1602 1806/2344/1602
f 1804/2342/1603 1806/2344/1603 1807/2345/1603 1808/2346/1603
f 1804/2342/1604 1808/2346/1604 253/283/1604 252/280/1604
f 1808/2346/1605 1807/2345/1605 1809/2347/1605 1810/2348/1605
f 1808/2346/1606 1810/2348/1606 1811/2349/1606 253/283/1606
f 1811/2349/1607 1810/2348/1607 1812/2350/1607 1813/2351/1607
f 1811/2349/1608 1813/2351/1608 1814/2352/1608 1815/2353/1608
f 1811/2349/1609 1815/2353/1609 254/281/1609 253/283/1609
f 1815/2353/1610 1814/2352/1610 1816/2354/1610 1817/2355/1610
f 1815/2353/1611 1817/2355/1611 1747/2271/1611 254/281/1611
f 1817/2355/1612 1816/2354/1612 1818/2356/1612 1751/2277/1612
f 1817/2355/1613 1751/2277/1613 1748/2272/1613 1747/2271/1613
f 1818/2356/1614 1816/2354/1614 1819/2357/1614 1820/2358/1614
f 1818/2356/1615 1820/2358/1615 1821/2359/1615 1754/2280/1615
f 1818/2356/1616 1754/2280/1616 1752/2278/1616 1751/2277/1616
f 1821/2359/1617 1820/2358/1617 1822/2360/1617 1823/2361/1617
f 1821/2359/1618 1823/2361/1618 1824/2362/1618 1825/2363/1618
f 1821/2359/1619 1825/2363/1619 1755/2281/1619 1754/2280/1619
f 1825/2363/1620 1824/2362/1620 1826/2364/1620 1827/2365/1620
f 1825/2363/1621 1827/2365/1621 1756/2282/1621 1755/2281/1621
f 1827/2365/1622 1826/2364/1622 294/342/1622 293/341/1622
f 1827/2365/1623 293/341/1623 298/346/1623 1756/2282/1623
f 1826/2364/1624 1824/2362/1624 1828/2366/1624 1829/2367/1624
f 1826/2368/1625 1829/2369/1625 1830/2370/1625 294/2371/1625
f 1830/2370/1626 1829/2369/1626 1831/2372/1626 1832/2373/1626
f 1830/2370/1627 1832/2373/1627 1833/2374/1627 1834/2375/1627
f 1830/2370/1628 1834/2375/1628 295/2376/1628 294/2371/1628
f 1834/2377/1629 1833/2378/1629 1835/2379/1629 1836/2380/1629
f 1834/2377/1630 1836/2380/1630 296/2381/1630 295/2382/1630
f 1836/2380/1631 1835/2379/1631 1837/2383/1631 1838/2384/1631
f 1836/2385/1632 1838/2386/1632 1839/2387/1632 296/344/1632
f 1839/2387/1633 1838/2386/1633 1840/2388/1633 1841/2389/1633
f 1839/2387/1634 1841/2389/1634 1761/2287/1634 1760/2286/1634
f 1839/2387/1635 1760/2286/1635 297/345/1635 296/344/1635
f 1841/2389/1636 1840/2388/1636 1842/2390/1636 1843/2391/1636
f 1841/2389/1637 1843/2391/1637 1762/2288/1637 1761/2287/1637
f 1843/2391/1638 1842/2390/1638 1844/2392/1638 1845/2393/1638
f 1843/2391/1639 1845/2393/1639 1764/2290/1639 1762/2288/1639
f 1845/2393/1640 1844/2392/1640 1846/2394/1640 1847/2395/1640
f 1845/2393/1641 1847/2395/1641 1848/2396/1641 1764/2290/1641
f 1848/2396/1642 1847/2395/1642 1849/2397/1642 258/287/1642
f 1848/2396/1643 258/287/1643 257/286/1643 1767/2293/1643
f 1848/2396/1644 1767/2293/1644 1765/2291/1644 1764/2290/1644
f 1849/2397/1645 1847/2395/1645 1846/2394/1645 1850/2398/1645
f 1849/2397/1646 1850/2398/1646 1851/2399/1646 1852/2400/1646
f 1849/2397/1647 1852/2400/1647 259/290/1647 258/287/1647
f 1852/2400/1648 1851/2399/1648 1853/2401/1648 1854/2402/1648
f 1852/2400/1649 1854/2402/1649 1855/2403/1649 259/290/1649
f 1855/2403/1650 1854/2402/1650 1856/2404/1650 1857/2405/1650
f 1855/2403/1651 1857/2405/1651 1858/2406/1651 1859/2407/1651
f 1855/2403/1652 1859/2407/1652 260/288/1652 259/290/1652
f 1859/2407/1653 1858/2406/1653 1860/2408/1653 1861/2409/1653
f 1859/2407/1654 1861/2409/1654 1862/2410/1654 260/288/1654
f 1862/2410/1655 1861/2409/1655 1863/2411/1655 1783/2318/1655
f 1862/2410/1656 1783/2318/1656 1781/2316/1656 1780/2315/1656
f 1862/2410/1657 1780/2315/1657 261/289/1657 260/288/1657
f 1863/2411/1658 1861/2409/1658 1860/2408/1658 1864/2412/1658
f 1863/2411/1659 1864/2412/1659 1865/2413/1659 1866/2414/1659
f 1863/2411/1660 1866/2414/1660 1784/2319/1660 1783/2318/1660
f 1866/2414/1661 1865/2413/1661 1867/2415/1661 1868/2416/1661
f 1866/2414/1662 1868/2416/1662 1785/2320/1662 1784/2319/1662
f 1868/2417/1663 1867/2418/1663 1869/2419/1663 1870/2420/1663
f 1868/2416/1664 1870/2421/1664 1787/2322/1664 1785/2320/1664
f 1870/2420/1665 1869/2419/1665 1871/2422/1665 1872/2423/1665
f 1870/2421/1666 1872/2424/1666 1789/2324/1666 1787/2322/1666
f 1872/2423/1667 1871/2422/1667 1873/2425/1667 1874/2426/1667
f 1872/2423/1668 1874/2426/1668 223/2427/1668 1789/2428/1668
f 1874/2429/1669 1873/2430/1669 1875/2431/1669 1876/2432/1669
f 1874/2429/1670 1876/2432/1670 224/2433/1670 223/2434/1670
f 1876/2432/1671 1875/2431/1671 1877/2435/1671 1878/2436/1671
f 1876/2432/1672 1878/2436/1672 1879/2437/1672 224/2433/1672
f 1879/2437/1673 1878/2436/1673 1880/2438/1673 1881/2439/1673
f 1879/2440/1674 1881/2441/1674 1882/2442/1674 1883/2443/1674
f 1879/2440/1675 1883/2443/1675 221/234/1675 224/237/1675
f 1883/2443/1676 1882/2442/1676 1793/2328/1676 1792/2327/1676
f 1883/2443/1677 1792/2327/1677 222/235/1677 221/234/1677
f 1882/2442/1678 1881/2441/1678 1884/2444/1678 1885/2445/1678
f 1882/2442/1679 1885/2445/1679 1795/2330/1679 1793/2328/1679
f 1885/2445/1680 1884/2444/1680 1886/2446/1680 1887/2447/1680
f 1885/2445/1681 1887/2447/1681 1888/2448/1681 1795/2330/1681
f 1888/2448/1682 1887/2447/1682 1889/2449/1682 1890/2450/1682
f 1888/2448/1683 1890/2450/1683 1805/2343/1683 1798/2333/1683
f 1888/2448/1684 1798/2333/1684 1796/2331/1684 1795/2330/1684
f 1890/2450/1685 1889/2449/1685 1891/2451/1685 1892/2452/1685
f 1890/2450/1686 1892/2452/1686 1806/2344/1686 1805/2343/1686
f 1892/2452/1687 1891/2451/1687 1893/2453/1687 1894/2454/1687
f 1892/2452/1688 1894/2454/1688 1807/2345/1688 1806/2344/1688
f 1894/2454/1689 1893/2453/1689 1895/2455/1689 1896/2456/1689
f 1894/2454/1690 1896/2456/1690 1809/2347/1690 1807/2345/1690
f 1896/2456/1691 1895/2455/1691 239/260/1691 238/259/1691
f 1896/2456/1692 238/259/1692 242/263/1692 1809/2347/1692
f 1895/2455/1693 1893/2453/1693 1897/2457/1693 1898/2458/1693
f 1895/2455/1694 1898/2458/1694 1899/2459/1694 239/260/1694
f 1899/2460/1695 1898/2461/1695 1900/2462/1695 1901/2463/1695
f 1899/2460/1696 1901/2463/1696 1902/2464/1696 1903/2465/1696
f 1899/2460/1697 1903/2465/1697 240/2466/1697 239/2467/1697
f 1903/2468/1698 1902/2469/1698 1904/2470/1698 1905/2471/1698
f 1903/2468/1699 1905/2471/1699 243/2472/1699 240/2473/1699
f 1905/2471/1700 1904/2470/1700 1906/2474/1700 1907/2475/1700
f 1905/2471/1701 1907/2475/1701 1908/2476/1701 243/2472/1701
f 1908/2477/1702 1907/2478/1702 1909/2479/1702 1910/2480/1702
f 1908/2477/1703 1910/2480/1703 1911/2481/1703 1912/2482/1703
f 1908/2477/1704 1912/2482/1704 241/262/1704 243/264/1704
f 1912/2482/1705 1911/2481/1705 1813/2351/1705 1812/2350/1705
f 1912/2482/1706 1812/2350/1706 242/263/1706 241/262/1706
f 1911/2481/1707 1910/2480/1707 1913/2483/1707 1914/2484/1707
f 1911/2481/1708 1914/2484/1708 1814/2352/1708 1813/2351/1708
f 1914/2484/1709 1913/2483/1709 1915/2485/1709 1819/2357/1709
f 1914/2484/1710 1819/2357/1710 1816/2354/1710 1814/2352/1710
f 1915/2485/1711 1913/2483/1711 1916/2486/1711 1917/2487/1711
f 1915/2485/1712 1917/2487/1712 1918/2488/1712 1822/2360/1712
f 1915/2485/1713 1822/2360/1713 1820/2358/1713 1819/2357/1713
f 1918/2489/1714 1917/2490/1714 1919/2491/1714 1920/2492/1714
f 1918/2489/1715 1920/2492/1715 1921/2493/1715 1922/2494/1715
f 1918/2488/1716 1922/2495/1716 1823/2361/1716 1822/2360/1716
f 1922/2494/1717 1921/2493/1717 1923/2496/1717 1828/2497/1717
f 1922/2495/1718 1828/2366/1718 1824/2362/1718 1823/2361/1718
f 1923/2496/1719 1921/2493/1719 1924/2498/1719 1925/2499/1719
f 1923/2496/1720 1925/2499/1720 1926/2500/1720 1831/2372/1720
f 1923/2496/1721 1831/2372/1721 1829/2369/1721 1828/2497/1721
f 1926/2500/1722 1925/2499/1722 1927/2501/1722 1928/2502/1722
f 1926/2500/1723 1928/2502/1723 1929/2503/1723 1930/2504/1723
f 1926/2500/1724 1930/2504/1724 1832/2373/1724 1831/2372/1724
f 1930/2504/1725 1929/2503/1725 1931/2505/1725 1932/2506/1725
f 1930/2504/1726 1932/2506/1726 1833/2374/1726 1832/2373/1726
f 1932/2507/1727 1931/2508/1727 1933/2509/1727 1934/2510/1727
f 1932/2507/1728 1934/2510/1728 1835/2379/1728 1833/2378/1728
f 1934/2510/1729 1933/2509/1729 1935/2511/1729 1936/2512/1729
f 1934/2510/1730 1936/2512/1730 1837/2383/1730 1835/2379/1730
f 1936/2512/1731 1935/2511/1731 1937/2513/1731 1938/2514/1731
f 1936/2512/1732 1938/2514/1732 1939/2515/1732 1837/2383/1732
f 1939/2515/1733 1938/2514/1733 1940/2516/1733 1941/2517/1733
f 1939/2515/1734 1941/2517/1734 1842/2518/1734 1840/2519/1734
f 1939/2515/1735 1840/2519/1735 1838/2384/1735 1837/2383/1735
f 1941/2517/1736 1940/2516/1736 1942/2520/1736 1943/2521/1736
f 1941/2522/1737 1943/2523/1737 1844/2392/1737 1842/2390/1737
f 1943/2521/1738 1942/2520/1738 1944/2524/1738 1945/2525/1738
f 1943/2523/1739 1945/2526/1739 1846/2394/1739 1844/2392/1739
f 1945/2525/1740 1944/2524/1740 1946/2527/1740 1947/2528/1740
f 1945/2526/1741 1947/2529/1741 1850/2398/1741 1846/2394/1741
f 1947/2529/1742 1946/2530/1742 1948/2531/1742 1949/2532/1742
f 1947/2529/1743 1949/2532/1743 1851/2399/1743 1850/2398/1743
f 1949/2532/1744 1948/2531/1744 277/314/1744 276/313/1744
f 1949/2532/1745 276/313/1745 1853/2401/1745 1851/2399/1745
f 1948/2533/1746 1946/2527/1746 1950/2534/1746 1951/2535/1746
f 1948/2533/1747 1951/2535/1747 278/317/1747 277/316/1747
f 1951/2535/1748 1950/2534/1748 1952/2536/1748 1953/2537/1748
f 1951/2535/1749 1953/2537/1749 1954/2538/1749 278/317/1749
f 1954/2538/1750 1953/2537/1750 1955/2539/1750 1956/2540/1750
f 1954/2538/1751 1956/2540/1751 1957/2541/1751 1958/2542/1751
f 1954/2538/1752 1958/2542/1752 279/318/1752 278/317/1752
f 1958/2542/1753 1957/2541/1753 1959/2543/1753 1960/2544/1753
f 1958/2542/1754 1960/2544/1754 280/2545/1754 279/318/1754
f 1960/2546/1755 1959/2547/1755 1961/2548/1755 1962/2549/1755
f 1960/2546/1756 1962/2549/1756 1963/2550/1756 280/2551/1756
f 1963/2552/1757 1962/2553/1757 1964/2554/1757 1965/2555/1757
f 1963/2552/1758 1965/2555/1758 1856/2404/1758 1966/2556/1758
f 1963/2552/1759 1966/2556/1759 275/312/1759 280/320/1759
f 1966/2556/1760 1853/2401/1760 276/313/1760 275/312/1760
f 1966/2556/1761 1856/2404/1761 1854/2402/1761 1853/2401/1761
f 1965/2555/1762 1964/2554/1762 1967/2557/1762 1968/2558/1762
f 1965/2555/1763 1968/2558/1763 1857/2405/1763 1856/2404/1763
f 1968/2558/1764 1967/2557/1764 1969/2559/1764 1970/2560/1764
f 1968/2558/1765 1970/2560/1765 1858/2406/1765 1857/2405/1765
f 1970/2560/1766 1969/2559/1766 1971/2561/1766 1972/2562/1766
f 1970/2560/1767 1972/2562/1767 1860/2408/1767 1858/2406/1767
f 1972/2563/1768 1971/2564/1768 1973/2565/1768 1974/2566/1768
f 1972/2562/1769 1974/2567/1769 1864/2412/1769 1860/2408/1769
f 1974/2566/1770 1973/2565/1770 1975/2568/1770 1976/2569/1770
f 1974/2566/1771 1976/2569/1771 1865/2570/1771 1864/2571/1771
f 1976/2569/1772 1975/2568/1772 1977/2572/1772 1978/2573/1772
f 1976/2569/1773 1978/2573/1773 1867/2418/1773 1865/2570/1773
f 1978/2573/1774 1977/2572/1774 1979/2574/1774 1980/2575/1774
f 1978/2573/1775 1980/2575/1775 1869/2419/1775 1867/2418/1775
f 1980/2575/1776 1979/2574/1776 1981/2576/1776 1982/2577/1776
f 1980/2575/1777 1982/2577/1777 1871/2422/1777 1869/2419/1777
f 1982/2577/1778 1981/2576/1778 1983/2578/1778 1984/2579/1778
f 1982/2577/1779 1984/2579/1779 1873/2425/1779 1871/2422/1779
f 1984/2580/1780 1983/2581/1780 1985/2582/1780 1986/2583/1780
f 1984/2580/1781 1986/2583/1781 1875/2431/1781 1873/2430/1781
f 1986/2583/1782 1985/2582/1782 1987/2584/1782 1988/2585/1782
f 1986/2583/1783 1988/2585/1783 1877/2435/1783 1875/2431/1783
f 1988/2585/1784 1987/2584/1784 1989/2586/1784 1990/2587/1784
f 1988/2585/1785 1990/2587/1785 1991/2588/1785 1877/2435/1785
f 1991/2588/1786 1990/2587/1786 1992/2589/1786 1993/2590/1786
f 1991/2588/1787 1993/2590/1787 1994/2591/1787 1880/2438/1787
f 1991/2588/1788 1880/2438/1788 1878/2436/1788 1877/2435/1788
f 1994/2591/1789 1993/2590/1789 1995/2592/1789 1996/2593/1789
f 1994/2594/1790 1996/2595/1790 1886/2446/1790 1884/2444/1790
f 1994/2591/1791 1884/2596/1791 1881/2439/1791 1880/2438/1791
f 1996/2593/1792 1995/2592/1792 1997/2597/1792 1998/2598/1792
f 1996/2595/1793 1998/2599/1793 1999/2600/1793 1886/2446/1793
f 1999/2601/1794 1998/2598/1794 2000/2602/1794 2001/2603/1794
f 1999/2600/1795 2001/2604/1795 1891/2451/1795 1889/2449/1795
f 1999/2600/1796 1889/2449/1796 1887/2447/1796 1886/2446/1796
f 2001/2603/1797 2000/2602/1797 2002/2605/1797 1897/2606/1797
f 2001/2604/1798 1897/2457/1798 1893/2453/1798 1891/2451/1798
f 2002/2605/1799 2000/2602/1799 2003/2607/1799 2004/2608/1799
f 2002/2605/1800 2004/2608/1800 2005/2609/1800 1900/2462/1800
f 2002/2605/1801 1900/2462/1801 1898/2461/1801 1897/2606/1801
f 2005/2609/1802 2004/2608/1802 2006/2610/1802 2007/2611/1802
f 2005/2609/1803 2007/2611/1803 2008/2612/1803 2009/2613/1803
f 2005/2609/1804 2009/2613/1804 1901/2463/1804 1900/2462/1804
f 2009/2613/1805 2008/2612/1805 2010/2614/1805 2011/2615/1805
f 2009/2613/1806 2011/2615/1806 1902/2464/1806 1901/2463/1806
f 2011/2616/1807 2010/2617/1807 2012/2618/1807 2013/2619/1807
f 2011/2616/1808 2013/2619/1808 1904/2470/1808 1902/2469/1808
f 2013/2619/1809 2012/2618/1809 2014/2620/1809 2015/2621/1809
f 2013/2619/1810 2015/2621/1810 1906/2474/1810 1904/2470/1810
f 2015/2621/1811 2014/2620/1811 2016/2622/1811 2017/2623/1811
f 2015/2621/1812 2017/2623/1812 2018/2624/1812 1906/2474/1812
f 2018/2624/1813 2017/2623/1813 2019/2625/1813 2020/2626/1813
f 2018/2624/1814 2020/2626/1814 1916/2627/1814 1909/2628/1814
f 2018/2624/1815 1909/2628/1815 1907/2475/1815 1906/2474/1815
f 2020/2626/1816 2019/2625/1816 2021/2629/1816 1919/2491/1816
f 2020/2626/1817 1919/2491/1817 1917/2490/1817 1916/2627/1817
f 2021/2629/1818 2019/2625/1818 2022/2630/1818 2023/2631/1818
f 2021/2629/1819 2023/2631/1819 2024/2632/1819 2025/2633/1819
f 2021/2629/1820 2025/2633/1820 1920/2492/1820 1919/2491/1820
f 2025/2633/1821 2024/2632/1821 2026/2634/1821 1924/2498/1821
f 2025/2633/1822 1924/2498/1822 1921/2493/1822 1920/2492/1822
f 2026/2634/1823 2024/2632/1823 2027/2635/1823 2028/2636/1823
f 2026/2634/1824 2028/2636/1824 2029/2637/1824 1927/2501/1824
f 2026/2634/1825 1927/2501/1825 1925/2499/1825 1924/2498/1825
f 2029/2637/1826 2028/2636/1826 2030/2638/1826 2031/2639/1826
f 2029/2637/1827 2031/2639/1827 2032/2640/1827 2033/2641/1827
f 2029/2637/1828 2033/2641/1828 1928/2502/1828 1927/2501/1828
f 2033/2641/1829 2032/2640/1829 2034/2642/1829 2035/2643/1829
f 2033/2641/1830 2035/2643/1830 1929/2503/1830 1928/2502/1830
f 2035/2643/1831 2034/2642/1831 2036/2644/1831 2037/2645/1831
f 2035/2643/1832 2037/2645/1832 1931/2505/1832 1929/2503/1832
f 2037/2646/1833 2036/2647/1833 2038/2648/1833 2039/2649/1833
f 2037/2646/1834 2039/2649/1834 1933/2509/1834 1931/2508/1834
f 2039/2649/1835 2038/2648/1835 2040/2650/1835 2041/2651/1835
f 2039/2649/1836 2041/2651/1836 1935/2511/1836 1933/2509/1836
f 2041/2651/1837 2040/2650/1837 2042/2652/1837 2043/2653/1837
f 2041/2651/1838 2043/2653/1838 1937/2513/1838 1935/2511/1838
f 2043/2653/1839 2042/2652/1839 2044/2654/1839 2045/2655/1839
f 2043/2653/1840 2045/2655/1840 2046/2656/1840 1937/2513/1840
f 2046/2656/1841 2045/2655/1841 2047/2657/1841 2048/2658/1841
f 2046/2656/1842 2048/2658/1842 1942/2520/1842 1940/2516/1842
f 2046/2656/1843 1940/2516/1843 1938/2514/1843 1937/2513/1843
f 2048/2658/1844 2047/2657/1844 2049/2659/1844 2050/2660/1844
f 2048/2658/1845 2050/2660/1845 1944/2524/1845 1942/2520/1845
f 2050/2660/1846 2049/2659/1846 1952/2536/1846 1950/2534/1846
f 2050/2660/1847 1950/2534/1847 1946/2527/1847 1944/2524/1847
f 2049/2659/1848 2047/2657/1848 2051/2661/1848 2052/2662/1848
f 2049/2659/1849 2052/2662/1849 2053/2663/1849 1952/2536/1849
f 2053/2663/1850 2052/2662/1850 2054/2664/1850 2055/2665/1850
f 2053/2663/1851 2055/2665/1851 2056/2666/1851 1955/2539/1851
f 2053/2663/1852 1955/2539/1852 1953/2537/1852 1952/2536/1852
f 2056/2666/1853 2055/2665/1853 2057/2667/1853 2058/2668/1853
f 2056/2666/1854 2058/2668/1854 2059/2669/1854 2060/2670/1854
f 2056/2666/1855 2060/2670/1855 1956/2540/1855 1955/2539/1855
f 2060/2670/1856 2059/2669/1856 2061/2671/1856 2062/2672/1856
f 2060/2670/1857 2062/2672/1857 1957/2541/1857 1956/2540/1857
f 2062/2672/1858 2061/2671/1858 2063/2673/1858 2064/2674/1858
f 2062/2672/1859 2064/2674/1859 1959/2543/1859 1957/2541/1859
f 2064/2675/1860 2063/2676/1860 2065/2677/1860 2066/2678/1860
f 2064/2675/1861 2066/2678/1861 1961/2548/1861 1959/2547/1861
f 2066/2678/1862 2065/2677/1862 2067/2679/1862 2068/2680/1862
f 2066/2678/1863 2068/2680/1863 2069/2681/1863 1961/2548/1863
f 2069/2681/1864 2068/2680/1864 2070/2682/1864 2071/2683/1864
f 2069/2681/1865 2071/2683/1865 1967/2684/1865 1964/2685/1865
f 2069/2681/1866 1964/2685/1866 1962/2549/1866 1961/2548/1866
f 2071/2683/1867 2070/2682/1867 2072/2686/1867 2073/2687/1867
f 2071/2683/1868 2073/2687/1868 1969/2688/1868 1967/2684/1868
f 2073/2687/1869 2072/2686/1869 2074/2689/1869 2075/2690/1869
f 2073/2687/1870 2075/2690/1870 1971/2564/1870 1969/2688/1870
f 2075/2690/1871 2074/2689/1871 2076/2691/1871 2077/2692/1871
f 2075/2690/1872 2077/2692/1872 1973/2565/1872 1971/2564/1872
f 2077/2692/1873 2076/2691/1873 2078/2693/1873 2079/2694/1873
f 2077/2692/1874 2079/2694/1874 1975/2568/1874 1973/2565/1874
f 2079/2694/1875 2078/2693/1875 2080/2695/1875 2081/2696/1875
f 2079/2694/1876 2081/2696/1876 1977/2572/1876 1975/2568/1876
f 2081/2696/1877 2080/2695/1877 2082/2697/1877 2083/2698/1877
f 2081/2696/1878 2083/2698/1878 1979/2574/1878 1977/2572/1878
f 2083/2698/1879 2082/2697/1879 2084/2699/1879 2085/2700/1879
f 2083/2698/1880 2085/2700/1880 1981/2576/1880 1979/2574/1880
f 2085/2700/1881 2084/2699/1881 2086/2701/1881 2087/2702/1881
f 2085/2700/1882 2087/2702/1882 1983/2578/1882 1981/2576/1882
f 2087/2703/1883 2086/2704/1883 2088/2705/1883 2089/2706/1883
f 2087/2703/1884 2089/2706/1884 1985/2582/1884 1983/2581/1884
f 2089/2706/1885 2088/2705/1885 2090/2707/1885 2091/2708/1885
f 2089/2706/1886 2091/2708/1886 1987/2584/1886 1985/2582/1886
f 2091/2708/1887 2090/2707/1887 2092/2709/1887 2093/2710/1887
f 2091/2708/1888 2093/2710/1888 1989/2586/1888 1987/2584/1888
f 2093/2710/1889 2092/2709/1889 2094/2711/1889 2095/2712/1889
f 2093/2710/1890 2095/2712/1890 2096/2713/1890 1989/2586/1890
f 2096/2713/1891 2095/2712/1891 2097/2714/1891 2098/2715/1891
f 2096/2713/1892 2098/2715/1892 2099/2716/1892 1992/2589/1892
f 2096/2713/1893 1992/2589/1893 1990/2587/1893 1989/2586/1893
f 2099/2716/1894 2098/2715/1894 2100/2717/1894 2101/2718/1894
f 2099/2716/1895 2101/2718/1895 1997/2597/1895 1995/2592/1895
f 2099/2716/1896 1995/2592/1896 1993/2590/1896 1992/2589/1896
f 2101/2718/1897 2100/2717/1897 2102/2719/1897 2103/2720/1897
f 2101/2718/1898 2103/2720/1898 2003/2607/1898 1997/2597/1898
f 2103/2720/1899 2102/2719/1899 2104/2721/1899 2006/2610/1899
f 2103/2720/1900 2006/2610/1900 2004/2608/1900 2003/2607/1900
f 2104/2721/1901 2102/2719/1901 2105/2722/1901 2106/2723/1901
f 2104/2721/1902 2106/2723/1902 2107/2724/1902 2108/2725/1902
f 2104/2721/1903 2108/2725/1903 2007/2611/1903 2006/2610/1903
f 2108/2725/1904 2107/2724/1904 2109/2726/1904 2110/2727/1904
f 2108/2725/1905 2110/2727/1905 2008/2612/1905 2007/2611/1905
f 2110/2727/1906 2109/2726/1906 2111/2728/1906 2112/2729/1906
f 2110/2727/1907 2112/2729/1907 2010/2614/1907 2008/2612/1907
f 2112/2730/1908 2111/2731/1908 2113/2732/1908 2114/2733/1908
f 2112/2730/1909 2114/2733/1909 2012/2618/1909 2010/2617/1909
f 2114/2733/1910 2113/2732/1910 2115/2734/1910 2116/2735/1910
f 2114/2733/1911 2116/2735/1911 2014/2620/1911 2012/2618/1911
f 2116/2735/1912 2115/2734/1912 2117/2736/1912 2118/2737/1912
f 2116/2735/1913 2118/2737/1913 2016/2622/1913 2014/2620/1913
f 2118/2737/1914 2117/2736/1914 2119/2738/1914 2120/2739/1914
f 2118/2737/1915 2120/2739/1915 2022/2630/1915 2016/2622/1915
f 2120/2739/1916 2119/2738/1916 2121/2740/1916 2122/2741/1916
f 2120/2739/1917 2122/2741/1917 2023/2631/1917 2022/2630/1917
f 2122/2741/1918 2121/2740/1918 2123/2742/1918 2027/2635/1918
f 2122/2741/1919 2027/2635/1919 2024/2632/1919 2023/2631/1919
f 2123/2742/1920 2121/2740/1920 2124/2743/1920 2125/2744/1920
f 2123/2742/1921 2125/2744/1921 2126/2745/1921 2030/2638/1921
f 2123/2742/1922 2030/2638/1922 2028/2636/1922 2027/2635/1922
f 2126/2745/1923 2125/2744/1923 2127/2746/1923 2128/2747/1923
f 2126/2745/1924 2128/2747/1924 2129/2748/1924 2130/2749/1924
f 2126/2745/1925 2130/2749/1925 2031/2639/1925 2030/2638/1925
f 2130/2749/1926 2129/2748/1926 2131/2750/1926 2132/2751/1926
f 2130/2749/1927 2132/2751/1927 2032/2640/1927 2031/2639/1927
f 2132/2751/1928 2131/2750/1928 2133/2752/1928 2134/2753/1928
f 2132/2751/1929 2134/2753/1929 2034/2642/1929 2032/2640/1929
f 2134/2753/1930 2133/2752/1930 2135/2754/1930 2136/2755/1930
f 2134/2753/1931 2136/2755/1931 2036/2644/1931 2034/2642/1931
f 2136/2756/1932 2135/2757/1932 2137/2758/1932 2138/2759/1932
f 2136/2756/1933 2138/2759/1933 2038/2648/1933 2036/2647/1933
f 2138/2759/1934 2137/2758/1934 2139/2760/1934 2140/2761/1934
f 2138/2759/1935 2140/2761/1935 2040/2650/1935 2038/2648/1935
f 2140/2761/1936 2139/2760/1936 2141/2762/1936 2142/2763/1936
f 2140/2761/1937 2142/2763/1937 2042/2652/1937 2040/2650/1937
f 2142/2763/1938 2141/2762/1938 2143/2764/1938 2144/2765/1938
f 2142/2763/1939 2144/2765/1939 2044/2654/1939 2042/2652/1939
f 2144/2765/1940 2143/2764/1940 2145/2766/1940 2146/2767/1940
f 2144/2765/1941 2146/2767/1941 2051/2661/1941 2044/2654/1941
f 2146/2767/1942 2145/2766/1942 2147/2768/1942 2054/2664/1942
f 2146/2767/1943 2054/2664/1943 2052/2662/1943 2051/2661/1943
f 2147/2768/1944 2145/2766/1944 2148/2769/1944 2149/2770/1944
f 2147/2768/1945 2149/2770/1945 2150/2771/1945 2057/2667/1945
f 2147/2768/1946 2057/2667/1946 2055/2665/1946 2054/2664/1946
f 2150/2771/1947 2149/2770/1947 2151/2772/1947 2152/2773/1947
f 2150/2771/1948 2152/2773/1948 2153/2774/1948 2154/2775/1948
f 2150/2771/1949 2154/2775/1949 2058/2668/1949 2057/2667/1949
f 2154/2775/1950 2153/2774/1950 2155/2776/1950 2156/2777/1950
f 2154/2775/1951 2156/2777/1951 2059/2669/1951 2058/2668/1951
f 2156/2777/1952 2155/2776/1952 2157/2778/1952 2158/2779/1952
f 2156/2777/1953 2158/2779/1953 2061/2671/1953 2059/2669/1953
f 2158/2779/1954 2157/2778/1954 2159/2780/1954 2160/2781/1954
f 2158/2779/1955 2160/2781/1955 2063/2673/1955 2061/2671/1955
f 2160/2782/1956 2159/2783/1956 2161/2784/1956 2162/2785/1956
f 2160/2782/1957 2162/2785/1957 2065/2677/1957 2063/2676/1957
f 2162/2785/1958 2161/2784/1958 2163/2786/1958 2164/2787/1958
f 2162/2785/1959 2164/2787/1959 2067/2679/1959 2065/2677/1959
f 2164/2787/1960 2163/2786/1960 2165/2788/1960 2166/2789/1960
f 2164/2787/1961 2166/2789/1961 2167/2790/1961 2067/2679/1961
f 2167/2790/1962 2166/2789/1962 2168/2791/1962 2169/2792/1962
f 2167/2790/1963 2169/2792/1963 2072/2686/1963 2070/2682/1963
f 2167/2790/1964 2070/2682/1964 2068/2680/1964 2067/2679/1964
f 2169/2792/1965 2168/2791/1965 2170/2793/1965 2171/2794/1965
f 2169/2792/1966 2171/2794/1966 2074/2689/1966 2072/2686/1966
f 2171/2794/1967 2170/2793/1967 2172/2795/1967 2173/2796/1967
f 2171/2794/1968 2173/2796/1968 2076/2691/1968 2074/2689/1968
f 2173/2796/1969 2172/2795/1969 2174/2797/1969 2175/2798/1969
f 2173/2796/1970 2175/2798/1970 2078/2693/1970 2076/2691/1970
f 2175/2798/1971 2174/2797/1971 2176/2799/1971 2177/2800/1971
f 2175/2798/1972 2177/2800/1972 2080/2695/1972 2078/2693/1972
f 2177/2800/1973 2176/2799/1973 2178/2801/1973 2179/2802/1973
f 2177/2800/1974 2179/2802/1974 2082/2697/1974 2080/2695/1974
f 2179/2802/1975 2178/2801/1975 2180/2803/1975 2181/2804/1975
f 2179/2802/1976 2181/2804/1976 2084/2699/1976 2082/2697/1976
f 2181/2804/1977 2180/2803/1977 2182/2805/1977 2183/2806/1977
f 2181/2804/1978 2183/2806/1978 2086/2701/1978 2084/2699/1978
f 2183/2807/1979 2182/2808/1979 2184/2809/1979 2185/2810/1979
f 2183/2807/1980 2185/2810/1980 2088/2705/1980 2086/2704/1980
f 2185/2810/1981 2184/2809/1981 2186/2811/1981 2187/2812/1981
f 2185/2810/1982 2187/2812/1982 2090/2707/1982 2088/2705/1982
f 2187/2812/1983 2186/2811/1983 2188/2813/1983 2189/2814/1983
f 2187/2812/1984 2189/2814/1984 2092/2709/1984 2090/2707/1984
f 2189/2814/1985 2188/2813/1985 2190/2815/1985 2191/2816/1985
f 2189/2814/1986 2191/2816/1986 2094/2711/1986 2092/2709/1986
f 2191/2816/1987 2190/2815/1987 2192/2817/1987 2193/2818/1987
f 2191/2816/1988 2193/2818/1988 2194/2819/1988 2094/2711/1988
f 2194/2819/1989 2193/2818/1989 2195/2820/1989 2196/2821/1989
f 2194/2819/1990 2196/2821/1990 2197/2822/1990 2097/2714/1990
f 2194/2819/1991 2097/2714/1991 2095/2712/1991 2094/2711/1991
f 2197/2822/1992 2196/2821/1992 2198/2823/1992 2105/2722/1992
f 2197/2822/1993 2105/2722/1993 2102/2719/1993 2100/2717/1993
f 2197/2822/1994 2100/2717/1994 2098/2715/1994 2097/2714/1994
f 2198/2823/1995 2196/2821/1995 2195/2820/1995 2199/2824/1995
f 2198/2823/1996 2199/2824/1996 2200/2825/1996 2201/2826/1996
f 2198/2823/1997 2201/2826/1997 2106/2723/1997 2105/2722/1997
f 2201/2826/1998 2200/2825/1998 2202/2827/1998 2203/2828/1998
f 2201/2826/1999 2203/2828/1999 2107/2724/1999 2106/2723/1999
f 2203/2828/2000 2202/2827/2000 2204/2829/2000 2205/2830/2000
f 2203/2828/2001 2205/2830/2001 2109/2726/2001 2107/2724/2001
f 2205/2830/2002 2204/2829/2002 2206/2831/2002 2207/2832/2002
f 2205/2830/2003 2207/2832/2003 2111/2728/2003 2109/2726/2003
f 2207/2833/2004 2206/2834/2004 2208/2835/2004 2209/2836/2004
f 2207/2833/2005 2209/2836/2005 2113/2732/2005 2111/2731/2005
f 2209/2836/2006 2208/2835/2006 2210/2837/2006 2211/2838/2006
f 2209/2836/2007 2211/2838/2007 2115/2734/2007 2113/2732/2007
f 2211/2838/2008 2210/2837/2008 2212/2839/2008 2213/2840/2008
f 2211/2838/2009 2213/2840/2009 2117/2736/2009 2115/2734/2009
f 2213/2840/2010 2212/2839/2010 2214/2841/2010 2215/2842/2010
f 2213/2840/2011 2215/2842/2011 2119/2738/2011 2117/2736/2011
f 2215/2842/2012 2214/2841/2012 2216/2843/2012 2124/2743/2012
f 2215/2842/2013 2124/2743/2013 2121/2740/2013 2119/2738/2013
f 2216/2843/2014 2214/2841/2014 2217/2844/2014 2218/2845/2014
f 2216/2843/2015 2218/2845/2015 2219/2846/2015 2127/2746/2015
f 2216/2843/2016 2127/2746/2016 2125/2744/2016 2124/2743/2016
f 2219/2846/2017 2218/2845/2017 2220/2847/2017 2221/2848/2017
f 2219/2846/2018 2221/2848/2018 2222/2849/2018 2223/2850/2018
f 2219/2846/2019 2223/2850/2019 2128/2747/2019 2127/2746/2019
f 2223/2850/2020 2222/2849/2020 2224/2851/2020 2225/2852/2020
f 2223/2850/2021 2225/2852/2021 2129/2748/2021 2128/2747/2021
f 2225/2852/2022 2224/2851/2022 2226/2853/2022 2227/2854/2022
f 2225/2852/2023 2227/2854/2023 2131/2750/2023 2129/2748/2023
f 2227/2854/2024 2226/2853/2024 2228/2855/2024 2229/2856/2024
f 2227/2854/2025 2229/2856/2025 2133/2752/2025 2131/2750/2025
f 2229/2856/2026 2228/2855/2026 2230/2857/2026 2231/2858/2026
f 2229/2856/2027 2231/2858/2027 2135/2754/2027 2133/2752/2027
f 2231/2859/2028 2230/2860/2028 2232/2861/2028 2233/2862/2028
f 2231/2859/2029 2233/2862/2029 2137/2758/2029 2135/2757/2029
f 2233/2862/2030 2232/2861/2030 2234/2863/2030 2235/2864/2030
f 2233/2862/2031 2235/2864/2031 2139/2760/2031 2137/2758/2031
f 2235/2864/2032 2234/2863/2032 2236/2865/2032 2237/2866/2032
f 2235/2864/2033 2237/2866/2033 2141/2762/2033 2139/2760/2033
f 2237/2866/2034 2236/2865/2034 2238/2867/2034 2239/2868/2034
f 2237/2866/2035 2239/2868/2035 2143/2764/2035 2141/2762/2035
f 2239/2868/2036 2238/2867/2036 2240/2869/2036 2148/2769/2036
f 2239/2868/2037 2148/2769/2037 2145/2766/2037 2143/2764/2037
f 2240/2869/2038 2238/2867/2038 2241/2870/2038 2242/2871/2038
f 2240/2869/2039 2242/2871/2039 2243/2872/2039 2151/2772/2039
f 2240/2869/2040 2151/2772/2040 2149/2770/2040 2148/2769/2040
f 2243/2872/2041 2242/2871/2041 2244/2873/2041 2245/2874/2041
f 2243/2872/2042 2245/2874/2042 2246/2875/2042 2247/2876/2042
f 2243/2872/2043 2247/2876/2043 2152/2773/2043 2151/2772/2043
f 2247/2876/2044 2246/2875/2044 2248/2877/2044 2249/2878/2044
f 2247/2876/2045 2249/2878/2045 2153/2774/2045 2152/2773/2045
f 2249/2878/2046 2248/2877/2046 2250/2879/2046 2251/2880/2046
f 2249/2878/2047 2251/2880/2047 2155/2776/2047 2153/2774/2047
f 2251/2880/2048 2250/2879/2048 2252/2881/2048 2253/2882/2048
f 2251/2880/2049 2253/2882/2049 2157/2778/2049 2155/2776/2049
f 2253/2882/2050 2252/2881/2050 2254/2883/2050 2255/2884/2050
f 2253/2882/2051 2255/2884/2051 2159/2780/2051 2157/2778/2051
f 2255/2885/2052 2254/2886/2052 2256/2887/2052 2257/2888/2052
f 2255/2885/2053 2257/2888/2053 2161/2784/2053 2159/2783/2053
f 2257/2888/2054 2256/2887/2054 2258/2889/2054 2259/2890/2054
f 2257/2888/2055 2259/2890/2055 2163/2786/2055 2161/2784/2055
f 2259/2890/2056 2258/2889/2056 2260/2891/2056 2261/2892/2056
f 2259/2890/2057 2261/2892/2057 2165/2788/2057 2163/2786/2057
f 2261/2892/2058 2260/2891/2058 2262/2893/2058 2263/2894/2058
f 2261/2892/2059 2263/2894/2059 2264/2895/2059 2165/2788/2059
f 2264/2895/2060 2263/2894/2060 2265/2896/2060 2266/2897/2060
f 2264/2895/2061 2266/2897/2061 2170/2793/2061 2168/2791/2061
f 2264/2895/2062 2168/2791/2062 2166/2789/2062 2165/2788/2062
f 2266/2897/2063 2265/2896/2063 2267/2898/2063 2268/2899/2063
f 2266/2897/2064 2268/2899/2064 2172/2795/2064 2170/2793/2064
f 2268/2899/2065 2267/2898/2065 2269/2900/2065 2270/2901/2065
f 2268/2899/2066 2270/2901/2066 2174/2797/2066 2172/2795/2066
f 2270/2901/2067 2269/2900/2067 2271/2902/2067 2272/2903/2067
f 2270/2901/2068 2272/2903/2068 2176/2799/2068 2174/2797/2068
f 2272/2903/2069 2271/2902/2069 2273/2904/2069 2274/2905/2069
f 2272/2903/2070 2274/2905/2070 2178/2801/2070 2176/2799/2070
f 2274/2905/2071 2273/2904/2071 2275/2906/2071 2276/2907/2071
f 2274/2905/2072 2276/2907/2072 2180/2803/2072 2178/2801/2072
f 2276/2907/2073 2275/2906/2073 2277/2908/2073 2278/2909/2073
f 2276/2907/2074 2278/2909/2074 2182/2805/2074 2180/2803/2074
f 2278/2910/2075 2277/2911/2075 2279/2912/2075 2280/2913/2075
f 2278/2910/2076 2280/2913/2076 2184/2809/2076 2182/2808/2076
f 2280/2913/2077 2279/2912/2077 2281/2914/2077 2282/2915/2077
f 2280/2913/2078 2282/2915/2078 2186/2811/2078 2184/2809/2078
f 2282/2915/2079 2281/2914/2079 2283/2916/2079 2284/2917/2079
f 2282/2915/2080 2284/2917/2080 2188/2813/2080 2186/2811/2080
f 2284/2917/2081 2283/2916/2081 2285/2918/2081 2286/2919/2081
f 2284/2917/2082 2286/2919/2082 2190/2815/2082 2188/2813/2082
f 2286/2919/2083 2285/2918/2083 2287/2920/2083 2288/2921/2083
f 2286/2919/2084 2288/2921/2084 2192/2817/2084 2190/2815/2084
f 2288/2921/2085 2287/2920/2085 2289/2922/2085 2290/2923/2085
f 2288/2921/2086 2290/2923/2086 2291/2924/2086 2192/2817/2086
f 2291/2924/2087 2290/2923/2087 2292/2925/2087 2293/2926/2087
f 2291/2924/2088 2293/2926/2088 2199/2824/2088 2195/2820/2088
f 2291/2924/2089 2195/2820/2089 2193/2818/2089 2192/2817/2089
f 2293/2926/2090 2292/2925/2090 2294/2927/2090 2295/2928/2090
f 2293/2926/2091 2295/2928/2091 2200/2825/2091 2199/2824/2091
f 2295/2928/2092 2294/2927/2092 2296/2929/2092 2297/2930/2092
f 2295/2928/2093 2297/2930/2093 2202/2827/2093 2200/2825/2093
f 2297/2930/2094 2296/2929/2094 2298/2931/2094 2299/2932/2094
f 2297/2930/2095 2299/2932/2095 2204/2829/2095 2202/2827/2095
f 2299/2932/2096 2298/2931/2096 2300/2933/2096 2301/2934/2096
f 2299/2932/2097 2301/2934/2097 2206/2831/2097 2204/2829/2097
f 2301/2935/2098 2300/2936/2098 2302/2937/2098 2303/2938/2098
f 2301/2935/2099 2303/2938/2099 2208/2835/2099 2206/2834/2099
f 2303/2938/2100 2302/2937/2100 2304/2939/2100 2305/2940/2100
f 2303/2938/2101 2305/2940/2101 2210/2837/2101 2208/2835/2101
f 2305/2940/2102 2304/2939/2102 2306/2941/2102 2307/2942/2102
f 2305/2940/2103 2307/2942/2103 2212/2839/2103 2210/2837/2103
f 2307/2942/2104 2306/2941/2104 2308/2943/2104 2217/2844/2104
f 2307/2942/2105 2217/2844/2105 2214/2841/2105 2212/2839/2105
f 2308/2943/2106 2306/2941/2106 2309/2944/2106 2310/2945/2106
f 2308/2943/2107 2310/2945/2107 2311/2946/2107 2220/2847/2107
f 2308/2943/2108 2220/2847/2108 2218/2845/2108 2217/2844/2108
f 2311/2946/2109 2310/2945/2109 2312/2947/2109 2313/2948/2109
f 2311/2946/2110 2313/2948/2110 2314/2949/2110 2315/2950/2110
f 2311/2946/2111 2315/2950/2111 2221/2848/2111 2220/2847/2111
f 2315/2950/2112 2314/2949/2112 2316/2951/2112 2317/2952/2112
f 2315/2950/2113 2317/2952/2113 2222/2849/2113 2221/2848/2113
f 2317/2952/2114 2316/2951/2114 2318/2953/2114 2319/2954/2114
f 2317/2952/2115 2319/2954/2115 2224/2851/2115 2222/2849/2115
f 2319/2954/2116 2318/2953/2116 2320/2955/2116 2321/2956/2116
f 2319/2954/2117 2321/2956/2117 2226/2853/2117 2224/2851/2117
f 2321/2956/2118 2320/2955/2118 2322/2957/2118 2323/2958/2118
f 2321/2956/2119 2323/2958/2119 2228/2855/2119 2226/2853/2119
f 2323/2958/2120 2322/2957/2120 2324/2959/2120 2325/2960/2120
f 2323/2958/2121 2325/2960/2121 2230/2857/2121 2228/2855/2121
f 2325/2961/2122 2324/2962/2122 2326/2963/2122 2327/2964/2122
f 2325/2961/2123 2327/2964/2123 2232/2861/2123 2230/2860/2123
f 2327/2964/2124 2326/2963/2124 2328/2965/2124 2329/2966/2124
f 2327/2964/2125 2329/2966/2125 2234/2863/2125 2232/2861/2125
f 2329/2966/2126 2328/2965/2126 2330/2967/2126 2331/2968/2126
f 2329/2966/2127 2331/2968/2127 2236/2865/2127 2234/2863/2127
f 2331/2968/2128 2330/2967/2128 2332/2969/2128 2241/2870/2128
f 2331/2968/2129 2241/2870/2129 2238/2867/2129 2236/2865/2129
f 2332/2969/2130 2330/2967/2130 2333/2970/2130 2334/2971/2130
f 2332/2969/2131 2334/2971/2131 2335/2972/2131 2244/2873/2131
f 2332/2969/2132 2244/2873/2132 2242/2871/2132 2241/2870/2132
f 2335/2972/2133 2334/2971/2133 2336/2973/2133 2337/2974/2133
f 2335/2972/2134 2337/2974/2134 2338/2975/2134 2339/2976/2134
f 2335/2972/2135 2339/2976/2135 2245/2874/2135 2244/2873/2135
f 2339/2976/2136 2338/2975/2136 2340/2977/2136 2341/2978/2136
f 2339/2976/2137 2341/2978/2137 2246/2875/2137 2245/2874/2137
f 2341/2978/2138 2340/2977/2138 2342/2979/2138 2343/2980/2138
f 2341/2978/2139 2343/2980/2139 2248/2877/2139 2246/2875/2139
f 2343/2980/2140 2342/2979/2140 2344/2981/2140 2345/2982/2140
f 2343/2980/2141 2345/2982/2141 2250/2879/2141 2248/2877/2141
f 2345/2982/2142 2344/2981/2142 2346/2983/2142 2347/2984/2142
f 2345/2982/2143 2347/2984/2143 2252/2881/2143 2250/2879/2143
f 2347/2984/2144 2346/2983/2144 2348/2985/2144 2349/2986/2144
f 2347/2984/2145 2349/2986/2145 2254/2883/2145 2252/2881/2145
f 2349/2987/2146 2348/2988/2146 2350/2989/2146 2351/2990/2146
f 2349/2987/2147 2351/2990/2147 2256/2887/2147 2254/2886/2147
f 2351/2990/2148 2350/2989/2148 2352/2991/2148 2353/2992/2148
f 2351/2990/2149 2353/2992/2149 2258/2889/2149 2256/2887/2149
f 2353/2992/2150 2352/2991/2150 2354/2993/2150 2355/2994/2150
f 2353/2992/2151 2355/2994/2151 2260/2891/2151 2258/2889/2151
f 2355/2994/2152 2354/2993/2152 2356/2995/2152 2357/2996/2152
f 2355/2994/2153 2357/2996/2153 2262/2893/2153 2260/2891/2153
f 2357/2996/2154 2356/2995/2154 2358/2997/2154 2359/2998/2154
f 2357/2996/2155 2359/2998/2155 2360/2999/2155 2262/2893/2155
f 2360/2999/2156 2359/2998/2156 2361/3000/2156 2362/3001/2156
f 2360/2999/2157 2362/3001/2157 2267/2898/2157 2265/2896/2157
f 2360/2999/2158 2265/2896/2158 2263/2894/2158 2262/2893/2158
f 2362/3001/2159 2361/3000/2159 2363/3002/2159 2364/3003/2159
f 2362/3001/2160 2364/3003/2160 2269/2900/2160 2267/2898/2160
f 2364/3003/2161 2363/3002/2161 2365/3004/2161 2366/3005/2161
f 2364/3003/2162 2366/3005/2162 2271/2902/2162 2269/2900/2162
f 2366/3005/2163 2365/3004/2163 2367/3006/2163 2368/3007/2163
f 2366/3005/2164 2368/3007/2164 2273/2904/2164 2271/2902/2164
f 2368/3007/2165 2367/3006/2165 2369/3008/2165 2370/3009/2165
f 2368/3007/2166 2370/3009/2166 2275/2906/2166 2273/2904/2166
f 2370/3009/2167 2369/3008/2167 2371/3010/2167 2372/3011/2167
f 2370/3009/2168 2372/3011/2168 2277/2908/2168 2275/2906/2168
f 2372/3012/2169 2371/3013/2169 2373/3014/2169 2374/3015/2169
f 2372/3012/2170 2374/3015/2170 2279/2912/2170 2277/2911/2170
f 2374/3015/2171 2373/3014/2171 2375/3016/2171 2376/3017/2171
f 2374/3015/2172 2376/3017/2172 2281/2914/2172 2279/2912/2172
f 2376/3017/2173 2375/3016/2173 2377/3018/2173 2378/3019/2173
f 2376/3017/2174 2378/3019/2174 2283/2916/2174 2281/2914/2174
f 2378/3019/2175 2377/3018/2175 2379/3020/2175 2380/3021/2175
f 2378/3019/2176 2380/3021/2176 2285/2918/2176 2283/2916/2176
f 2380/3021/2177 2379/3020/2177 2381/3022/2177 2382/3023/2177
f 2380/3021/2178 2382/3023/2178 2287/2920/2178 2285/2918/2178
f 2382/3023/2179 2381/3022/2179 2383/3024/2179 2384/3025/2179
f 2382/3023/2180 2384/3025/2180 2289/2922/2180 2287/2920/2180
f 2384/3025/2181 2383/3024/2181 2385/3026/2181 2386/3027/2181
f 2384/3025/2182 2386/3027/2182 2387/3028/2182 2289/2922/2182
f 2387/3028/2183 2386/3027/2183 2388/3029/2183 2389/3030/2183
f 2387/3028/2184 2389/3030/2184 2294/2927/2184 2292/2925/2184
f 2387/3028/2185 2292/2925/2185 2290/2923/2185 2289/2922/2185
f 2389/3030/2186 2388/3029/2186 2390/3031/2186 2391/3032/2186
f 2389/3030/2187 2391/3032/2187 2296/2929/2187 2294/2927/2187
f 2391/3032/2188 2390/3031/2188 2392/3033/2188 2393/3034/2188
f 2391/3032/2189 2393/3034/2189 2298/2931/2189 2296/2929/2189
f 2393/3034/2190 2392/3033/2190 2394/3035/2190 2395/3036/2190
f 2393/3034/2191 2395/3036/2191 2300/2933/2191 2298/2931/2191
f 2395/3037/2192 2394/3038/2192 2396/3039/2192 2397/3040/2192
f 2395/3037/2193 2397/3040/2193 2302/2937/2193 2300/2936/2193
f 2397/3040/2194 2396/3039/2194 2398/3041/2194 2399/3042/2194
f 2397/3040/2195 2399/3042/2195 2304/2939/2195 2302/2937/2195
f 2399/3042/2196 2398/3041/2196 2400/3043/2196 2309/2944/2196
f 2399/3042/2197 2309/2944/2197 2306/2941/2197 2304/2939/2197
f 2400/3043/2198 2398/3041/2198 2401/3044/2198 2402/3045/2198
f 2400/3043/2199 2402/3045/2199 2403/3046/2199 2312/2947/2199
f 2400/3043/2200 2312/2947/2200 2310/2945/2200 2309/2944/2200
f 2403/3046/2201 2402/3045/2201 2404/3047/2201 2405/3048/2201
f 2403/3046/2202 2405/3048/2202 2406/3049/2202 2407/3050/2202
f 2403/3046/2203 2407/3050/2203 2313/2948/2203 2312/2947/2203
f 2407/3050/2204 2406/3049/2204 2408/3051/2204 2409/3052/2204
f 2407/3050/2205 2409/3052/2205 2314/2949/2205 2313/2948/2205
f 2409/3052/2206 2408/3051/2206 2410/3053/2206 2411/3054/2206
f 2409/3052/2207 2411/3054/2207 2316/2951/2207 2314/2949/2207
f 2411/3054/2208 2410/3053/2208 2412/3055/2208 2413/3056/2208
f 2411/3054/2209 2413/3056/2209 2318/2953/2209 2316/2951/2209
f 2413/3056/2210 2412/3055/2210 2414/3057/2210 2415/3058/2210
f 2413/3056/2211 2415/3058/2211 2320/2955/2211 2318/2953/2211
f 2415/3058/2212 2414/3057/2212 2416/3059/2212 2417/3060/2212
f 2415/3058/2213 2417/3060/2213 2322/2957/2213 2320/2955/2213
f 2417/3060/2214 2416/3059/2214 2418/3061/2214 2419/3062/2214
f 2417/3060/2215 2419/3062/2215 2324/2959/2215 2322/2957/2215
f 2419/3063/2216 2418/3064/2216 2420/3065/2216 2421/3066/2216
f 2419/3063/2217 2421/3066/2217 2326/2963/2217 2324/2962/2217
f 2421/3066/2218 2420/3065/2218 2422/3067/2218 2423/3068/2218
f 2421/3066/2219 2423/3068/2219 2328/2965/2219 2326/2963/2219
f 2423/3068/2220 2422/3067/2220 2424/3069/2220 2333/2970/2220
f 2423/3068/2221 2333/2970/2221 2330/2967/2221 2328/2965/2221
f 2424/3069/2222 2422/3067/2222 2425/3070/2222 2426/3071/2222
f 2424/3069/2223 2426/3071/2223 2427/3072/2223 2336/2973/2223
f 2424/3069/2224 2336/2973/2224 2334/2971/2224 2333/2970/2224
f 2427/3073/2225 2426/3074/2225 2428/3075/2225 2429/3076/2225
f 2427/3073/2226 2429/3076/2226 2430/3077/2226 2431/3078/2226
f 2427/3073/2227 2431/3078/2227 2337/3079/2227 2336/3080/2227
f 2431/3078/2228 2430/3077/2228 2432/3081/2228 2433/3082/2228
f 2431/3078/2229 2433/3082/2229 2338/3083/2229 2337/3079/2229
f 2433/3082/2230 2432/3081/2230 2434/3084/2230 2435/3085/2230
f 2433/3082/2231 2435/3085/2231 2340/3086/2231 2338/3083/2231
f 2435/3085/2232 2434/3084/2232 2436/3087/2232 2437/3088/2232
f 2435/3085/2233 2437/3088/2233 2342/3089/2233 2340/3086/2233
f 2437/3088/2234 2436/3087/2234 2438/3090/2234 2439/3091/2234
f 2437/3092/2235 2439/3093/2235 2344/2981/2235 2342/2979/2235
f 2440/3094/2236 2441/3095/2236 2442/3096/2236 2443/3097/2236
f 2439/3091/2237 2438/3090/2237 2440/3094/2237 2443/3097/2237
f 2439/3093/2238 2443/3098/2238 2346/2983/2238 2344/2981/2238
f 2443/3098/2239 2444/3099/2239 2348/2985/2239 2346/2983/2239
f 2444/3100/2240 2445/3101/2240 2350/2989/2240 2348/2988/2240
f 2445/3102/2241 2442/3096/2241 2446/3103/2241 2447/3104/2241
f 2445/3101/2242 2447/3105/2242 2352/2991/2242 2350/2989/2242
f 2447/3104/2243 2446/3103/2243 2448/3106/2243 2449/3107/2243
f 2447/3104/2244 2449/3107/2244 2354/3108/2244 2352/3109/2244
f 2449/3107/2245 2448/3106/2245 2450/3110/2245 2451/3111/2245
f 2449/3107/2246 2451/3111/2246 2356/3112/2246 2354/3108/2246
f 2451/3111/2247 2450/3110/2247 2452/3113/2247 2453/3114/2247
f 2451/3111/2248 2453/3114/2248 2358/3115/2248 2356/3112/2248
f 2453/3114/2249 2452/3113/2249 2454/3116/2249 2455/3117/2249
f 2453/3114/2250 2455/3117/2250 2456/3118/2250 2358/3115/2250
f 2456/3118/2251 2455/3117/2251 2457/3119/2251 2458/3120/2251
f 2456/3121/2252 2458/3122/2252 2363/3002/2252 2361/3000/2252
f 2456/3121/2253 2361/3000/2253 2359/2998/2253 2358/2997/2253
f 2458/3120/2254 2457/3119/2254 2459/3123/2254 2460/3124/2254
f 2458/3122/2255 2460/3125/2255 2365/3004/2255 2363/3002/2255
f 2460/3124/2256 2459/3123/2256 77/35/2256 76/34/2256
f 2460/3125/2257 76/3126/2257 2367/3006/2257 2365/3004/2257
f 2459/3123/2258 2457/3119/2258 2461/3127/2258 2462/3128/2258
f 2459/3123/2259 2462/3128/2259 2463/3129/2259 77/35/2259
f 2463/3129/2260 2462/3128/2260 2464/3130/2260 2465/3131/2260
f 2463/3129/2261 2465/3131/2261 2466/3132/2261 2467/3133/2261
f 2463/3129/2262 2467/3133/2262 4/30/2262 77/35/2262
f 2467/3133/2263 2466/3132/2263 2468/3134/2263 2469/3135/2263
f 2467/3133/2264 2469/3135/2264 78/36/2264 4/30/2264
f 2469/3135/2265 2468/3134/2265 2470/3136/2265 2471/3137/2265
f 2469/3135/2266 2471/3137/2266 2472/3138/2266 78/36/2266
f 2472/3138/2267 2473/3139/2267 79/37/2267 78/36/2267
f 2472/3138/2268 2471/3137/2268 2474/3140/2268 2475/3141/2268
f 2472/3138/2269 2475/3141/2269 2476/3142/2269 2473/3139/2269
f 2476/3142/2270 2477/3143/2270 2478/3144/2270 2473/3139/2270
f 2476/3142/2271 2475/3141/2271 2479/3145/2271 2480/3146/2271
f 2476/3142/2272 2480/3146/2272 2481/3147/2272 2477/3143/2272
f 2481/3147/2273 2480/3146/2273 2482/3148/2273 2483/3149/2273
f 2481/3147/2274 2483/3149/2274 2484/3150/2274 2485/3151/2274
f 2481/3147/2275 2485/3151/2275 2486/3152/2275 2477/3143/2275
f 2486/3152/2276 2485/3151/2276 2487/3153/2276 2488/3154/2276
f 2486/3152/2277 2488/3154/2277 2489/3155/2277 2490/3156/2277
f 2486/3152/2278 2490/3156/2278 2478/3144/2278 2477/3143/2278
f 2490/3156/2279 2489/3155/2279 2491/3157/2279 2492/3158/2279
f 2490/3156/2280 2492/3158/2280 2493/3159/2280 2478/3144/2280
f 2493/3159/2281 79/37/2281 2473/3139/2281 2478/3144/2281
f 2493/3159/2282 2492/3158/2282 2494/3160/2282 2495/3161/2282
f 2493/3159/2283 2495/3161/2283 73/31/2283 79/37/2283
f 2495/3161/2284 2494/3160/2284 2496/3162/2284 2497/3163/2284
f 2495/3164/2285 2497/3165/2285 74/3166/2285 73/3167/2285
f 2497/3165/2286 2496/3168/2286 2375/3016/2286 2373/3014/2286
f 2497/3165/2287 2373/3014/2287 2371/3013/2287 74/3166/2287
f 2496/3162/2288 2494/3160/2288 2498/3169/2288 2499/3170/2288
f 2496/3168/2289 2499/3171/2289 2377/3018/2289 2375/3016/2289
f 2499/3170/2290 2498/3169/2290 2500/3172/2290 2501/3173/2290
f 2499/3171/2291 2501/3174/2291 2379/3020/2291 2377/3018/2291
f 2501/3173/2292 2500/3172/2292 2502/3175/2292 2503/3176/2292
f 2501/3174/2293 2503/3177/2293 2381/3022/2293 2379/3020/2293
f 2503/3176/2294 2502/3175/2294 2504/3178/2294 2505/3179/2294
f 2503/3177/2295 2505/3180/2295 2383/3024/2295 2381/3022/2295
f 2505/3179/2296 2504/3178/2296 2506/3181/2296 2507/3182/2296
f 2505/3180/2297 2507/3183/2297 2385/3026/2297 2383/3024/2297
f 2507/3182/2298 2506/3181/2298 2508/3184/2298 2509/3185/2298
f 2507/3183/2299 2509/3186/2299 2510/3187/2299 2385/3026/2299
f 2510/3187/2300 2509/3186/2300 2511/3188/2300 2512/3189/2300
f 2510/3187/2301 2512/3189/2301 2390/3031/2301 2388/3029/2301
f 2510/3187/2302 2388/3029/2302 2386/3027/2302 2385/3026/2302
f 2512/3189/2303 2511/3188/2303 124/3190/2303 2513/3191/2303
f 2512/3189/2304 2513/3191/2304 2392/3033/2304 2390/3031/2304
f 2513/3191/2305 124/3190/2305 123/3192/2305 2514/3193/2305
f 2513/3191/2306 2514/3193/2306 2394/3035/2306 2392/3033/2306
f 2514/3194/2307 123/3195/2307 128/3196/2307 2515/3197/2307
f 2514/3194/2308 2515/3197/2308 2396/3039/2308 2394/3038/2308
f 2515/3197/2309 128/3196/2309 2516/3198/2309 2401/3044/2309
f 2515/3197/2310 2401/3044/2310 2398/3041/2310 2396/3039/2310
f 2516/3199/2311 128/107/2311 127/106/2311 2517/3200/2311
f 2516/3199/2312 2517/3200/2312 2518/3201/2312 2404/3202/2312
f 2516/3198/2313 2404/3047/2313 2402/3045/2313 2401/3044/2313
f 2518/3201/2314 2517/3200/2314 2519/3203/2314 2520/3204/2314
f 2518/3201/2315 2520/3204/2315 2521/3205/2315 2522/3206/2315
f 2518/3201/2316 2522/3206/2316 2405/3207/2316 2404/3202/2316
f 2522/3206/2317 2521/3205/2317 2523/3208/2317 2524/3209/2317
f 2522/3206/2318 2524/3209/2318 2406/3210/2318 2405/3207/2318
f 2524/3209/2319 2523/3208/2319 2525/3211/2319 2526/3212/2319
f 2524/3209/2320 2526/3212/2320 2408/3213/2320 2406/3210/2320
f 2526/3212/2321 2525/3211/2321 2527/3214/2321 2528/3215/2321
f 2526/3212/2322 2528/3215/2322 2410/3216/2322 2408/3213/2322
f 2528/3215/2323 2527/3214/2323 2529/3217/2323 2530/3218/2323
f 2528/3215/2324 2530/3218/2324 2412/3219/2324 2410/3216/2324
f 2530/3218/2325 2529/3217/2325 266/296/2325 2531/3220/2325
f 2530/3221/2326 2531/3222/2326 2414/3057/2326 2412/3055/2326
f 2531/3220/2327 266/296/2327 265/295/2327 2532/3223/2327
f 2531/3222/2328 2532/3224/2328 2416/3059/2328 2414/3057/2328
f 2532/3224/2329 265/3225/2329 268/3226/2329 2533/3227/2329
f 2532/3224/2330 2533/3227/2330 2418/3061/2330 2416/3059/2330
f 2533/3228/2331 268/3229/2331 2534/3230/2331 2535/3231/2331
f 2533/3228/2332 2535/3231/2332 2420/3065/2332 2418/3064/2332
f 2535/3232/2333 2534/3233/2333 2536/3234/2333 2425/3235/2333
f 2535/3231/2334 2425/3070/2334 2422/3067/2334 2420/3065/2334
f 2536/3234/2335 2534/3233/2335 2537/3236/2335 2538/3237/2335
f 2536/3234/2336 2538/3237/2336 2539/3238/2336 2428/3075/2336
f 2536/3234/2337 2428/3075/2337 2426/3074/2337 2425/3235/2337
f 2539/3238/2338 2538/3237/2338 2540/3239/2338 2541/3240/2338
f 2539/3238/2339 2541/3240/2339 2542/3241/2339 2543/3242/2339
f 2539/3238/2340 2543/3242/2340 2429/3076/2340 2428/3075/2340
f 2543/3242/2341 2542/3241/2341 2544/3243/2341 2545/3244/2341
f 2543/3242/2342 2545/3244/2342 2430/3077/2342 2429/3076/2342
f 2545/3244/2343 2544/3243/2343 2546/3245/2343 2547/3246/2343
f 2545/3244/2344 2547/3246/2344 2432/3081/2344 2430/3077/2344
f 2547/3246/2345 2546/3245/2345 2548/3247/2345 2549/3248/2345
f 2547/3246/2346 2549/3248/2346 2434/3084/2346 2432/3081/2346
f 2549/3248/2347 2548/3247/2347 2550/3249/2347 2551/3250/2347
f 2549/3248/2348 2551/3250/2348 2436/3087/2348 2434/3084/2348
f 2551/3250/2349 2550/3249/2349 2552/3251/2349 2553/3252/2349
f 2551/3250/2350 2553/3252/2350 2438/3090/2350 2436/3087/2350
f 2553/3252/2351 2552/3251/2351 2554/3253/2351 2555/3254/2351
f 2553/3252/2352 2555/3254/2352 2440/3094/2352 2438/3090/2352
f 2555/3254/2353 2554/3253/2353 2556/3255/2353 2557/3256/2353
f 2555/3254/2354 2557/3256/2354 2558/3257/2354 2440/3094/2354
f 2558/3257/2355 2557/3256/2355 2559/3258/2355 2560/3259/2355
f 2558/3257/2356 2560/3259/2356 2561/3260/2356 2562/3261/2356
f 2558/3257/2357 2562/3261/2357 2441/3095/2357 2440/3094/2357
f 2562/3261/2358 2561/3260/2358 2563/3262/2358 2564/3263/2358
f 2562/3261/2359 2564/3263/2359 2565/3264/2359 2441/3095/2359
f 2565/3264/2360 2564/3263/2360 2566/3265/2360 2567/3266/2360
f 2565/3264/2361 2567/3266/2361 2448/3106/2361 2446/3103/2361
f 2565/3264/2362 2446/3103/2362 2442/3096/2362 2441/3095/2362
f 2567/3266/2363 2566/3265/2363 2568/3267/2363 2569/3268/2363
f 2567/3266/2364 2569/3268/2364 2450/3110/2364 2448/3106/2364
f 2569/3268/2365 2568/3267/2365 2570/3269/2365 2571/3270/2365
f 2569/3268/2366 2571/3270/2366 2452/3113/2366 2450/3110/2366
f 2571/3270/2367 2570/3269/2367 2572/3271/2367 2573/3272/2367
f 2571/3270/2368 2573/3272/2368 2454/3116/2368 2452/3113/2368
f 2573/3272/2369 2572/3271/2369 2574/3273/2369 2575/3274/2369
f 2573/3272/349 2575/3274/349 2461/3127/349 2454/3116/349
f 2575/3274/2370 2574/3273/2370 2576/3275/2370 2464/3130/2370
f 2575/3274/2371 2464/3130/2371 2462/3128/2371 2461/3127/2371
f 2576/3275/2372 2574/3273/2372 2577/3276/2372 2578/3277/2372
f 2576/3275/2373 2578/3277/2373 2579/3278/2373 2580/3279/2373
f 2576/3275/2374 2580/3279/2374 2465/3131/2374 2464/3130/2374
f 2580/3279/2375 2579/3278/2375 2581/3280/2375 2582/3281/2375
f 2580/3279/2376 2582/3281/2376 2466/3132/2376 2465/3131/2376
f 2582/3281/2377 2581/3280/2377 2583/3282/2377 2584/3283/2377
f 2582/3281/2378 2584/3283/2378 2468/3134/2378 2466/3132/2378
f 2584/3283/2379 2583/3282/2379 2585/3284/2379 2586/3285/2379
f 2584/3283/2380 2586/3285/2380 2470/3136/2380 2468/3134/2380
f 2586/3286/2381 2585/3287/2381 2587/3288/2381 2588/3289/2381
f 2586/3285/2382 2588/3290/2382 2589/3291/2382 2470/3136/2382
f 2589/3291/2383 2474/3140/2383 2471/3137/2383 2470/3136/2383
f 2589/3291/2384 2588/3290/2384 66/3292/2384 65/18/2384
f 2589/3291/2385 65/18/2385 64/17/2385 2474/3140/2385
f 2588/3289/2386 2587/3288/2386 2590/3293/2386 66/21/2386
f 2590/3293/2387 2587/3288/2387 2591/3294/2387 2592/3295/2387
f 2590/3293/2388 2592/3295/2388 2593/3296/2388 2594/3297/2388
f 2590/3293/2389 2594/3297/2389 61/22/2389 66/21/2389
f 2594/3298/2390 2593/3299/2390 2595/3300/2390 2596/3301/2390
f 2594/3298/2391 2596/3301/2391 62/3302/2391 61/3303/2391
f 2596/3301/2392 2595/3300/2392 2597/3304/2392 2598/3305/2392
f 2596/3301/2393 2598/3305/2393 2599/3306/2393 62/3302/2393
f 2599/3306/2394 2598/3305/2394 2600/3307/2394 2601/3308/2394
f 2599/3309/2395 2601/3310/2395 2482/3148/2395 2602/3311/2395
f 2599/3309/2396 2602/3311/2396 63/16/2396 62/15/2396
f 2602/3311/2397 2482/3148/2397 2480/3146/2397 2479/3145/2397
f 2602/3311/2398 2479/3145/2398 64/17/2398 63/16/2398
f 2601/3308/2399 2600/3307/2399 2603/3312/2399 2604/3313/2399
f 2601/3310/2400 2604/3314/2400 2483/3149/2400 2482/3148/2400
f 2604/3313/2401 2603/3312/2401 2605/3315/2401 2606/3316/2401
f 2604/3314/2402 2606/3317/2402 2484/3150/2402 2483/3149/2402
f 2606/3316/2403 2605/3315/2403 2607/3318/2403 2608/3319/2403
f 2606/3317/2404 2608/3320/2404 2609/3321/2404 2484/3150/2404
f 2609/3321/2405 2608/3320/2405 2610/3322/2405 2611/3323/2405
f 2609/3321/2406 2611/3323/2406 2612/3324/2406 2487/3153/2406
f 2609/3321/2407 2487/3153/2407 2485/3151/2407 2484/3150/2407
f 2612/3324/2408 2611/3323/2408 2613/3325/2408 2614/3326/2408
f 2612/3324/2409 2614/3326/2409 2615/3327/2409 2616/3328/2409
f 2612/3324/2410 2616/3328/2410 2488/3154/2410 2487/3153/2410
f 2616/3328/2411 2615/3327/2411 2617/3329/2411 2618/3330/2411
f 2616/3328/2412 2618/3330/2412 2489/3155/2412 2488/3154/2412
f 2618/3330/2413 2617/3329/2413 2619/3331/2413 2620/3332/2413
f 2618/3330/2414 2620/3332/2414 2491/3157/2414 2489/3155/2414
f 2620/3332/2415 2619/3331/2415 2502/3175/2415 2500/3172/2415
f 2620/3332/2416 2500/3172/2416 2498/3169/2416 2491/3157/2416
f 2619/3331/2417 2617/3329/2417 2621/3333/2417 2622/3334/2417
f 2619/3331/2418 2622/3334/2418 2504/3178/2418 2502/3175/2418
f 2622/3334/2419 2621/3333/2419 2623/3335/2419 2624/3336/2419
f 2622/3334/2420 2624/3336/2420 2506/3181/2420 2504/3178/2420
f 2624/3336/2421 2623/3335/2421 2625/3337/2421 2626/3338/2421
f 2624/3336/2422 2626/3338/2422 2508/3184/2422 2506/3181/2422
f 2626/3338/2423 2625/3337/2423 2627/3339/2423 2628/3340/2423
f 2626/3338/2424 2628/3340/2424 2629/3341/2424 2508/3184/2424
f 2629/3341/2425 2628/3340/2425 2630/3342/2425 125/105/2425
f 2629/3341/2426 125/105/2426 124/104/2426 2511/3343/2426
f 2629/3341/2427 2511/3343/2427 2509/3185/2427 2508/3184/2427
f 2630/3342/2411 2628/3340/2411 2627/3339/2411 2631/3344/2411
f 2630/3342/2428 2631/3344/2428 2632/3345/2428 2633/3346/2428
f 2630/3342/2429 2633/3346/2429 126/108/2429 125/105/2429
f 2633/3346/2430 2632/3345/2430 2634/3347/2430 2635/3348/2430
f 2633/3346/2431 2635/3348/2431 2636/3349/2431 126/108/2431
f 2636/3349/2432 2635/3348/2432 2637/3350/2432 2638/3351/2432
f 2636/3349/2433 2638/3351/2433 2639/3352/2433 2640/3353/2433
f 2636/3349/2434 2640/3353/2434 127/106/2434 126/108/2434
f 2640/3353/2435 2639/3352/2435 2641/3354/2435 2519/3203/2435
f 2640/3353/2436 2519/3203/2436 2517/3200/2436 127/106/2436
f 2641/3354/2437 2639/3352/2437 2642/3355/2437 2643/3356/2437
f 2641/3354/2438 2643/3356/2438 2644/3357/2438 2645/3358/2438
f 2641/3354/2439 2645/3358/2439 2520/3204/2439 2519/3203/2439
f 2645/3358/2440 2644/3357/2440 2646/3359/2440 2647/3360/2440
f 2645/3358/2441 2647/3360/2441 2521/3205/2441 2520/3204/2441
f 2647/3360/321 2646/3359/321 2648/3361/321 2649/3362/321
f 2647/3360/2442 2649/3362/2442 2523/3208/2442 2521/3205/2442
f 2649/3362/2443 2648/3361/2443 2650/3363/2443 2651/3364/2443
f 2649/3362/2444 2651/3364/2444 2525/3211/2444 2523/3208/2444
f 2651/3364/2445 2650/3363/2445 2652/3365/2445 2653/3366/2445
f 2651/3364/2446 2653/3366/2446 2527/3214/2446 2525/3211/2446
f 2653/3366/2447 2652/3365/2447 2654/3367/2447 2655/3368/2447
f 2653/3366/2448 2655/3368/2448 2529/3217/2448 2527/3214/2448
f 2655/3368/2449 2654/3367/2449 2656/3369/2449 267/297/2449
f 2655/3368/2450 267/297/2450 266/296/2450 2529/3217/2450
f 2656/3369/2451 2654/3367/2451 2657/3370/2451 2658/3371/2451
f 2656/3369/2452 2658/3371/2452 2659/3372/2452 2660/3373/2452
f 2656/3369/2453 2660/3373/2453 35/291/2453 267/297/2453
f 2660/3373/2454 2659/3372/2454 2661/3374/2454 2662/3375/2454
f 2660/3373/2455 2662/3375/2455 262/292/2455 35/291/2455
f 2662/3375/2456 2661/3374/2456 2663/3376/2456 2664/3377/2456
f 2662/3375/2457 2664/3377/2457 2665/3378/2457 262/292/2457
f 2665/3378/2458 2664/3377/2458 2666/3379/2458 2667/3380/2458
f 2665/3378/2459 2667/3380/2459 2668/3381/2459 2669/3382/2459
f 2665/3378/2460 2669/3382/2460 263/293/2460 262/292/2460
f 2669/3382/2459 2668/3381/2459 2670/3383/2459 2671/3384/2459
f 2669/3382/2461 2671/3384/2461 2672/3385/2461 263/293/2461
f 2672/3385/2462 2671/3384/2462 2673/3386/2462 2540/3239/2462
f 2672/3385/2463 2540/3239/2463 2538/3237/2463 2537/3236/2463
f 2672/3385/2464 2537/3236/2464 264/294/2464 263/293/2464
f 2673/3386/2347 2671/3384/2347 2670/3383/2347 2674/3387/2347
f 2673/3386/2465 2674/3387/2465 2675/3388/2465 2676/3389/2465
f 2673/3386/2466 2676/3389/2466 2541/3240/2466 2540/3239/2466
f 2676/3389/2467 2675/3388/2467 2677/3390/2467 2678/3391/2467
f 2676/3389/2468 2678/3391/2468 2542/3241/2468 2541/3240/2468
f 2678/3391/2469 2677/3390/2469 2679/3392/2469 2680/3393/2469
f 2678/3391/2470 2680/3393/2470 2544/3243/2470 2542/3241/2470
f 2680/3393/2471 2679/3392/2471 2681/3394/2471 2682/3395/2471
f 2680/3393/2472 2682/3395/2472 2546/3245/2472 2544/3243/2472
f 2682/3395/2473 2681/3394/2473 2683/3396/2473 2684/3397/2473
f 2682/3395/2472 2684/3397/2472 2548/3247/2472 2546/3245/2472
f 2684/3397/2474 2683/3396/2474 2685/3398/2474 2686/3399/2474
f 2684/3397/2475 2686/3399/2475 2550/3249/2475 2548/3247/2475
f 2686/3399/2476 2685/3398/2476 2687/3400/2476 2688/3401/2476
f 2686/3399/2477 2688/3401/2477 2552/3251/2477 2550/3249/2477
f 2688/3401/2478 2687/3400/2478 2689/3402/2478 2690/3403/2478
f 2688/3401/2479 2690/3403/2479 2554/3253/2479 2552/3251/2479
f 2690/3403/2480 2689/3402/2480 2691/3404/2480 2692/3405/2480
f 2690/3403/2481 2692/3405/2481 2556/3255/2481 2554/3253/2481
f 2692/3405/2482 2691/3404/2482 2693/3406/2482 2694/3407/2482
f 2692/3405/2483 2694/3407/2483 2695/3408/2483 2556/3255/2483
f 2695/3408/2484 2694/3407/2484 248/272/2484 247/271/2484
f 2695/3408/2485 247/271/2485 2696/3409/2485 2559/3258/2485
f 2695/3408/2486 2559/3258/2486 2557/3256/2486 2556/3255/2486
f 2696/3409/2487 247/271/2487 246/270/2487 2697/3410/2487
f 2696/3409/2488 2697/3410/2488 2698/3411/2488 2699/3412/2488
f 2696/3409/2489 2699/3412/2489 2560/3259/2489 2559/3258/2489
f 2699/3412/2490 2698/3411/2490 2700/3413/2490 2701/3414/2490
f 2699/3412/2491 2701/3414/2491 2561/3260/2491 2560/3259/2491
f 2701/3414/2492 2700/3413/2492 2702/3415/2492 2703/3416/2492
f 2701/3414/2493 2703/3416/2493 2563/3262/2493 2561/3260/2493
f 2703/3416/2494 2702/3415/2494 2704/3417/2494 2705/3418/2494
f 2703/3416/2495 2705/3418/2495 2706/3419/2495 2563/3262/2495
f 2706/3419/2496 2705/3418/2496 2707/3420/2496 2708/3421/2496
f 2706/3419/2497 2708/3421/2497 2568/3267/2497 2566/3265/2497
f 2706/3419/2498 2566/3265/2498 2564/3263/2498 2563/3262/2498
f 2708/3421/2499 2707/3420/2499 2709/3422/2499 2710/3423/2499
f 2708/3421/2500 2710/3423/2500 2570/3269/2500 2568/3267/2500
f 2710/3423/2501 2709/3422/2501 2711/3424/2501 2712/3425/2501
f 2710/3423/2502 2712/3425/2502 2572/3271/2502 2570/3269/2502
f 2712/3425/2503 2711/3424/2503 2713/3426/2503 2577/3276/2503
f 2712/3425/2504 2577/3276/2504 2574/3273/2504 2572/3271/2504
f 2713/3426/2505 2711/3424/2505 2714/3427/2505 2715/3428/2505
f 2713/3426/2506 2715/3428/2506 2716/3429/2506 2717/3430/2506
f 2713/3426/2507 2717/3430/2507 2578/3277/2507 2577/3276/2507
f 2717/3430/2508 2716/3429/2508 2718/3431/2508 2719/3432/2508
f 2717/3430/2509 2719/3432/2509 2579/3278/2509 2578/3277/2509
f 2719/3433/2510 2718/3434/2510 2720/3435/2510 2721/3436/2510
f 2719/3432/2511 2721/3437/2511 2581/3280/2511 2579/3278/2511
f 2721/3436/2512 2720/3435/2512 2722/3438/2512 2723/3439/2512
f 2721/3437/2513 2723/3440/2513 2583/3282/2513 2581/3280/2513
f 2723/3439/2514 2722/3438/2514 2724/3441/2514 2725/3442/2514
f 2723/3439/2515 2725/3442/2515 2585/3287/2515 2583/3443/2515
f 2725/3442/2516 2724/3441/2516 2726/3444/2516 2591/3294/2516
f 2725/3442/2517 2591/3294/2517 2587/3288/2517 2585/3287/2517
f 2726/3444/2518 2724/3441/2518 2727/3445/2518 60/11/2518
f 2726/3444/2519 60/11/2519 57/10/2519 2728/3446/2519
f 2726/3444/2520 2728/3446/2520 2592/3295/2520 2591/3294/2520
f 2728/3447/2521 57/4/2521 56/3/2521 2729/3448/2521
f 2728/3447/2522 2729/3448/2522 2593/3299/2522 2592/3449/2522
f 2729/3448/2523 56/3/2523 2730/3450/2523 2731/3451/2523
f 2729/3448/2524 2731/3451/2524 2595/3300/2524 2593/3299/2524
f 2731/3451/2525 2730/3450/2525 2732/3452/2525 2733/3453/2525
f 2731/3451/2526 2733/3453/2526 2597/3304/2526 2595/3300/2526
f 2733/3453/2527 2732/3452/2527 2734/3454/2527 2735/3455/2527
f 2733/3453/2528 2735/3455/2528 2736/3456/2528 2597/3304/2528
f 2736/3456/2529 2735/3455/2529 2737/3457/2529 2738/3458/2529
f 2736/3456/2530 2738/3458/2530 2603/3312/2530 2600/3307/2530
f 2736/3456/2531 2600/3307/2531 2598/3305/2531 2597/3304/2531
f 2738/3458/2532 2737/3457/2532 2739/3459/2532 2740/3460/2532
f 2738/3458/2533 2740/3460/2533 2605/3315/2533 2603/3312/2533
f 2740/3460/2534 2739/3459/2534 2741/3461/2534 2742/3462/2534
f 2740/3460/2535 2742/3462/2535 2607/3318/2535 2605/3315/2535
f 2742/3462/2536 2741/3461/2536 2743/3463/2536 2744/3464/2536
f 2742/3462/2537 2744/3464/2537 2745/3465/2537 2607/3318/2537
f 2745/3465/2538 2744/3464/2538 2746/3466/2538 2747/3467/2538
f 2745/3465/2539 2747/3467/2539 2748/3468/2539 2610/3469/2539
f 2745/3465/2540 2610/3469/2540 2608/3319/2540 2607/3318/2540
f 2748/3468/2541 2747/3467/2541 2749/3470/2541 2750/3471/2541
f 2748/3472/2542 2750/3473/2542 2751/3474/2542 2613/3325/2542
f 2748/3472/2543 2613/3325/2543 2611/3323/2543 2610/3322/2543
f 2751/3474/2544 2750/3473/2544 2752/3475/2544 2753/3476/2544
f 2751/3474/2545 2753/3476/2545 2754/3477/2545 2755/3478/2545
f 2751/3474/2546 2755/3478/2546 2614/3326/2546 2613/3325/2546
f 2755/3478/2547 2754/3477/2547 2756/3479/2547 2757/3480/2547
f 2755/3478/2548 2757/3480/2548 2615/3327/2548 2614/3326/2548
f 2757/3480/2412 2756/3479/2412 2623/3335/2412 2621/3333/2412
f 2757/3480/2549 2621/3333/2549 2617/3329/2549 2615/3327/2549
f 2756/3479/2550 2754/3477/2550 2758/3481/2550 2759/3482/2550
f 2756/3479/2551 2759/3482/2551 2625/3337/2551 2623/3335/2551
f 2759/3482/2552 2758/3481/2552 2760/3483/2552 2761/3484/2552
f 2759/3482/2553 2761/3484/2553 2627/3339/2553 2625/3337/2553
f 2761/3484/2554 2760/3483/2554 2762/3485/2554 2763/3486/2554
f 2761/3484/2555 2763/3486/2555 2631/3344/2555 2627/3339/2555
f 2763/3486/2556 2762/3485/2556 2764/3487/2556 2765/3488/2556
f 2763/3486/2557 2765/3488/2557 2632/3345/2557 2631/3344/2557
f 2765/3488/2558 2764/3487/2558 2766/3489/2558 2767/3490/2558
f 2765/3488/2559 2767/3490/2559 2634/3347/2559 2632/3345/2559
f 2767/3490/2560 2766/3489/2560 122/3491/2560 121/97/2560
f 2767/3490/2561 121/97/2561 120/96/2561 2634/3347/2561
f 2766/3492/2562 2764/3493/2562 2768/3494/2562 2769/3495/2562
f 2766/3492/2563 2769/3495/2563 2770/3496/2563 122/100/2563
f 2770/3496/2564 2769/3495/2564 2771/3497/2564 2772/3498/2564
f 2770/3496/2565 2772/3498/2565 2773/3499/2565 2774/3500/2565
f 2770/3496/2566 2774/3500/2566 117/101/2566 122/100/2566
f 2774/3501/2567 2773/3502/2567 2775/3503/2567 2776/3504/2567
f 2774/3501/2568 2776/3504/2568 118/92/2568 117/91/2568
f 2776/3504/2569 2775/3503/2569 2777/3505/2569 2778/3506/2569
f 2776/3504/2570 2778/3506/2570 2779/3507/2570 118/92/2570
f 2779/3507/2571 2778/3506/2571 2780/3508/2571 2781/3509/2571
f 2779/3510/2572 2781/3511/2572 2782/3512/2572 2783/3513/2572
f 2779/3510/2573 2783/3513/2573 119/95/2573 118/3514/2573
f 2783/3513/2574 2782/3512/2574 2638/3351/2574 2637/3350/2574
f 2783/3513/2575 2637/3350/2575 120/96/2575 119/95/2575
f 2782/3512/2576 2781/3511/2576 2784/3515/2576 2642/3355/2576
f 2782/3512/2577 2642/3355/2577 2639/3352/2577 2638/3351/2577
f 2784/3515/2578 2781/3511/2578 2780/3516/2578 2785/3517/2578
f 2784/3515/2579 2785/3517/2579 2786/3518/2579 2787/3519/2579
f 2784/3515/2580 2787/3519/2580 2643/3356/2580 2642/3355/2580
f 2787/3519/2581 2786/3518/2581 2788/3520/2581 2789/3521/2581
f 2787/3519/2582 2789/3521/2582 2644/3357/2582 2643/3356/2582
f 2789/3521/2583 2788/3520/2583 2790/3522/2583 2791/3523/2583
f 2789/3521/2584 2791/3523/2584 2646/3359/2584 2644/3357/2584
f 2791/3523/2585 2790/3522/2585 2792/3524/2585 2793/3525/2585
f 2791/3523/2586 2793/3525/2586 2648/3361/2586 2646/3359/2586
f 2793/3525/2587 2792/3524/2587 2794/3526/2587 2795/3527/2587
f 2793/3525/2588 2795/3527/2588 2650/3363/2588 2648/3361/2588
f 2795/3527/2589 2794/3526/2589 2796/3528/2589 2797/3529/2589
f 2795/3527/2590 2797/3529/2590 2652/3365/2590 2650/3363/2590
f 2797/3529/2591 2796/3528/2591 2798/3530/2591 2657/3370/2591
f 2797/3529/2592 2657/3370/2592 2654/3367/2592 2652/3365/2592
f 2798/3530/2593 2796/3528/2593 2799/3531/2593 2800/3532/2593
f 2798/3530/2594 2800/3532/2594 2801/3533/2594 2802/3534/2594
f 2798/3530/2595 2802/3534/2595 2658/3371/2595 2657/3370/2595
f 2802/3534/2596 2801/3533/2596 2803/3535/2596 2804/3536/2596
f 2802/3534/2597 2804/3536/2597 2659/3372/2597 2658/3371/2597
f 2804/3536/2598 2803/3535/2598 2805/3537/2598 2806/3538/2598
f 2804/3536/2599 2806/3538/2599 2661/3374/2599 2659/3372/2599
f 2806/3538/2600 2805/3537/2600 2807/3539/2600 2808/3540/2600
f 2806/3538/2601 2808/3540/2601 2663/3376/2601 2661/3374/2601
f 2808/3540/2602 2807/3539/2602 2809/3541/2602 2810/3542/2602
f 2808/3540/2603 2810/3542/2603 2811/3543/2603 2663/3376/2603
f 2811/3543/2604 2810/3542/2604 2812/3544/2604 2813/3545/2604
f 2811/3543/2605 2813/3545/2605 2814/3546/2605 2666/3379/2605
f 2811/3543/2606 2666/3379/2606 2664/3377/2606 2663/3376/2606
f 2814/3546/2607 2813/3545/2607 2815/3547/2607 2816/3548/2607
f 2814/3546/2608 2816/3548/2608 2817/3549/2608 2818/3550/2608
f 2814/3546/2609 2818/3550/2609 2667/3380/2609 2666/3379/2609
f 2818/3550/2610 2817/3549/2610 2819/3551/2610 2820/3552/2610
f 2818/3550/2611 2820/3552/2611 2668/3381/2611 2667/3380/2611
f 2820/3552/2612 2819/3551/2612 2821/3553/2612 2822/3554/2612
f 2820/3552/2613 2822/3554/2613 2670/3383/2613 2668/3381/2613
f 2822/3554/2614 2821/3553/2614 2823/3555/2614 2824/3556/2614
f 2822/3554/2615 2824/3556/2615 2674/3387/2615 2670/3383/2615
f 2824/3556/2616 2823/3555/2616 2825/3557/2616 2826/3558/2616
f 2824/3556/2617 2826/3558/2617 2675/3388/2617 2674/3387/2617
f 2826/3558/2618 2825/3557/2618 2827/3559/2618 2828/3560/2618
f 2826/3558/2619 2828/3560/2619 2677/3390/2619 2675/3388/2619
f 2828/3560/2620 2827/3559/2620 2829/3561/2620 2830/3562/2620
f 2828/3560/2621 2830/3562/2621 2679/3392/2621 2677/3390/2621
f 2830/3562/2622 2829/3561/2622 2831/3563/2622 2832/3564/2622
f 2830/3562/2623 2832/3564/2623 2681/3394/2623 2679/3392/2623
f 2832/3564/2624 2831/3563/2624 2833/3565/2624 2834/3566/2624
f 2832/3564/2625 2834/3566/2625 2683/3396/2625 2681/3394/2625
f 2834/3566/2626 2833/3565/2626 2835/3567/2626 2836/3568/2626
f 2834/3566/2627 2836/3568/2627 2685/3398/2627 2683/3396/2627
f 2836/3569/2628 2835/3570/2628 2837/3571/2628 2838/3572/2628
f 2836/3568/2629 2838/3573/2629 2687/3400/2629 2685/3398/2629
f 2838/3572/2630 2837/3571/2630 2839/3574/2630 2840/3575/2630
f 2838/3573/2631 2840/3576/2631 2689/3402/2631 2687/3400/2631
f 2840/3575/2632 2839/3574/2632 2841/3577/2632 2842/3578/2632
f 2840/3575/2633 2842/3578/2633 2691/3579/2633 2689/3580/2633
f 2842/3578/2634 2841/3577/2634 2843/3581/2634 2844/3582/2634
f 2842/3578/2635 2844/3582/2635 2693/3583/2635 2691/3579/2635
f 2844/3582/2636 2843/3581/2636 2845/3584/2636 2846/3585/2636
f 2844/3582/2637 2846/3585/2637 249/275/2637 2693/3583/2637
f 2846/3585/2638 2845/3584/2638 2847/3586/2638 2848/3587/2638
f 2846/3585/2639 2848/3587/2639 244/276/2639 249/275/2639
f 2848/3588/2640 2847/3589/2640 2849/3590/2640 2850/3591/2640
f 2848/3588/2641 2850/3591/2641 245/267/2641 244/266/2641
f 2850/3591/2642 2849/3590/2642 2851/3592/2642 2852/3593/2642
f 2850/3591/2643 2852/3593/2643 2853/3594/2643 245/267/2643
f 2853/3594/2644 2852/3593/2644 2854/3595/2644 2855/3596/2644
f 2853/3594/2645 2855/3596/2645 2698/3597/2645 2697/3598/2645
f 2853/3594/2646 2697/3598/2646 246/268/2646 245/267/2646
f 2855/3596/2647 2854/3595/2647 2856/3599/2647 2857/3600/2647
f 2855/3596/2648 2857/3600/2648 2700/3601/2648 2698/3597/2648
f 2857/3600/2649 2856/3599/2649 2858/3602/2649 2859/3603/2649
f 2857/3600/2650 2859/3603/2650 2702/3604/2650 2700/3601/2650
f 2859/3603/2651 2858/3602/2651 2860/3605/2651 2861/3606/2651
f 2859/3603/2652 2861/3606/2652 2704/3607/2652 2702/3604/2652
f 2861/3606/2653 2860/3605/2653 2862/3608/2653 2863/3609/2653
f 2861/3606/2654 2863/3609/2654 2864/3610/2654 2704/3607/2654
f 2864/3610/2655 2863/3609/2655 2865/3611/2655 2866/3612/2655
f 2864/3613/2656 2866/3614/2656 2709/3422/2656 2707/3420/2656
f 2864/3613/2657 2707/3420/2657 2705/3418/2657 2704/3417/2657
f 2866/3612/2658 2865/3611/2658 2867/3615/2658 2714/3616/2658
f 2866/3614/2659 2714/3427/2659 2711/3424/2659 2709/3422/2659
f 2867/3615/2660 2868/3617/2660 2869/3618/2660 2870/3619/2660
f 2867/3615/2661 2870/3619/2661 2715/3620/2661 2714/3616/2661
f 2867/3615/2662 2865/3611/2662 2871/3621/2662 2868/3617/2662
f 2871/3621/2663 2872/3622/2663 2873/3623/2663 2868/3617/2663
f 2871/3621/2664 2865/3611/2664 2863/3609/2664 2862/3608/2664
f 2871/3621/2665 2862/3608/2665 2874/3624/2665 2872/3622/2665
f 2874/3624/2666 2875/3625/2666 2876/3626/2666 2872/3622/2666
f 2874/3624/386 2862/3608/386 2860/3605/386 2877/3627/386
f 2874/3624/2667 2877/3627/2667 2878/3628/2667 2875/3625/2667
f 2878/3629/2668 2879/3630/2668 2880/3631/2668 2875/3632/2668
f 2878/3628/2669 2877/3627/2669 2881/3633/2669 2882/3634/2669
f 2878/3629/2670 2882/3635/2670 2883/3636/2670 2879/3630/2670
f 2883/3636/2671 2884/3637/2671 2885/3638/2671 2879/3630/2671
f 2883/3636/2672 2882/3635/2672 2886/3639/2672 2887/3640/2672
f 2883/3636/2673 2887/3640/2673 2888/3641/2673 2884/3637/2673
f 2888/3641/2674 2889/3642/2674 2890/3643/2674 2884/3637/2674
f 2888/3641/2675 2887/3640/2675 2891/3644/2675 2892/3645/2675
f 2888/3641/2676 2892/3645/2676 2893/3646/2676 2889/3642/2676
f 2893/3646/2677 2894/3647/2677 2895/3648/2677 2889/3642/2677
f 2893/3646/2678 2892/3645/2678 2896/3649/2678 2897/3650/2678
f 2893/3646/2679 2897/3650/2679 2898/3651/2679 2894/3647/2679
f 2898/3651/2680 2899/3652/2680 2900/3653/2680 2894/3647/2680
f 2898/3651/2681 2897/3650/2681 2901/3654/2681 2902/3655/2681
f 2898/3651/2682 2902/3655/2682 2903/3656/2682 2899/3652/2682
f 2903/3656/2683 2904/3657/2683 2905/3658/2683 2899/3652/2683
f 2903/3656/2684 2902/3655/2684 2906/3659/2684 2907/3660/2684
f 2903/3661/2685 2907/3662/2685 2908/3663/2685 2904/3664/2685
f 2908/3663/2686 2909/3665/2686 2910/3666/2686 2904/3664/2686
f 2908/3663/2687 2907/3662/2687 2911/3667/2687 2912/3668/2687
f 2908/3663/2688 2912/3668/2688 2913/3669/2688 2909/3665/2688
f 2913/3669/2689 2914/3670/2689 2915/3671/2689 2909/3665/2689
f 2913/3669/2690 2912/3668/2690 2916/3672/2690 2917/3673/2690
f 2913/3669/2691 2917/3673/2691 2918/3674/2691 2914/3670/2691
f 2918/3674/2692 2919/3675/2692 2920/3676/2692 2914/3670/2692
f 2918/3674/2693 2917/3673/2693 2833/3677/2693 2831/3678/2693
f 2918/3674/2694 2831/3678/2694 2829/3679/2694 2919/3675/2694
f 2920/3676/2695 2921/3680/2695 2922/3681/2695 2923/3682/2695
f 2920/3676/2696 2923/3682/2696 2915/3671/2696 2914/3670/2696
f 2920/3676/2697 2919/3675/2697 2924/3683/2697 2921/3680/2697
f 2924/3683/2698 2925/3684/2698 2926/3685/2698 2921/3680/2698
f 2924/3683/2699 2919/3675/2699 2829/3679/2699 2827/3686/2699
f 2924/3683/2700 2827/3686/2700 2825/3687/2700 2925/3684/2700
f 2926/3685/2701 2927/3688/2701 2928/3689/2701 2929/3690/2701
f 2926/3685/2702 2929/3690/2702 2922/3681/2702 2921/3680/2702
f 2926/3685/2703 2925/3684/2703 2930/3691/2703 2927/3688/2703
f 2930/3691/2704 2931/3692/2704 2932/3693/2704 2927/3688/2704
f 2930/3691/2705 2925/3684/2705 2825/3687/2705 2823/3694/2705
f 2930/3695/2706 2823/3555/2706 2821/3553/2706 2931/3696/2706
f 2932/3693/2707 2933/3697/2707 2934/3698/2707 2935/3699/2707
f 2932/3693/2708 2935/3699/2708 2928/3689/2708 2927/3688/2708
f 2932/3693/2709 2931/3692/2709 2936/3700/2709 2933/3697/2709
f 2936/3700/2710 2937/3701/2710 2938/3702/2710 2933/3697/2710
f 2936/3703/2711 2931/3696/2711 2821/3553/2711 2819/3551/2711
f 2936/3703/2712 2819/3551/2712 2817/3549/2712 2937/3704/2712
f 2938/3702/2713 2939/3705/2713 2940/3706/2713 2941/3707/2713
f 2938/3702/2714 2941/3707/2714 2934/3698/2714 2933/3697/2714
f 2938/3702/2715 2937/3701/2715 2942/3708/2715 2939/3705/2715
f 2942/3708/2716 2943/3709/2716 2944/3710/2716 2939/3705/2716
f 2942/3711/2717 2937/3704/2717 2817/3549/2717 2816/3548/2717
f 2942/3708/2718 2816/3712/2718 2815/3713/2718 2943/3709/2718
f 2944/3710/2719 2945/3714/2719 2946/3715/2719 2947/3716/2719
f 2944/3710/2720 2947/3716/2720 2940/3706/2720 2939/3705/2720
f 2944/3710/2721 2943/3709/2721 2948/3717/2721 2945/3714/2721
f 2948/3717/2722 285/327/2722 2949/3718/2722 2945/3714/2722
f 2948/3717/2723 2943/3709/2723 2815/3713/2723 2950/3719/2723
f 2948/3717/2724 2950/3719/2724 281/328/2724 285/327/2724
f 2950/3720/2725 2815/3547/2725 2813/3545/2725 2812/3544/2725
f 2950/3720/2726 2812/3544/2726 282/323/2726 281/322/2726
f 2949/3721/2727 2951/3722/2727 2952/3723/2727 2953/3724/2727
f 2949/3718/2728 2953/3725/2728 2946/3715/2728 2945/3714/2728
f 2949/3718/2729 285/327/2729 284/326/2729 2951/3726/2729
f 2953/3724/2730 2952/3723/2730 274/309/2730 273/308/2730
f 2953/3725/2731 273/306/2731 272/305/2731 2946/3715/2731
f 2952/3723/2732 2954/3727/2732 2955/3728/2732 274/309/2732
f 2952/3723/2733 2951/3722/2733 2956/3729/2733 2954/3727/2733
f 2956/3729/2734 2957/3730/2734 2958/3731/2734 2954/3727/2734
f 2956/3729/2735 2951/3722/2735 284/332/2735 286/331/2735
f 2956/3729/2736 286/331/2736 2959/3732/2736 2957/3730/2736
f 2959/3732/2737 2960/3733/2737 2961/3734/2737 2957/3730/2737
f 2959/3732/2738 286/331/2738 283/330/2738 2962/3735/2738
f 2959/3732/2739 2962/3735/2739 2963/3736/2739 2960/3733/2739
f 2963/3736/2740 2964/3737/2740 2965/3738/2740 2960/3733/2740
f 2963/3739/2741 2962/3740/2741 2809/3541/2741 2807/3539/2741
f 2963/3739/2742 2807/3539/2742 2805/3537/2742 2964/3741/2742
f 2965/3738/2743 2966/3742/2743 2967/3743/2743 2968/3744/2743
f 2965/3738/2744 2968/3744/2744 2961/3734/2744 2960/3733/2744
f 2965/3738/2745 2964/3737/2745 2969/3745/2745 2966/3742/2745
f 2969/3745/2746 2970/3746/2746 2971/3747/2746 2966/3742/2746
f 2969/3748/2747 2964/3741/2747 2805/3537/2747 2803/3535/2747
f 2969/3748/2748 2803/3535/2748 2801/3533/2748 2970/3749/2748
f 2971/3747/2749 2972/3750/2749 2973/3751/2749 2974/3752/2749
f 2971/3747/2750 2974/3752/2750 2967/3743/2750 2966/3742/2750
f 2971/3747/2751 2970/3746/2751 2975/3753/2751 2972/3750/2751
f 2975/3753/2752 2976/3754/2752 2977/3755/2752 2972/3750/2752
f 2975/3756/2753 2970/3749/2753 2801/3533/2753 2800/3532/2753
f 2975/3756/2754 2800/3532/2754 2799/3531/2754 2976/3757/2754
f 2977/3755/2755 2978/3758/2755 2979/3759/2755 2980/3760/2755
f 2977/3755/2756 2980/3760/2756 2973/3751/2756 2972/3750/2756
f 2977/3755/2757 2976/3754/2757 2981/3761/2757 2978/3758/2757
f 2981/3761/2758 2982/3762/2758 2983/3763/2758 2978/3758/2758
f 2981/3764/2759 2976/3757/2759 2799/3531/2759 2984/3765/2759
f 2981/3761/2760 2984/3766/2760 2985/3767/2760 2982/3762/2760
f 2985/3767/2761 2986/3768/2761 2987/3769/2761 2982/3762/2761
f 2985/3770/2762 2984/3765/2762 2794/3526/2762 2792/3524/2762
f 2985/3770/2763 2792/3524/2763 2790/3522/2763 2986/3771/2763
f 2987/3769/2764 2988/3772/2764 2989/3773/2764 2990/3774/2764
f 2987/3769/2765 2990/3774/2765 2983/3763/2765 2982/3762/2765
f 2987/3769/2766 2986/3768/2766 2991/3775/2766 2988/3772/2766
f 2991/3775/2767 2992/3776/2767 2993/3777/2767 2988/3772/2767
f 2991/3778/2768 2986/3771/2768 2790/3522/2768 2788/3520/2768
f 2991/3778/2769 2788/3520/2769 2786/3518/2769 2992/3779/2769
f 2993/3777/2770 2994/3780/2770 2995/3781/2770 2996/3782/2770
f 2993/3777/2771 2996/3782/2771 2989/3773/2771 2988/3772/2771
f 2993/3777/2772 2992/3776/2772 2997/3783/2772 2994/3780/2772
f 2997/3783/2773 2998/3784/2773 2999/3785/2773 2994/3780/2773
f 2997/3783/2774 2992/3776/2774 2786/3786/2774 2785/3787/2774
f 2997/3783/2775 2785/3787/2775 2780/3508/2775 2998/3784/2775
f 2999/3785/2776 3000/3788/2776 3001/3789/2776 3002/3790/2776
f 2999/3785/2777 3002/3790/2777 2995/3781/2777 2994/3780/2777
f 2999/3785/2778 2998/3784/2778 2777/3505/2778 3000/3788/2778
f 3002/3790/2779 3001/3789/2779 3003/3791/2779 3004/3792/2779
f 3002/3790/2780 3004/3792/2780 3005/3793/2780 2995/3781/2780
f 3005/3793/2781 3004/3792/2781 3006/3794/2781 3007/3795/2781
f 3005/3793/2782 3007/3795/2782 3008/3796/2782 3009/3797/2782
f 3005/3793/2783 3009/3797/2783 2996/3782/2783 2995/3781/2783
f 3009/3797/2784 3008/3796/2784 3010/3798/2784 3011/3799/2784
f 3009/3797/2785 3011/3799/2785 2989/3773/2785 2996/3782/2785
f 3011/3799/2786 3010/3798/2786 3012/3800/2786 3013/3801/2786
f 3011/3799/2787 3013/3801/2787 2990/3774/2787 2989/3773/2787
f 3013/3801/2788 3012/3800/2788 3014/3802/2788 3015/3803/2788
f 3013/3801/2789 3015/3803/2789 2983/3763/2789 2990/3774/2789
f 3015/3803/2790 3014/3802/2790 3016/3804/2790 2979/3759/2790
f 3015/3803/2791 2979/3759/2791 2978/3758/2791 2983/3763/2791
f 3016/3804/2792 3014/3802/2792 3017/3805/2792 3018/3806/2792
f 3016/3804/2793 3018/3806/2793 3019/3807/2793 3020/3808/2793
f 3016/3804/2794 3020/3808/2794 2980/3760/2794 2979/3759/2794
f 3020/3808/2795 3019/3807/2795 3021/3809/2795 3022/3810/2795
f 3020/3808/2796 3022/3810/2796 2973/3751/2796 2980/3760/2796
f 3022/3810/2797 3021/3809/2797 3023/3811/2797 3024/3812/2797
f 3022/3810/2798 3024/3812/2798 2974/3752/2798 2973/3751/2798
f 3024/3812/2799 3023/3811/2799 3025/3813/2799 3026/3814/2799
f 3024/3812/2800 3026/3814/2800 2967/3743/2800 2974/3752/2800
f 3026/3814/2801 3025/3813/2801 3027/3815/2801 3028/3816/2801
f 3026/3814/2802 3028/3816/2802 2968/3744/2802 2967/3743/2802
f 3028/3816/2803 3027/3815/2803 3029/3817/2803 3030/3818/2803
f 3028/3816/2804 3030/3818/2804 2961/3734/2804 2968/3744/2804
f 3030/3818/2805 3029/3817/2805 3031/3819/2805 2958/3731/2805
f 3030/3818/2806 2958/3731/2806 2957/3730/2806 2961/3734/2806
f 3031/3819/2807 3029/3817/2807 3032/3820/2807 3033/3821/2807
f 3031/3819/2808 3033/3821/2808 3034/3822/2808 2955/3728/2808
f 3031/3819/2809 2955/3728/2809 2954/3727/2809 2958/3731/2809
f 3034/3823/2810 3033/3824/2810 3035/3825/2810 3036/3826/2810
f 3034/3823/2811 3036/3826/2811 270/301/2811 269/300/2811
f 3034/3822/2812 269/310/2812 274/309/2812 2955/3728/2812
f 3036/3826/2813 3035/3825/2813 3037/3827/2813 3038/3828/2813
f 3036/3826/2814 3038/3828/2814 3039/3829/2814 270/301/2814
f 3039/3829/2815 3038/3828/2815 3040/3830/2815 3041/3831/2815
f 3039/3829/2816 3041/3831/2816 3042/3832/2816 3043/3833/2816
f 3039/3829/2817 3043/3833/2817 271/302/2817 270/301/2817
f 3043/3834/2818 3042/3835/2818 3044/3836/2818 3045/3837/2818
f 3043/3834/2819 3045/3837/2819 272/305/2819 271/304/2819
f 3045/3837/2820 3044/3836/2820 2940/3706/2820 2947/3716/2820
f 3045/3837/2821 2947/3716/2821 2946/3715/2821 272/305/2821
f 3044/3836/2822 3042/3835/2822 3046/3838/2822 3047/3839/2822
f 3044/3836/2823 3047/3839/2823 2941/3707/2823 2940/3706/2823
f 3047/3839/2824 3046/3838/2824 3048/3840/2824 3049/3841/2824
f 3047/3839/2825 3049/3841/2825 2934/3698/2825 2941/3707/2825
f 3049/3841/2826 3050/3842/2826 2935/3699/2826 2934/3698/2826
f 3050/3842/2827 3051/3843/2827 2928/3689/2827 2935/3699/2827
f 3048/3840/2828 3046/3838/2828 3052/3844/2828 3053/3845/2828
f 3053/3846/2829 3052/3847/2829 3054/3848/2829 3055/3849/2829
f 3056/3850/2830 3055/3849/2830 3054/3848/2830 3057/3851/2830
f 3057/3851/2831 3054/3848/2831 3058/3852/2831 3059/3853/2831
f 3057/3854/2832 3059/3855/2832 2922/3681/2832 2929/3690/2832
f 3059/3853/2833 3058/3852/2833 3060/3856/2833 3061/3857/2833
f 3059/3855/2834 3061/3858/2834 2923/3682/2834 2922/3681/2834
f 3061/3857/2835 3060/3856/2835 3062/3859/2835 3063/3860/2835
f 3061/3858/2836 3063/3861/2836 2915/3671/2836 2923/3682/2836
f 3063/3860/2837 3062/3859/2837 3064/3862/2837 2910/3863/2837
f 3063/3861/2838 2910/3666/2838 2909/3665/2838 2915/3671/2838
f 3064/3862/2839 3062/3859/2839 3065/3864/2839 3066/3865/2839
f 3064/3862/2840 3066/3865/2840 3067/3866/2840 2905/3658/2840
f 3064/3862/2841 2905/3658/2841 2904/3657/2841 2910/3863/2841
f 3067/3866/2842 3066/3865/2842 3068/3867/2842 3069/3868/2842
f 3067/3866/2843 3069/3868/2843 3070/3869/2843 2900/3653/2843
f 3067/3866/2844 2900/3653/2844 2899/3652/2844 2905/3658/2844
f 3070/3869/2845 3069/3868/2845 3071/3870/2845 3072/3871/2845
f 3070/3869/2846 3072/3871/2846 3073/3872/2846 2895/3648/2846
f 3070/3869/2847 2895/3648/2847 2894/3647/2847 2900/3653/2847
f 3073/3872/2848 3072/3871/2848 188/190/2848 3074/3873/2848
f 3073/3872/2849 3074/3873/2849 3075/3874/2849 2890/3643/2849
f 3073/3872/2850 2890/3643/2850 2889/3642/2850 2895/3648/2850
f 3075/3874/2851 3074/3873/2851 3076/3875/2851 3077/3876/2851
f 3075/3874/2852 3077/3876/2852 3078/3877/2852 2885/3638/2852
f 3075/3874/2853 2885/3638/2853 2884/3637/2853 2890/3643/2853
f 3078/3877/2854 3077/3876/2854 3079/3878/2854 3080/3879/2854
f 3078/3877/2855 3080/3879/2855 3081/3880/2855 2880/3631/2855
f 3078/3877/2856 2880/3631/2856 2879/3630/2856 2885/3638/2856
f 3081/3880/2857 3080/3879/2857 3082/3881/2857 3083/3882/2857
f 3081/3880/2858 3083/3882/2858 3084/3883/2858 2876/3884/2858
f 3081/3880/2859 2876/3884/2859 2875/3632/2859 2880/3631/2859
f 2873/3623/2860 2872/3622/2860 2876/3626/2860 3084/3885/2860
f 3085/3886/2861 2869/3618/2861 2868/3617/2861 2873/3623/2861
f 3086/3887/2862 3087/3888/2862 2869/3618/2862 3085/3886/2862
f 3087/3888/2863 3088/3889/2863 2870/3619/2863 2869/3618/2863
f 3087/3888/2864 3086/3887/2864 3089/3890/2864 3090/3891/2864
f 3087/3888/2865 3090/3891/2865 3091/3892/2865 3088/3889/2865
f 3091/3892/2866 2718/3434/2866 2716/3893/2866 3088/3889/2866
f 3091/3892/2867 3090/3891/2867 3092/3894/2867 3093/3895/2867
f 3091/3892/2868 3093/3895/2868 2720/3435/2868 2718/3434/2868
f 3093/3895/2869 3092/3894/2869 3094/3896/2869 3095/3897/2869
f 3093/3895/2870 3095/3897/2870 2722/3438/2870 2720/3435/2870
f 3095/3897/2871 3094/3896/2871 3096/3898/2871 2727/3445/2871
f 3095/3897/2872 2727/3445/2872 2724/3441/2872 2722/3438/2872
f 3096/3899/2873 3094/3900/2873 3097/3901/2873 3098/3902/2873
f 3096/3899/2874 3098/3902/2874 59/7/2874 58/6/2874
f 3096/3898/2875 58/12/2875 60/11/2875 2727/3445/2875
f 3098/3902/2876 3097/3901/2876 3099/3903/2876 3100/3904/2876
f 3098/3902/2877 3100/3904/2877 3101/3905/2877 59/7/2877
f 3101/3905/2878 3100/3904/2878 3102/3906/2878 3103/3907/2878
f 3101/3905/2879 3103/3907/2879 3104/3908/2879 3105/3909/2879
f 3101/3905/2880 3105/3909/2880 55/8/2880 59/7/2880
f 3105/3910/2881 3104/3911/2881 2732/3452/2881 2730/3450/2881
f 3105/3910/2882 2730/3450/2882 56/3/2882 55/2/2882
f 3104/3908/2883 3103/3907/2883 3106/3912/2883 3107/3913/2883
f 3104/3908/2884 3107/3913/2884 2734/3914/2884 2732/3915/2884
f 3107/3913/2885 3106/3912/2885 3108/3916/2885 3109/3917/2885
f 3107/3913/2886 3109/3917/2886 3110/3918/2886 2734/3914/2886
f 3110/3918/2887 3109/3917/2887 3111/3919/2887 3112/3920/2887
f 3110/3921/2888 3112/3922/2888 2739/3459/2888 2737/3457/2888
f 3110/3921/2889 2737/3457/2889 2735/3455/2889 2734/3454/2889
f 3112/3922/2890 3111/3923/2890 3113/3924/2890 3114/3925/2890
f 3112/3922/2891 3114/3925/2891 2741/3461/2891 2739/3459/2891
f 3114/3925/2892 3113/3924/2892 3115/3926/2892 3116/3927/2892
f 3114/3925/2893 3116/3927/2893 2743/3463/2893 2741/3461/2893
f 3116/3927/2894 3115/3926/2894 3117/3928/2894 3118/3929/2894
f 3116/3927/2895 3118/3929/2895 3119/3930/2895 2743/3463/2895
f 3119/3930/2896 3118/3929/2896 3120/3931/2896 3121/3932/2896
f 3119/3930/2897 3121/3932/2897 3122/3933/2897 2746/3466/2897
f 3119/3930/2898 2746/3466/2898 2744/3464/2898 2743/3463/2898
f 3122/3933/2899 3121/3932/2899 3123/3934/2899 3124/3935/2899
f 3122/3933/2900 3124/3935/2900 3125/3936/2900 2749/3470/2900
f 3122/3933/2901 2749/3470/2901 2747/3467/2901 2746/3466/2901
f 3125/3936/2902 3124/3935/2902 3126/3937/2902 3127/3938/2902
f 3125/3936/2903 3127/3938/2903 3128/3939/2903 2752/3940/2903
f 3125/3936/2904 2752/3940/2904 2750/3471/2904 2749/3470/2904
f 3128/3939/2905 3127/3938/2905 3129/3941/2905 3130/3942/2905
f 3128/3943/2906 3130/3944/2906 3131/3945/2906 3132/3946/2906
f 3128/3943/2907 3132/3946/2907 2753/3476/2907 2752/3475/2907
f 3132/3946/2908 3131/3945/2908 2760/3483/2908 2758/3481/2908
f 3132/3946/2909 2758/3481/2909 2754/3477/2909 2753/3476/2909
f 3131/3947/2910 3130/3942/2910 3133/3948/2910 3134/3949/2910
f 3131/3945/2911 3134/3950/2911 2762/3485/2911 2760/3483/2911
f 3134/3949/2912 3133/3948/2912 3135/3951/2912 2768/3494/2912
f 3134/3950/2913 2768/3952/2913 2764/3487/2913 2762/3485/2913
f 3135/3951/2914 3133/3948/2914 3136/3953/2914 3137/3954/2914
f 3135/3951/2915 3137/3954/2915 3138/3955/2915 2771/3497/2915
f 3135/3951/2916 2771/3497/2916 2769/3495/2916 2768/3494/2916
f 3138/3955/2917 3137/3954/2917 3139/3956/2917 3140/3957/2917
f 3138/3955/2918 3140/3957/2918 3141/3958/2918 3142/3959/2918
f 3138/3955/2919 3142/3959/2919 2772/3498/2919 2771/3497/2919
f 3142/3959/2920 3141/3958/2920 3143/3960/2920 3144/3961/2920
f 3142/3959/2921 3144/3961/2921 2773/3499/2921 2772/3498/2921
f 3144/3962/2922 3143/3963/2922 3145/3964/2922 3146/3965/2922
f 3144/3962/2923 3146/3965/2923 2775/3503/2923 2773/3502/2923
f 3146/3965/2924 3145/3964/2924 3001/3789/2924 3000/3788/2924
f 3146/3965/2925 3000/3788/2925 2777/3505/2925 2775/3503/2925
f 3145/3964/2926 3143/3963/2926 100/75/2926 105/74/2926
f 3145/3964/2927 105/74/2927 3003/3791/2927 3001/3789/2927
f 3143/3960/2928 3141/3958/2928 101/66/2928 100/65/2928
f 3141/3958/2929 3140/3957/2929 3147/3966/2929 101/66/2929
f 3147/3966/2930 3148/3967/2930 3149/3968/2930 3150/3969/2930
f 3147/3966/2931 3150/3969/2931 102/67/2931 101/66/2931
f 3147/3966/2932 3140/3957/2932 3139/3956/2932 3148/3967/2932
f 3150/3970/2933 3149/3971/2933 3151/3972/2933 3152/3973/2933
f 3150/3970/2934 3152/3973/2934 103/70/2934 102/69/2934
f 3152/3973/2935 3151/3972/2935 3153/3974/2935 3154/3975/2935
f 3152/3973/2936 3154/3975/2936 3155/3976/2936 103/70/2936
f 3155/3976/2937 3154/3975/2937 3156/3977/2937 3157/3978/2937
f 3155/3976/2938 3157/3978/2938 3006/3979/2938 3158/3980/2938
f 3155/3976/2939 3158/3980/2939 104/71/2939 103/70/2939
f 3158/3981/2940 3006/3794/2940 3004/3792/2940 3003/3791/2940
f 3158/3981/2941 3003/3791/2941 105/74/2941 104/73/2941
f 3157/3978/2942 3156/3977/2942 3159/3982/2942 3160/3983/2942
f 3157/3978/2943 3160/3983/2943 3007/3984/2943 3006/3979/2943
f 3160/3983/2944 3159/3982/2944 3161/3985/2944 3162/3986/2944
f 3160/3983/2945 3162/3986/2945 3008/3987/2945 3007/3984/2945
f 3162/3986/2946 3161/3985/2946 3163/3988/2946 3164/3989/2946
f 3162/3986/2947 3164/3989/2947 3010/3990/2947 3008/3987/2947
f 3164/3989/2948 3163/3988/2948 3165/3991/2948 3166/3992/2948
f 3164/3989/2949 3166/3992/2949 3012/3993/2949 3010/3990/2949
f 3166/3992/2950 3165/3991/2950 3167/3994/2950 3017/3995/2950
f 3166/3996/2951 3017/3805/2951 3014/3802/2951 3012/3800/2951
f 3167/3994/2952 3165/3991/2952 3168/3997/2952 3169/3998/2952
f 3167/3994/2953 3169/3998/2953 3170/3999/2953 3171/4000/2953
f 3167/3994/2954 3171/4000/2954 3018/4001/2954 3017/3995/2954
f 3171/4000/2955 3170/3999/2955 3172/4002/2955 3173/4003/2955
f 3171/4000/2956 3173/4003/2956 3019/4004/2956 3018/4001/2956
f 3173/4003/2957 3172/4002/2957 3174/4005/2957 3175/4006/2957
f 3173/4003/2958 3175/4006/2958 3021/4007/2958 3019/4004/2958
f 3175/4006/2959 3174/4005/2959 3176/4008/2959 3177/4009/2959
f 3175/4006/2960 3177/4009/2960 3023/4010/2960 3021/4007/2960
f 3177/4009/2961 3176/4008/2961 3178/4011/2961 3179/4012/2961
f 3177/4009/2962 3179/4012/2962 3025/4013/2962 3023/4010/2962
f 3179/4012/2963 3178/4011/2963 3180/4014/2963 3181/4015/2963
f 3179/4012/2964 3181/4015/2964 3027/4016/2964 3025/4013/2964
f 3181/4015/2965 3180/4014/2965 3182/4017/2965 3032/4018/2965
f 3181/4015/2966 3032/4018/2966 3029/4019/2966 3027/4016/2966
f 3182/4017/2967 3180/4014/2967 3183/4020/2967 3184/4021/2967
f 3182/4017/2968 3184/4021/2968 3037/3827/2968 3035/3825/2968
f 3182/4017/2969 3035/3825/2969 3033/3824/2969 3032/4018/2969
f 3184/4021/2970 3183/4020/2970 3185/4022/2970 3186/4023/2970
f 3184/4021/2971 3186/4023/2971 3187/4024/2971 3037/3827/2971
f 3187/4024/2972 3186/4023/2972 3188/4025/2972 3189/4026/2972
f 3187/4024/2973 3189/4026/2973 3054/3848/2973 3040/3830/2973
f 3187/4024/2974 3040/3830/2974 3038/3828/2974 3037/3827/2974
f 3189/4026/2975 3188/4025/2975 3190/4027/2975 3191/4028/2975
f 3189/4026/2976 3191/4028/2976 3058/3852/2976 3054/3848/2976
f 3191/4028/2977 3190/4027/2977 3192/4029/2977 3193/4030/2977
f 3191/4028/2978 3193/4030/2978 3060/3856/2978 3058/3852/2978
f 3193/4030/2979 3192/4029/2979 3194/4031/2979 3065/3864/2979
f 3193/4030/2980 3065/3864/2980 3062/3859/2980 3060/3856/2980
f 3194/4031/2981 3192/4029/2981 3195/4032/2981 3196/4033/2981
f 3194/4031/2982 3196/4033/2982 3197/4034/2982 3068/3867/2982
f 3194/4031/2983 3068/3867/2983 3066/3865/2983 3065/3864/2983
f 3197/4034/2984 3196/4033/2984 3198/4035/2984 3199/4036/2984
f 3197/4034/2985 3199/4036/2985 189/188/2985 3071/3870/2985
f 3197/4034/2986 3071/3870/2986 3069/3868/2986 3068/3867/2986
f 3199/4036/2987 3198/4035/2987 3200/4037/2987 3201/4038/2987
f 3199/4036/2988 3201/4038/2988 190/189/2988 189/188/2988
f 3201/4038/2989 3200/4037/2989 3202/4039/2989 3203/4040/2989
f 3201/4038/2990 3203/4040/2990 3204/4041/2990 190/189/2990
f 3204/4042/2991 3203/4043/2991 3205/4044/2991 3206/4045/2991
f 3204/4042/2992 3206/4045/2992 3207/4046/2992 3208/4047/2992
f 3204/4041/2993 3208/4048/2993 185/185/2993 190/189/2993
f 3208/4049/2994 3207/4050/2994 3209/4051/2994 3210/4052/2994
f 3208/4048/2995 3210/4053/2995 186/186/2995 185/185/2995
f 3210/4052/2996 3209/4051/2996 3211/4054/2996 3212/4055/2996
f 3210/4053/2997 3212/4056/2997 3213/4057/2997 186/186/2997
f 3213/4057/2998 3212/4056/2998 3214/4058/2998 3215/4059/2998
f 3213/4057/2999 3215/4059/2999 3216/4060/2999 3217/4061/2999
f 3213/4057/3000 3217/4061/3000 187/187/3000 186/186/3000
f 3217/4061/3001 3216/4060/3001 3218/4062/3001 3219/4063/3001
f 3217/4061/3002 3219/4063/3002 3076/3875/3002 187/187/3002
f 3219/4063/3003 3218/4062/3003 3220/4064/3003 3079/3878/3003
f 3219/4063/3004 3079/3878/3004 3077/3876/3004 3076/3875/3004
f 3220/4064/3005 3218/4062/3005 3221/4065/3005 3222/4066/3005
f 3220/4064/3006 3222/4066/3006 3223/4067/3006 3082/3881/3006
f 3220/4064/3007 3082/3881/3007 3080/3879/3007 3079/3878/3007
f 3223/4067/3008 3224/4068/3008 3083/3882/3008 3082/3881/3008
f 3223/4067/3009 3222/4066/3009 3225/4069/3009 3226/4070/3009
f 3223/4067/3010 3226/4070/3010 3227/4071/3010 3224/4068/3010
f 3227/4071/3011 3089/4072/3011 3086/4073/3011 3224/4068/3011
f 3227/4071/3012 3226/4070/3012 3228/4074/3012 3229/4075/3012
f 3227/4071/3013 3229/4075/3013 3230/4076/3013 3089/4072/3013
f 3230/4077/3014 3092/3894/3014 3090/3891/3014 3089/3890/3014
f 3230/4076/3015 3229/4075/3015 3099/3903/3015 3097/3901/3015
f 3230/4076/3016 3097/3901/3016 3094/3900/3016 3092/4078/3016
f 3229/4075/3017 3228/4074/3017 3231/4079/3017 3099/3903/3017
f 3231/4079/3018 3228/4074/3018 3232/4080/3018 3233/4081/3018
f 3231/4079/3019 3233/4081/3019 3234/4082/3019 3102/3906/3019
f 3231/4079/3020 3102/3906/3020 3100/3904/3020 3099/3903/3020
f 3234/4082/3021 3233/4081/3021 3235/4083/3021 3236/4084/3021
f 3234/4082/3022 3236/4084/3022 3108/3916/3022 3106/3912/3022
f 3234/4082/3023 3106/3912/3023 3103/3907/3023 3102/3906/3023
f 3236/4084/3024 3235/4083/3024 3237/4085/3024 3238/4086/3024
f 3236/4084/3025 3238/4086/3025 3239/4087/3025 3108/3916/3025
f 3239/4087/3026 3238/4086/3026 3240/4088/3026 3241/4089/3026
f 3239/4087/3027 3241/4089/3027 3113/4090/3027 3111/3919/3027
f 3239/4087/3028 3111/3919/3028 3109/3917/3028 3108/3916/3028
f 3241/4089/3029 3240/4088/3029 3242/4091/3029 3243/4092/3029
f 3241/4089/3030 3243/4092/3030 3115/4093/3030 3113/4090/3030
f 3243/4092/3031 3242/4091/3031 3244/4094/3031 3245/4095/3031
f 3243/4092/3032 3245/4095/3032 3117/4096/3032 3115/4093/3032
f 3245/4095/3033 3244/4094/3033 3246/4097/3033 3247/4098/3033
f 3245/4095/3034 3247/4098/3034 3248/4099/3034 3117/4096/3034
f 3248/4099/3035 3247/4098/3035 3249/4100/3035 3250/4101/3035
f 3248/4102/3036 3250/4103/3036 3251/4104/3036 3120/3931/3036
f 3248/4102/3037 3120/3931/3037 3118/3929/3037 3117/3928/3037
f 3251/4104/3038 3250/4103/3038 3252/4105/3038 3253/4106/3038
f 3251/4104/3039 3253/4106/3039 3254/4107/3039 3123/3934/3039
f 3251/4104/3040 3123/3934/3040 3121/3932/3040 3120/3931/3040
f 3254/4107/3041 3253/4106/3041 3255/4108/3041 3256/4109/3041
f 3254/4107/3042 3256/4109/3042 3257/4110/3042 3126/3937/3042
f 3254/4107/3043 3126/3937/3043 3124/3935/3043 3123/3934/3043
f 3257/4110/3044 3256/4109/3044 3258/4111/3044 3259/4112/3044
f 3257/4110/3045 3259/4112/3045 3136/3953/3045 3129/3941/3045
f 3257/4110/3046 3129/3941/3046 3127/3938/3046 3126/3937/3046
f 3259/4112/3047 3258/4111/3047 3148/3967/3047 3139/3956/3047
f 3259/4112/3048 3139/3956/3048 3137/3954/3048 3136/3953/3048
f 3258/4111/3049 3256/4109/3049 3255/4108/3049 3260/4113/3049
f 3258/4111/3050 3260/4113/3050 3149/3968/3050 3148/3967/3050
f 3260/4114/3051 3255/4115/3051 3261/4116/3051 3262/4117/3051
f 3260/4114/3052 3262/4117/3052 3151/3972/3052 3149/3971/3052
f 3262/4117/3053 3261/4116/3053 3263/4118/3053 3264/4119/3053
f 3262/4117/3054 3264/4119/3054 3153/3974/3054 3151/3972/3054
f 3264/4119/3055 3263/4118/3055 3265/4120/3055 3266/4121/3055
f 3264/4119/3056 3266/4121/3056 3267/4122/3056 3153/3974/3056
f 3267/4122/3057 3266/4121/3057 3268/4123/3057 3269/4124/3057
f 3267/4122/3058 3269/4124/3058 3159/3982/3058 3156/3977/3058
f 3267/4122/3059 3156/3977/3059 3154/3975/3059 3153/3974/3059
f 3269/4124/3060 3268/4123/3060 3270/4125/3060 3271/4126/3060
f 3269/4124/3061 3271/4126/3061 3161/3985/3061 3159/3982/3061
f 3271/4126/3062 3270/4125/3062 3272/4127/3062 3273/4128/3062
f 3271/4126/3063 3273/4128/3063 3163/3988/3063 3161/3985/3063
f 3273/4128/3064 3272/4127/3064 3274/4129/3064 3168/3997/3064
f 3273/4128/3065 3168/3997/3065 3165/3991/3065 3163/3988/3065
f 3274/4129/3066 3272/4127/3066 3275/4130/3066 3276/4131/3066
f 3274/4129/3067 3276/4131/3067 3277/4132/3067 3278/4133/3067
f 3274/4129/3068 3278/4133/3068 3169/3998/3068 3168/3997/3068
f 3278/4133/3069 3277/4132/3069 3279/4134/3069 3280/4135/3069
f 3278/4133/3070 3280/4135/3070 3170/3999/3070 3169/3998/3070
f 3280/4135/3071 3279/4134/3071 3281/4136/3071 3282/4137/3071
f 3280/4135/3072 3282/4137/3072 3172/4002/3072 3170/3999/3072
f 3282/4137/3073 3281/4136/3073 3283/4138/3073 3284/4139/3073
f 3282/4137/3074 3284/4139/3074 3174/4005/3074 3172/4002/3074
f 3284/4139/3075 3283/4138/3075 3285/4140/3075 3286/4141/3075
f 3284/4139/3076 3286/4141/3076 3176/4008/3076 3174/4005/3076
f 3286/4141/3077 3285/4140/3077 3287/4142/3077 3288/4143/3077
f 3286/4141/3078 3288/4143/3078 3178/4011/3078 3176/4008/3078
f 3288/4143/3079 3287/4142/3079 3185/4022/3079 3183/4020/3079
f 3288/4143/3080 3183/4020/3080 3180/4014/3080 3178/4011/3080
f 3287/4142/3081 3285/4140/3081 3289/4144/3081 3290/4145/3081
f 3287/4142/3082 3290/4145/3082 3291/4146/3082 3185/4022/3082
f 3291/4146/3083 3290/4145/3083 3292/4147/3083 3293/4148/3083
f 3291/4146/3084 3293/4148/3084 3190/4027/3084 3188/4025/3084
f 3291/4146/3085 3188/4025/3085 3186/4023/3085 3185/4022/3085
f 3293/4148/3086 3292/4147/3086 3294/4149/3086 3195/4032/3086
f 3293/4148/3087 3195/4032/3087 3192/4029/3087 3190/4027/3087
f 3294/4149/3088 3292/4147/3088 218/233/3088 217/230/3088
f 3294/4149/3089 217/230/3089 3200/4037/3089 3198/4035/3089
f 3294/4149/3090 3198/4035/3090 3196/4033/3090 3195/4032/3090
f 3292/4147/3091 3290/4145/3091 3289/4144/3091 218/233/3091
f 3289/4144/3092 3295/4150/3092 219/231/3092 218/233/3092
f 3289/4144/3093 3285/4140/3093 3283/4138/3093 3295/4150/3093
f 3295/4150/3094 3296/4151/3094 3297/4152/3094 219/231/3094
f 3295/4150/3095 3283/4138/3095 3281/4136/3095 3296/4151/3095
f 3297/4152/3096 3298/4153/3096 3299/4154/3096 3300/4155/3096
f 3297/4152/3097 3300/4155/3097 220/232/3097 219/231/3097
f 3297/4152/3098 3296/4151/3098 3301/4156/3098 3298/4153/3098
f 3301/4156/3099 3302/4157/3099 3303/4158/3099 3298/4153/3099
f 3301/4156/3095 3296/4151/3095 3281/4136/3095 3279/4134/3095
f 3301/4156/3100 3279/4134/3100 3277/4132/3100 3302/4157/3100
f 3303/4158/3101 95/59/3101 3304/4159/3101 3305/4160/3101
f 3303/4158/3102 3305/4160/3102 3299/4154/3102 3298/4153/3102
f 3303/4158/3103 3302/4157/3103 96/60/3103 95/59/3103
f 3305/4161/3104 3304/4162/3104 3306/4163/3104 3307/4164/3104
f 3305/4160/3105 3307/4165/3105 3308/4166/3105 3299/4154/3105
f 3308/4167/3106 3307/4164/3106 3309/4168/3106 3310/4169/3106
f 3308/4167/3107 3310/4169/3107 3311/4170/3107 3312/4171/3107
f 3308/4166/3108 3312/4172/3108 3300/4155/3108 3299/4154/3108
f 3312/4171/3109 3311/4170/3109 3313/4173/3109 3314/4174/3109
f 3312/4172/3110 3314/4175/3110 220/232/3110 3300/4155/3110
f 3314/4175/3111 3313/4176/3111 3315/4177/3111 3316/4178/3111
f 3314/4175/3112 3316/4178/3112 215/228/3112 220/232/3112
f 3316/4179/3113 3315/4180/3113 3317/4181/3113 3318/4182/3113
f 3316/4178/3114 3318/4183/3114 216/229/3114 215/228/3114
f 3318/4182/3115 3317/4181/3115 3319/4184/3115 3320/4185/3115
f 3318/4183/3116 3320/4186/3116 3202/4039/3116 216/229/3116
f 3320/4185/3117 3319/4184/3117 3321/4187/3117 3205/4044/3117
f 3320/4186/3118 3205/4188/3118 3203/4040/3118 3202/4039/3118
f 3321/4187/3119 3319/4184/3119 3322/4189/3119 3323/4190/3119
f 3321/4187/3120 3323/4190/3120 3324/4191/3120 3325/4192/3120
f 3321/4187/3121 3325/4192/3121 3206/4045/3121 3205/4044/3121
f 3325/4192/3122 3324/4191/3122 3326/4193/3122 3327/4194/3122
f 3325/4192/3123 3327/4194/3123 3207/4046/3123 3206/4045/3123
f 3327/4195/3124 3326/4196/3124 3328/4197/3124 3329/4198/3124
f 3327/4195/3125 3329/4198/3125 3209/4051/3125 3207/4050/3125
f 3329/4198/3126 3328/4197/3126 3330/4199/3126 3331/4200/3126
f 3329/4198/3127 3331/4200/3127 3211/4054/3127 3209/4051/3127
f 3331/4200/3128 3330/4199/3128 3332/4201/3128 3333/4202/3128
f 3331/4200/3129 3333/4202/3129 3334/4203/3129 3211/4054/3129
f 3334/4203/3130 3333/4202/3130 3335/4204/3130 3336/4205/3130
f 3334/4203/3131 3336/4205/3131 3337/4206/3131 3214/4207/3131
f 3334/4203/3132 3214/4207/3132 3212/4055/3132 3211/4054/3132
f 3337/4206/3133 3336/4205/3133 3338/4208/3133 3339/4209/3133
f 3337/4210/3134 3339/4211/3134 67/24/3134 72/28/3134
f 3337/4210/3135 72/28/3135 3215/4059/3135 3214/4058/3135
f 3339/4212/3136 3338/4213/3136 3340/4214/3136 3341/4215/3136
f 3339/4211/3137 3341/4216/3137 68/25/3137 67/24/3137
f 3341/4215/3138 3340/4214/3138 3342/4217/3138 3343/4218/3138
f 3341/4216/3139 3343/4219/3139 3344/4220/3139 68/25/3139
f 3344/4220/3140 3343/4219/3140 3345/4221/3140 3346/4222/3140
f 3344/4220/3141 3346/4222/3141 3347/4223/3141 3348/4224/3141
f 3344/4220/3142 3348/4224/3142 69/26/3142 68/25/3142
f 3348/4224/3143 3347/4223/3143 3349/4225/3143 3350/4226/3143
f 3348/4224/3144 3350/4226/3144 3351/4227/3144 69/26/3144
f 3351/4227/3145 3352/4228/3145 70/29/3145 69/26/3145
f 3351/4227/3146 3350/4226/3146 3353/4229/3146 3354/4230/3146
f 3351/4227/3147 3354/4230/3147 3237/4085/3147 3352/4228/3147
f 3354/4230/3148 3353/4229/3148 3242/4091/3148 3240/4088/3148
f 3354/4230/3149 3240/4088/3149 3238/4086/3149 3237/4085/3149
f 3353/4229/3150 3350/4226/3150 3349/4225/3150 3355/4231/3150
f 3353/4229/3151 3355/4231/3151 3244/4094/3151 3242/4091/3151
f 3355/4231/3152 3349/4225/3152 3356/4232/3152 3357/4233/3152
f 3355/4231/3153 3357/4233/3153 3246/4097/3153 3244/4094/3153
f 3357/4233/3154 3356/4232/3154 3358/4234/3154 3359/4235/3154
f 3357/4233/3155 3359/4235/3155 3360/4236/3155 3246/4097/3155
f 3360/4236/3156 3359/4235/3156 3361/4237/3156 3362/4238/3156
f 3360/4236/3157 3362/4238/3157 3363/4239/3157 3249/4100/3157
f 3360/4236/3158 3249/4100/3158 3247/4098/3158 3246/4097/3158
f 3363/4239/3159 3362/4238/3159 3265/4120/3159 3263/4118/3159
f 3363/4239/3160 3263/4118/3160 3261/4116/3160 3252/4240/3160
f 3363/4239/3161 3252/4240/3161 3250/4101/3161 3249/4100/3161
f 3362/4238/3162 3361/4237/3162 3364/4241/3162 3265/4120/3162
f 3364/4241/3163 3361/4237/3163 3365/4242/3163 3366/4243/3163
f 3364/4241/3164 3366/4243/3164 3270/4125/3164 3268/4123/3164
f 3364/4241/3165 3268/4123/3165 3266/4121/3165 3265/4120/3165
f 3366/4243/3166 3365/4242/3166 97/63/3166 3275/4130/3166
f 3366/4243/3167 3275/4130/3167 3272/4127/3167 3270/4125/3167
f 3365/4242/3168 3358/4234/3168 98/61/3168 97/63/3168
f 3365/4242/3169 3361/4237/3169 3359/4235/3169 3358/4234/3169
f 3358/4234/3170 3356/4232/3170 3367/4244/3170 98/61/3170
f 3367/4244/3171 3347/4223/3171 3346/4222/3171 3368/4245/3171
f 3367/4244/3172 3368/4245/3172 99/62/3172 98/61/3172
f 3367/4244/3173 3356/4232/3173 3349/4225/3173 3347/4223/3173
f 3368/4245/3174 3346/4222/3174 3345/4221/3174 3369/4246/3174
f 3368/4245/3175 3369/4246/3175 3370/4247/3175 99/62/3175
f 3370/4248/3176 3369/4249/3176 3371/4250/3176 3372/4251/3176
f 3370/4248/3177 3372/4251/3177 3373/4252/3177 3374/4253/3177
f 3370/4247/3178 3374/4254/3178 94/58/3178 99/62/3178
f 3374/4254/3179 3373/4255/3179 3306/4256/3179 3304/4159/3179
f 3374/4254/3180 3304/4159/3180 95/59/3180 94/58/3180
f 3373/4252/3181 3372/4251/3181 3375/4257/3181 3376/4258/3181
f 3373/4255/3182 3376/4259/3182 3377/4260/3182 3306/4256/3182
f 3377/4260/3183 3376/4259/3183 3378/4261/3183 3379/4262/3183
f 3377/4263/3184 3379/4264/3184 3380/4265/3184 3309/4168/3184
f 3377/4263/3185 3309/4168/3185 3307/4164/3185 3306/4163/3185
f 3380/4265/3186 3379/4264/3186 3381/4266/3186 3382/4267/3186
f 3380/4265/3187 3382/4267/3187 3383/4268/3187 3384/4269/3187
f 3380/4265/3188 3384/4269/3188 3310/4169/3188 3309/4168/3188
f 3384/4269/3189 3383/4268/3189 3385/4270/3189 3386/4271/3189
f 3384/4269/3190 3386/4271/3190 3311/4170/3190 3310/4169/3190
f 3386/4271/3191 3385/4270/3191 3387/4272/3191 3388/4273/3191
f 3386/4271/3192 3388/4273/3192 3313/4173/3192 3311/4170/3192
f 3388/4274/3193 3387/4275/3193 3389/4276/3193 3390/4277/3193
f 3388/4274/3194 3390/4277/3194 3315/4177/3194 3313/4176/3194
f 3390/4278/3195 3389/4279/3195 3391/4280/3195 3392/4281/3195
f 3390/4278/3196 3392/4281/3196 3317/4181/3196 3315/4180/3196
f 3392/4281/3197 3391/4280/3197 3393/4282/3197 3322/4189/3197
f 3392/4281/3198 3322/4189/3198 3319/4184/3198 3317/4181/3198
f 3393/4282/3199 3391/4280/3199 3394/4283/3199 3395/4284/3199
f 3393/4282/3200 3395/4284/3200 3396/4285/3200 3397/4286/3200
f 3393/4282/3201 3397/4286/3201 3323/4190/3201 3322/4189/3201
f 3397/4286/3202 3396/4285/3202 3398/4287/3202 3399/4288/3202
f 3397/4286/3203 3399/4288/3203 3324/4191/3203 3323/4190/3203
f 3399/4288/3204 3398/4287/3204 139/123/3204 138/4289/3204
f 3399/4288/3205 138/4289/3205 3326/4193/3205 3324/4191/3205
f 3398/4287/3206 3396/4285/3206 3400/4290/3206 3401/4291/3206
f 3398/4287/3207 3401/4291/3207 140/124/3207 139/123/3207
f 3401/4291/3208 3400/4290/3208 3402/4292/3208 3403/4293/3208
f 3401/4291/3209 3403/4293/3209 3404/4294/3209 140/124/3209
f 3404/4294/3210 3405/4295/3210 3406/4296/3210 157/146/3210
f 3404/4294/3211 157/146/3211 141/125/3211 140/124/3211
f 3404/4294/3212 3403/4293/3212 3407/4297/3212 3405/4295/3212
f 3407/4297/3213 3408/4298/3213 200/202/3213 202/204/3213
f 3407/4297/3214 202/204/3214 3409/4299/3214 3405/4295/3214
f 3407/4297/3215 3403/4293/3215 3402/4292/3215 3408/4298/3215
f 3409/4299/3216 179/177/3216 3410/4300/3216 3411/4301/3216
f 3409/4299/3217 3411/4301/3217 3406/4296/3217 3405/4295/3217
f 3409/4299/3218 202/204/3218 180/178/3218 179/177/3218
f 3411/4302/3219 3410/4303/3219 3412/4304/3219 3413/4305/3219
f 3411/4302/3220 3413/4305/3220 3414/4306/3220 3406/4307/3220
f 3414/4308/3221 3413/4309/3221 3415/4310/3221 3416/4311/3221
f 3414/4308/3222 3416/4311/3222 159/149/3222 158/148/3222
f 3414/4312/3223 158/147/3223 157/146/3223 3406/4296/3223
f 3416/4311/3224 3415/4310/3224 113/85/3224 3417/4313/3224
f 3416/4311/3225 3417/4313/3225 3418/4314/3225 159/149/3225
f 3418/4314/3226 3417/4313/3226 3419/4315/3226 3420/4316/3226
f 3418/4314/3227 3420/4316/3227 3421/4317/3227 3422/4318/3227
f 3418/4314/3228 3422/4318/3228 142/128/3228 159/149/3228
f 3422/4318/3229 3421/4317/3229 3423/4319/3229 3424/4320/3229
f 3422/4318/3230 3424/4320/3230 14/118/3230 142/128/3230
f 3424/4320/3231 3423/4319/3231 3425/4321/3231 3426/4322/3231
f 3424/4320/3232 3426/4322/3232 137/119/3232 14/118/3232
f 3426/4322/3233 3425/4321/3233 3332/4201/3233 3330/4199/3233
f 3426/4322/3234 3330/4199/3234 3328/4197/3234 137/119/3234
f 3425/4321/3235 3423/4319/3235 3427/4323/3235 3428/4324/3235
f 3425/4321/3236 3428/4324/3236 3429/4325/3236 3332/4201/3236
f 3429/4325/3237 3428/4324/3237 84/45/3237 83/44/3237
f 3429/4325/3238 83/44/3238 3430/4326/3238 3335/4204/3238
f 3429/4325/3239 3335/4204/3239 3333/4202/3239 3332/4201/3239
f 3430/4327/3240 83/4328/3240 82/4329/3240 3431/4330/3240
f 3430/4327/3241 3431/4330/3241 3340/4331/3241 3338/4332/3241
f 3430/4326/3242 3338/4208/3242 3336/4205/3242 3335/4204/3242
f 3431/4333/3243 82/41/3243 81/40/3243 3432/4334/3243
f 3431/4333/3244 3432/4334/3244 3342/4217/3244 3340/4214/3244
f 3432/4334/3245 81/40/3245 3433/4335/3245 3434/4336/3245
f 3432/4334/3246 3434/4336/3246 3435/4337/3246 3342/4217/3246
f 3435/4337/3247 3434/4336/3247 3436/4338/3247 3371/4250/3247
f 3435/4337/3248 3371/4250/3248 3369/4249/3248 3345/4339/3248
f 3435/4337/3249 3345/4339/3249 3343/4218/3249 3342/4217/3249
f 3436/4338/3250 3434/4336/3250 3433/4335/3250 3437/4340/3250
f 3436/4338/3251 3437/4340/3251 3438/4341/3251 3375/4257/3251
f 3436/4338/3252 3375/4257/3252 3372/4251/3252 3371/4250/3252
f 3438/4341/3253 3437/4340/3253 3439/4342/3253 3440/4343/3253
f 3438/4341/3254 3440/4343/3254 3441/4344/3254 3378/4345/3254
f 3438/4341/3255 3378/4345/3255 3376/4258/3255 3375/4257/3255
f 3441/4344/3256 3440/4343/3256 3442/4346/3256 3443/4347/3256
f 3441/4348/3257 3443/4349/3257 3444/4350/3257 3381/4266/3257
f 3441/4348/3258 3381/4266/3258 3379/4264/3258 3378/4351/3258
f 3444/4350/3259 3443/4349/3259 3445/4352/3259 3446/4353/3259
f 3444/4350/3260 3446/4353/3260 3447/4354/3260 3448/4355/3260
f 3444/4350/3261 3448/4355/3261 3382/4267/3261 3381/4266/3261
f 3448/4355/3262 3447/4354/3262 3449/4356/3262 3450/4357/3262
f 3448/4355/3263 3450/4357/3263 3383/4268/3263 3382/4267/3263
f 3450/4357/3264 3449/4356/3264 3451/4358/3264 3452/4359/3264
f 3450/4357/3265 3452/4359/3265 3385/4270/3265 3383/4268/3265
f 3452/4359/3266 3451/4358/3266 3453/4360/3266 3454/4361/3266
f 3452/4359/3267 3454/4361/3267 3387/4272/3267 3385/4270/3267
f 3454/4361/3268 3453/4360/3268 3455/4362/3268 3456/4363/3268
f 3454/4361/3269 3456/4363/3269 3389/4364/3269 3387/4272/3269
f 3456/4365/3270 3455/4366/3270 3457/4367/3270 3394/4283/3270
f 3456/4365/3271 3394/4283/3271 3391/4280/3271 3389/4279/3271
f 3457/4367/3272 3455/4366/3272 3458/4368/3272 3459/4369/3272
f 3457/4367/3273 3459/4369/3273 3460/4370/3273 3461/4371/3273
f 3457/4367/3274 3461/4371/3274 3395/4284/3274 3394/4283/3274
f 3461/4371/3275 3460/4370/3275 3402/4292/3275 3400/4290/3275
f 3461/4371/3276 3400/4290/3276 3396/4285/3276 3395/4284/3276
f 3460/4370/3277 3459/4369/3277 3462/4372/3277 3463/4373/3277
f 3460/4370/3278 3463/4373/3278 3408/4298/3278 3402/4292/3278
f 3463/4373/3279 3462/4372/3279 3464/4374/3279 201/203/3279
f 3463/4373/3280 201/203/3280 200/202/3280 3408/4298/3280
f 3464/4374/3281 3465/4375/3281 3466/4376/3281 184/183/3281
f 3464/4374/3282 184/183/3282 181/180/3282 201/203/3282
f 3464/4374/3283 3462/4372/3283 3467/4377/3283 3465/4375/3283
f 3467/4378/3284 3468/4379/3284 3469/4380/3284 3465/4381/3284
f 3467/4377/3285 3462/4372/3285 3459/4369/3285 3458/4368/3285
f 3467/4378/3286 3458/4382/3286 3470/4383/3286 3468/4379/3286
f 3470/4383/3287 3471/4384/3287 3472/4385/3287 3468/4379/3287
f 3470/4383/3288 3458/4382/3288 3455/4362/3288 3453/4360/3288
f 3470/4383/3289 3453/4360/3289 3451/4358/3289 3471/4384/3289
f 3472/4385/3290 3473/4386/3290 3474/4387/3290 3475/4388/3290
f 3472/4385/3291 3475/4388/3291 3469/4380/3291 3468/4379/3291
f 3472/4385/3292 3471/4384/3292 3476/4389/3292 3473/4386/3292
f 3476/4389/3293 3477/4390/3293 3478/4391/3293 3473/4386/3293
f 3476/4389/3294 3471/4384/3294 3451/4358/3294 3449/4356/3294
f 3476/4389/3295 3449/4356/3295 3447/4354/3295 3477/4390/3295
f 3478/4391/3296 161/151/3296 163/155/3296 3479/4392/3296
f 3478/4391/3297 3479/4392/3297 3474/4387/3297 3473/4386/3297
f 3478/4391/3298 3477/4390/3298 162/152/3298 161/151/3298
f 3479/4392/3299 193/195/3299 192/194/3299 3474/4387/3299
f 3479/4392/3300 163/155/3300 3480/4393/3300 193/195/3300
f 3480/4393/3301 3481/4394/3301 194/196/3301 193/195/3301
f 3480/4393/3302 163/155/3302 160/154/3302 3482/4395/3302
f 3480/4393/3303 3482/4395/3303 3483/4396/3303 3481/4394/3303
f 3483/4396/3304 3484/4397/3304 3485/4398/3304 3481/4394/3304
f 3483/4399/3305 3482/4400/3305 156/4401/3305 136/4402/3305
f 3483/4403/3306 136/117/3306 135/116/3306 3484/4404/3306
f 3485/4398/3307 3486/4405/3307 196/198/3307 195/197/3307
f 3485/4398/3308 195/197/3308 194/196/3308 3481/4394/3308
f 3485/4398/3309 3484/4397/3309 3487/4406/3309 3486/4405/3309
f 3487/4406/3310 3488/4407/3310 3489/4408/3310 3486/4405/3310
f 3487/4409/3311 3484/4404/3311 135/116/3311 134/115/3311
f 3487/4409/3312 134/115/3312 3490/4410/3312 3488/4411/3312
f 3490/4410/3313 169/165/3313 3491/4412/3313 3488/4411/3313
f 3490/4410/3314 134/115/3314 132/113/3314 3492/4413/3314
f 3490/4410/3315 3492/4413/3315 164/157/3315 169/165/3315
f 3492/4413/3316 132/113/3316 131/112/3316 3493/4414/3316
f 3492/4413/3317 3493/4414/3317 165/158/3317 164/157/3317
f 3493/4414/3318 131/112/3318 3494/4415/3318 3495/4416/3318
f 3493/4414/3319 3495/4416/3319 3496/4417/3319 165/158/3319
f 3496/4417/3320 3497/4418/3320 166/159/3320 165/158/3320
f 3496/4417/3321 3495/4416/3321 3498/4419/3321 3499/4420/3321
f 3496/4417/3322 3499/4420/3322 174/4421/3322 3497/4418/3322
f 3499/4422/3323 3498/4423/3323 3500/4424/3323 3501/4425/3323
f 3499/4422/3324 3501/4425/3324 170/4426/3324 174/4427/3324
f 3501/4425/3325 3500/4424/3325 3502/4428/3325 3503/4429/3325
f 3501/4425/3326 3503/4429/3326 171/4430/3326 170/4426/3326
f 3503/4429/3327 3502/4428/3327 3504/4431/3327 3505/4432/3327
f 3503/4429/3328 3505/4432/3328 3506/4433/3328 171/4430/3328
f 3506/4433/3329 3505/4432/3329 203/206/3329 208/4434/3329
f 3506/4435/3330 208/215/3330 3507/4436/3330 3508/4437/3330
f 3506/4435/3331 3508/4437/3331 172/169/3331 171/168/3331
f 3508/4437/3332 3507/4436/3332 3509/4438/3332 3510/4439/3332
f 3508/4437/3333 3510/4439/3333 175/172/3333 172/169/3333
f 3510/4439/3334 3509/4438/3334 3511/4440/3334 3512/4441/3334
f 3510/4439/3335 3512/4441/3335 3513/4442/3335 175/172/3335
f 3513/4442/3336 3514/4443/3336 173/170/3336 175/172/3336
f 3513/4442/3337 3512/4441/3337 3515/4444/3337 3516/4445/3337
f 3513/4442/3338 3516/4445/3338 167/162/3338 3514/4443/3338
f 3516/4445/3339 3515/4444/3339 3517/4446/3339 3518/4447/3339
f 3516/4445/3340 3518/4447/3340 168/163/3340 167/162/3340
f 3518/4447/3341 3517/4446/3341 3519/4448/3341 3491/4449/3341
f 3518/4447/3342 3491/4449/3342 169/4450/3342 168/163/3342
f 3519/4448/3343 3517/4446/3343 210/219/3343 209/218/3343
f 3519/4451/3344 209/226/3344 214/225/3344 3489/4408/3344
f 3519/4451/3345 3489/4408/3345 3488/4407/3345 3491/4452/3345
f 3517/4446/3346 3515/4444/3346 3520/4453/3346 210/219/3346
f 3520/4453/3347 3515/4444/3347 3512/4441/3347 3511/4440/3347
f 3520/4453/3348 3511/4440/3348 3521/4454/3348 3522/4455/3348
f 3520/4453/3349 3522/4455/3349 211/220/3349 210/219/3349
f 3522/4456/3350 3521/4457/3350 3523/4458/3350 3524/4459/3350
f 3522/4460/3351 3524/4461/3351 212/223/3351 211/222/3351
f 3524/4459/3352 3523/4458/3352 183/182/3352 3525/4462/3352
f 3524/4461/3353 3525/4463/3353 3526/4464/3353 212/223/3353
f 3526/4464/3354 3525/4463/3354 3527/4465/3354 198/200/3354
f 3526/4464/3355 198/200/3355 24/192/3355 197/199/3355
f 3526/4464/3356 197/199/3356 213/224/3356 212/223/3356
f 3527/4466/3357 3525/4462/3357 183/182/3357 182/181/3357
f 3527/4466/3358 182/181/3358 184/183/3358 3466/4376/3358
f 3527/4465/3359 3466/4467/3359 199/201/3359 198/200/3359
f 3523/4458/3360 3521/4457/3360 3528/4468/3360 3529/4469/3360
f 3523/4458/3361 3529/4469/3361 176/174/3361 183/182/3361
f 3529/4469/3362 3528/4468/3362 3530/4470/3362 3531/4471/3362
f 3529/4469/3363 3531/4471/3363 177/175/3363 176/174/3363
f 3531/4471/3364 3530/4470/3364 207/212/3364 206/211/3364
f 3531/4471/3365 206/211/3365 3532/4472/3365 177/175/3365
f 3532/4472/3366 206/211/3366 205/210/3366 3533/4473/3366
f 3532/4472/3367 3533/4473/3367 3534/4474/3367 3535/4475/3367
f 3532/4472/3368 3535/4475/3368 178/176/3368 177/175/3368
f 3535/4476/3369 3534/4477/3369 3412/4304/3369 3410/4303/3369
f 3535/4475/3370 3410/4300/3370 179/177/3370 178/176/3370
f 3534/4478/3371 3533/4479/3371 147/133/3371 146/132/3371
f 3534/4478/3372 146/132/3372 145/131/3372 3412/4480/3372
f 3533/4479/3373 205/208/3373 204/207/3373 147/133/3373
f 3530/4481/3374 3507/4436/3374 208/215/3374 207/214/3374
f 3530/4481/3375 3528/4482/3375 3509/4438/3375 3507/4436/3375
f 3528/4482/3376 3521/4454/3376 3511/4440/3376 3509/4438/3376
f 3514/4443/3377 3497/4483/3377 174/171/3377 173/170/3377
f 3514/4443/3378 167/162/3378 166/161/3378 3497/4483/3378
f 3505/4432/3379 3504/4431/3379 204/207/3379 203/206/3379
f 3504/4431/3380 3502/4428/3380 149/135/3380 148/134/3380
f 3504/4431/3381 148/134/3381 147/133/3381 204/207/3381
f 3502/4428/3382 3500/4424/3382 3536/4484/3382 149/135/3382
f 3536/4484/3383 3500/4424/3383 3498/4423/3383 3537/4485/3383
f 3536/4484/3384 3537/4485/3384 3538/4486/3384 3539/4487/3384
f 3536/4484/3385 3539/4487/3385 143/129/3385 149/135/3385
f 3539/4487/3386 3538/4486/3386 3540/4488/3386 3541/4489/3386
f 3539/4487/3387 3541/4489/3387 144/130/3387 143/129/3387
f 3541/4489/3388 3540/4488/3388 3542/4490/3388 3543/4491/3388
f 3541/4489/3389 3543/4491/3389 3544/4492/3389 144/130/3389
f 3544/4492/3390 3543/4491/3390 3545/4493/3390 3546/4494/3390
f 3544/4492/3391 3546/4494/3391 3547/4495/3391 116/88/3391
f 3544/4492/3392 116/88/3392 115/87/3392 144/130/3392
f 3547/4495/3393 3546/4494/3393 3548/4496/3393 3549/4497/3393
f 3547/4495/3394 3549/4497/3394 3420/4316/3394 3419/4315/3394
f 3547/4495/3395 3419/4315/3395 112/84/3395 116/88/3395
f 3549/4497/3396 3548/4496/3396 3550/4498/3396 3551/4499/3396
f 3549/4497/3397 3551/4499/3397 3421/4317/3397 3420/4316/3397
f 3551/4499/3398 3550/4498/3398 89/50/3398 3427/4323/3398
f 3551/4499/3399 3427/4323/3399 3423/4319/3399 3421/4317/3399
f 3550/4498/3400 3548/4496/3400 3552/4500/3400 3553/4501/3400
f 3550/4498/3401 3553/4501/3401 87/51/3401 89/50/3401
f 3553/4501/3402 3552/4500/3402 3554/4502/3402 90/4503/3402
f 3553/4501/3403 90/4503/3403 88/4504/3403 87/51/3403
f 3554/4505/3404 3555/4506/3404 3556/4507/3404 3557/4508/3404
f 3554/4505/3405 3557/4508/3405 91/54/3405 90/53/3405
f 3554/4502/3406 3552/4500/3406 3545/4493/3406 3555/4509/3406
f 3557/4508/3407 3556/4507/3407 3558/4510/3407 3559/4511/3407
f 3557/4508/3408 3559/4511/3408 93/56/3408 91/54/3408
f 3559/4511/3409 3558/4510/3409 107/78/3409 3560/4512/3409
f 3559/4511/3410 3560/4512/3410 3561/4513/3410 93/56/3410
f 3561/4513/3411 3560/4512/3411 3562/4514/3411 3563/4515/3411
f 3561/4513/3412 3563/4515/3412 3564/4516/3412 3565/4517/3412
f 3561/4513/3413 3565/4517/3413 92/55/3413 93/56/3413
f 3565/4517/3414 3564/4516/3414 3566/4518/3414 86/47/3414
f 3565/4517/3415 86/47/3415 85/46/3415 92/55/3415
f 3566/4518/3416 3564/4516/3416 3567/4519/3416 3568/4520/3416
f 3566/4518/3417 3568/4520/3417 3439/4342/3417 3569/4521/3417
f 3566/4518/3418 3569/4521/3418 80/39/3418 86/47/3418
f 3569/4521/3419 3439/4342/3419 3437/4340/3419 3433/4335/3419
f 3569/4521/3420 3433/4335/3420 81/40/3420 80/39/3420
f 3568/4520/3421 3567/4519/3421 3570/4522/3421 3442/4346/3421
f 3568/4520/3422 3442/4346/3422 3440/4343/3422 3439/4342/3422
f 3570/4522/3423 3567/4519/3423 152/138/3423 151/137/3423
f 3570/4522/3424 151/137/3424 155/142/3424 3445/4523/3424
f 3570/4522/3425 3445/4523/3425 3443/4347/3425 3442/4346/3425
f 3567/4519/3426 3564/4516/3426 3563/4515/3426 152/138/3426
f 3563/4515/3427 3562/4514/3427 153/139/3427 152/138/3427
f 3562/4514/3428 3560/4512/3428 107/78/3428 106/77/3428
f 3562/4514/3429 106/77/3429 111/82/3429 153/139/3429
f 3558/4510/3430 3571/4524/3430 108/79/3430 107/78/3430
f 3558/4510/3431 3556/4507/3431 3572/4525/3431 3571/4524/3431
f 3572/4525/3432 3573/4526/3432 129/110/3432 3571/4524/3432
f 3572/4525/3433 3556/4507/3433 3555/4506/3433 3542/4527/3433
f 3572/4525/3434 3542/4527/3434 3540/4528/3434 3573/4526/3434
f 3573/4526/3435 3574/4529/3435 130/111/3435 129/110/3435
f 3573/4526/3436 3540/4528/3436 3538/4530/3436 3574/4529/3436
f 3574/4529/3437 3494/4415/3437 131/112/3437 130/111/3437
f 3574/4529/3438 3538/4530/3438 3537/4531/3438 3494/4415/3438
f 3571/4524/3439 129/110/3439 109/80/3439 108/79/3439
f 3555/4509/3440 3545/4493/3440 3543/4491/3440 3542/4490/3440
f 3552/4500/3441 3548/4496/3441 3546/4494/3441 3545/4493/3441
f 3537/4531/3442 3498/4419/3442 3495/4416/3442 3494/4415/3442
f 3489/4408/3443 214/225/3443 196/198/3443 3486/4405/3443
f 3482/4400/3444 160/4532/3444 150/4533/3444 156/4401/3444
f 3477/4390/3445 3447/4354/3445 3446/4353/3445 162/152/3445
f 3475/4388/3446 3474/4387/3446 192/194/3446 191/193/3446
f 3475/4388/3447 191/193/3447 199/201/3447 3469/4380/3447
f 3469/4534/3448 199/4535/3448 3466/4536/3448 3465/4537/3448
f 3446/4353/3449 3445/4352/3449 155/153/3449 162/152/3449
f 3428/4324/3450 3427/4323/3450 89/50/3450 84/45/3450
f 3419/4315/3451 3417/4313/3451 113/85/3451 112/84/3451
f 3415/4310/3452 145/131/3452 114/86/3452 113/85/3452
f 3415/4310/3453 3413/4309/3453 3412/4480/3453 145/131/3453
f 3352/4228/3454 3575/4538/3454 3576/4539/3454 70/29/3454
f 3352/4228/3455 3237/4085/3455 3235/4083/3455 3575/4538/3455
f 3576/4539/3456 3225/4069/3456 3222/4066/3456 3221/4065/3456
f 3576/4539/3457 3221/4065/3457 71/27/3457 70/29/3457
f 3576/4539/3458 3575/4538/3458 3232/4080/3458 3225/4069/3458
f 3575/4538/3459 3235/4083/3459 3233/4081/3459 3232/4080/3459
f 3328/4197/3460 3326/4196/3460 138/120/3460 137/119/3460
f 3302/4157/3461 3277/4132/3461 3276/4131/3461 96/60/3461
f 3276/4131/3462 3275/4130/3462 97/63/3462 96/60/3462
f 3261/4116/3463 3255/4115/3463 3253/4540/3463 3252/4240/3463
f 3232/4080/3464 3228/4074/3464 3226/4070/3464 3225/4069/3464
f 3221/4065/3002 3218/4062/3002 3216/4060/3002 71/27/3002
f 3216/4060/3465 3215/4059/3465 72/28/3465 71/27/3465
f 3202/4039/3466 3200/4037/3466 217/230/3466 216/229/3466
f 3136/3953/3467 3133/3948/3467 3130/3942/3467 3129/3941/3467
f 3088/3889/3468 2716/3893/3468 2715/3620/3468 2870/3619/3468
f 3076/3875/3469 3074/3873/3469 188/190/3469 187/187/3469
f 3072/3871/3470 3071/3870/3470 189/188/3470 188/190/3470
f 3054/3848/3471 3052/3847/3471 3041/3831/3471 3040/3830/3471
f 3052/3844/3472 3046/3838/3472 3042/3835/3472 3041/4541/3472
f 2998/3784/3473 2780/3508/3473 2778/3506/3473 2777/3505/3473
f 2984/3765/3474 2799/3531/3474 2796/3528/3474 2794/3526/3474
f 2962/3740/3475 283/324/3475 282/323/3475 2809/3541/3475
f 2917/3673/3476 2916/3672/3476 2835/3570/3476 2833/3677/3476
f 2916/3672/3477 2912/3668/3477 2911/3667/3477 3577/4542/3477
f 2916/3672/3478 3577/4542/3478 2837/3571/3478 2835/3570/3478
f 3577/4542/3479 2911/3667/3479 3578/4543/3479 3579/4544/3479
f 3577/4542/3480 3579/4544/3480 2839/3574/3480 2837/3571/3480
f 3579/4544/3481 3578/4543/3481 3580/4545/3481 3581/4546/3481
f 3579/4544/3482 3581/4546/3482 2841/3577/3482 2839/3574/3482
f 3581/4546/3483 3580/4545/3483 236/253/3483 235/252/3483
f 3581/4546/3484 235/252/3484 2843/3581/3484 2841/3577/3484
f 3580/4545/3485 3578/4543/3485 2906/4547/3485 3582/4548/3485
f 3580/4549/3486 3582/4550/3486 237/256/3486 236/255/3486
f 3582/4550/3487 2906/3659/3487 2902/3655/3487 2901/3654/3487
f 3582/4550/3488 2901/3654/3488 3583/4551/3488 237/256/3488
f 3583/4551/3489 2901/3654/3489 2897/3650/3489 2896/3649/3489
f 3583/4551/3490 2896/3649/3490 3584/4552/3490 3585/4553/3490
f 3583/4551/3491 3585/4553/3491 232/257/3491 237/256/3491
f 3585/4554/3492 3584/4555/3492 3586/4556/3492 3587/4557/3492
f 3585/4554/3493 3587/4557/3493 233/248/3493 232/247/3493
f 3587/4557/3494 3586/4556/3494 2851/3592/3494 2849/3590/3494
f 3587/4557/3495 2849/3590/3495 2847/3589/3495 233/248/3495
f 3586/4558/3496 3584/4552/3496 2891/3644/3496 3588/4559/3496
f 3586/4556/3497 3588/4560/3497 3589/4561/3497 2851/3592/3497
f 3589/4561/3498 3588/4560/3498 2886/4562/3498 3590/4563/3498
f 3589/4561/3499 3590/4563/3499 2856/3599/3499 2854/3595/3499
f 3589/4561/3500 2854/3595/3500 2852/3593/3500 2851/3592/3500
f 3590/4563/3501 2886/4562/3501 2882/3634/3501 2881/3633/3501
f 3590/4563/3502 2881/3633/3502 2858/3602/3502 2856/3599/3502
f 3588/4559/3503 2891/3644/3503 2887/3640/3503 2886/3639/3503
f 3584/4552/3504 2896/3649/3504 2892/3645/3504 2891/3644/3504
f 3578/4543/3505 2911/3667/3505 2907/3662/3505 2906/4547/3505
f 2881/3633/3506 2877/3627/3506 2860/3605/3506 2858/3602/3506
f 2847/3586/3507 2845/3584/3507 234/251/3507 233/4564/3507
f 2845/3584/3508 2843/3581/3508 235/252/3508 234/251/3508
f 2812/3544/3509 2810/3542/3509 2809/3541/3509 282/323/3509
f 2694/4565/3510 2693/3583/3510 249/275/3510 248/274/3510
f 2637/3350/3511 2635/3348/3511 2634/3347/3511 120/96/3511
f 2537/3236/3512 2534/3233/3512 268/298/3512 264/294/3512
f 2498/3169/3513 2494/3160/3513 2492/3158/3513 2491/3157/3513
f 2479/3145/3514 2475/3141/3514 2474/3140/3514 64/17/3514
f 2461/3127/3515 2457/3119/3515 2455/3117/3515 2454/3116/3515
f 2371/3010/3516 2369/3008/3516 75/4566/3516 74/4567/3516
f 2369/3008/3517 2367/3006/3517 76/3126/3517 75/4566/3517
f 2051/2661/3518 2047/2657/3518 2045/2655/3518 2044/2654/3518
f 2022/2630/3519 2019/2625/3519 2017/2623/3519 2016/2622/3519
f 2003/2607/3520 2000/2602/3520 1998/2598/3520 1997/2597/3520
f 1916/2486/3521 1913/2483/3521 1910/2480/3521 1909/2479/3521
f 1812/2350/3522 1810/2348/3522 1809/2347/3522 242/263/3522
f 1805/2343/3523 1802/2339/3523 1799/2334/3523 1798/2333/3523
f 1790/2325/3524 1789/2324/3524 223/236/3524 222/235/3524
f 1780/2315/3525 1777/2312/3525 1775/4568/3525 261/289/3525
f 1775/4568/3526 1773/4569/3526 256/285/3526 261/289/3526
f 1773/4569/3527 1771/4570/3527 257/286/3527 256/285/3527
f 1771/4570/3528 1768/2294/3528 1767/2293/3528 257/286/3528
f 1760/2286/1557 1758/2284/1557 298/346/1557 297/345/1557
f 1747/2271/3529 1744/2270/3529 255/282/3529 254/281/3529
f 1715/2223/3530 1713/2222/3530 287/4571/3530 292/2300/3530
f 1713/2218/3531 1711/2217/3531 288/335/3531 287/334/3531
f 730/919/3532 729/1016/3532 308/357/3532 305/354/3532
f 729/915/3533 727/913/3533 338/394/3533 337/4572/3533
f 723/909/3534 721/908/3534 341/4573/3534 340/396/3534
f 659/825/3535 361/429/3535 360/428/3535 654/826/3535
f 621/784/3536 617/779/3536 366/446/3536 368/445/3536
f 620/923/3537 331/383/3537 329/381/3537 616/776/3537
f 574/731/3538 461/589/3538 374/457/3538 373/456/3538
f 571/723/3539 567/719/3539 566/718/3539 474/4574/3539
f 571/732/3540 474/605/3540 472/603/3540 471/602/3540
f 566/718/3541 562/714/3541 561/713/3541 477/4575/3541
f 566/718/3542 477/4575/3542 475/4576/3542 474/4574/3542
f 561/713/3543 557/709/3543 556/708/3543 480/613/3543
f 561/713/3544 480/613/3544 478/612/3544 477/4575/3544
f 556/708/3545 552/704/3545 485/620/3545 483/617/3545
f 556/708/3546 483/617/3546 481/614/3546 480/613/3546
f 548/700/3547 488/623/3547 486/621/3547 485/620/3547
f 544/696/3548 491/627/3548 489/624/3548 488/623/3548
f 521/773/3549 327/379/3549 326/378/3549 515/662/3549
f 512/4577/3550 511/661/3550 326/378/3550 325/377/3550
f 421/528/3551 417/527/3551 416/4578/3551 348/408/3551
f 416/521/3552 412/517/3552 411/516/3552 3591/4579/3552
f 416/4578/3553 3591/4580/3553 349/409/3553 348/408/3553
f 3591/4579/3554 411/516/3554 376/461/3554 375/460/3554
f 3591/4580/3555 375/465/3555 350/410/3555 349/409/3555
f 411/516/3556 407/512/3556 406/511/3556 376/461/3556
f 353/414/3557 352/413/3557 334/387/3557 335/388/3557
f 352/413/3558 314/364/3558 42/358/3558 334/387/3558
f 352/413/3559 351/412/3559 320/371/3559 314/364/3559
f 214/225/3560 213/224/3560 197/199/3560 196/198/3560
f 156/143/3561 154/140/3561 133/114/3561 136/117/3561
f 154/140/3562 111/82/3562 110/81/3562 133/114/3562
f 16/136/3563 150/144/3563 160/4581/3563 18/141/3563
f 2442/4582/3564 2445/3101/3564 2444/3100/3564 2443/4583/3564
f 3085/3886/3565 2873/3623/3565 3084/3885/3565
f 3084/3883/3566 3083/3882/3566 3224/4068/3566 3085/4584/3566
f 3224/4585/3567 3086/3887/3567 3085/3886/3567
f 3056/4586/3568 3057/3854/3568 2929/3690/3568 3051/3843/3568
f 2929/3690/3569 2928/3689/3569 3051/3843/3569
