# Blender 4.4.0
# www.blender.org
mtllib Meshy_AI_Stylized_low_poly_str_0519051338_texture.mtl
o Meshy_AI_Stylized_low_poly_str_0519051338_texture
v 0.244632 0.645335 -0.001817
v 0.236755 0.649199 -0.000346
v 0.241506 0.644262 -0.002017
v 0.245356 0.644635 0.001248
v 0.246506 0.889209 -0.006231
v 0.238835 0.895964 0.003832
v 0.144246 0.879223 0.004045
v 0.142803 0.888073 -0.005490
v 0.119817 0.892283 0.014720
v 0.117895 0.898441 -0.014381
v 0.281863 0.939501 -0.012652
v 0.284046 0.938659 0.012068
v -0.182137 0.505706 -0.072739
v -0.177455 0.505757 0.067861
v -0.311208 0.505615 -0.069669
v -0.306735 0.506032 0.062640
v -0.287675 0.500740 -0.122662
v -0.133344 0.502817 -0.124065
v -0.122875 0.502364 0.111153
v -0.368218 0.501956 0.117860
v -0.367162 0.502052 -0.119640
v -0.128107 0.467814 -0.110628
v -0.142147 0.457350 -0.102704
v -0.135284 0.464777 0.110483
v -0.361037 0.465639 -0.103360
v -0.364691 0.469765 -0.123185
v -0.370063 0.474084 0.121062
v -0.356245 0.463875 0.107015
v -0.145423 0.184828 -0.090880
v -0.143790 0.185918 0.091278
v -0.343587 0.184597 0.092565
v -0.343500 0.187482 -0.096142
v 0.217776 -0.897594 0.074749
v 0.339781 -0.897620 0.057593
v 0.180689 -0.897630 -0.056367
v 0.337125 -0.897620 -0.066108
v 0.368360 -0.905294 0.098453
v 0.158620 -0.906931 0.101179
v 0.369968 -0.950044 0.101134
v 0.154103 -0.948489 0.099441
v 0.152604 -0.951072 -0.097696
v 0.368004 -0.953115 -0.101900
v 0.249165 0.648381 -0.007469
v 0.247841 0.628290 -0.008410
v 0.238400 0.627542 -0.008460
v 0.233205 0.647044 -0.007754
v 0.248470 0.675244 -0.003352
v 0.250969 0.675498 -0.011187
v 0.248558 0.674947 0.004530
v 0.232129 0.667121 -0.000902
v 0.231331 0.664640 0.005444
v 0.230877 0.668465 -0.007620
v 0.244495 0.617377 0.005965
v 0.251471 0.619631 0.011855
v 0.250829 0.645514 0.010297
v 0.251963 0.675595 0.012903
v 0.246421 0.885000 0.001232
v 0.223271 0.890980 -0.003094
v 0.220406 0.894089 -0.009482
v 0.239554 0.903220 -0.011346
v 0.252268 0.904249 -0.016297
v 0.253607 0.885849 -0.016027
v 0.217584 0.900314 -0.013741
v 0.223649 0.891608 0.004082
v 0.249106 0.883450 0.011205
v 0.245359 0.899078 0.010379
v 0.225976 0.895567 0.009546
v 0.146479 0.876879 -0.003185
v 0.156904 0.890550 -0.001843
v 0.157870 0.891280 0.003772
v 0.140335 0.890361 0.007618
v 0.131957 0.879481 0.013877
v 0.145385 0.866966 0.014020
v 0.158461 0.894886 0.009862
v 0.142035 0.875327 -0.011107
v 0.132827 0.888682 -0.010429
v 0.150014 0.895812 -0.010875
v 0.153822 0.891747 -0.006336
v 0.112149 0.881354 0.018404
v 0.126868 0.870799 0.018378
v 0.140093 0.898412 0.012470
v 0.140393 0.906543 0.014608
v 0.120255 0.904002 0.014698
v 0.099803 0.907252 0.017266
v 0.098041 0.899406 0.018794
v 0.094366 0.891137 0.017274
v 0.120053 0.881748 -0.016807
v 0.104929 0.889366 -0.017646
v 0.088099 0.904663 -0.017644
v 0.091813 0.910423 -0.015648
v 0.118800 0.907560 -0.014600
v 0.146570 0.901702 -0.014070
v 0.144914 0.908857 -0.014730
v 0.275994 0.941315 -0.014426
v 0.275433 0.945285 -0.007867
v 0.283106 0.941153 -0.007760
v 0.288750 0.935159 -0.008632
v 0.284991 0.935019 -0.015545
v 0.277411 0.934711 -0.019895
v 0.277286 0.940079 0.014774
v 0.279154 0.933923 0.019651
v 0.286989 0.933796 0.014227
v 0.284452 0.940517 0.006616
v 0.276312 0.944562 0.008178
v 0.289841 0.934275 0.006558
v -0.202302 0.505659 -0.080024
v -0.207184 0.506505 -0.065184
v -0.181593 0.506520 -0.049507
v -0.162280 0.505459 -0.058762
v -0.168832 0.504838 -0.085889
v -0.198964 0.504424 -0.095914
v -0.191789 0.506588 0.052636
v -0.220549 0.506476 0.071372
v -0.217324 0.505378 0.085583
v -0.214404 0.504065 0.100463
v -0.175410 0.504418 0.095855
v -0.163951 0.505976 0.026488
v -0.176609 0.506573 0.022943
v -0.147799 0.504354 0.069735
v -0.146512 0.504377 0.028675
v -0.147647 0.503905 0.094262
v -0.295513 0.506473 -0.054192
v -0.274071 0.506477 -0.066938
v -0.278013 0.505628 -0.081052
v -0.281280 0.504277 -0.097714
v -0.314421 0.504322 -0.096223
v -0.327710 0.505486 -0.033745
v -0.312740 0.506329 -0.029881
v -0.320562 0.506096 0.026935
v -0.338931 0.504636 0.029696
v -0.338628 0.504549 0.065037
v -0.335478 0.504184 0.092319
v -0.307038 0.504612 0.093015
v -0.291069 0.506669 0.050012
v -0.307818 0.506667 0.023511
v -0.255538 0.502706 -0.122731
v -0.255933 0.498056 -0.124863
v -0.288433 0.496227 -0.124390
v -0.315949 0.496958 -0.124985
v -0.315463 0.502396 -0.123555
v -0.285600 0.502380 -0.117754
v -0.254671 0.502834 -0.117684
v -0.315086 0.502778 -0.118576
v -0.161978 0.502448 -0.122046
v -0.163386 0.502931 -0.115524
v -0.138673 0.502753 -0.116700
v -0.137112 0.499689 -0.124671
v -0.161311 0.499394 -0.124852
v -0.129223 0.502269 -0.119605
v -0.123739 0.502686 0.104276
v -0.133565 0.502961 0.105188
v -0.131513 0.502704 0.113433
v -0.129390 0.501859 0.119833
v -0.120479 0.499761 0.113509
v -0.118438 0.500093 0.104371
v -0.368931 0.501969 0.114088
v -0.372242 0.497614 0.114900
v -0.369617 0.498075 0.119475
v -0.363770 0.501553 0.118791
v -0.363190 0.502556 0.114425
v -0.364393 0.498088 0.122229
v -0.367422 0.502226 -0.114756
v -0.361409 0.502489 -0.114545
v -0.361767 0.501395 -0.119730
v -0.361938 0.498853 -0.123105
v -0.367783 0.498491 -0.120727
v -0.371250 0.499263 -0.115357
v -0.121417 0.471777 -0.121358
v -0.121072 0.469545 -0.107232
v -0.129739 0.464539 -0.102273
v -0.137546 0.467800 -0.117357
v -0.140303 0.454024 -0.094838
v -0.147477 0.442093 -0.096084
v -0.156195 0.442890 -0.097695
v -0.155331 0.456605 -0.104274
v -0.143086 0.442116 -0.093096
v -0.136266 0.468531 0.118527
v -0.120868 0.469010 0.114755
v -0.129853 0.470596 0.124120
v -0.147296 0.467934 0.115824
v -0.150173 0.457614 0.105128
v -0.142765 0.456910 0.102080
v -0.139210 0.456334 0.095901
v -0.131449 0.463320 0.100859
v -0.147308 0.468832 0.120757
v -0.123109 0.468542 0.103231
v -0.364188 0.469671 -0.116252
v -0.358912 0.468776 -0.117882
v -0.356131 0.465050 -0.109204
v -0.369110 0.470982 -0.105504
v -0.369390 0.472367 -0.116769
v -0.351347 0.456236 -0.095645
v -0.351855 0.456305 -0.086936
v -0.360402 0.464604 -0.089483
v -0.367540 0.469251 -0.090575
v -0.349006 0.456107 -0.099769
v -0.359551 0.469677 -0.123685
v -0.365965 0.473921 -0.123125
v -0.360033 0.474336 -0.124973
v -0.370295 0.472235 0.116975
v -0.360825 0.469034 0.117136
v -0.362678 0.472899 0.122413
v -0.370867 0.478129 0.121977
v -0.372909 0.477233 0.116680
v -0.363161 0.477834 0.124255
v -0.358199 0.463030 0.097509
v -0.350695 0.455692 0.093771
v -0.348128 0.455755 0.099736
v -0.367474 0.469730 0.108910
v -0.366243 0.468583 0.099327
v -0.347959 0.464479 0.111788
v -0.350150 0.468430 0.118507
v -0.343228 0.456511 0.103509
v -0.143023 0.188349 -0.093484
v -0.142354 0.187550 -0.084257
v -0.146611 0.183542 -0.083816
v -0.153289 0.181876 -0.083390
v -0.152175 0.181740 -0.091141
v -0.151747 0.185824 -0.096297
v -0.142839 0.190019 0.093229
v -0.148455 0.189007 0.096497
v -0.149109 0.183204 0.092450
v -0.149793 0.182069 0.083663
v -0.144302 0.184563 0.083559
v -0.142620 0.189064 0.083821
v -0.345043 0.189426 0.093058
v -0.345375 0.188963 0.083559
v -0.344663 0.183084 0.083461
v -0.339688 0.183178 0.093238
v -0.339586 0.188976 0.096859
v -0.339912 0.181633 0.083690
v -0.343332 0.191235 -0.097223
v -0.337915 0.190642 -0.097588
v -0.337694 0.186742 -0.095958
v -0.341873 0.187568 -0.090647
v -0.344202 0.191437 -0.090745
v -0.337886 0.183819 -0.090814
v 0.220682 -0.897529 0.070479
v 0.200567 -0.897516 0.054116
v 0.197872 -0.897605 0.061191
v 0.344227 -0.897592 0.038140
v 0.336809 -0.897489 0.035923
v 0.326288 -0.897569 0.054381
v 0.187869 -0.897595 -0.048250
v 0.200844 -0.897583 -0.064747
v 0.196628 -0.897616 -0.072255
v 0.192671 -0.897642 -0.086329
v 0.176289 -0.897678 -0.080918
v 0.173984 -0.897663 -0.026331
v 0.179427 -0.897578 -0.024135
v 0.168279 -0.897755 -0.057064
v 0.166860 -0.897973 -0.027566
v 0.166971 -0.898012 -0.081168
v 0.327919 -0.897591 -0.056466
v 0.338361 -0.897592 -0.043403
v 0.346738 -0.897624 -0.047281
v 0.310544 -0.897614 -0.075891
v 0.306920 -0.897566 -0.069634
v 0.357759 -0.897695 -0.051077
v 0.357674 -0.897725 -0.074271
v 0.358996 -0.900154 0.099383
v 0.360147 -0.903267 0.104619
v 0.370274 -0.909708 0.100818
v 0.372592 -0.909114 0.093123
v 0.367057 -0.902399 0.092037
v 0.157030 -0.905086 0.097457
v 0.153839 -0.908857 0.098488
v 0.156301 -0.909395 0.101055
v 0.370698 -0.951588 0.096865
v 0.373010 -0.945500 0.096408
v 0.370077 -0.945280 0.102725
v 0.361700 -0.946208 0.108055
v 0.362089 -0.952071 0.104749
v 0.362220 -0.955435 0.099526
v 0.154265 -0.944799 0.099948
v 0.150999 -0.944947 0.094286
v 0.151144 -0.950259 0.095278
v 0.151533 -0.951705 -0.093013
v 0.151228 -0.945613 -0.093542
v 0.153756 -0.945976 -0.098399
v 0.370218 -0.953156 -0.095776
v 0.364898 -0.955238 -0.095958
v 0.364193 -0.953465 -0.103127
v 0.368872 -0.948095 -0.102506
v 0.372289 -0.947364 -0.095523
v 0.364874 -0.948493 -0.106798
v 0.364586 -0.942081 -0.107002
v 0.369655 -0.941428 -0.101820
v 0.358077 -0.954156 -0.103890
v 0.357588 -0.949190 -0.109081
v 0.357348 -0.942393 -0.109312
v 0.357438 -0.934423 -0.109204
v 0.365516 -0.934040 -0.107084
v 0.347688 -0.949850 -0.109165
v 0.347304 -0.942747 -0.109338
v 0.347379 -0.934846 -0.109381
v 0.346946 -0.925625 -0.109383
v 0.359003 -0.924657 -0.109181
v 0.325358 -0.943211 -0.109343
v 0.325167 -0.935158 -0.109390
v 0.323141 -0.925686 -0.109392
v 0.321610 -0.916348 -0.109329
v 0.346406 -0.916862 -0.109310
v 0.289157 -0.934817 -0.109390
v 0.288146 -0.924944 -0.109387
v 0.287178 -0.915552 -0.109301
v 0.285946 -0.908016 -0.108405
v 0.319629 -0.908540 -0.108544
v 0.250278 -0.925111 -0.109390
v 0.250737 -0.915714 -0.109274
v 0.251627 -0.908148 -0.108613
v 0.251864 -0.902257 -0.105130
v 0.285077 -0.902105 -0.104920
v 0.217057 -0.915637 -0.109283
v 0.218468 -0.908120 -0.108469
v 0.219505 -0.902230 -0.105060
v 0.220608 -0.897906 -0.099560
v 0.251708 -0.897912 -0.100330
v 0.189949 -0.907742 -0.108337
v 0.190976 -0.901952 -0.104073
v 0.191954 -0.898325 -0.097086
v 0.221758 -0.897683 -0.091940
v 0.174241 -0.901642 -0.102937
v 0.174751 -0.898096 -0.094834
v 0.165445 -0.902205 -0.101820
v 0.165855 -0.899225 -0.093922
v 0.160009 -0.903456 -0.100633
v 0.159761 -0.900946 -0.093347
v 0.160354 -0.899906 -0.081068
v 0.160654 -0.899731 -0.058357
v 0.154625 -0.902978 -0.093092
v 0.154524 -0.902842 -0.081248
v 0.154480 -0.902925 -0.059516
v 0.151929 -0.908146 -0.082117
v 0.151790 -0.908423 -0.060841
v 0.152047 -0.907952 -0.030335
v 0.154494 -0.902835 -0.029369
v 0.160314 -0.899876 -0.028428
v 0.154589 -0.902808 0.003495
v 0.160171 -0.899969 0.003605
v 0.166191 -0.898036 0.003823
v 0.171718 -0.897714 0.004019
v 0.160894 -0.899615 0.035973
v 0.168104 -0.897836 0.035701
v 0.175417 -0.897657 0.034646
v 0.182264 -0.897551 0.032537
v 0.177112 -0.897586 0.004334
v 0.170843 -0.897749 0.064840
v 0.183912 -0.897625 0.064912
v 0.161845 -0.899267 0.064655
v 0.162173 -0.899161 0.081884
v 0.171596 -0.897735 0.082223
v 0.187411 -0.897638 0.082707
v 0.162569 -0.899839 0.091745
v 0.171920 -0.897838 0.091908
v 0.188077 -0.897749 0.091484
v 0.213956 -0.897721 0.090881
v 0.212217 -0.897622 0.079254
v 0.185860 -0.898739 0.099461
v 0.185762 -0.902746 0.105241
v 0.213480 -0.902597 0.104982
v 0.213896 -0.898616 0.098982
v 0.171688 -0.899752 0.099155
v 0.171014 -0.903835 0.105109
v 0.171024 -0.909191 0.108070
v 0.185730 -0.908555 0.108603
v 0.162627 -0.905465 0.102986
v 0.162015 -0.909608 0.105389
v 0.162868 -0.916265 0.107164
v 0.171283 -0.916034 0.109190
v 0.156968 -0.912213 0.102529
v 0.157013 -0.916184 0.103149
v 0.157319 -0.924333 0.103673
v 0.163347 -0.924480 0.107483
v 0.153191 -0.923085 0.099115
v 0.153694 -0.915036 0.099152
v 0.150763 -0.914949 0.091944
v 0.150725 -0.922800 0.092413
v 0.150726 -0.932048 0.092925
v 0.153387 -0.932507 0.099402
v 0.157676 -0.933419 0.103845
v 0.157716 -0.940711 0.103736
v 0.163086 -0.941862 0.107136
v 0.163518 -0.933915 0.107481
v 0.153706 -0.939656 0.099780
v 0.150728 -0.939408 0.093547
v 0.157559 -0.945938 0.103008
v 0.157081 -0.950459 0.100777
v 0.161329 -0.953320 0.102257
v 0.162226 -0.948060 0.105874
v 0.168654 -0.955392 0.103016
v 0.169435 -0.949764 0.107553
v 0.170202 -0.942565 0.109113
v 0.182158 -0.950101 0.107948
v 0.183173 -0.942505 0.109257
v 0.184109 -0.933740 0.109379
v 0.170896 -0.934053 0.109232
v 0.184922 -0.924362 0.109380
v 0.171251 -0.924472 0.109264
v 0.185482 -0.915924 0.109294
v 0.208929 -0.923970 0.109384
v 0.210951 -0.915527 0.109278
v 0.212465 -0.908272 0.108474
v 0.247558 -0.915837 0.109286
v 0.247514 -0.909046 0.108923
v 0.247479 -0.903064 0.106147
v 0.283284 -0.909919 0.109241
v 0.282247 -0.903756 0.106917
v 0.281111 -0.899390 0.101468
v 0.247427 -0.898925 0.100099
v 0.279747 -0.897885 0.093941
v 0.247237 -0.897841 0.092551
v 0.279482 -0.897635 0.086038
v 0.246372 -0.897614 0.084005
v 0.278124 -0.897482 0.079740
v 0.246081 -0.897510 0.079335
v 0.244865 -0.897046 0.072697
v 0.250069 -0.895730 0.069097
v 0.226438 -0.895021 0.061225
v 0.223728 -0.897121 0.065896
v 0.276824 -0.897123 0.075159
v 0.277033 -0.895327 0.069414
v 0.276206 -0.891289 0.065904
v 0.250891 -0.891510 0.065452
v 0.302843 -0.896883 0.065506
v 0.298737 -0.894956 0.060906
v 0.296148 -0.890962 0.058015
v 0.294644 -0.885486 0.056619
v 0.275163 -0.885676 0.064409
v 0.314891 -0.894962 0.047847
v 0.311660 -0.890545 0.045413
v 0.309932 -0.885067 0.044321
v 0.307447 -0.878126 0.042534
v 0.292985 -0.878428 0.054882
v 0.322382 -0.890393 0.029629
v 0.320108 -0.885310 0.028804
v 0.317376 -0.878368 0.027819
v 0.311115 -0.866199 0.025281
v 0.301670 -0.867015 0.037757
v 0.325776 -0.885652 0.013152
v 0.324102 -0.878762 0.012810
v 0.316145 -0.865397 0.011974
v 0.308477 -0.849274 0.011229
v 0.304224 -0.850170 0.022980
v 0.325205 -0.878397 -0.002081
v 0.316942 -0.864587 -0.000792
v 0.310342 -0.848307 -0.000015
v 0.309532 -0.832004 0.000251
v 0.307177 -0.832719 0.011894
v 0.313491 -0.864566 -0.013374
v 0.307478 -0.847932 -0.011285
v 0.307292 -0.831107 -0.011370
v 0.317034 -0.812975 -0.014247
v 0.317364 -0.813171 0.000346
v 0.302233 -0.847359 -0.023002
v 0.302322 -0.829667 -0.023403
v 0.311665 -0.812082 -0.029143
v 0.316327 -0.790062 -0.031881
v 0.322238 -0.790636 -0.015623
v 0.294921 -0.829058 -0.034394
v 0.301572 -0.810992 -0.041876
v 0.304648 -0.789361 -0.045338
v 0.298822 -0.767539 -0.038871
v 0.308868 -0.768250 -0.026861
v 0.287904 -0.810246 -0.051342
v 0.289377 -0.788689 -0.055456
v 0.284382 -0.766560 -0.047684
v 0.280148 -0.730055 -0.041656
v 0.293949 -0.732497 -0.034250
v 0.271225 -0.787935 -0.061395
v 0.268307 -0.764820 -0.052010
v 0.265307 -0.726946 -0.046346
v 0.267301 -0.684909 -0.052307
v 0.282131 -0.686410 -0.046789
v 0.253656 -0.762744 -0.049965
v 0.252261 -0.721486 -0.046362
v 0.252928 -0.682507 -0.052561
v 0.254427 -0.647164 -0.053121
v 0.269045 -0.648558 -0.053897
v 0.241174 -0.717187 -0.042166
v 0.237877 -0.679867 -0.049362
v 0.239436 -0.645508 -0.047032
v 0.245956 -0.594944 -0.034569
v 0.256477 -0.597358 -0.039431
v 0.223443 -0.676622 -0.040838
v 0.225379 -0.642307 -0.037593
v 0.236907 -0.591697 -0.026689
v 0.239880 -0.549519 -0.023575
v 0.248711 -0.551100 -0.030235
v 0.216205 -0.638476 -0.023891
v 0.231038 -0.589508 -0.016354
v 0.232305 -0.547685 -0.015569
v 0.232892 -0.507860 -0.015158
v 0.239704 -0.509653 -0.023558
v 0.227413 -0.587291 -0.006556
v 0.229177 -0.546087 -0.005300
v 0.229568 -0.506309 -0.005455
v 0.229720 -0.465511 -0.005790
v 0.233326 -0.467470 -0.015225
v 0.229488 -0.544381 0.005371
v 0.228962 -0.504912 0.004428
v 0.229024 -0.463646 0.004037
v 0.229288 -0.422510 0.003443
v 0.229777 -0.424668 -0.005869
v 0.232497 -0.503457 0.014283
v 0.232314 -0.461983 0.013397
v 0.232494 -0.420543 0.012557
v 0.232620 -0.381998 0.012707
v 0.229592 -0.383853 0.003326
v 0.238312 -0.460313 0.022171
v 0.237979 -0.418870 0.021722
v 0.238002 -0.380331 0.021786
v 0.237401 -0.340159 0.021488
v 0.232143 -0.342041 0.012524
v 0.246905 -0.417288 0.028274
v 0.246494 -0.378749 0.028102
v 0.246232 -0.338295 0.027805
v 0.246251 -0.296987 0.027935
v 0.237394 -0.298580 0.021433
v 0.256717 -0.377180 0.031700
v 0.256389 -0.336448 0.032824
v 0.256424 -0.295429 0.033362
v 0.256052 -0.255829 0.032941
v 0.246020 -0.257465 0.027724
v 0.267198 -0.334451 0.033065
v 0.267490 -0.293918 0.032972
v 0.266981 -0.254354 0.032250
v 0.266117 -0.214421 0.031499
v 0.255404 -0.216052 0.031683
v 0.276710 -0.292170 0.028065
v 0.276455 -0.252596 0.028251
v 0.275994 -0.212641 0.028553
v 0.275425 -0.172346 0.029084
v 0.265465 -0.174167 0.031363
v 0.283912 -0.250498 0.023351
v 0.283436 -0.210627 0.023710
v 0.282918 -0.170398 0.024013
v 0.282238 -0.130307 0.024415
v 0.274559 -0.132254 0.029789
v 0.289862 -0.208532 0.018341
v 0.289461 -0.168489 0.018806
v 0.288899 -0.128215 0.019478
v 0.288046 -0.088316 0.020226
v 0.281045 -0.090591 0.025104
v 0.293089 -0.166398 0.011481
v 0.292880 -0.126147 0.012331
v 0.292703 -0.085925 0.012965
v 0.294420 -0.043882 0.014036
v 0.288161 -0.046882 0.022611
v 0.294161 -0.123891 0.004117
v 0.294217 -0.083443 0.004247
v 0.299141 -0.041862 0.004424
v 0.313500 -0.000897 0.004771
v 0.309207 -0.002615 0.019271
v 0.294095 -0.081293 -0.004686
v 0.299931 -0.039712 -0.006917
v 0.313856 0.000859 -0.009485
v 0.301971 0.044439 -0.007486
v 0.302360 0.041240 0.004198
v 0.297814 -0.038129 -0.018694
v 0.308955 0.002895 -0.023364
v 0.298405 0.047411 -0.017440
v 0.298793 0.095290 -0.016713
v 0.301997 0.093307 -0.005835
v 0.300258 0.006112 -0.034710
v 0.292578 0.049997 -0.025931
v 0.292782 0.097492 -0.026155
v 0.292053 0.145510 -0.024667
v 0.299161 0.143456 -0.016004
v 0.283499 0.052723 -0.031613
v 0.283528 0.099732 -0.031658
v 0.283600 0.147739 -0.031512
v 0.283775 0.196940 -0.031518
v 0.293214 0.194706 -0.025342
v 0.273388 0.102052 -0.034511
v 0.273365 0.150028 -0.034527
v 0.273303 0.199100 -0.034512
v 0.273370 0.248453 -0.034498
v 0.283570 0.246332 -0.031451
v 0.262427 0.152315 -0.034366
v 0.261907 0.201183 -0.034510
v 0.262340 0.250518 -0.034221
v 0.262495 0.297392 -0.034400
v 0.273241 0.295184 -0.034516
v 0.250801 0.203233 -0.031836
v 0.251806 0.252521 -0.030099
v 0.251409 0.299345 -0.031735
v 0.251359 0.334812 -0.032293
v 0.262643 0.334149 -0.034896
v 0.242891 0.254453 -0.023570
v 0.242388 0.301039 -0.025218
v 0.242301 0.334948 -0.026275
v 0.236074 0.345987 -0.032697
v 0.247322 0.345846 -0.041018
v 0.236292 0.302447 -0.016026
v 0.236173 0.334972 -0.017413
v 0.228218 0.345922 -0.021959
v 0.225610 0.356216 -0.023488
v 0.234207 0.355539 -0.034473
v 0.232762 0.335161 -0.007959
v 0.224135 0.346297 -0.010813
v 0.221412 0.356564 -0.012138
v 0.225219 0.367933 -0.011175
v 0.229270 0.367762 -0.021628
v 0.222928 0.346901 -0.000540
v 0.219948 0.356962 -0.001181
v 0.224169 0.367747 -0.001204
v 0.229170 0.390334 -0.000873
v 0.230970 0.391864 -0.009224
v 0.221518 0.357297 0.010339
v 0.225042 0.368064 0.009457
v 0.231545 0.388855 0.007857
v 0.229327 0.423703 0.007946
v 0.227954 0.422483 -0.001123
v 0.229606 0.368073 0.021524
v 0.234340 0.387876 0.018255
v 0.233049 0.423973 0.018509
v 0.223721 0.446358 0.023328
v 0.219732 0.442448 0.009879
v 0.241318 0.388088 0.026577
v 0.239540 0.424887 0.027929
v 0.233200 0.450074 0.034232
v 0.232499 0.466384 0.033525
v 0.224138 0.462919 0.021923
v 0.249263 0.424794 0.034986
v 0.244096 0.452278 0.044059
v 0.244486 0.467656 0.043183
v 0.244226 0.478295 0.043248
v 0.231972 0.477478 0.033008
v 0.257258 0.452308 0.049869
v 0.257147 0.467563 0.049711
v 0.256926 0.478623 0.049722
v 0.257492 0.487982 0.046890
v 0.245026 0.487502 0.042216
v 0.271274 0.467252 0.049568
v 0.270910 0.478918 0.049530
v 0.270390 0.488720 0.047485
v 0.269814 0.495835 0.041946
v 0.258577 0.495454 0.041809
v 0.286205 0.479581 0.044697
v 0.285245 0.489526 0.043365
v 0.282673 0.496600 0.038045
v 0.279401 0.500458 0.029528
v 0.269392 0.500010 0.032529
v 0.299155 0.490286 0.033755
v 0.294826 0.497048 0.029422
v 0.288369 0.500796 0.022767
v 0.282156 0.511562 0.016190
v 0.276260 0.510939 0.021234
v 0.302653 0.496456 0.018955
v 0.294104 0.500754 0.014658
v 0.286648 0.512607 0.010761
v 0.288521 0.539441 0.012573
v 0.283819 0.538196 0.018167
v 0.297188 0.501046 0.005510
v 0.289492 0.513678 0.003843
v 0.290511 0.540746 0.004989
v 0.291724 0.570785 0.005900
v 0.289097 0.569684 0.013986
v 0.290086 0.514415 -0.002927
v 0.292591 0.541866 -0.003286
v 0.293391 0.571877 -0.002242
v 0.293593 0.599150 -0.001799
v 0.292037 0.598129 0.007043
v 0.289280 0.543432 -0.010081
v 0.290003 0.573117 -0.010054
v 0.289941 0.600230 -0.010338
v 0.290424 0.625986 -0.011443
v 0.293577 0.625389 -0.001995
v 0.285913 0.574585 -0.017599
v 0.284973 0.601529 -0.018169
v 0.284019 0.626613 -0.019180
v 0.283983 0.652362 -0.019590
v 0.290494 0.652260 -0.011528
v 0.275991 0.602972 -0.021707
v 0.273928 0.627535 -0.022651
v 0.273794 0.652123 -0.022395
v 0.274663 0.677281 -0.022091
v 0.283720 0.677606 -0.018473
v 0.262879 0.628462 -0.021554
v 0.263295 0.651402 -0.022711
v 0.265067 0.676823 -0.022746
v 0.266832 0.705655 -0.022723
v 0.276515 0.705872 -0.022832
v 0.254666 0.650156 -0.015964
v 0.256638 0.676305 -0.018396
v 0.257875 0.705420 -0.019823
v 0.258790 0.734820 -0.020685
v 0.267992 0.734797 -0.022874
v 0.250626 0.705128 -0.013498
v 0.252318 0.734765 -0.013728
v 0.251195 0.762899 -0.015008
v 0.258810 0.763052 -0.021013
v 0.246871 0.704786 -0.004427
v 0.248651 0.734774 -0.004628
v 0.247716 0.762793 -0.005598
v 0.248657 0.791718 -0.006418
v 0.252526 0.791790 -0.015345
v 0.248555 0.734740 0.005367
v 0.247623 0.762793 0.004631
v 0.248268 0.791667 0.003666
v 0.247377 0.821693 0.003273
v 0.248390 0.821560 -0.007033
v 0.249820 0.762741 0.014452
v 0.250297 0.791691 0.013606
v 0.250272 0.821809 0.013024
v 0.250356 0.853854 0.012681
v 0.248259 0.854649 0.002341
v 0.257519 0.791539 0.019984
v 0.257220 0.821816 0.020234
v 0.257666 0.853015 0.020105
v 0.257530 0.882403 0.020074
v 0.267020 0.821805 0.022787
v 0.267248 0.852467 0.022804
v 0.267875 0.881523 0.022806
v 0.269469 0.904284 0.022792
v 0.258392 0.902962 0.020935
v 0.277393 0.852026 0.022000
v 0.277815 0.880568 0.021786
v 0.279389 0.904352 0.021666
v 0.279963 0.922130 0.021210
v 0.270467 0.921075 0.022782
v 0.286268 0.879912 0.016562
v 0.287333 0.904148 0.016638
v 0.287528 0.922574 0.015685
v 0.291586 0.904105 0.007886
v 0.291708 0.922875 0.007541
v 0.294155 0.904166 -0.001223
v 0.293338 0.923328 -0.001181
v 0.290456 0.935191 -0.001198
v 0.284208 0.942258 -0.000696
v 0.290990 0.923310 -0.009466
v 0.292061 0.904233 -0.009853
v 0.287108 0.904297 -0.017151
v 0.286822 0.922996 -0.017263
v 0.279595 0.904539 -0.022217
v 0.279083 0.922609 -0.022011
v 0.270659 0.904772 -0.022811
v 0.269899 0.921715 -0.022797
v 0.268282 0.933389 -0.021233
v 0.261226 0.919818 -0.021502
v 0.258460 0.930082 -0.019836
v 0.255868 0.937039 -0.014819
v 0.266659 0.941331 -0.015703
v 0.254963 0.940656 -0.007016
v 0.265360 0.946162 -0.007941
v 0.255225 0.941112 0.001442
v 0.265255 0.947436 0.000851
v 0.275611 0.946774 0.000253
v 0.266351 0.944824 0.009798
v 0.255602 0.939512 0.009781
v 0.256347 0.935129 0.017029
v 0.267712 0.939893 0.017250
v 0.258045 0.927523 0.020848
v 0.269312 0.932283 0.021895
v 0.259237 0.917844 0.021353
v 0.245663 0.917801 0.013649
v 0.246380 0.910724 0.013884
v 0.226651 0.909879 0.013984
v 0.226735 0.902928 0.013783
v 0.204424 0.905823 0.014753
v 0.202965 0.899157 0.012940
v 0.201427 0.893549 0.008466
v 0.180060 0.897264 0.011695
v 0.178416 0.892260 0.006661
v 0.176713 0.890348 0.000057
v 0.199716 0.890567 0.002069
v 0.175025 0.891693 -0.006346
v 0.198044 0.890952 -0.004844
v 0.173362 0.896013 -0.011291
v 0.196244 0.894919 -0.010504
v 0.171665 0.901882 -0.014315
v 0.194535 0.900754 -0.014022
v 0.170089 0.908638 -0.014708
v 0.192839 0.907678 -0.014795
v 0.215197 0.907234 -0.014832
v 0.191162 0.914354 -0.013141
v 0.213248 0.913819 -0.013357
v 0.233334 0.915595 -0.012516
v 0.235878 0.909884 -0.014157
v 0.248430 0.921812 -0.014345
v 0.250583 0.915279 -0.015999
v 0.261464 0.904706 -0.021658
v 0.271024 0.881813 -0.022800
v 0.262071 0.883177 -0.021633
v 0.270731 0.852141 -0.022816
v 0.261823 0.852535 -0.021853
v 0.254013 0.853244 -0.016544
v 0.261124 0.821561 -0.021537
v 0.253269 0.821524 -0.015889
v 0.249100 0.854681 -0.007217
v 0.259843 0.791673 -0.021541
v 0.270084 0.821579 -0.022807
v 0.269047 0.791453 -0.022780
v 0.268277 0.763018 -0.022779
v 0.278098 0.791537 -0.022714
v 0.277646 0.762928 -0.022768
v 0.277364 0.734710 -0.022865
v 0.285729 0.762774 -0.018869
v 0.285523 0.734566 -0.019034
v 0.285336 0.706121 -0.019231
v 0.290432 0.734439 -0.011393
v 0.291281 0.706343 -0.011636
v 0.289973 0.677717 -0.010678
v 0.294161 0.706356 -0.001841
v 0.293256 0.677814 -0.001393
v 0.293969 0.651924 -0.002087
v 0.291384 0.677857 0.008377
v 0.291534 0.651482 0.007865
v 0.291809 0.624745 0.007686
v 0.287040 0.650856 0.017118
v 0.287485 0.623972 0.016652
v 0.288197 0.597244 0.015212
v 0.278929 0.623269 0.022144
v 0.281313 0.596456 0.020792
v 0.283704 0.568739 0.019644
v 0.272392 0.595763 0.022763
v 0.276269 0.567872 0.022509
v 0.277096 0.537471 0.021262
v 0.268166 0.567041 0.022793
v 0.270068 0.536638 0.022754
v 0.269356 0.510008 0.023458
v 0.263281 0.535623 0.022596
v 0.262590 0.508934 0.023123
v 0.260413 0.499696 0.032707
v 0.255512 0.508077 0.021343
v 0.251234 0.499449 0.030352
v 0.247384 0.494900 0.038253
v 0.242139 0.499339 0.024797
v 0.236130 0.494151 0.029787
v 0.232719 0.486583 0.032487
v 0.228274 0.494153 0.019569
v 0.223418 0.486304 0.021696
v 0.222487 0.476122 0.022548
v 0.220178 0.486177 0.009289
v 0.219429 0.474743 0.009194
v 0.219537 0.458735 0.009477
v 0.217379 0.473585 -0.002112
v 0.217264 0.455430 -0.001860
v 0.217673 0.439294 -0.001364
v 0.220056 0.451836 -0.012258
v 0.220633 0.435819 -0.012014
v 0.229804 0.422470 -0.009476
v 0.226584 0.432711 -0.024229
v 0.235149 0.421376 -0.019412
v 0.234594 0.391494 -0.018707
v 0.243039 0.418492 -0.028344
v 0.242366 0.388957 -0.027550
v 0.237280 0.366766 -0.031641
v 0.252652 0.385495 -0.034208
v 0.248127 0.366253 -0.041011
v 0.246394 0.354802 -0.043966
v 0.261121 0.365405 -0.045604
v 0.260688 0.355080 -0.048932
v 0.261437 0.346055 -0.044512
v 0.277235 0.355226 -0.047537
v 0.276229 0.346219 -0.043961
v 0.274109 0.333043 -0.034841
v 0.289482 0.345184 -0.038567
v 0.284465 0.332239 -0.031388
v 0.283609 0.292945 -0.031578
v 0.292952 0.331445 -0.025009
v 0.292059 0.290672 -0.024775
v 0.292396 0.244167 -0.025041
v 0.299146 0.288709 -0.015895
v 0.299121 0.241969 -0.015996
v 0.299111 0.192669 -0.015807
v 0.302052 0.239824 -0.004837
v 0.302030 0.190530 -0.004825
v 0.302031 0.141377 -0.005028
v 0.301951 0.188445 0.006388
v 0.302029 0.139189 0.005937
v 0.302064 0.091328 0.005075
v 0.299596 0.137145 0.016095
v 0.299659 0.089316 0.015623
v 0.300794 0.038872 0.014993
v 0.293963 0.087040 0.024309
v 0.295154 0.036700 0.024944
v 0.300461 -0.004247 0.031604
v 0.286515 0.035068 0.031382
v 0.290851 -0.005918 0.040818
v 0.281453 -0.049379 0.029800
v 0.277005 -0.006784 0.046069
v 0.272322 -0.050814 0.032749
v 0.273621 -0.092477 0.030436
v 0.261692 -0.053032 0.034370
v 0.262922 -0.094237 0.034356
v 0.264361 -0.134034 0.032592
v 0.252035 -0.095647 0.031491
v 0.253353 -0.135678 0.031302
v 0.254546 -0.175695 0.031092
v 0.243774 -0.137178 0.026105
v 0.244771 -0.177170 0.026839
v 0.245645 -0.217959 0.027435
v 0.236828 -0.178638 0.020380
v 0.236864 -0.219716 0.020872
v 0.237024 -0.259182 0.021006
v 0.231797 -0.221537 0.011893
v 0.231353 -0.261041 0.012425
v 0.231652 -0.300288 0.012519
v 0.228950 -0.262971 0.002915
v 0.229407 -0.302166 0.003044
v 0.229684 -0.343795 0.003209
v 0.230014 -0.304189 -0.006516
v 0.230179 -0.345600 -0.005994
v 0.229925 -0.385809 -0.005801
v 0.234445 -0.347341 -0.014494
v 0.234195 -0.387585 -0.014155
v 0.233836 -0.426744 -0.014661
v 0.240174 -0.389171 -0.022738
v 0.239428 -0.428635 -0.023180
v 0.239862 -0.469395 -0.023338
v 0.249908 -0.430452 -0.028974
v 0.249805 -0.471218 -0.028993
v 0.249390 -0.511521 -0.028684
v 0.260437 -0.472930 -0.032913
v 0.259731 -0.513438 -0.031682
v 0.258334 -0.552974 -0.033094
v 0.269860 -0.515186 -0.030683
v 0.268334 -0.555097 -0.032994
v 0.267628 -0.597023 -0.039591
v 0.276730 -0.556784 -0.029070
v 0.278622 -0.598780 -0.037224
v 0.283313 -0.648947 -0.049084
v 0.289387 -0.600942 -0.030921
v 0.296758 -0.649210 -0.039731
v 0.295551 -0.687830 -0.037582
v 0.307671 -0.649959 -0.028626
v 0.304380 -0.688527 -0.024709
v 0.302226 -0.733913 -0.021648
v 0.309367 -0.689892 -0.011015
v 0.307399 -0.735149 -0.009827
v 0.314473 -0.769086 -0.013230
v 0.309819 -0.736622 0.001581
v 0.317584 -0.769341 0.000854
v 0.325421 -0.791005 0.000605
v 0.315678 -0.770369 0.015365
v 0.322806 -0.791558 0.017198
v 0.316364 -0.814432 0.014974
v 0.314724 -0.792989 0.032595
v 0.309244 -0.815288 0.028424
v 0.302931 -0.833680 0.023608
v 0.299481 -0.816535 0.040549
v 0.294762 -0.834461 0.033321
v 0.296149 -0.850945 0.033142
v 0.282088 -0.835057 0.040387
v 0.283854 -0.851558 0.041408
v 0.288484 -0.867100 0.048472
v 0.268782 -0.851836 0.047103
v 0.271345 -0.867549 0.054913
v 0.273766 -0.878607 0.061386
v 0.252006 -0.868250 0.055234
v 0.251157 -0.879025 0.061708
v 0.250940 -0.885893 0.064115
v 0.230476 -0.879438 0.054526
v 0.229094 -0.885856 0.057048
v 0.228273 -0.891148 0.058266
v 0.211930 -0.886026 0.043271
v 0.210761 -0.891457 0.044159
v 0.207999 -0.895449 0.046535
v 0.198349 -0.891180 0.025713
v 0.194926 -0.895014 0.027283
v 0.190667 -0.896868 0.029119
v 0.204517 -0.897058 0.049813
v 0.185877 -0.897427 0.031058
v 0.185071 -0.896963 0.004168
v 0.181938 -0.897380 0.004224
v 0.187588 -0.896904 -0.020618
v 0.183168 -0.897453 -0.022493
v 0.196614 -0.897010 -0.040110
v 0.192288 -0.897496 -0.043857
v 0.209396 -0.896796 -0.055279
v 0.205397 -0.897438 -0.059675
v 0.228249 -0.896899 -0.067116
v 0.225749 -0.897476 -0.072300
v 0.224348 -0.897573 -0.076526
v 0.252861 -0.897233 -0.076321
v 0.252548 -0.897560 -0.082219
v 0.251997 -0.897632 -0.087925
v 0.222728 -0.897627 -0.084480
v 0.251727 -0.897721 -0.093969
v 0.282595 -0.897631 -0.087905
v 0.283118 -0.897670 -0.093917
v 0.283936 -0.897739 -0.100185
v 0.315759 -0.897602 -0.093312
v 0.316723 -0.897565 -0.099556
v 0.318223 -0.902213 -0.105254
v 0.344176 -0.899580 -0.100893
v 0.344889 -0.903760 -0.106187
v 0.345385 -0.909672 -0.108765
v 0.360815 -0.909237 -0.107537
v 0.359855 -0.915990 -0.108737
v 0.366202 -0.907404 -0.104150
v 0.367644 -0.914499 -0.104890
v 0.366932 -0.923705 -0.106091
v 0.371518 -0.912887 -0.099084
v 0.371238 -0.922547 -0.100100
v 0.370446 -0.933268 -0.101073
v 0.372752 -0.920812 -0.091922
v 0.372648 -0.931760 -0.093780
v 0.372272 -0.940356 -0.094724
v 0.372908 -0.929285 -0.082716
v 0.372870 -0.938418 -0.084643
v 0.372782 -0.945795 -0.085445
v 0.372914 -0.935379 -0.064574
v 0.372821 -0.943665 -0.066769
v 0.372211 -0.951143 -0.069356
v 0.371243 -0.952088 -0.086238
v 0.366520 -0.954915 -0.072177
v 0.365637 -0.955129 -0.087029
v 0.359691 -0.957243 -0.074949
v 0.358961 -0.957486 -0.087731
v 0.358767 -0.956971 -0.096562
v 0.349957 -0.958937 -0.088794
v 0.349698 -0.958683 -0.097358
v 0.348716 -0.955260 -0.104279
v 0.331308 -0.959124 -0.098532
v 0.328545 -0.955612 -0.104261
v 0.326533 -0.950267 -0.109196
v 0.292288 -0.955482 -0.104381
v 0.290931 -0.950639 -0.108960
v 0.289716 -0.943288 -0.109347
v 0.249000 -0.949920 -0.109233
v 0.249404 -0.942898 -0.109343
v 0.249743 -0.934731 -0.109390
v 0.213365 -0.942395 -0.109346
v 0.214532 -0.934233 -0.109392
v 0.215917 -0.924645 -0.109386
v 0.186918 -0.933492 -0.109389
v 0.187921 -0.923818 -0.109388
v 0.188994 -0.915189 -0.109284
v 0.173383 -0.922837 -0.109344
v 0.173753 -0.914311 -0.109250
v 0.173960 -0.907235 -0.107796
v 0.165313 -0.914056 -0.108568
v 0.165279 -0.907442 -0.106611
v 0.159244 -0.914247 -0.105391
v 0.159565 -0.908131 -0.104308
v 0.155186 -0.914481 -0.100041
v 0.159237 -0.922042 -0.105433
v 0.154771 -0.921602 -0.100281
v 0.152502 -0.921727 -0.094007
v 0.153077 -0.914377 -0.093643
v 0.153799 -0.908385 -0.093225
v 0.150593 -0.914370 -0.083178
v 0.150497 -0.921786 -0.083617
v 0.150287 -0.921561 -0.063844
v 0.150402 -0.914319 -0.062381
v 0.150288 -0.921193 -0.033572
v 0.150380 -0.913885 -0.031725
v 0.150285 -0.921380 0.003327
v 0.150402 -0.913946 0.003007
v 0.152087 -0.907950 0.003314
v 0.150408 -0.914211 0.037739
v 0.152014 -0.908025 0.036614
v 0.154609 -0.902842 0.036144
v 0.151773 -0.908217 0.065739
v 0.154580 -0.902732 0.065040
v 0.151680 -0.908323 0.081987
v 0.154582 -0.902688 0.081728
v 0.151925 -0.908280 0.091667
v 0.154706 -0.903155 0.091651
v 0.163027 -0.901840 0.098166
v 0.150370 -0.914839 0.082574
v 0.150397 -0.914641 0.066700
v 0.150273 -0.922343 0.067842
v 0.150307 -0.922636 0.083404
v 0.150258 -0.931159 0.068852
v 0.150309 -0.931704 0.084283
v 0.150294 -0.938625 0.069369
v 0.150298 -0.939227 0.085050
v 0.150377 -0.944870 0.070193
v 0.150340 -0.945136 0.085683
v 0.150631 -0.950755 0.071518
v 0.150615 -0.950736 0.086061
v 0.155489 -0.953561 0.095166
v 0.155199 -0.954267 0.086018
v 0.160664 -0.957400 0.086508
v 0.160545 -0.956686 0.095789
v 0.167942 -0.958928 0.087076
v 0.168202 -0.958432 0.096117
v 0.178624 -0.958968 0.087539
v 0.179665 -0.958465 0.096274
v 0.180951 -0.955662 0.103154
v 0.203133 -0.958333 0.096120
v 0.205167 -0.955621 0.103255
v 0.206620 -0.949883 0.108030
v 0.245946 -0.955790 0.102835
v 0.246188 -0.950268 0.107706
v 0.246331 -0.942524 0.109239
v 0.207426 -0.942296 0.109237
v 0.246690 -0.933495 0.109382
v 0.207782 -0.933502 0.109381
v 0.247087 -0.923937 0.109388
v 0.288452 -0.934114 0.109358
v 0.286910 -0.924845 0.109392
v 0.284813 -0.916914 0.109357
v 0.322079 -0.927691 0.109391
v 0.319602 -0.919097 0.109369
v 0.317408 -0.911195 0.109253
v 0.346136 -0.922032 0.109333
v 0.344676 -0.913363 0.109318
v 0.343405 -0.905458 0.108100
v 0.315445 -0.904322 0.107331
v 0.342170 -0.900902 0.103645
v 0.313885 -0.899855 0.101870
v 0.341734 -0.898076 0.097195
v 0.312224 -0.897790 0.093521
v 0.340168 -0.897678 0.088348
v 0.311642 -0.897633 0.083467
v 0.356724 -0.898076 0.091437
v 0.354106 -0.897808 0.079826
v 0.338996 -0.897624 0.074840
v 0.352656 -0.897720 0.060008
v 0.363953 -0.900169 0.082242
v 0.361485 -0.898223 0.063494
v 0.359643 -0.897883 0.042310
v 0.352667 -0.897637 0.039743
v 0.359608 -0.897563 0.018613
v 0.352745 -0.897592 0.017602
v 0.368699 -0.902231 0.067131
v 0.366413 -0.900611 0.045132
v 0.365722 -0.899298 0.021378
v 0.371872 -0.905389 0.048352
v 0.370639 -0.904092 0.023347
v 0.370098 -0.903951 -0.003671
v 0.365644 -0.899164 -0.003365
v 0.370543 -0.904803 -0.029994
v 0.365857 -0.899427 -0.028218
v 0.372832 -0.910881 0.025167
v 0.372378 -0.910762 -0.004011
v 0.372714 -0.912392 -0.031818
v 0.372861 -0.915027 -0.059348
v 0.371563 -0.906064 -0.056293
v 0.372881 -0.919527 -0.004345
v 0.372918 -0.922220 -0.033622
v 0.372927 -0.925498 -0.062071
v 0.372897 -0.918456 -0.080462
v 0.372928 -0.932410 -0.035733
v 0.372927 -0.929512 -0.004739
v 0.372895 -0.938649 -0.005295
v 0.372882 -0.941007 -0.038814
v 0.372735 -0.946929 -0.006159
v 0.372663 -0.948766 -0.041965
v 0.369656 -0.953599 -0.006460
v 0.368205 -0.954624 -0.045164
v 0.361836 -0.956612 -0.006822
v 0.360872 -0.956848 -0.048908
v 0.352427 -0.958915 -0.006958
v 0.351987 -0.958900 -0.053956
v 0.350683 -0.958901 -0.077134
v 0.338535 -0.959046 -0.058325
v 0.335354 -0.959053 -0.079176
v 0.333434 -0.959075 -0.089653
v 0.299842 -0.959057 -0.080702
v 0.296201 -0.959078 -0.090140
v 0.293832 -0.959130 -0.098864
v 0.246270 -0.959075 -0.090368
v 0.247150 -0.959130 -0.098911
v 0.248324 -0.955203 -0.104658
v 0.206377 -0.958216 -0.098220
v 0.209395 -0.954797 -0.104761
v 0.211578 -0.949515 -0.109188
v 0.183357 -0.955100 -0.103787
v 0.185030 -0.949588 -0.109081
v 0.186289 -0.942137 -0.109327
v 0.171479 -0.949892 -0.109001
v 0.172153 -0.941902 -0.109273
v 0.172777 -0.932670 -0.109348
v 0.164100 -0.941438 -0.108189
v 0.164775 -0.932057 -0.108764
v 0.165291 -0.922420 -0.108674
v 0.158855 -0.931538 -0.105292
v 0.158644 -0.940418 -0.104707
v 0.154111 -0.939411 -0.099587
v 0.154274 -0.930945 -0.100127
v 0.151356 -0.939125 -0.093879
v 0.151596 -0.930845 -0.094147
v 0.150309 -0.938723 -0.084002
v 0.150363 -0.930549 -0.083836
v 0.150286 -0.938263 -0.066057
v 0.150258 -0.930247 -0.064997
v 0.150274 -0.937830 -0.035850
v 0.150259 -0.929689 -0.034912
v 0.150271 -0.938097 0.003539
v 0.150256 -0.930046 0.003252
v 0.150277 -0.938343 0.040362
v 0.150256 -0.930610 0.039670
v 0.150281 -0.921817 0.038709
v 0.150357 -0.944850 0.003265
v 0.150364 -0.944824 0.041379
v 0.150882 -0.951080 0.002913
v 0.150701 -0.950855 0.042860
v 0.150400 -0.944749 -0.036797
v 0.151044 -0.951248 -0.038641
v 0.150415 -0.944890 -0.067372
v 0.151146 -0.951233 -0.069201
v 0.155530 -0.954689 -0.044584
v 0.155899 -0.954880 -0.071968
v 0.161695 -0.957861 -0.073960
v 0.161230 -0.957649 -0.047489
v 0.161069 -0.957518 -0.003151
v 0.155315 -0.954526 -0.002650
v 0.160895 -0.957521 0.042949
v 0.155164 -0.954409 0.040747
v 0.160933 -0.957608 0.072448
v 0.155169 -0.954363 0.070957
v 0.167863 -0.958967 0.046137
v 0.167968 -0.958937 0.074123
v 0.177138 -0.959039 0.050091
v 0.177794 -0.959035 0.075862
v 0.193444 -0.959053 0.054315
v 0.197626 -0.959047 0.077623
v 0.200645 -0.958950 0.087963
v 0.244112 -0.959044 0.078520
v 0.244973 -0.958991 0.087719
v 0.245632 -0.958518 0.095786
v 0.297088 -0.958985 0.087093
v 0.294549 -0.958649 0.095220
v 0.292482 -0.956075 0.102254
v 0.331400 -0.958715 0.094389
v 0.329045 -0.956536 0.101419
v 0.327177 -0.951811 0.106754
v 0.290802 -0.950685 0.107314
v 0.325592 -0.944630 0.109116
v 0.289401 -0.943001 0.109173
v 0.323944 -0.936515 0.109350
v 0.348246 -0.946054 0.108978
v 0.347701 -0.938686 0.109333
v 0.347077 -0.930629 0.109335
v 0.361259 -0.939394 0.108284
v 0.360912 -0.932055 0.107920
v 0.360614 -0.924152 0.107613
v 0.369222 -0.932780 0.104124
v 0.369366 -0.925378 0.103853
v 0.369782 -0.919021 0.103261
v 0.360531 -0.916436 0.107409
v 0.370182 -0.913479 0.102408
v 0.360914 -0.908194 0.106980
v 0.372973 -0.919929 0.095491
v 0.372898 -0.914598 0.094075
v 0.372779 -0.912181 0.085227
v 0.371169 -0.904711 0.083703
v 0.372906 -0.919145 0.086758
v 0.372878 -0.916459 0.073611
v 0.372685 -0.908840 0.070594
v 0.373000 -0.926001 0.096572
v 0.372944 -0.925805 0.088230
v 0.372926 -0.924324 0.075945
v 0.372911 -0.921425 0.054801
v 0.372804 -0.913097 0.051679
v 0.372956 -0.933048 0.089381
v 0.372936 -0.932422 0.077826
v 0.372933 -0.930509 0.057523
v 0.372932 -0.928587 0.029239
v 0.372907 -0.919116 0.027120
v 0.372940 -0.940069 0.079312
v 0.372939 -0.939308 0.060025
v 0.372938 -0.938106 0.031609
v 0.372951 -0.947251 0.062615
v 0.372955 -0.946777 0.034386
v 0.368749 -0.953841 0.065434
v 0.369276 -0.953515 0.036879
v 0.361017 -0.957327 0.068430
v 0.361511 -0.957062 0.040244
v 0.351826 -0.958920 0.071340
v 0.352039 -0.958929 0.044792
v 0.336728 -0.959047 0.074250
v 0.339487 -0.959048 0.050058
v 0.340175 -0.959047 -0.007889
v 0.308981 -0.959053 0.054777
v 0.311766 -0.959053 -0.007918
v 0.307401 -0.959053 -0.061990
v 0.239735 -0.959053 -0.006994
v 0.241254 -0.959053 -0.063304
v 0.245014 -0.959056 -0.081263
v 0.194266 -0.959053 -0.059803
v 0.199095 -0.959038 -0.079996
v 0.202791 -0.958928 -0.089958
v 0.178493 -0.959053 -0.077806
v 0.180011 -0.958962 -0.088962
v 0.181758 -0.958322 -0.097002
v 0.169559 -0.959053 -0.087854
v 0.170041 -0.958893 -0.095886
v 0.170605 -0.956186 -0.103471
v 0.162141 -0.957693 -0.094896
v 0.162623 -0.955058 -0.102079
v 0.162635 -0.949128 -0.106734
v 0.157406 -0.952572 -0.099289
v 0.158252 -0.947420 -0.102954
v 0.156643 -0.954362 -0.093804
v 0.162017 -0.958008 -0.087064
v 0.156142 -0.954844 -0.085980
v 0.168811 -0.959067 -0.075793
v 0.177330 -0.959054 -0.055201
v 0.168250 -0.959055 -0.051115
v 0.176937 -0.959047 -0.004947
v 0.167959 -0.959022 -0.003808
v 0.192185 -0.959053 -0.005823
v 0.240706 -0.959053 0.056859
v 0.300967 -0.959046 0.077290
v 0.334241 -0.958984 0.086384
v 0.351258 -0.958971 0.085170
v 0.350727 -0.958759 0.093822
v 0.361589 -0.957294 0.083754
v 0.362068 -0.956986 0.092625
v 0.349975 -0.956757 0.100996
v 0.349086 -0.952629 0.106568
v 0.369057 -0.953943 0.082121
v 0.369850 -0.953142 0.091177
v 0.372945 -0.947378 0.080685
v 0.372956 -0.946619 0.090272
v 0.372961 -0.939935 0.089982
v 0.373008 -0.939609 0.097091
v 0.373009 -0.933070 0.097186
v 0.369418 -0.939477 0.103931
v 0.150413 -0.945313 -0.084233
v 0.151209 -0.951375 -0.084741
v 0.372570 -0.910538 -0.090451
v 0.372069 -0.908287 -0.077902
v 0.368217 -0.901778 -0.088868
v 0.366934 -0.900478 -0.075280
v 0.366315 -0.899716 -0.053298
v 0.359433 -0.897658 -0.029183
v 0.351743 -0.897623 -0.027686
v 0.352862 -0.897614 -0.005136
v 0.360091 -0.897639 -0.005587
v 0.346908 -0.897574 -0.004702
v 0.346678 -0.897566 0.017285
v 0.344528 -0.897562 -0.025969
v 0.338417 -0.897377 -0.023909
v 0.341532 -0.897437 -0.004142
v 0.331953 -0.897471 -0.039815
v 0.326436 -0.896679 -0.036431
v 0.333483 -0.896585 -0.021830
v 0.321167 -0.897314 -0.052140
v 0.315969 -0.896098 -0.048661
v 0.311696 -0.893661 -0.045859
v 0.321769 -0.894107 -0.033710
v 0.302879 -0.897188 -0.064228
v 0.299178 -0.895671 -0.059564
v 0.296306 -0.892030 -0.056497
v 0.295235 -0.886444 -0.056687
v 0.310183 -0.887635 -0.045517
v 0.277716 -0.895281 -0.066657
v 0.276395 -0.891448 -0.063704
v 0.276150 -0.885912 -0.064343
v 0.275372 -0.879340 -0.062162
v 0.293782 -0.880719 -0.055468
v 0.253580 -0.890587 -0.065453
v 0.253911 -0.884955 -0.065427
v 0.254547 -0.878775 -0.062261
v 0.255329 -0.871406 -0.057544
v 0.274079 -0.872020 -0.057421
v 0.232761 -0.884816 -0.058866
v 0.234285 -0.878727 -0.056468
v 0.236711 -0.870832 -0.051721
v 0.240038 -0.857427 -0.044142
v 0.256045 -0.859080 -0.049860
v 0.217704 -0.879370 -0.046044
v 0.221596 -0.870423 -0.041548
v 0.227158 -0.856070 -0.035081
v 0.228600 -0.839866 -0.033342
v 0.241411 -0.841325 -0.040445
v 0.210573 -0.869950 -0.028713
v 0.217948 -0.854597 -0.024262
v 0.220159 -0.838379 -0.022940
v 0.215686 -0.821379 -0.025368
v 0.226010 -0.823231 -0.036377
v 0.213271 -0.853224 -0.010884
v 0.215919 -0.836922 -0.009934
v 0.209206 -0.818619 -0.010912
v 0.201632 -0.801628 -0.012205
v 0.208457 -0.803917 -0.029810
v 0.214067 -0.835853 0.003850
v 0.208634 -0.817703 0.005601
v 0.199456 -0.801182 0.007870
v 0.201546 -0.782451 0.007399
v 0.202266 -0.783955 -0.012105
v 0.212073 -0.818304 0.021320
v 0.204463 -0.799939 0.025681
v 0.206943 -0.780042 0.024189
v 0.218407 -0.755766 0.018178
v 0.214390 -0.757405 0.005136
v 0.215269 -0.799653 0.042350
v 0.217950 -0.778560 0.039470
v 0.226453 -0.753918 0.031407
v 0.226400 -0.711028 0.031206
v 0.218745 -0.712430 0.017191
v 0.233393 -0.777740 0.050580
v 0.238885 -0.752131 0.040622
v 0.238710 -0.709060 0.040151
v 0.234828 -0.666334 0.049725
v 0.221114 -0.666480 0.039830
v 0.253436 -0.749877 0.045977
v 0.253234 -0.706174 0.045620
v 0.249534 -0.666202 0.056276
v 0.251038 -0.622979 0.050969
v 0.237621 -0.626178 0.046071
v 0.266821 -0.701120 0.046501
v 0.265055 -0.666899 0.057694
v 0.264899 -0.621531 0.051320
v 0.265675 -0.574556 0.033938
v 0.256298 -0.576534 0.033605
v 0.280431 -0.664788 0.053226
v 0.278108 -0.620445 0.046808
v 0.274737 -0.572509 0.031213
v 0.275693 -0.533448 0.028512
v 0.266522 -0.535454 0.030740
v 0.290061 -0.615379 0.038229
v 0.282970 -0.569952 0.027297
v 0.283351 -0.531505 0.023709
v 0.284287 -0.492684 0.023140
v 0.276864 -0.495169 0.028041
v 0.288583 -0.567577 0.020004
v 0.289842 -0.529223 0.018010
v 0.290282 -0.490010 0.017169
v 0.290445 -0.448997 0.017370
v 0.284562 -0.451143 0.023021
v 0.293471 -0.526979 0.010609
v 0.292439 -0.487437 0.009311
v 0.293540 -0.446765 0.009827
v 0.293432 -0.406993 0.010057
v 0.290368 -0.409056 0.017501
v 0.294199 -0.484751 0.001689
v 0.294170 -0.444613 0.002021
v 0.294147 -0.404815 0.002228
v 0.294136 -0.364913 0.002313
v 0.293586 -0.367097 0.010216
v 0.294316 -0.442214 -0.005553
v 0.294302 -0.402458 -0.005448
v 0.294333 -0.362682 -0.005353
v 0.294272 -0.321167 -0.005438
v 0.294139 -0.323373 0.002357
v 0.292057 -0.400010 -0.012653
v 0.292133 -0.360402 -0.012656
v 0.291997 -0.319096 -0.012706
v 0.292087 -0.278560 -0.012629
v 0.294308 -0.280974 -0.005369
v 0.287461 -0.357926 -0.019792
v 0.287422 -0.316862 -0.019768
v 0.287572 -0.276708 -0.019525
v 0.287668 -0.236896 -0.019311
v 0.292145 -0.239057 -0.012516
v 0.281201 -0.314907 -0.026494
v 0.281576 -0.274844 -0.026203
v 0.281909 -0.235084 -0.026009
v 0.282018 -0.194407 -0.025925
v 0.287755 -0.196666 -0.019202
v 0.272511 -0.273161 -0.030540
v 0.272688 -0.233364 -0.030814
v 0.272827 -0.192486 -0.031000
v 0.272491 -0.153029 -0.031167
v 0.281473 -0.155015 -0.026380
v 0.261901 -0.231802 -0.033755
v 0.262127 -0.190839 -0.033416
v 0.261731 -0.151253 -0.032492
v 0.260561 -0.110486 -0.031648
v 0.270851 -0.112448 -0.031146
v 0.250742 -0.189291 -0.029423
v 0.250530 -0.149724 -0.029157
v 0.250073 -0.108563 -0.029002
v 0.249938 -0.068833 -0.028929
v 0.258739 -0.070873 -0.031342
v 0.240929 -0.148062 -0.023326
v 0.241425 -0.106697 -0.023224
v 0.241279 -0.066744 -0.023529
v 0.234602 -0.023479 -0.035399
v 0.246350 -0.026626 -0.041459
v 0.234828 -0.104918 -0.015736
v 0.234719 -0.064683 -0.017005
v 0.226532 -0.020773 -0.024901
v 0.231273 0.024838 -0.024443
v 0.239091 0.022361 -0.034546
v 0.230531 -0.062592 -0.008220
v 0.221473 -0.017426 -0.012440
v 0.227134 0.026889 -0.012398
v 0.233714 0.067217 -0.009650
v 0.237991 0.065115 -0.019070
v 0.220684 -0.015771 0.000458
v 0.226924 0.028066 -0.000232
v 0.232876 0.069294 0.000682
v 0.232858 0.116312 0.001963
v 0.233907 0.113631 -0.007393
v 0.228938 0.029299 0.010766
v 0.233861 0.071602 0.010067
v 0.233930 0.119368 0.010665
v 0.233893 0.168202 0.010747
v 0.232888 0.165146 0.002673
v 0.238638 0.073978 0.017885
v 0.238603 0.121778 0.017855
v 0.238520 0.171022 0.017658
v 0.238310 0.218728 0.017279
v 0.233583 0.215929 0.010787
v 0.244211 0.124268 0.025316
v 0.243659 0.173373 0.024847
v 0.243180 0.221187 0.024371
v 0.242578 0.269525 0.023786
v 0.237838 0.267098 0.016620
v 0.252094 0.175750 0.030020
v 0.251655 0.223535 0.029799
v 0.251042 0.271853 0.029470
v 0.251247 0.317878 0.029594
v 0.242409 0.315061 0.023655
v 0.261948 0.225743 0.034122
v 0.261584 0.274015 0.034039
v 0.262150 0.320483 0.034169
v 0.262814 0.341997 0.039007
v 0.249953 0.341481 0.034214
v 0.273023 0.276136 0.034508
v 0.273541 0.322780 0.034502
v 0.275062 0.342172 0.039923
v 0.276159 0.349721 0.046526
v 0.261853 0.349907 0.045650
v 0.283676 0.324521 0.031399
v 0.286668 0.342455 0.037012
v 0.289195 0.350524 0.042341
v 0.289533 0.360304 0.043328
v 0.276005 0.359162 0.046891
v 0.297192 0.343408 0.029815
v 0.300909 0.352079 0.033428
v 0.301439 0.360636 0.033197
v 0.297322 0.370103 0.028577
v 0.286363 0.370040 0.037904
v 0.310554 0.352121 0.021730
v 0.310005 0.360788 0.020565
v 0.305210 0.370705 0.016623
v 0.300949 0.395139 0.015119
v 0.293555 0.393017 0.025160
v 0.314029 0.360751 0.007436
v 0.308103 0.371534 0.005614
v 0.305364 0.397729 0.005429
v 0.310051 0.430642 0.008459
v 0.306124 0.430039 0.020776
v 0.307692 0.372592 -0.005330
v 0.303728 0.399740 -0.004741
v 0.310136 0.430753 -0.005631
v 0.314654 0.454758 -0.006834
v 0.315307 0.454872 0.008717
v 0.299589 0.401497 -0.015095
v 0.306325 0.430713 -0.019725
v 0.310883 0.452922 -0.022761
v 0.310712 0.469398 -0.022936
v 0.315802 0.470107 -0.007147
v 0.297773 0.430833 -0.031702
v 0.300613 0.449563 -0.035404
v 0.300247 0.467789 -0.035742
v 0.300254 0.482025 -0.035754
v 0.310458 0.481774 -0.022845
v 0.287015 0.445552 -0.044480
v 0.286417 0.465059 -0.044675
v 0.286155 0.481848 -0.044684
v 0.285316 0.492322 -0.041774
v 0.298461 0.492634 -0.033566
v 0.271667 0.463380 -0.049452
v 0.270840 0.481086 -0.049537
v 0.270067 0.492297 -0.045192
v 0.269795 0.498993 -0.037910
v 0.282675 0.498531 -0.035236
v 0.257202 0.480675 -0.049291
v 0.257494 0.492105 -0.044272
v 0.258746 0.498795 -0.036539
v 0.261288 0.503959 -0.027098
v 0.269439 0.502564 -0.028479
v 0.247583 0.491859 -0.040358
v 0.250657 0.498924 -0.033153
v 0.254948 0.504563 -0.024781
v 0.257941 0.523720 -0.020308
v 0.263965 0.522325 -0.022366
v 0.243224 0.498816 -0.027626
v 0.249364 0.504530 -0.020461
v 0.252307 0.524799 -0.017312
v 0.251797 0.552700 -0.017275
v 0.257301 0.551790 -0.021506
v 0.244729 0.504450 -0.014255
v 0.248316 0.525953 -0.012251
v 0.247591 0.553421 -0.012051
v 0.242999 0.578735 -0.011157
v 0.249084 0.579552 -0.014638
v 0.245746 0.527103 -0.006774
v 0.244092 0.553950 -0.006222
v 0.237296 0.577951 -0.006211
v 0.228496 0.601867 -0.008395
v 0.235650 0.603086 -0.012521
v 0.242591 0.554783 -0.000005
v 0.234037 0.578476 -0.000119
v 0.224495 0.602593 -0.000872
v 0.217329 0.626938 -0.001460
v 0.221064 0.625674 -0.010565
v 0.234848 0.580689 0.006221
v 0.226384 0.605330 0.007256
v 0.219472 0.629902 0.007921
v 0.212724 0.652614 0.008027
v 0.210718 0.649623 -0.001526
v 0.231969 0.609502 0.012909
v 0.225822 0.633978 0.013543
v 0.218704 0.656522 0.014197
v 0.211549 0.679925 0.014728
v 0.205641 0.675787 0.008337
v 0.233841 0.638177 0.009016
v 0.226260 0.660848 0.011825
v 0.219523 0.684541 0.013698
v 0.213424 0.708099 0.013870
v 0.205269 0.703528 0.014636
v 0.225600 0.688538 0.007711
v 0.219570 0.712201 0.007793
v 0.214994 0.736098 0.008400
v 0.208094 0.732090 0.014141
v 0.227072 0.691354 -0.000995
v 0.221307 0.715217 -0.001173
v 0.216107 0.739000 -0.001094
v 0.211777 0.763345 -0.001743
v 0.210331 0.760514 0.008070
v 0.218928 0.717208 -0.010062
v 0.213503 0.740998 -0.010177
v 0.207473 0.764614 -0.010670
v 0.200455 0.788647 -0.010879
v 0.204699 0.787707 -0.001957
v 0.205143 0.741472 -0.014937
v 0.199217 0.764612 -0.016190
v 0.192179 0.788132 -0.016449
v 0.182051 0.787098 -0.015327
v 0.173698 0.809185 -0.014737
v 0.183584 0.811241 -0.016553
v 0.191611 0.812559 -0.010761
v 0.188788 0.764230 -0.014701
v 0.179672 0.764365 -0.008557
v 0.173908 0.786961 -0.008526
v 0.195107 0.741405 -0.014035
v 0.186881 0.741720 -0.007652
v 0.201534 0.718124 -0.014323
v 0.193223 0.718544 -0.008567
v 0.190284 0.720007 0.000944
v 0.182425 0.743024 0.001455
v 0.176232 0.766260 0.001528
v 0.179481 0.769896 0.011085
v 0.174046 0.792483 0.011607
v 0.170912 0.788644 0.001810
v 0.185199 0.746553 0.010821
v 0.192256 0.722973 0.010154
v 0.199476 0.727515 0.014939
v 0.193655 0.751473 0.014959
v 0.188386 0.774912 0.014918
v 0.197493 0.780197 0.014034
v 0.189902 0.804157 0.014497
v 0.181879 0.798145 0.015847
v 0.203144 0.756395 0.014297
v 0.203692 0.784875 0.007480
v 0.195427 0.811902 -0.001789
v 0.195267 0.809202 0.007722
v 0.183255 0.835745 -0.002120
v 0.182676 0.832708 0.007295
v 0.178537 0.827078 0.014850
v 0.166176 0.856103 0.006219
v 0.163673 0.848269 0.014415
v 0.158678 0.840360 0.018632
v 0.171667 0.820194 0.018816
v 0.153043 0.832653 0.013081
v 0.165198 0.813609 0.012449
v 0.150756 0.827661 0.003110
v 0.162066 0.808988 0.002523
v 0.153494 0.826493 -0.007869
v 0.165313 0.807785 -0.008147
v 0.161675 0.829211 -0.014993
v 0.139382 0.843401 -0.007245
v 0.145955 0.846891 -0.015271
v 0.154594 0.852599 -0.016873
v 0.171395 0.833021 -0.017095
v 0.161598 0.856759 -0.011478
v 0.178786 0.835424 -0.011109
v 0.165929 0.858363 -0.002854
v 0.135509 0.869671 -0.016926
v 0.128562 0.862288 -0.014806
v 0.112383 0.873303 -0.014395
v 0.107304 0.867352 -0.006749
v 0.090389 0.879105 -0.006672
v 0.095735 0.882579 -0.014776
v 0.123202 0.857147 -0.007149
v 0.121356 0.857241 0.003613
v 0.105601 0.867537 0.003347
v 0.136260 0.843409 0.003629
v 0.138023 0.848589 0.013181
v 0.122727 0.862233 0.013041
v 0.107378 0.872866 0.012473
v 0.141848 0.856581 0.018655
v 0.090481 0.883949 0.011614
v 0.088727 0.879691 0.002943
v 0.070335 0.895490 0.011034
v 0.070226 0.891583 0.003151
v 0.072028 0.890786 -0.005731
v 0.049009 0.901003 0.003663
v 0.050782 0.900617 -0.004437
v 0.053623 0.902756 -0.011922
v 0.075841 0.893495 -0.013238
v 0.057726 0.907614 -0.016739
v 0.081197 0.898489 -0.018267
v 0.061997 0.913300 -0.018765
v 0.034694 0.915735 -0.016415
v 0.038696 0.921999 -0.018376
v 0.042782 0.928357 -0.017306
v 0.066150 0.919259 -0.017080
v 0.046412 0.933590 -0.013319
v 0.069665 0.924015 -0.013108
v 0.093767 0.917217 -0.013283
v 0.072436 0.927420 -0.007127
v 0.095634 0.922000 -0.007275
v 0.119345 0.920328 -0.006754
v 0.119256 0.915231 -0.012255
v 0.143713 0.920602 -0.007130
v 0.144568 0.915786 -0.012438
v 0.167117 0.919766 -0.007798
v 0.168534 0.915174 -0.012755
v 0.189516 0.919229 -0.008831
v 0.165735 0.921465 -0.001012
v 0.187909 0.919933 -0.002149
v 0.209627 0.921145 -0.003434
v 0.211408 0.919178 -0.009546
v 0.229776 0.921691 -0.003550
v 0.231402 0.919726 -0.009010
v 0.245365 0.928563 -0.004603
v 0.246447 0.926306 -0.010387
v 0.228328 0.922461 0.001926
v 0.244577 0.928995 0.001463
v 0.227531 0.920184 0.007263
v 0.244335 0.927468 0.007325
v 0.227030 0.915911 0.011321
v 0.244613 0.923440 0.011730
v 0.206825 0.918281 0.009439
v 0.205700 0.912750 0.013433
v 0.184775 0.916684 0.010893
v 0.183230 0.910531 0.014235
v 0.181654 0.903571 0.014562
v 0.161145 0.908892 0.014635
v 0.159685 0.901475 0.013872
v 0.162706 0.915579 0.011688
v 0.141097 0.914630 0.012643
v 0.141894 0.919818 0.007042
v 0.120078 0.919373 0.007982
v 0.120316 0.913276 0.013657
v 0.164247 0.920275 0.006070
v 0.142802 0.922418 -0.000019
v 0.186347 0.919735 0.004695
v 0.208086 0.921219 0.003307
v 0.119768 0.921867 0.000516
v 0.097290 0.923303 0.000474
v 0.098741 0.921004 0.008057
v 0.074328 0.928061 0.000325
v 0.075518 0.926592 0.007610
v 0.075744 0.922036 0.013810
v 0.099825 0.914977 0.013870
v 0.075039 0.915948 0.017386
v 0.052362 0.932389 0.014339
v 0.051604 0.925826 0.018410
v 0.050404 0.918345 0.018539
v 0.073682 0.909075 0.018467
v 0.049322 0.911089 0.015979
v 0.071963 0.901990 0.016129
v 0.048725 0.905038 0.010765
v 0.026063 0.918984 0.016451
v 0.026148 0.913203 0.010835
v 0.026812 0.908902 0.004019
v 0.003551 0.918913 0.011263
v 0.004498 0.914553 0.003995
v 0.005977 0.913073 -0.003941
v 0.028783 0.908799 -0.003721
v 0.008416 0.916045 -0.011421
v 0.031372 0.911210 -0.010861
v 0.011392 0.921716 -0.016921
v -0.015385 0.921210 -0.010514
v -0.012888 0.926653 -0.016136
v -0.010168 0.933930 -0.018518
v 0.014709 0.929069 -0.018797
v -0.007353 0.941490 -0.017288
v 0.018210 0.936452 -0.018296
v -0.004617 0.947748 -0.013290
v 0.021767 0.943177 -0.014762
v -0.002139 0.952562 -0.007830
v 0.023989 0.946143 -0.007786
v 0.049460 0.937464 -0.007341
v 0.025602 0.946407 -0.000091
v 0.051365 0.938491 0.000174
v 0.027027 0.945735 0.007540
v 0.052367 0.936870 0.007807
v 0.027468 0.941521 0.014245
v 0.001044 0.951868 0.007236
v 0.001952 0.947916 0.013914
v 0.002424 0.941210 0.017908
v 0.027136 0.934586 0.018190
v 0.002677 0.933234 0.018673
v 0.026543 0.926664 0.018705
v 0.002954 0.925252 0.016757
v -0.021863 0.937306 0.018765
v -0.020813 0.929443 0.016985
v -0.019816 0.922897 0.012003
v -0.045291 0.930953 0.017133
v -0.043781 0.924290 0.012538
v -0.042304 0.920400 0.005257
v -0.018824 0.918992 0.004869
v -0.040684 0.919804 -0.003193
v -0.017436 0.918477 -0.003091
v -0.038855 0.922971 -0.010577
v -0.064196 0.920854 -0.002880
v -0.062605 0.922856 -0.010562
v -0.061233 0.928293 -0.016361
v -0.037006 0.928814 -0.016028
v -0.059970 0.936138 -0.019031
v -0.035051 0.936426 -0.018560
v -0.058697 0.944298 -0.018566
v -0.033054 0.944246 -0.017839
v -0.057215 0.951043 -0.014091
v -0.031086 0.950741 -0.013573
v -0.055594 0.955632 -0.007854
v -0.029076 0.955327 -0.007480
v -0.053826 0.958151 -0.000960
v -0.027227 0.957002 -0.000587
v -0.000324 0.953533 -0.000374
v -0.025672 0.954885 0.006637
v -0.052022 0.955434 0.005704
v -0.050294 0.952525 0.012617
v -0.024243 0.951542 0.013601
v -0.048567 0.946388 0.017416
v -0.022982 0.945134 0.018184
v -0.046888 0.938809 0.018650
v -0.074218 0.944721 0.016707
v -0.071899 0.937545 0.018608
v -0.069480 0.930186 0.017150
v -0.097335 0.933880 0.018831
v -0.094271 0.926617 0.017844
v -0.091445 0.921037 0.013078
v -0.067433 0.924332 0.012323
v -0.089191 0.918172 0.006096
v -0.065758 0.921170 0.005118
v -0.087546 0.917998 -0.002008
v -0.112022 0.912286 0.006413
v -0.110084 0.912389 -0.001570
v -0.108996 0.914980 -0.009515
v -0.086313 0.920223 -0.009968
v -0.108971 0.921351 -0.015283
v -0.085406 0.925770 -0.015874
v -0.109049 0.929205 -0.018705
v -0.084643 0.933545 -0.018570
v -0.109026 0.937711 -0.018623
v -0.083746 0.941707 -0.017837
v -0.108905 0.945283 -0.015655
v -0.082691 0.948343 -0.013556
v -0.108177 0.949448 -0.008608
v -0.081556 0.953788 -0.008115
v -0.107066 0.951904 -0.000952
v -0.080205 0.956697 -0.001261
v -0.105402 0.951390 0.006856
v -0.078366 0.954677 0.005875
v -0.103011 0.947642 0.013499
v -0.076328 0.950660 0.012161
v -0.100336 0.941476 0.017818
v -0.129078 0.941783 0.013522
v -0.125748 0.935946 0.018099
v -0.121942 0.928597 0.018877
v -0.151368 0.928038 0.017558
v -0.146904 0.921360 0.018875
v -0.142471 0.914558 0.017375
v -0.118272 0.921402 0.017708
v -0.138618 0.909104 0.012765
v -0.114814 0.915238 0.013629
v -0.135587 0.905777 0.005899
v -0.161735 0.899537 0.013660
v -0.158564 0.897114 0.006447
v -0.156561 0.897195 -0.001784
v -0.133677 0.905597 -0.002075
v -0.155821 0.899949 -0.009645
v -0.132547 0.908263 -0.009837
v -0.156382 0.905586 -0.015700
v -0.132760 0.914577 -0.015385
v -0.157906 0.913261 -0.018650
v -0.133531 0.922354 -0.018624
v -0.159741 0.921432 -0.018503
v -0.134492 0.930713 -0.018649
v -0.161122 0.928899 -0.014971
v -0.135067 0.938158 -0.015431
v -0.161508 0.934452 -0.008893
v -0.134768 0.943132 -0.009011
v -0.160668 0.937098 -0.001281
v -0.133475 0.944828 -0.001261
v -0.158629 0.936840 0.006341
v -0.131656 0.944718 0.006543
v -0.155337 0.933265 0.012763
v -0.184796 0.925385 0.007041
v -0.180985 0.922281 0.013441
v -0.176365 0.917121 0.017332
v -0.205460 0.907619 0.013941
v -0.200867 0.903856 0.018730
v -0.195131 0.898361 0.019136
v -0.171419 0.911378 0.019895
v -0.189300 0.892568 0.018321
v -0.166301 0.904995 0.018188
v -0.184109 0.887833 0.013657
v -0.209763 0.878792 0.018446
v -0.204146 0.873971 0.014549
v -0.200489 0.871618 0.007369
v -0.180143 0.885186 0.006826
v -0.198378 0.871570 -0.000810
v -0.177902 0.885193 -0.001295
v -0.198240 0.874406 -0.008852
v -0.177620 0.888218 -0.009170
v -0.199873 0.879784 -0.015091
v -0.178869 0.893762 -0.015455
v -0.202952 0.887124 -0.018487
v -0.181229 0.901245 -0.018613
v -0.206370 0.894832 -0.018244
v -0.183869 0.909330 -0.018327
v -0.209339 0.901816 -0.014802
v -0.186160 0.916798 -0.014897
v -0.211219 0.907270 -0.008781
v -0.187232 0.922154 -0.008580
v -0.210599 0.909215 -0.000820
v -0.186851 0.925031 -0.000836
v -0.208738 0.909405 0.007125
v -0.232562 0.894002 -0.001050
v -0.230681 0.894481 0.007017
v -0.227050 0.892647 0.014047
v -0.252537 0.876012 0.006342
v -0.247993 0.874230 0.013514
v -0.242313 0.871540 0.019001
v -0.222196 0.889317 0.018895
v -0.235298 0.867452 0.020362
v -0.215963 0.884134 0.018894
v -0.228353 0.862935 0.019253
v -0.253184 0.847841 0.021335
v -0.245794 0.844099 0.020214
v -0.239802 0.841283 0.014866
v -0.222594 0.859286 0.014817
v -0.235201 0.839603 0.007533
v -0.218776 0.857496 0.007595
v -0.233032 0.839879 -0.001305
v -0.217296 0.858201 -0.000740
v -0.234097 0.842933 -0.009629
v -0.217003 0.860151 -0.009023
v -0.237400 0.848121 -0.016016
v -0.219165 0.865424 -0.015253
v -0.241180 0.853994 -0.020421
v -0.222637 0.872087 -0.018689
v -0.245688 0.860559 -0.020282
v -0.226597 0.879145 -0.018364
v -0.249425 0.866367 -0.015813
v -0.230113 0.885805 -0.014912
v -0.252678 0.871587 -0.009994
v -0.232603 0.891305 -0.008935
v -0.254142 0.875044 -0.002144
v -0.269472 0.850439 -0.010707
v -0.271092 0.853482 -0.002904
v -0.269989 0.854478 0.005447
v -0.287672 0.829947 -0.003084
v -0.286783 0.831156 0.005302
v -0.282763 0.830440 0.012945
v -0.265692 0.853223 0.012695
v -0.277106 0.828754 0.019516
v -0.260273 0.851212 0.018871
v -0.269507 0.825875 0.022139
v -0.290953 0.803923 0.018899
v -0.283062 0.802230 0.022013
v -0.274671 0.800532 0.019860
v -0.261645 0.822936 0.020198
v -0.266887 0.799271 0.015264
v -0.254564 0.820627 0.015390
v -0.261395 0.799117 0.008173
v -0.249490 0.819681 0.007779
v -0.259811 0.800565 -0.000715
v -0.247767 0.820718 -0.001297
v -0.260721 0.803068 -0.009518
v -0.248495 0.823548 -0.010187
v -0.265390 0.807495 -0.015921
v -0.252315 0.828606 -0.016526
v -0.270932 0.812525 -0.020726
v -0.256820 0.834218 -0.020871
v -0.277214 0.818114 -0.021570
v -0.261749 0.840283 -0.020883
v -0.282878 0.823596 -0.018101
v -0.265941 0.845756 -0.016569
v -0.286700 0.827706 -0.011439
v -0.296287 0.797477 -0.017415
v -0.301090 0.801056 -0.010881
v -0.303733 0.803712 -0.002699
v -0.309058 0.770949 -0.010726
v -0.310579 0.772984 -0.002476
v -0.310251 0.774832 0.005942
v -0.302805 0.805318 0.005626
v -0.307060 0.775758 0.013156
v -0.297296 0.804711 0.012736
v -0.300638 0.776318 0.018773
v -0.310325 0.747207 0.012460
v -0.303466 0.748692 0.017040
v -0.295741 0.749897 0.021156
v -0.292164 0.776272 0.022200
v -0.287049 0.751012 0.019887
v -0.283146 0.776250 0.019968
v -0.279092 0.752223 0.015668
v -0.275001 0.776450 0.015690
v -0.273074 0.753731 0.008994
v -0.269110 0.777142 0.008997
v -0.271860 0.755700 0.000347
v -0.267563 0.778740 0.000112
v -0.274279 0.757838 -0.008392
v -0.269359 0.781196 -0.008661
v -0.280130 0.760254 -0.015427
v -0.274711 0.784761 -0.015687
v -0.287363 0.762886 -0.020862
v -0.281468 0.788791 -0.020657
v -0.295974 0.765747 -0.021447
v -0.289223 0.793143 -0.020923
v -0.303890 0.768534 -0.017564
v -0.297979 0.738019 -0.021205
v -0.305156 0.739772 -0.016869
v -0.311570 0.741646 -0.011050
v -0.302692 0.710802 -0.017610
v -0.309254 0.711796 -0.011803
v -0.313226 0.713227 -0.004041
v -0.313824 0.743579 -0.002790
v -0.312728 0.715130 0.004725
v -0.313826 0.745545 0.005410
v -0.309865 0.717389 0.012493
v -0.304940 0.683839 0.004327
v -0.302718 0.686285 0.012958
v -0.297138 0.690142 0.018689
v -0.303478 0.720164 0.017342
v -0.290092 0.694429 0.021176
v -0.295502 0.722792 0.020660
v -0.282338 0.698425 0.019714
v -0.286925 0.725245 0.020148
v -0.275481 0.701975 0.014918
v -0.280034 0.727551 0.014669
v -0.270626 0.704888 0.007634
v -0.274648 0.729736 0.007699
v -0.268784 0.707062 -0.001166
v -0.272275 0.731731 -0.000610
v -0.271932 0.708389 -0.009436
v -0.274934 0.733483 -0.009127
v -0.278392 0.709134 -0.015704
v -0.280993 0.734991 -0.016054
v -0.286631 0.709563 -0.019725
v -0.289378 0.736432 -0.019983
v -0.295478 0.710018 -0.022043
v -0.278499 0.684510 -0.020333
v -0.287180 0.683197 -0.022532
v -0.295685 0.681753 -0.020031
v -0.274699 0.658595 -0.021610
v -0.282718 0.656748 -0.018934
v -0.288876 0.655781 -0.012877
v -0.301960 0.681377 -0.013366
v -0.292116 0.656082 -0.004557
v -0.304498 0.682338 -0.004844
v -0.292757 0.657550 0.004469
v -0.279846 0.632973 -0.004574
v -0.280478 0.634712 0.004323
v -0.278571 0.637504 0.012735
v -0.290050 0.660611 0.012721
v -0.273506 0.641723 0.018415
v -0.285772 0.664277 0.019735
v -0.267198 0.646583 0.021584
v -0.279364 0.669078 0.022477
v -0.260924 0.651742 0.019804
v -0.272552 0.674043 0.020694
v -0.255454 0.656467 0.015261
v -0.266880 0.678349 0.015364
v -0.251715 0.660180 0.008200
v -0.262461 0.682114 0.008040
v -0.250540 0.662465 -0.000247
v -0.262469 0.683926 -0.000960
v -0.253302 0.662976 -0.009042
v -0.264502 0.685287 -0.009803
v -0.258567 0.662330 -0.016304
v -0.270063 0.685511 -0.016990
v -0.266502 0.660603 -0.019984
v -0.246814 0.637486 -0.014808
v -0.254048 0.636401 -0.019616
v -0.261934 0.634886 -0.021081
v -0.242313 0.610422 -0.021999
v -0.251160 0.609757 -0.021902
v -0.259077 0.609060 -0.019038
v -0.269639 0.633336 -0.018113
v -0.264828 0.609351 -0.012548
v -0.276139 0.632478 -0.012697
v -0.268932 0.610125 -0.004804
v -0.260470 0.589249 -0.013272
v -0.265008 0.590083 -0.005591
v -0.265239 0.591067 0.002980
v -0.270488 0.611636 0.003837
v -0.261856 0.592539 0.011235
v -0.267739 0.614378 0.012132
v -0.255706 0.595007 0.017753
v -0.262409 0.618226 0.018332
v -0.247770 0.598254 0.019056
v -0.255398 0.622974 0.020898
v -0.239887 0.601656 0.019092
v -0.248575 0.627596 0.019515
v -0.232949 0.605068 0.015601
v -0.242682 0.631813 0.014866
v -0.228583 0.607771 0.008421
v -0.238621 0.635056 0.008243
v -0.228112 0.609411 -0.000464
v -0.237926 0.637189 -0.000172
v -0.229563 0.610693 -0.009359
v -0.240889 0.638041 -0.008432
v -0.234485 0.610997 -0.017324
v -0.225549 0.588938 -0.009396
v -0.231422 0.588997 -0.016825
v -0.238947 0.588767 -0.020574
v -0.228355 0.580929 -0.020574
v -0.237247 0.581061 -0.025305
v -0.247179 0.581585 -0.026859
v -0.247004 0.588876 -0.022021
v -0.256301 0.580888 -0.023857
v -0.254371 0.588710 -0.019172
v -0.264462 0.581025 -0.017381
v -0.258828 0.578449 -0.028742
v -0.268066 0.578599 -0.020704
v -0.273821 0.578561 -0.009315
v -0.269319 0.581225 -0.007761
v -0.274210 0.578957 0.003483
v -0.269613 0.581716 0.003042
v -0.269029 0.578983 0.015781
v -0.264680 0.582201 0.013213
v -0.259017 0.579260 0.024991
v -0.256233 0.583308 0.020287
v -0.247177 0.579884 0.027659
v -0.246591 0.584412 0.022087
v -0.235477 0.580350 0.026219
v -0.236855 0.585607 0.021050
v -0.225836 0.580914 0.020666
v -0.229548 0.586831 0.016831
v -0.220039 0.580713 0.011483
v -0.224781 0.587644 0.009461
v -0.218180 0.580778 0.000142
v -0.223847 0.588006 0.000110
v -0.220843 0.581226 -0.011423
v -0.213001 0.578584 0.000099
v -0.216563 0.578734 -0.013871
v -0.225307 0.578374 -0.025291
v -0.211215 0.577541 -0.017100
v -0.221656 0.577497 -0.029956
v -0.233856 0.576906 -0.036261
v -0.235444 0.578520 -0.030797
v -0.247923 0.577350 -0.037245
v -0.247527 0.578585 -0.032291
v -0.261480 0.577011 -0.032953
v -0.248530 0.575008 -0.041912
v -0.263863 0.574274 -0.036462
v -0.275476 0.575273 -0.027289
v -0.271872 0.577359 -0.024178
v -0.283377 0.575786 -0.012760
v -0.278669 0.577578 -0.011018
v -0.284139 0.575042 0.004308
v -0.279380 0.577380 0.004014
v -0.278103 0.575663 0.020852
v -0.273661 0.577460 0.018432
v -0.264443 0.575517 0.034143
v -0.261341 0.577719 0.029043
v -0.250116 0.576825 0.039163
v -0.248226 0.578148 0.033059
v -0.232574 0.577094 0.037679
v -0.234273 0.578057 0.031583
v -0.218327 0.577511 0.028671
v -0.222465 0.578780 0.024237
v -0.209872 0.577608 0.016080
v -0.215086 0.578361 0.013651
v -0.206727 0.577552 -0.000106
v -0.205166 0.575177 0.018401
v -0.201603 0.575835 -0.000458
v -0.207156 0.575918 -0.019736
v -0.199084 0.571625 -0.000862
v -0.204938 0.571406 -0.020913
v -0.216963 0.571595 -0.035976
v -0.218363 0.575731 -0.034292
v -0.232357 0.570790 -0.043930
v -0.232871 0.574154 -0.040727
v -0.249137 0.570290 -0.044810
v -0.231952 0.564574 -0.045759
v -0.249436 0.564101 -0.045440
v -0.265998 0.564166 -0.040166
v -0.265328 0.569905 -0.038946
v -0.279193 0.565378 -0.030544
v -0.278001 0.571193 -0.029063
v -0.286723 0.566166 -0.015267
v -0.285329 0.571698 -0.014055
v -0.289754 0.566284 0.004012
v -0.287649 0.571229 0.004314
v -0.282994 0.566455 0.023983
v -0.281204 0.572309 0.022652
v -0.268292 0.566687 0.038853
v -0.266689 0.571807 0.037188
v -0.250656 0.568133 0.045803
v -0.250338 0.573024 0.043255
v -0.230979 0.568894 0.043085
v -0.231455 0.574680 0.041129
v -0.213451 0.570281 0.034202
v -0.215094 0.575118 0.032185
v -0.202605 0.570705 0.019330
v -0.212520 0.563027 0.035506
v -0.201170 0.564058 0.019623
v -0.197573 0.565033 -0.001184
v -0.200540 0.552589 0.018713
v -0.197470 0.554300 -0.001882
v -0.203616 0.555193 -0.022363
v -0.203586 0.565376 -0.021730
v -0.215543 0.555695 -0.038248
v -0.215539 0.565563 -0.037698
v -0.231879 0.555845 -0.046040
v -0.216512 0.538148 -0.038638
v -0.232046 0.538726 -0.046049
v -0.249505 0.539525 -0.045439
v -0.249765 0.555820 -0.045419
v -0.266130 0.540292 -0.040337
v -0.266400 0.556245 -0.040203
v -0.278735 0.540811 -0.031838
v -0.279208 0.556857 -0.031341
v -0.286515 0.541446 -0.017228
v -0.286835 0.557429 -0.016311
v -0.290315 0.542257 0.001661
v -0.290317 0.557751 0.003014
v -0.284303 0.543432 0.021991
v -0.283556 0.558317 0.023410
v -0.269963 0.545128 0.038290
v -0.268768 0.559303 0.039155
v -0.251445 0.547037 0.046379
v -0.250619 0.560284 0.046371
v -0.230954 0.548851 0.043693
v -0.230982 0.561375 0.043688
v -0.211789 0.551081 0.035048
v -0.230810 0.530661 0.043657
v -0.210779 0.532055 0.034409
v -0.200206 0.534042 0.017229
v -0.210191 0.521208 0.033961
v -0.199580 0.522716 0.016324
v -0.197452 0.523968 -0.004817
v -0.197470 0.535870 -0.003447
v -0.204962 0.524547 -0.025100
v -0.204299 0.537332 -0.023695
v -0.217278 0.524305 -0.039897
v -0.204298 0.518057 -0.026493
v -0.217310 0.517676 -0.040681
v -0.232151 0.517633 -0.046441
v -0.232136 0.524442 -0.046056
v -0.248469 0.518410 -0.046144
v -0.248701 0.525385 -0.045666
v -0.264910 0.518615 -0.041344
v -0.265362 0.526029 -0.040732
v -0.278265 0.518576 -0.033017
v -0.278453 0.526324 -0.032350
v -0.286754 0.519005 -0.018568
v -0.286131 0.526729 -0.018189
v -0.290821 0.519155 -0.000030
v -0.290335 0.527057 0.000414
v -0.286557 0.519562 0.019014
v -0.285234 0.527694 0.020230
v -0.272488 0.519471 0.036507
v -0.271173 0.528200 0.037102
v -0.252680 0.519538 0.046476
v -0.252177 0.528765 0.046330
v -0.230257 0.520634 0.043727
v -0.253296 0.513695 0.047732
v -0.229709 0.514705 0.045320
v -0.209634 0.515354 0.034430
v -0.228427 0.509802 0.049056
v -0.207454 0.510349 0.036167
v -0.195433 0.511581 0.016840
v -0.198256 0.516404 0.016324
v -0.194019 0.512713 -0.006390
v -0.196661 0.517732 -0.005716
v -0.202387 0.513173 -0.028373
v -0.189328 0.508744 -0.007433
v -0.199473 0.509579 -0.031098
v -0.215419 0.509215 -0.045797
v -0.216698 0.512855 -0.042567
v -0.231608 0.509186 -0.051823
v -0.232094 0.512714 -0.048089
v -0.248874 0.509579 -0.052233
v -0.248580 0.513433 -0.048235
v -0.266380 0.509518 -0.047309
v -0.265148 0.513481 -0.043490
v -0.281505 0.509144 -0.037136
v -0.278749 0.513139 -0.034050
v -0.292612 0.509948 -0.021150
v -0.288832 0.513907 -0.019521
v -0.297156 0.509614 -0.000932
v -0.292852 0.513525 -0.000463
v -0.293780 0.509658 0.020103
v -0.289239 0.513853 0.019222
v -0.278611 0.509151 0.041084
v -0.274938 0.513664 0.037708
v -0.254109 0.509226 0.051855
v -0.282934 0.507253 0.044939
v -0.255331 0.507083 0.057861
v -0.226767 0.507420 0.054118
v -0.256467 0.506629 0.065301
v -0.224047 0.506738 0.061117
v -0.198811 0.506808 0.044915
v -0.203260 0.507372 0.040241
v -0.184678 0.506917 0.020068
v -0.190236 0.508062 0.018244
v -0.184130 0.507084 -0.008389
v -0.176659 0.506679 -0.009623
v -0.191069 0.506802 -0.040287
v -0.195557 0.507491 -0.035304
v -0.210882 0.506744 -0.056755
v -0.213248 0.507240 -0.050813
v -0.229857 0.506720 -0.062685
v -0.230769 0.507303 -0.057089
v -0.249802 0.506669 -0.063615
v -0.249300 0.507272 -0.057499
v -0.270493 0.506751 -0.058257
v -0.268237 0.507503 -0.052402
v -0.288888 0.506779 -0.046277
v -0.285061 0.507351 -0.041568
v -0.303465 0.506765 -0.026056
v -0.297621 0.507479 -0.023341
v -0.310231 0.506666 -0.001780
v -0.303235 0.507272 -0.001332
v -0.299740 0.507318 0.021146
v -0.320859 0.506202 -0.002212
v -0.336308 0.504886 -0.002642
v -0.345452 0.504052 -0.036665
v -0.347999 0.503837 -0.003011
v -0.349034 0.503756 0.030534
v -0.355095 0.503260 -0.003085
v -0.355974 0.503204 0.031419
v -0.356206 0.503180 0.064571
v -0.349243 0.503717 0.065129
v -0.355918 0.503154 0.089027
v -0.348357 0.503666 0.090481
v -0.355541 0.503120 0.102397
v -0.347511 0.503521 0.103057
v -0.331943 0.503685 0.103604
v -0.346620 0.503199 0.109983
v -0.328916 0.503248 0.110282
v -0.298363 0.503291 0.110244
v -0.301531 0.503780 0.103765
v -0.256706 0.503302 0.109870
v -0.257966 0.503860 0.102775
v -0.258452 0.504695 0.092710
v -0.257800 0.506117 0.075027
v -0.213922 0.503470 0.107931
v -0.255364 0.502831 0.116298
v -0.213369 0.503005 0.114642
v -0.176526 0.503063 0.113794
v -0.176192 0.503595 0.106356
v -0.147802 0.502941 0.114101
v -0.147656 0.503453 0.106275
v -0.134999 0.503119 0.092269
v -0.126804 0.502729 0.090684
v -0.128157 0.502728 0.065085
v -0.135941 0.503249 0.067174
v -0.128912 0.502784 0.028648
v -0.136720 0.503367 0.028958
v -0.130072 0.502836 -0.012328
v -0.138398 0.503520 -0.013163
v -0.149591 0.504722 -0.012312
v -0.140829 0.503750 -0.056744
v -0.164765 0.506258 -0.011286
v -0.132056 0.502898 -0.053113
v -0.131770 0.502889 -0.083417
v -0.141930 0.503755 -0.086786
v -0.129384 0.502724 -0.100598
v -0.140904 0.503509 -0.101375
v -0.165249 0.503791 -0.103043
v -0.140215 0.503137 -0.110478
v -0.164489 0.503297 -0.109950
v -0.194671 0.503264 -0.110701
v -0.196458 0.503737 -0.104449
v -0.224253 0.503214 -0.111629
v -0.224893 0.503648 -0.105591
v -0.225323 0.504204 -0.098659
v -0.252725 0.503625 -0.105857
v -0.252268 0.504160 -0.099157
v -0.251595 0.505290 -0.085499
v -0.226290 0.505344 -0.084788
v -0.250654 0.506265 -0.072608
v -0.228329 0.506348 -0.071253
v -0.282555 0.503639 -0.105470
v -0.253440 0.503176 -0.112006
v -0.284130 0.503089 -0.112101
v -0.315250 0.503131 -0.112572
v -0.315161 0.503603 -0.105957
v -0.339867 0.503016 -0.113581
v -0.340568 0.503444 -0.106635
v -0.341138 0.503879 -0.096210
v -0.353023 0.503169 -0.107049
v -0.352605 0.503340 -0.094902
v -0.352461 0.503453 -0.072058
v -0.340796 0.504267 -0.073827
v -0.353658 0.503344 -0.038169
v -0.359808 0.502934 -0.070668
v -0.360608 0.502832 -0.038595
v -0.361731 0.502824 -0.003204
v -0.367012 0.502338 -0.038825
v -0.368028 0.502356 -0.003236
v -0.368866 0.502059 0.032732
v -0.362541 0.502789 0.032212
v -0.368991 0.501939 0.064274
v -0.362753 0.502772 0.064249
v -0.368947 0.501985 0.086955
v -0.362562 0.502776 0.087848
v -0.368899 0.502033 0.101467
v -0.362504 0.502770 0.101845
v -0.368960 0.501969 0.108875
v -0.362773 0.502747 0.109087
v -0.355808 0.502971 0.109528
v -0.356230 0.502705 0.115316
v -0.345997 0.502851 0.116158
v -0.357114 0.501821 0.120626
v -0.345115 0.502519 0.121939
v -0.324283 0.502563 0.121838
v -0.326396 0.502876 0.116284
v -0.293743 0.502543 0.122049
v -0.295703 0.502897 0.116317
v -0.254010 0.502291 0.122012
v -0.292171 0.499200 0.124821
v -0.252617 0.498802 0.124794
v -0.211031 0.499915 0.124619
v -0.212292 0.502727 0.120878
v -0.175804 0.500476 0.124584
v -0.176296 0.502733 0.120255
v -0.148044 0.499847 0.124628
v -0.147926 0.502706 0.120901
v -0.128897 0.497460 0.123122
v -0.148095 0.494062 0.125016
v -0.129133 0.491977 0.124349
v -0.117392 0.490369 0.117276
v -0.118751 0.495671 0.115601
v -0.115026 0.489822 0.105159
v -0.116407 0.495255 0.104756
v -0.114977 0.490733 0.088482
v -0.116896 0.496809 0.088896
v -0.120306 0.502606 0.089557
v -0.117566 0.498089 0.063501
v -0.121439 0.502620 0.063947
v -0.117739 0.498494 0.028498
v -0.121982 0.502656 0.028433
v -0.117918 0.498931 -0.010640
v -0.122671 0.502688 -0.011436
v -0.118214 0.499622 -0.048889
v -0.124049 0.502739 -0.050606
v -0.118063 0.499225 -0.078694
v -0.123720 0.502715 -0.080590
v -0.117512 0.497894 -0.098684
v -0.121690 0.502621 -0.099838
v -0.118167 0.496175 -0.112953
v -0.121559 0.501444 -0.113364
v -0.127898 0.502668 -0.111878
v -0.124858 0.498868 -0.121879
v -0.123352 0.493903 -0.122489
v -0.137041 0.490939 -0.125039
v -0.137336 0.495637 -0.124949
v -0.159613 0.489263 -0.125071
v -0.160554 0.494327 -0.125016
v -0.187486 0.488987 -0.125074
v -0.188927 0.494407 -0.125009
v -0.190384 0.499695 -0.124793
v -0.220868 0.493963 -0.125023
v -0.221875 0.499241 -0.124766
v -0.222748 0.502600 -0.122405
v -0.191608 0.502559 -0.121907
v -0.223535 0.502875 -0.117289
v -0.193062 0.502894 -0.116430
v -0.255735 0.492457 -0.125039
v -0.219850 0.488614 -0.125088
v -0.256024 0.487067 -0.125087
v -0.290220 0.485546 -0.125068
v -0.289247 0.490843 -0.124931
v -0.318426 0.485738 -0.125092
v -0.317387 0.491136 -0.125078
v -0.339845 0.485604 -0.125089
v -0.339750 0.490971 -0.125069
v -0.339803 0.496563 -0.124968
v -0.353006 0.490066 -0.125039
v -0.353330 0.495266 -0.124900
v -0.353737 0.500174 -0.124550
v -0.339797 0.501411 -0.124604
v -0.353595 0.502532 -0.120228
v -0.339666 0.502708 -0.119855
v -0.353287 0.502851 -0.114491
v -0.360866 0.502760 -0.106963
v -0.367186 0.502375 -0.106756
v -0.366591 0.502479 -0.092966
v -0.360035 0.502886 -0.093861
v -0.366504 0.502488 -0.069800
v -0.371636 0.499322 -0.092245
v -0.371640 0.499243 -0.069547
v -0.371796 0.498958 -0.039152
v -0.372780 0.492817 -0.069626
v -0.372782 0.492555 -0.039578
v -0.372828 0.491805 -0.002900
v -0.372299 0.498141 -0.003137
v -0.372797 0.491319 0.034225
v -0.372299 0.497483 0.033323
v -0.372814 0.491032 0.065073
v -0.372353 0.497243 0.064700
v -0.372811 0.491129 0.085797
v -0.372347 0.497290 0.086311
v -0.372797 0.491571 0.100944
v -0.372315 0.497454 0.101187
v -0.372730 0.491990 0.109442
v -0.372367 0.497447 0.109047
v -0.372282 0.492543 0.115917
v -0.372852 0.486542 0.109764
v -0.372526 0.487290 0.116550
v -0.370578 0.487857 0.122140
v -0.370444 0.493394 0.121701
v -0.363933 0.488111 0.124586
v -0.364325 0.493162 0.123887
v -0.354340 0.488442 0.125051
v -0.355416 0.493711 0.124927
v -0.357017 0.498723 0.124557
v -0.342358 0.494709 0.125005
v -0.343842 0.500090 0.124795
v -0.321066 0.494015 0.125015
v -0.322518 0.499595 0.124817
v -0.290939 0.493469 0.125019
v -0.319859 0.488264 0.125083
v -0.289659 0.487825 0.125078
v -0.249770 0.487341 0.125076
v -0.251188 0.492942 0.124989
v -0.208180 0.488441 0.125080
v -0.209526 0.494199 0.125004
v -0.174357 0.488965 0.125077
v -0.175172 0.494884 0.124992
v -0.148099 0.488176 0.125079
v -0.173288 0.483062 0.125075
v -0.147936 0.482404 0.125079
v -0.129555 0.480996 0.124902
v -0.129389 0.486462 0.124844
v -0.117305 0.478979 0.116954
v -0.117203 0.484823 0.117500
v -0.115217 0.477235 0.104792
v -0.114871 0.483857 0.105224
v -0.115433 0.476986 0.088257
v -0.114846 0.484060 0.088344
v -0.115443 0.477116 0.064233
v -0.114906 0.484479 0.063968
v -0.115463 0.491589 0.063589
v -0.114884 0.484645 0.028913
v -0.115387 0.491857 0.028607
v -0.114893 0.484890 -0.009237
v -0.115382 0.492202 -0.009923
v -0.114902 0.485301 -0.046999
v -0.115560 0.492961 -0.047599
v -0.114919 0.485280 -0.076291
v -0.115630 0.492730 -0.077350
v -0.114858 0.484771 -0.096431
v -0.115321 0.491638 -0.097589
v -0.115360 0.484608 -0.111796
v -0.116155 0.490493 -0.112572
v -0.122140 0.483587 -0.122280
v -0.122520 0.488668 -0.122558
v -0.136431 0.481225 -0.125037
v -0.136740 0.486114 -0.125066
v -0.157711 0.478842 -0.125043
v -0.158613 0.484040 -0.125075
v -0.184157 0.477751 -0.125052
v -0.185900 0.483441 -0.125092
v -0.217730 0.477237 -0.125037
v -0.218822 0.483011 -0.125092
v -0.257015 0.476190 -0.124969
v -0.256510 0.481635 -0.125065
v -0.292725 0.475277 -0.124975
v -0.291367 0.480346 -0.125068
v -0.320687 0.475255 -0.124950
v -0.319501 0.480443 -0.125064
v -0.340202 0.475072 -0.124969
v -0.340078 0.480295 -0.125064
v -0.352313 0.474614 -0.125026
v -0.352543 0.479780 -0.125067
v -0.352745 0.484897 -0.125072
v -0.360556 0.479272 -0.124927
v -0.361134 0.484162 -0.124823
v -0.361553 0.489203 -0.124704
v -0.367340 0.483488 -0.121974
v -0.367602 0.488646 -0.121676
v -0.367758 0.493706 -0.121295
v -0.361752 0.494219 -0.124365
v -0.372474 0.488183 -0.115963
v -0.372452 0.493679 -0.115717
v -0.372897 0.487561 -0.106666
v -0.372813 0.493451 -0.106686
v -0.371707 0.499147 -0.106705
v -0.372758 0.493148 -0.091660
v -0.372901 0.486731 -0.091218
v -0.372917 0.486115 -0.069798
v -0.372987 0.480278 -0.090932
v -0.373000 0.479346 -0.069977
v -0.372996 0.478971 -0.041067
v -0.372913 0.485836 -0.040252
v -0.373005 0.478352 -0.002440
v -0.372925 0.485197 -0.002605
v -0.373000 0.478014 0.036443
v -0.372925 0.484815 0.035282
v -0.373013 0.477659 0.066152
v -0.372933 0.484489 0.065541
v -0.373011 0.478076 0.084975
v -0.372928 0.484687 0.085365
v -0.372998 0.479373 0.100360
v -0.372918 0.485580 0.100644
v -0.372938 0.480957 0.109725
v -0.371740 0.473022 0.099883
v -0.373044 0.475397 0.109516
v -0.372734 0.482193 0.116660
v -0.370615 0.482870 0.122188
v -0.363419 0.482998 0.124835
v -0.352744 0.477350 0.124805
v -0.353509 0.483005 0.125054
v -0.338724 0.476778 0.124998
v -0.339656 0.482696 0.125085
v -0.340864 0.488640 0.125081
v -0.318917 0.482440 0.125077
v -0.318294 0.476729 0.124978
v -0.287875 0.476721 0.124965
v -0.288600 0.482263 0.125063
v -0.247003 0.476476 0.124964
v -0.248410 0.481872 0.125066
v -0.205035 0.477104 0.124980
v -0.206744 0.482719 0.125069
v -0.172028 0.477236 0.124991
v -0.203229 0.471708 0.124745
v -0.170608 0.471730 0.124756
v -0.147145 0.471301 0.124759
v -0.147586 0.476774 0.125000
v -0.129405 0.475789 0.124706
v -0.118340 0.473683 0.115445
v -0.118183 0.472327 0.104046
v -0.124837 0.467901 0.087902
v -0.118621 0.471359 0.088157
v -0.126074 0.467747 0.065542
v -0.118719 0.470920 0.064753
v -0.126169 0.466683 0.031654
v -0.118923 0.470665 0.030346
v -0.115407 0.477220 0.029557
v -0.118704 0.470982 -0.007987
v -0.115339 0.477422 -0.008596
v -0.118698 0.471135 -0.046746
v -0.115354 0.477439 -0.046785
v -0.118728 0.471008 -0.074963
v -0.115334 0.477481 -0.075474
v -0.118375 0.471853 -0.093506
v -0.115246 0.477677 -0.095142
v -0.117272 0.474005 -0.109389
v -0.115185 0.478166 -0.110588
v -0.121606 0.474678 -0.121726
v -0.121900 0.478696 -0.122012
v -0.136069 0.471514 -0.124350
v -0.136068 0.476196 -0.124937
v -0.156218 0.469360 -0.122420
v -0.156898 0.473546 -0.124976
v -0.180202 0.468912 -0.121398
v -0.182286 0.472103 -0.124778
v -0.214446 0.468856 -0.121108
v -0.216344 0.471670 -0.124761
v -0.257968 0.468747 -0.120606
v -0.257457 0.471103 -0.124724
v -0.296372 0.468716 -0.120461
v -0.294321 0.470623 -0.124697
v -0.323463 0.468664 -0.120242
v -0.322006 0.470565 -0.124684
v -0.340345 0.468715 -0.120388
v -0.340271 0.470288 -0.124682
v -0.351908 0.468512 -0.119188
v -0.352368 0.469555 -0.124028
v -0.349964 0.465504 -0.112897
v -0.340042 0.466401 -0.114205
v -0.324823 0.466312 -0.114135
v -0.325332 0.456269 -0.104110
v -0.337296 0.456071 -0.103763
v -0.344269 0.456095 -0.102712
v -0.334564 0.443953 -0.097828
v -0.340811 0.443518 -0.097684
v -0.344657 0.443366 -0.096128
v -0.339399 0.423300 -0.097353
v -0.344659 0.422924 -0.095526
v -0.345192 0.423297 -0.089502
v -0.345464 0.443625 -0.091538
v -0.345287 0.424643 -0.082635
v -0.345749 0.444177 -0.084785
v -0.345310 0.426106 -0.072287
v -0.345632 0.444204 -0.072053
v -0.350659 0.455073 -0.071655
v -0.345558 0.443436 -0.048311
v -0.349698 0.454013 -0.046412
v -0.357857 0.462302 -0.044918
v -0.358709 0.463124 -0.071214
v -0.365531 0.468079 -0.043149
v -0.366011 0.468289 -0.070789
v -0.371473 0.472423 -0.041970
v -0.371564 0.472785 -0.070325
v -0.372380 0.473846 -0.090800
v -0.373041 0.475782 -0.106227
v -0.372939 0.481637 -0.106554
v -0.372410 0.482680 -0.116244
v -0.372325 0.477229 -0.116620
v -0.366786 0.478450 -0.122471
v -0.365138 0.467836 -0.001902
v -0.371026 0.472070 -0.002270
v -0.364800 0.467671 0.039189
v -0.370839 0.471795 0.037706
v -0.363624 0.467065 0.067948
v -0.370442 0.471385 0.066906
v -0.364671 0.467560 0.084899
v -0.370731 0.471701 0.084510
v -0.356893 0.461355 0.068979
v -0.357906 0.462324 0.085321
v -0.349575 0.453653 0.069926
v -0.350461 0.454867 0.084473
v -0.345586 0.442840 0.070821
v -0.345599 0.443339 0.083244
v -0.345621 0.443263 0.090210
v -0.345351 0.420766 0.081396
v -0.345468 0.419455 0.088417
v -0.343320 0.419208 0.094475
v -0.343026 0.443295 0.094453
v -0.337068 0.419678 0.097183
v -0.338890 0.443521 0.096979
v -0.329642 0.421125 0.097515
v -0.331422 0.443982 0.097884
v -0.333741 0.457107 0.104860
v -0.318461 0.443746 0.097925
v -0.318450 0.456757 0.104643
v -0.318266 0.467702 0.115509
v -0.336293 0.467614 0.115416
v -0.317989 0.468857 0.121003
v -0.337082 0.468708 0.120449
v -0.317977 0.471395 0.124711
v -0.337929 0.471301 0.124699
v -0.351805 0.471963 0.123369
v -0.287003 0.468861 0.121007
v -0.287304 0.471455 0.124714
v -0.244211 0.468839 0.121002
v -0.245605 0.471380 0.124719
v -0.201193 0.468877 0.121179
v -0.242756 0.467746 0.115566
v -0.199199 0.467790 0.115618
v -0.167231 0.467817 0.115654
v -0.169049 0.468881 0.121204
v -0.192510 0.456241 0.104184
v -0.165707 0.457126 0.104990
v -0.189569 0.443824 0.097873
v -0.165649 0.444119 0.098008
v -0.153363 0.444265 0.097896
v -0.165773 0.422428 0.097552
v -0.155906 0.421174 0.097506
v -0.148683 0.420425 0.097352
v -0.147169 0.444247 0.097029
v -0.142904 0.420840 0.092913
v -0.142737 0.444282 0.092762
v -0.142457 0.422433 0.083595
v -0.142232 0.444231 0.084010
v -0.138444 0.455802 0.085290
v -0.142223 0.443995 0.068618
v -0.139795 0.454029 0.067411
v -0.132755 0.461008 0.066379
v -0.131370 0.462485 0.087010
v -0.140462 0.453095 0.035904
v -0.133542 0.460308 0.034254
v -0.139905 0.453036 -0.006502
v -0.133042 0.460588 -0.007119
v -0.125700 0.467532 -0.007161
v -0.132684 0.460407 -0.049012
v -0.125747 0.467477 -0.047477
v -0.132923 0.460266 -0.074965
v -0.126040 0.467195 -0.074933
v -0.132230 0.461165 -0.089285
v -0.124824 0.467834 -0.091552
v -0.139974 0.453540 -0.074711
v -0.139937 0.453480 -0.087138
v -0.142254 0.442411 -0.074568
v -0.142255 0.442243 -0.085915
v -0.142382 0.424622 -0.074524
v -0.142360 0.421115 -0.084435
v -0.142868 0.419473 -0.092878
v -0.142397 0.376822 -0.084407
v -0.142999 0.375387 -0.093254
v -0.150072 0.375769 -0.097196
v -0.149461 0.419917 -0.096923
v -0.159550 0.378275 -0.097503
v -0.158121 0.422604 -0.097493
v -0.171494 0.382297 -0.097553
v -0.172378 0.425557 -0.097557
v -0.173316 0.443800 -0.097940
v -0.201939 0.427021 -0.097559
v -0.205043 0.443277 -0.097863
v -0.206819 0.455483 -0.103354
v -0.174871 0.455992 -0.103834
v -0.208997 0.466275 -0.114092
v -0.177110 0.466284 -0.114167
v -0.155457 0.466830 -0.115174
v -0.260476 0.455352 -0.103263
v -0.259672 0.466405 -0.114228
v -0.303670 0.455478 -0.103370
v -0.301564 0.466345 -0.114166
v -0.261497 0.443230 -0.097835
v -0.305242 0.443549 -0.097781
v -0.324937 0.443691 -0.097798
v -0.306747 0.426761 -0.097561
v -0.323856 0.425465 -0.097552
v -0.332335 0.424182 -0.097495
v -0.322670 0.383383 -0.097551
v -0.331131 0.382044 -0.097519
v -0.338979 0.381593 -0.097359
v -0.330812 0.317191 -0.097524
v -0.338751 0.317590 -0.097391
v -0.344786 0.317940 -0.095241
v -0.344780 0.381541 -0.095255
v -0.345200 0.317973 -0.088502
v -0.345233 0.381826 -0.088712
v -0.345289 0.317588 -0.080772
v -0.345290 0.382547 -0.081057
v -0.345305 0.317890 -0.072236
v -0.345305 0.384284 -0.072134
v -0.345306 0.317040 -0.055397
v -0.345306 0.389745 -0.054058
v -0.345312 0.427714 -0.051256
v -0.345306 0.390768 0.001016
v -0.345312 0.427650 -0.000252
v -0.345521 0.442814 -0.001079
v -0.345311 0.426374 0.049816
v -0.345580 0.442455 0.046408
v -0.349537 0.453757 0.043789
v -0.349604 0.453833 -0.001267
v -0.357461 0.461917 0.041500
v -0.357621 0.462066 -0.001548
v -0.345311 0.422587 0.071521
v -0.345306 0.387660 0.054027
v -0.345311 0.379976 0.071947
v -0.345335 0.377147 0.080263
v -0.345305 0.317987 0.072421
v -0.345303 0.318119 0.080649
v -0.345299 0.317971 0.088410
v -0.345425 0.375737 0.088125
v -0.343085 0.317781 0.095120
v -0.343154 0.375215 0.094375
v -0.336095 0.317477 0.097367
v -0.336676 0.375726 0.097097
v -0.327977 0.317179 0.097521
v -0.328592 0.377339 0.097498
v -0.318484 0.316053 0.097552
v -0.318750 0.379885 0.097553
v -0.318714 0.422979 0.097555
v -0.298272 0.385812 0.097555
v -0.295793 0.425992 0.097559
v -0.294297 0.443948 0.097946
v -0.238360 0.426629 0.097561
v -0.239797 0.443761 0.097891
v -0.241002 0.456199 0.104069
v -0.292607 0.456312 0.104232
v -0.286892 0.467712 0.115522
v -0.186700 0.426067 0.097558
v -0.234907 0.387675 0.097555
v -0.183620 0.385982 0.097555
v -0.166555 0.380311 0.097548
v -0.181773 0.315512 0.097555
v -0.166503 0.316794 0.097547
v -0.157378 0.317032 0.097509
v -0.157481 0.378262 0.097496
v -0.149278 0.316864 0.097288
v -0.149310 0.377510 0.097297
v -0.142968 0.317011 0.093411
v -0.142927 0.377763 0.093230
v -0.142466 0.317182 0.083278
v -0.142439 0.379453 0.083128
v -0.142396 0.317176 0.072428
v -0.142393 0.382701 0.071978
v -0.142390 0.425275 0.070336
v -0.142389 0.389129 0.050913
v -0.142387 0.428542 0.044514
v -0.142312 0.443268 0.039013
v -0.142383 0.429001 -0.007716
v -0.142254 0.442966 -0.006911
v -0.142385 0.427734 -0.053473
v -0.142140 0.442893 -0.050835
v -0.139487 0.453017 -0.049918
v -0.142389 0.390688 -0.007849
v -0.142389 0.387389 -0.057030
v -0.142389 0.379876 -0.074083
v -0.142389 0.318582 -0.058433
v -0.142395 0.318546 -0.074479
v -0.142440 0.318799 -0.084471
v -0.142391 0.254401 -0.073874
v -0.142413 0.257120 -0.084169
v -0.143193 0.257722 -0.093492
v -0.143118 0.319117 -0.093481
v -0.150805 0.257262 -0.097311
v -0.150445 0.318836 -0.097329
v -0.160546 0.255265 -0.097524
v -0.159809 0.318046 -0.097524
v -0.172363 0.250597 -0.097554
v -0.171175 0.317778 -0.097554
v -0.197915 0.243954 -0.097555
v -0.195586 0.317430 -0.097555
v -0.196878 0.388505 -0.097555
v -0.268711 0.316762 -0.097555
v -0.266549 0.390611 -0.097555
v -0.263382 0.427151 -0.097561
v -0.308264 0.389047 -0.097555
v -0.309419 0.316738 -0.097555
v -0.322565 0.316492 -0.097551
v -0.309398 0.245073 -0.097555
v -0.322860 0.252601 -0.097552
v -0.330846 0.254480 -0.097526
v -0.323194 0.216480 -0.097551
v -0.331073 0.217556 -0.097524
v -0.338556 0.218146 -0.097427
v -0.338758 0.255336 -0.097384
v -0.344768 0.218350 -0.095355
v -0.344830 0.255562 -0.095174
v -0.345198 0.218063 -0.088827
v -0.345238 0.255313 -0.088312
v -0.345287 0.217263 -0.081536
v -0.345291 0.254390 -0.080629
v -0.345305 0.216239 -0.072472
v -0.345305 0.251576 -0.072177
v -0.345306 0.215183 -0.052857
v -0.345306 0.245175 -0.054693
v -0.345306 0.214221 0.001182
v -0.345306 0.242823 0.002052
v -0.345306 0.316878 0.002241
v -0.345306 0.245739 0.055621
v -0.345306 0.317170 0.056556
v -0.345304 0.254892 0.072233
v -0.345306 0.214966 0.053233
v -0.345304 0.217117 0.072177
v -0.345296 0.218621 0.081075
v -0.345298 0.257529 0.080852
v -0.345272 0.219559 0.089210
v -0.345286 0.258526 0.088867
v -0.342292 0.219829 0.095884
v -0.342735 0.258666 0.095459
v -0.335031 0.219030 0.097385
v -0.335519 0.258043 0.097364
v -0.327226 0.217227 0.097527
v -0.327117 0.256463 0.097526
v -0.316231 0.215837 0.097553
v -0.317407 0.253092 0.097553
v -0.289864 0.213934 0.097554
v -0.295771 0.244371 0.097555
v -0.298507 0.315904 0.097555
v -0.229066 0.241906 0.097555
v -0.231227 0.315297 0.097555
v -0.181860 0.245223 0.097555
v -0.229209 0.213484 0.097554
v -0.183758 0.214496 0.097555
v -0.165680 0.215986 0.097548
v -0.166028 0.253765 0.097547
v -0.156984 0.217795 0.097504
v -0.157119 0.256401 0.097494
v -0.149342 0.219032 0.097367
v -0.149254 0.257615 0.097327
v -0.143094 0.219297 0.093173
v -0.143042 0.257681 0.093477
v -0.142456 0.218446 0.083642
v -0.142448 0.256405 0.083317
v -0.142394 0.217253 0.072663
v -0.142394 0.253021 0.072635
v -0.142389 0.215082 0.050302
v -0.142389 0.246159 0.053132
v -0.142389 0.317199 0.053838
v -0.142389 0.243638 -0.006048
v -0.142389 0.317794 -0.007576
v -0.142389 0.246491 -0.057241
v -0.142389 0.214517 -0.004096
v -0.142389 0.215130 -0.055252
v -0.142392 0.216458 -0.073817
v -0.142394 0.204020 -0.050833
v -0.142394 0.203994 -0.073445
v -0.142424 0.203926 -0.084716
v -0.142424 0.218100 -0.084208
v -0.143484 0.203980 -0.093830
v -0.143275 0.218846 -0.093597
v -0.151491 0.203714 -0.097352
v -0.151337 0.218387 -0.097358
v -0.160921 0.203578 -0.097536
v -0.161312 0.217061 -0.097530
v -0.175529 0.203513 -0.097562
v -0.173396 0.215767 -0.097554
v -0.210506 0.203468 -0.097543
v -0.204040 0.214701 -0.097555
v -0.265545 0.203448 -0.097544
v -0.266929 0.214180 -0.097555
v -0.268906 0.242249 -0.097555
v -0.308625 0.215108 -0.097555
v -0.306079 0.203440 -0.097542
v -0.323143 0.203497 -0.097544
v -0.304475 0.195903 -0.097499
v -0.323099 0.195722 -0.097509
v -0.331542 0.195841 -0.097523
v -0.331570 0.203514 -0.097522
v -0.338401 0.196213 -0.097484
v -0.338635 0.203637 -0.097418
v -0.344585 0.196486 -0.096205
v -0.344675 0.203719 -0.095770
v -0.344977 0.196513 -0.090288
v -0.345163 0.203590 -0.089728
v -0.345138 0.196520 -0.083198
v -0.345266 0.203530 -0.082646
v -0.345192 0.196457 -0.073137
v -0.345289 0.203765 -0.072931
v -0.345261 0.196098 -0.046701
v -0.345301 0.203816 -0.048759
v -0.345267 0.196286 -0.000134
v -0.345299 0.203521 0.000991
v -0.345268 0.196320 0.046006
v -0.345299 0.203338 0.047830
v -0.345263 0.195858 0.071715
v -0.345299 0.203178 0.071933
v -0.345309 0.195319 0.082970
v -0.345298 0.202703 0.082200
v -0.345323 0.195026 0.091307
v -0.345286 0.202554 0.090107
v -0.340607 0.194694 0.096922
v -0.341773 0.202317 0.096392
v -0.334440 0.194205 0.097405
v -0.334977 0.202046 0.097417
v -0.327106 0.193771 0.097435
v -0.327385 0.201851 0.097520
v -0.313093 0.193617 0.097411
v -0.314716 0.201821 0.097528
v -0.280571 0.193496 0.097435
v -0.283534 0.201809 0.097535
v -0.230026 0.193382 0.097419
v -0.230490 0.202220 0.097534
v -0.186891 0.193703 0.097468
v -0.185743 0.202183 0.097538
v -0.165333 0.194121 0.097481
v -0.165404 0.202252 0.097536
v -0.155621 0.194393 0.097455
v -0.156422 0.202420 0.097496
v -0.148685 0.194884 0.097282
v -0.148983 0.202679 0.097330
v -0.143010 0.195270 0.093403
v -0.143044 0.202910 0.093292
v -0.142507 0.195208 0.083904
v -0.142469 0.203012 0.084168
v -0.142474 0.195383 0.071604
v -0.142409 0.203255 0.072213
v -0.142458 0.195754 0.044688
v -0.142403 0.203498 0.046439
v -0.142442 0.196050 -0.002747
v -0.142399 0.203719 -0.003533
v -0.142416 0.196703 -0.048564
v -0.142596 0.189532 -0.001951
v -0.142473 0.190139 -0.047303
v -0.142412 0.190732 -0.072724
v -0.142399 0.196563 -0.073001
v -0.142390 0.191524 -0.084313
v -0.142412 0.196725 -0.084874
v -0.143727 0.191934 -0.094087
v -0.143680 0.196883 -0.094037
v -0.151504 0.190985 -0.097571
v -0.151504 0.196697 -0.097393
v -0.161486 0.190063 -0.097645
v -0.161092 0.196425 -0.097570
v -0.178999 0.189512 -0.097651
v -0.177510 0.196267 -0.097587
v -0.215983 0.188843 -0.097281
v -0.213809 0.195756 -0.097495
v -0.265888 0.188443 -0.097260
v -0.265426 0.195470 -0.097496
v -0.303773 0.188959 -0.097298
v -0.266886 0.183048 -0.094103
v -0.303912 0.183270 -0.094333
v -0.322907 0.183804 -0.094895
v -0.323032 0.189206 -0.097345
v -0.331200 0.184686 -0.095799
v -0.331251 0.189752 -0.097503
v -0.322824 0.181910 -0.088898
v -0.331346 0.182302 -0.090230
v -0.322712 0.181745 -0.081592
v -0.331021 0.181964 -0.082887
v -0.337432 0.182926 -0.083557
v -0.330351 0.181775 -0.072537
v -0.337039 0.182619 -0.072375
v -0.341891 0.185270 -0.072707
v -0.342228 0.185991 -0.083808
v -0.344501 0.190364 -0.072966
v -0.344340 0.190913 -0.083554
v -0.342989 0.183358 -0.045751
v -0.345024 0.189549 -0.045924
v -0.344322 0.183926 -0.001065
v -0.345086 0.189678 -0.000676
v -0.344414 0.183811 0.044977
v -0.345124 0.189680 0.045102
v -0.344459 0.183753 0.070660
v -0.345128 0.189490 0.071145
v -0.338886 0.181949 0.045069
v -0.339531 0.181921 0.070797
v -0.332993 0.181749 0.071229
v -0.333823 0.181706 0.083568
v -0.331962 0.181753 0.045476
v -0.324576 0.181707 0.047052
v -0.325567 0.181708 0.071621
v -0.338452 0.181909 -0.001200
v -0.331499 0.181732 -0.001031
v -0.323954 0.181701 -0.000746
v -0.313483 0.181697 -0.000898
v -0.313835 0.181697 0.051434
v -0.330987 0.181734 -0.046755
v -0.323111 0.181701 -0.048638
v -0.311520 0.181697 -0.052090
v -0.282545 0.181697 -0.054275
v -0.287211 0.181697 -0.000830
v -0.322583 0.181713 -0.072380
v -0.308861 0.181702 -0.071714
v -0.274295 0.181701 -0.071623
v -0.217632 0.181700 -0.071671
v -0.213135 0.181697 -0.054974
v -0.306479 0.181738 -0.080588
v -0.270719 0.181730 -0.080187
v -0.218826 0.181721 -0.080430
v -0.179442 0.181675 -0.081270
v -0.178415 0.181695 -0.072036
v -0.268542 0.181837 -0.087559
v -0.218438 0.181777 -0.087983
v -0.179974 0.181623 -0.088658
v -0.162095 0.181610 -0.090089
v -0.162385 0.181685 -0.082607
v -0.217490 0.183363 -0.094356
v -0.179853 0.183727 -0.094945
v -0.161799 0.184637 -0.095731
v -0.154921 0.181815 -0.072532
v -0.163120 0.181715 -0.072370
v -0.156543 0.181776 -0.047641
v -0.164378 0.181709 -0.049316
v -0.177043 0.181697 -0.053575
v -0.165248 0.181702 -0.000882
v -0.177141 0.181697 -0.000828
v -0.212472 0.181697 -0.000759
v -0.178238 0.181697 0.053070
v -0.216298 0.181697 0.054648
v -0.286715 0.181697 0.054162
v -0.223497 0.181703 0.071990
v -0.280661 0.181700 0.072163
v -0.313020 0.181699 0.072048
v -0.278837 0.181725 0.081644
v -0.311853 0.181717 0.081945
v -0.326458 0.181709 0.083034
v -0.311354 0.181784 0.090277
v -0.326579 0.181724 0.091008
v -0.333922 0.181739 0.091976
v -0.326775 0.186781 0.095947
v -0.333989 0.187607 0.096840
v -0.311861 0.186150 0.096627
v -0.278396 0.181839 0.089876
v -0.279106 0.185389 0.096516
v -0.227864 0.181944 0.090021
v -0.229073 0.185331 0.096419
v -0.185916 0.181995 0.090131
v -0.186881 0.185667 0.096730
v -0.164891 0.182128 0.091206
v -0.165150 0.186742 0.097310
v -0.155698 0.182565 0.092103
v -0.155416 0.187625 0.097474
v -0.164813 0.181759 0.082466
v -0.156202 0.181814 0.083557
v -0.164952 0.181711 0.072274
v -0.157083 0.181760 0.071350
v -0.150197 0.181941 0.070825
v -0.144721 0.184113 0.070725
v -0.157380 0.181742 0.046252
v -0.150348 0.181911 0.044992
v -0.144702 0.184129 0.044247
v -0.150203 0.181905 -0.001110
v -0.144599 0.184237 -0.001461
v -0.142622 0.189327 0.044111
v -0.142646 0.189221 0.070872
v -0.149629 0.182084 -0.047061
v -0.144254 0.184635 -0.046861
v -0.148601 0.182283 -0.072382
v -0.143633 0.185355 -0.072596
v -0.157317 0.181735 -0.000796
v -0.165276 0.181703 0.048611
v -0.180279 0.181702 0.072275
v -0.183548 0.181748 0.081672
v -0.226138 0.181755 0.081650
v -0.304774 0.181836 -0.087788
v -0.337447 0.181948 -0.046115
v 0.198603 0.699267 0.009239
v 0.196399 0.696242 0.000003
v 0.203099 0.672546 -0.000744
v 0.199846 0.694718 -0.009253
v 0.206753 0.671013 -0.010055
v 0.213634 0.647668 -0.011309
v 0.215489 0.670596 -0.014458
v 0.223457 0.647363 -0.013666
v 0.230447 0.626884 -0.013219
v 0.242644 0.605379 -0.011274
v 0.250175 0.606077 -0.012725
v 0.254735 0.579752 -0.017997
v 0.256847 0.605878 -0.018820
v 0.261861 0.579145 -0.021816
v 0.264550 0.550440 -0.022735
v 0.270361 0.577622 -0.022803
v 0.272257 0.548739 -0.022789
v 0.270572 0.520344 -0.022566
v 0.279659 0.546930 -0.021634
v 0.276893 0.518359 -0.020510
v 0.279057 0.501841 -0.026893
v 0.282295 0.516768 -0.015787
v 0.287251 0.501711 -0.021403
v 0.293585 0.498500 -0.028344
v 0.293553 0.501414 -0.013908
v 0.301808 0.498405 -0.018479
v 0.306582 0.491154 -0.020882
v 0.306392 0.497220 -0.004969
v 0.312022 0.490644 -0.006233
v 0.315885 0.481651 -0.007181
v 0.312334 0.490262 0.008269
v 0.316372 0.481572 0.008875
v 0.315984 0.470116 0.008814
v 0.310924 0.481107 0.023257
v 0.311175 0.469736 0.023386
v 0.311140 0.453025 0.023404
v 0.300878 0.468594 0.035134
v 0.300824 0.451268 0.035184
v 0.296798 0.429668 0.030592
v 0.287058 0.450501 0.044455
v 0.284362 0.428154 0.037463
v 0.282588 0.391915 0.032123
v 0.271889 0.426381 0.039726
v 0.272106 0.391128 0.036923
v 0.274288 0.369447 0.042094
v 0.261472 0.390165 0.037615
v 0.262114 0.369013 0.042381
v 0.261756 0.358864 0.047460
v 0.248504 0.368541 0.038424
v 0.246375 0.357995 0.042475
v 0.247052 0.348747 0.040809
v 0.234144 0.357776 0.034835
v 0.235515 0.348188 0.032933
v 0.240800 0.340660 0.026797
v 0.228436 0.348530 0.022093
v 0.236311 0.338949 0.017007
v 0.237674 0.310991 0.016283
v 0.231958 0.336820 0.008612
v 0.233094 0.307979 0.009775
v 0.233394 0.264272 0.010281
v 0.232876 0.305722 0.001699
v 0.232875 0.261719 0.002561
v 0.232889 0.213182 0.003056
v 0.233343 0.258838 -0.005929
v 0.233457 0.210047 -0.005421
v 0.233116 0.162149 -0.006101
v 0.235920 0.207460 -0.014904
v 0.236107 0.159459 -0.015620
v 0.237154 0.111149 -0.017148
v 0.242236 0.156995 -0.024613
v 0.244444 0.108738 -0.024795
v 0.244407 0.062530 -0.027396
v 0.252768 0.106769 -0.031600
v 0.252286 0.059943 -0.032917
v 0.248876 0.019019 -0.041712
v 0.262044 0.057138 -0.034573
v 0.260837 0.015908 -0.046403
v 0.258129 -0.029590 -0.045504
v 0.275406 0.011815 -0.046842
v 0.271764 -0.032543 -0.043711
v 0.268494 -0.073127 -0.031218
v 0.282517 -0.034692 -0.037871
v 0.277794 -0.074985 -0.028553
v 0.279891 -0.114677 -0.027395
v 0.285603 -0.076878 -0.022565
v 0.286714 -0.116976 -0.020921
v 0.287555 -0.157318 -0.019605
v 0.291603 -0.119284 -0.013064
v 0.292235 -0.159893 -0.012542
v 0.292256 -0.199106 -0.012431
v 0.294334 -0.162289 -0.004779
v 0.294323 -0.201553 -0.005082
v 0.294304 -0.241451 -0.005266
v 0.294132 -0.203957 0.002899
v 0.294117 -0.243788 0.002591
v 0.294109 -0.283346 0.002412
v 0.293375 -0.246072 0.010536
v 0.293377 -0.285683 0.010290
v 0.293476 -0.325667 0.010259
v 0.290231 -0.287970 0.017703
v 0.290268 -0.327978 0.017610
v 0.290278 -0.369347 0.017573
v 0.284263 -0.330151 0.023150
v 0.284099 -0.371740 0.023292
v 0.284370 -0.410915 0.023141
v 0.276454 -0.373834 0.028305
v 0.276925 -0.412503 0.027829
v 0.277085 -0.453424 0.027696
v 0.267922 -0.414257 0.031293
v 0.267955 -0.455283 0.031471
v 0.267560 -0.497280 0.032546
v 0.257566 -0.456914 0.032318
v 0.256931 -0.499056 0.033565
v 0.256347 -0.537507 0.030970
v 0.247127 -0.500685 0.028625
v 0.247315 -0.539418 0.028654
v 0.247406 -0.578430 0.029635
v 0.238762 -0.541214 0.023221
v 0.238498 -0.580349 0.023912
v 0.225967 -0.628718 0.037048
v 0.231369 -0.582648 0.015834
v 0.216064 -0.630666 0.022683
v 0.211520 -0.668055 0.023459
v 0.210040 -0.632509 0.007412
v 0.205696 -0.669734 0.006497
v 0.213989 -0.713554 0.004227
v 0.206635 -0.671596 -0.009865
v 0.214553 -0.714199 -0.008660
v 0.214513 -0.758912 -0.009410
v 0.219815 -0.714776 -0.022096
v 0.218979 -0.759826 -0.023487
v 0.208118 -0.784250 -0.029534
v 0.226962 -0.761004 -0.036024
v 0.219129 -0.784939 -0.043536
v 0.219889 -0.805531 -0.042677
v 0.234704 -0.785857 -0.054408
v 0.235389 -0.807902 -0.053778
v 0.239306 -0.824675 -0.044190
v 0.253295 -0.809336 -0.058507
v 0.255202 -0.826261 -0.048223
v 0.256050 -0.842884 -0.045819
v 0.270341 -0.827449 -0.047870
v 0.270690 -0.844330 -0.045775
v 0.272251 -0.860431 -0.050500
v 0.284095 -0.845561 -0.041276
v 0.287045 -0.861920 -0.045643
v 0.290754 -0.873566 -0.051293
v 0.299632 -0.862465 -0.037844
v 0.304999 -0.874372 -0.042183
v 0.308713 -0.881258 -0.044989
v 0.314864 -0.875717 -0.029944
v 0.318763 -0.883017 -0.032113
v 0.319895 -0.888851 -0.032724
v 0.324902 -0.884273 -0.017851
v 0.326174 -0.889788 -0.018624
v 0.328532 -0.894347 -0.019751
v 0.329335 -0.890599 -0.002625
v 0.332073 -0.894877 -0.002840
v 0.336592 -0.896921 -0.003497
v 0.331402 -0.894626 0.014848
v 0.336405 -0.896801 0.015763
v 0.340751 -0.897440 0.016546
v 0.331489 -0.896916 0.033639
v 0.326048 -0.894566 0.031218
v 0.319336 -0.897192 0.051015
v 0.310289 -0.897569 0.071200
v 0.327892 -0.890649 0.013779
v 0.328447 -0.885233 -0.002487
v 0.320896 -0.877510 -0.016218
v 0.307852 -0.863931 -0.026008
v 0.294869 -0.846417 -0.033719
v 0.283974 -0.828135 -0.042460
v 0.271502 -0.810275 -0.058318
v 0.252630 -0.787065 -0.061405
v 0.239830 -0.761746 -0.044330
v 0.230210 -0.714958 -0.034554
v 0.211900 -0.674126 -0.025602
v 0.210329 -0.635296 -0.008956
v 0.228603 -0.584714 0.005484
v 0.233186 -0.542897 0.014878
v 0.238658 -0.502065 0.022497
v 0.247265 -0.458634 0.028752
v 0.257208 -0.415801 0.031303
v 0.267281 -0.375653 0.032237
v 0.276561 -0.332302 0.028201
v 0.284095 -0.290179 0.023321
v 0.290120 -0.248352 0.017857
v 0.293171 -0.206263 0.010927
v 0.294122 -0.164411 0.003436
v 0.294204 -0.121569 -0.004563
v 0.290771 -0.078933 -0.014162
v 0.291788 -0.036591 -0.029427
v 0.288727 0.008555 -0.042614
v 0.273242 0.054868 -0.034402
v 0.263126 0.104384 -0.034513
v 0.251724 0.154615 -0.031032
v 0.242376 0.205248 -0.023658
v 0.236548 0.256475 -0.014894
v 0.233124 0.304190 -0.006604
v 0.231475 0.335829 0.000585
v 0.224158 0.347561 0.010079
v 0.226403 0.357481 0.023446
v 0.237465 0.368291 0.031452
v 0.250981 0.388960 0.033322
v 0.260287 0.425166 0.038914
v 0.272059 0.451138 0.049297
v 0.286734 0.467485 0.044557
v 0.300786 0.480539 0.035142
v 0.307699 0.490145 0.021643
v 0.306475 0.496538 0.007298
v 0.297213 0.501175 -0.003730
v 0.287091 0.515346 -0.009947
v 0.285586 0.545073 -0.017031
v 0.279147 0.576131 -0.022324
v 0.266030 0.604480 -0.022640
v 0.254127 0.628865 -0.015095
v 0.224642 0.669863 -0.014710
v 0.217529 0.694066 -0.014918
v 0.224685 0.693233 -0.009557
v 0.208101 0.694288 -0.014569
v 0.211166 0.717912 -0.014958
v 0.238763 0.614335 0.010462
v 0.238878 0.584176 0.011131
v 0.244399 0.588034 0.014128
v 0.249619 0.591399 0.015369
v 0.249623 0.562120 0.016195
v 0.254926 0.564304 0.019661
v 0.260811 0.565907 0.022063
v 0.255928 0.594155 0.018197
v 0.262950 0.595237 0.021986
v 0.257908 0.621612 0.019314
v 0.257410 0.647379 0.018788
v 0.268388 0.622484 0.022731
v 0.267531 0.648855 0.022742
v 0.268111 0.676898 0.022721
v 0.258574 0.676146 0.020167
v 0.278102 0.649982 0.022230
v 0.278111 0.677448 0.022096
v 0.278044 0.705788 0.022094
v 0.267928 0.705419 0.022772
v 0.286835 0.677760 0.017334
v 0.286865 0.706054 0.017343
v 0.287102 0.734147 0.017212
v 0.278342 0.734142 0.022171
v 0.291458 0.706245 0.008255
v 0.291479 0.734220 0.008138
v 0.291624 0.762503 0.007936
v 0.286758 0.762617 0.017126
v 0.293223 0.734335 -0.001959
v 0.293608 0.762440 -0.002194
v 0.293682 0.791622 -0.002501
v 0.291494 0.791521 0.007541
v 0.291431 0.762515 -0.011717
v 0.290626 0.791635 -0.011526
v 0.291469 0.821344 -0.011378
v 0.293770 0.821381 -0.002186
v 0.285754 0.791705 -0.018804
v 0.286142 0.821244 -0.018440
v 0.286499 0.851475 -0.017759
v 0.290911 0.851331 -0.010212
v 0.278804 0.821505 -0.022600
v 0.279493 0.851842 -0.022336
v 0.279748 0.880904 -0.022194
v 0.286907 0.880156 -0.017437
v 0.291411 0.879644 -0.009965
v 0.293681 0.879525 -0.001179
v 0.294051 0.851403 -0.001467
v 0.291505 0.879693 0.008200
v 0.291543 0.851443 0.008057
v 0.291670 0.821397 0.007740
v 0.286153 0.851679 0.016688
v 0.286111 0.821413 0.016506
v 0.285815 0.791448 0.016299
v 0.277291 0.821626 0.022055
v 0.277087 0.791434 0.022110
v 0.277833 0.762633 0.022183
v 0.267073 0.791421 0.022774
v 0.267468 0.762589 0.022775
v 0.268030 0.734252 0.022741
v 0.257410 0.762582 0.020667
v 0.258121 0.734463 0.020085
v 0.257974 0.704917 0.020961
v 0.250188 0.734654 0.014772
v 0.250206 0.704524 0.015127
v 0.247788 0.704619 0.005530
v 0.256964 0.534329 0.020488
v 0.251749 0.532886 0.016854
v 0.249418 0.507310 0.018256
v 0.247897 0.531498 0.012091
v 0.244801 0.506079 0.012578
v 0.235717 0.499133 0.016325
v 0.241909 0.505324 0.006088
v 0.232343 0.498806 0.007591
v 0.224403 0.494110 0.009105
v 0.231162 0.498972 -0.001517
v 0.223308 0.494419 -0.001860
v 0.218603 0.486171 -0.002078
v 0.224744 0.494116 -0.012270
v 0.220756 0.484492 -0.013198
v 0.220318 0.471416 -0.012692
v 0.225453 0.482265 -0.026103
v 0.225113 0.466517 -0.025816
v 0.225111 0.447393 -0.025341
v 0.235166 0.463873 -0.037666
v 0.233862 0.444824 -0.038803
v 0.236160 0.431635 -0.035934
v 0.247240 0.443264 -0.045790
v 0.248748 0.431707 -0.043201
v 0.252974 0.415980 -0.034471
v 0.260939 0.431145 -0.046535
v 0.262352 0.413809 -0.037998
v 0.262566 0.382505 -0.038090
v 0.271979 0.411343 -0.037144
v 0.273027 0.380495 -0.036998
v 0.276301 0.364936 -0.045655
v 0.284819 0.377101 -0.032418
v 0.290601 0.364751 -0.040364
v 0.291825 0.354656 -0.042244
v 0.302241 0.362900 -0.031009
v 0.302768 0.354147 -0.031837
v 0.299411 0.345418 -0.029649
v 0.311262 0.352970 -0.018948
v 0.307149 0.344836 -0.017768
v 0.299495 0.330569 -0.015241
v 0.310491 0.344595 -0.005254
v 0.302139 0.329351 -0.004604
v 0.302052 0.287270 -0.004720
v 0.302045 0.328475 0.006465
v 0.302011 0.285127 0.006476
v 0.301920 0.237575 0.006449
v 0.298832 0.283196 0.016451
v 0.298620 0.235196 0.016868
v 0.298888 0.186389 0.016409
v 0.292714 0.232774 0.026102
v 0.291946 0.184322 0.025007
v 0.293740 0.135139 0.024890
v 0.283511 0.182242 0.031594
v 0.284702 0.132890 0.031078
v 0.285360 0.084986 0.030536
v 0.274215 0.130773 0.034416
v 0.275142 0.082600 0.034554
v 0.276716 0.033750 0.036126
v 0.264064 0.080540 0.034442
v 0.264958 0.033024 0.036800
v 0.263164 -0.007720 0.046365
v 0.253664 0.032318 0.034349
v 0.249265 -0.008222 0.043484
v 0.251327 -0.054145 0.031671
v 0.237507 -0.009194 0.034983
v 0.242091 -0.055441 0.025619
v 0.242621 -0.097029 0.025386
v 0.235121 -0.057114 0.018527
v 0.235055 -0.098467 0.018211
v 0.235935 -0.138989 0.019198
v 0.230783 -0.099928 0.009563
v 0.231778 -0.140801 0.010204
v 0.231979 -0.180196 0.010966
v 0.229482 -0.142593 0.001288
v 0.229102 -0.181968 0.002204
v 0.229017 -0.223492 0.002784
v 0.230179 -0.183875 -0.006803
v 0.230194 -0.225371 -0.006491
v 0.229900 -0.264914 -0.006686
v 0.233806 -0.227166 -0.015810
v 0.233134 -0.266835 -0.015933
v 0.233956 -0.306222 -0.015284
v 0.240560 -0.268463 -0.023472
v 0.240931 -0.308193 -0.023171
v 0.240979 -0.348951 -0.022786
v 0.250515 -0.309949 -0.029148
v 0.250327 -0.350523 -0.029129
v 0.250014 -0.390714 -0.028895
v 0.261285 -0.352003 -0.031774
v 0.261329 -0.392109 -0.032708
v 0.260970 -0.432052 -0.033697
v 0.272099 -0.393764 -0.031450
v 0.271907 -0.433743 -0.031435
v 0.271003 -0.474581 -0.031080
v 0.281312 -0.435604 -0.026500
v 0.280378 -0.476236 -0.027059
v 0.278902 -0.516991 -0.027889
v 0.286929 -0.478059 -0.020667
v 0.286048 -0.518772 -0.022115
v 0.284688 -0.558184 -0.023734
v 0.290789 -0.520515 -0.014182
v 0.291112 -0.559721 -0.016007
v 0.297610 -0.603195 -0.021564
v 0.294070 -0.561375 -0.007034
v 0.302501 -0.605646 -0.010024
v 0.313484 -0.651402 -0.013829
v 0.305168 -0.608051 0.002135
v 0.313956 -0.653079 0.000677
v 0.310723 -0.691544 0.001461
v 0.312024 -0.654804 0.016009
v 0.308312 -0.692410 0.013624
v 0.306900 -0.737919 0.012572
v 0.301817 -0.693427 0.026877
v 0.301885 -0.739702 0.025396
v 0.310196 -0.770798 0.029968
v 0.291056 -0.741237 0.035710
v 0.298478 -0.772547 0.042348
v 0.303462 -0.794415 0.046434
v 0.283812 -0.773596 0.051977
v 0.286927 -0.795205 0.056625
v 0.285129 -0.817224 0.049536
v 0.268866 -0.796068 0.062050
v 0.268224 -0.818146 0.054030
v 0.267621 -0.835670 0.045774
v 0.251142 -0.818533 0.053341
v 0.252757 -0.835985 0.045666
v 0.252868 -0.852267 0.047404
v 0.238364 -0.836055 0.040257
v 0.237619 -0.852544 0.041866
v 0.233843 -0.868857 0.048856
v 0.224530 -0.852313 0.032177
v 0.218324 -0.868861 0.037579
v 0.213416 -0.879355 0.041841
v 0.208739 -0.869567 0.020938
v 0.202323 -0.880067 0.023737
v 0.199579 -0.886341 0.025017
v 0.196588 -0.880861 0.004069
v 0.194298 -0.887483 0.004153
v 0.192887 -0.891958 0.004006
v 0.196918 -0.887432 -0.016240
v 0.194915 -0.891704 -0.017359
v 0.191713 -0.894980 -0.018788
v 0.189507 -0.895375 0.003998
v 0.203430 -0.891566 -0.034533
v 0.200612 -0.895282 -0.036840
v 0.215418 -0.890530 -0.048813
v 0.212841 -0.894648 -0.051547
v 0.231961 -0.890109 -0.059880
v 0.230471 -0.894534 -0.062555
v 0.253299 -0.894628 -0.067900
v 0.252961 -0.896798 -0.072831
v 0.279414 -0.897066 -0.071712
v 0.280556 -0.897442 -0.075750
v 0.281805 -0.897585 -0.081490
v 0.314329 -0.897618 -0.085926
v 0.342512 -0.897648 -0.084814
v 0.343899 -0.898040 -0.094780
v 0.358477 -0.897676 -0.088329
v 0.359873 -0.898881 -0.097474
v 0.360716 -0.902090 -0.103359
v 0.368129 -0.904273 -0.098215
v 0.216387 -0.885550 -0.047692
v 0.204752 -0.886614 -0.033265
v 0.205249 -0.880352 -0.032270
v 0.198693 -0.881342 -0.015370
v 0.204474 -0.869960 -0.013360
v 0.203586 -0.869666 0.003400
v 0.212006 -0.852429 0.003005
v 0.217115 -0.852682 0.017456
v 0.218746 -0.835838 0.017372
v 0.226173 -0.835948 0.030943
v 0.221494 -0.818555 0.035669
v 0.235176 -0.818493 0.046252
v 0.231176 -0.798783 0.053666
v 0.249511 -0.797484 0.061000
v 0.250583 -0.776316 0.056972
v 0.267919 -0.774804 0.057139
v 0.267108 -0.746519 0.046050
v 0.279892 -0.742379 0.043454
v 0.278573 -0.696746 0.044775
v 0.290403 -0.694152 0.037405
v 0.294198 -0.659930 0.043799
v 0.304936 -0.656941 0.031040
v 0.297626 -0.613288 0.026899
v 0.302611 -0.610913 0.014706
v 0.293135 -0.565348 0.012058
v 0.294243 -0.563204 0.002882
v 0.294249 -0.524509 0.002147
v 0.294061 -0.522363 -0.006337
v 0.294226 -0.482304 -0.006014
v 0.291500 -0.479898 -0.013324
v 0.292014 -0.439840 -0.012763
v 0.287415 -0.437686 -0.019842
v 0.287459 -0.397611 -0.019714
v 0.281332 -0.395614 -0.026377
v 0.281215 -0.355725 -0.026670
v 0.272153 -0.353808 -0.030987
v 0.272220 -0.313129 -0.030526
v 0.261379 -0.311584 -0.031204
v 0.261532 -0.271599 -0.032650
v 0.250435 -0.269962 -0.029339
v 0.250693 -0.230203 -0.029489
v 0.240137 -0.228706 -0.023798
v 0.240493 -0.187553 -0.023618
v 0.234356 -0.185692 -0.015387
v 0.234725 -0.146306 -0.015132
v 0.230390 -0.144496 -0.007205
v 0.230614 -0.103159 -0.007699
v 0.229267 -0.101459 0.000261
v 0.228969 -0.060698 0.000108
v 0.230259 -0.058953 0.009764
v 0.222111 -0.013710 0.013320
v 0.227213 -0.010856 0.025382
v 0.234916 0.030280 0.020284
v 0.243291 0.031441 0.029267
v 0.244816 0.076188 0.025891
v 0.253507 0.078581 0.030740
v 0.252997 0.126552 0.030470
v 0.263236 0.128678 0.034615
v 0.262159 0.177972 0.034177
v 0.273175 0.180117 0.034572
v 0.272916 0.228028 0.034618
v 0.283277 0.230378 0.031768
v 0.283763 0.278247 0.031543
v 0.292415 0.280436 0.024883
v 0.292159 0.326144 0.024811
v 0.298833 0.327182 0.016383
v 0.305662 0.343552 0.019613
v 0.309490 0.344292 0.007600
v 0.313729 0.352390 0.008104
v 0.315197 0.352508 -0.005753
v 0.313887 0.360782 -0.005944
v 0.310924 0.361858 -0.018594
v 0.303741 0.373162 -0.015499
v 0.295649 0.374732 -0.026000
v 0.292684 0.404411 -0.026004
v 0.282559 0.407813 -0.032152
v 0.286104 0.431049 -0.040977
v 0.272582 0.430963 -0.045758
v 0.272650 0.443438 -0.049264
v 0.259870 0.443261 -0.050030
v 0.258677 0.462852 -0.049975
v 0.246811 0.462218 -0.045151
v 0.245923 0.480398 -0.045121
v 0.234160 0.480976 -0.038788
v 0.238354 0.492005 -0.033905
v 0.229779 0.492998 -0.023766
v 0.236535 0.498854 -0.019524
v 0.232416 0.498901 -0.010355
v 0.241537 0.504465 -0.007932
v 0.240827 0.504677 -0.001013
v 0.244708 0.528478 -0.000473
v 0.245546 0.530024 0.006042
v 0.242548 0.556320 0.006385
v 0.244923 0.559251 0.012137
v 0.362776 -0.906134 -0.105641
v 0.157015 -0.904753 -0.098828
v 0.156454 -0.908754 -0.099743
vn 0.0097 0.0425 -0.9990
vn -0.1217 0.8667 0.4838
vn -0.8904 0.0464 -0.4529
vn -0.9900 0.1133 0.0838
vn 0.8045 0.4345 -0.4051
vn 0.3171 0.8248 -0.4682
vn 0.9056 0.3606 0.2233
vn -0.7738 0.0774 0.6286
vn -0.8915 0.0199 0.4526
vn -0.1275 -0.8873 -0.4432
vn -0.5944 -0.2775 -0.7548
vn 0.0924 -0.3815 -0.9198
vn -0.1060 -0.6787 0.7267
vn 0.1987 -0.9015 0.3845
vn -0.7957 -0.3711 0.4787
vn 0.7062 -0.6697 0.2299
vn 0.5941 0.3291 0.7340
vn 0.2103 -0.5023 0.8387
vn 0.6283 0.2817 -0.7252
vn 0.2341 -0.6928 -0.6821
vn 0.2377 0.2384 0.9416
vn 0.3207 -0.0676 0.9448
vn 0.0807 -0.1086 0.9908
vn 0.1692 0.0589 0.9838
vn 0.0973 0.0545 0.9938
vn 0.2507 0.1709 -0.9529
vn 0.0898 0.0906 -0.9918
vn 0.0744 -0.3406 -0.9372
vn 0.0078 -0.0536 -0.9985
vn 0.4131 0.8075 -0.4211
vn 0.6408 0.6708 -0.3734
vn 0.3737 0.6513 -0.6604
vn 0.4334 0.6118 0.6617
vn 0.4151 0.8130 0.4083
vn 0.7378 0.6088 0.2916
vn 0.0194 0.9990 -0.0413
vn 0.0131 0.9978 -0.0647
vn 0.0360 0.9988 -0.0335
vn 0.0210 0.9984 0.0529
vn 0.0080 0.9981 0.0608
vn 0.0397 0.9990 0.0189
vn 0.0624 0.9980 0.0141
vn 0.0332 0.9989 0.0326
vn -0.0199 0.9988 -0.0444
vn -0.0110 0.9982 -0.0594
vn -0.0431 0.9989 -0.0196
vn -0.0571 0.9983 0.0135
vn -0.0307 0.9990 0.0324
vn -0.0328 0.9993 0.0171
vn -0.0307 0.3913 -0.9197
vn 0.0385 0.2979 -0.9538
vn -0.0378 0.9858 -0.1639
vn 0.0413 0.9768 -0.2100
vn -0.0055 0.9994 -0.0328
vn -0.0364 0.4968 -0.8671
vn 0.3984 0.8796 -0.2601
vn 0.0386 0.9988 0.0308
vn 0.2486 0.9381 0.2411
vn 0.5417 0.8373 0.0740
vn -0.7923 0.5379 0.2880
vn -0.0334 0.9917 0.1243
vn -0.2651 0.5949 0.7588
vn 0.0356 0.9915 -0.1252
vn -0.1572 0.5961 -0.7874
vn -0.7407 0.5888 -0.3235
vn 0.3269 -0.9221 -0.2072
vn 0.2726 -0.8837 -0.3805
vn 0.4809 -0.8099 -0.3359
vn 0.1285 -0.4338 -0.8918
vn 0.7424 -0.3895 -0.5450
vn 0.1149 -0.9294 0.3508
vn 0.1295 -0.7522 0.6461
vn 0.4917 -0.8044 0.3334
vn -0.0312 -0.9416 0.3352
vn 0.3535 -0.9288 0.1112
vn -0.3129 -0.9179 -0.2441
vn -0.4961 -0.8596 -0.1223
vn -0.6883 -0.7249 -0.0271
vn -0.5427 -0.8390 -0.0390
vn -0.5256 -0.7860 -0.3255
vn -0.1075 -0.9919 -0.0679
vn -0.1994 -0.1741 -0.9643
vn -0.6981 -0.6756 -0.2373
vn -0.2616 -0.8434 0.4694
vn -0.8798 -0.3543 0.3168
vn -0.2510 -0.3168 0.9147
vn -0.6027 -0.7667 0.2211
vn -0.4907 -0.8645 0.1088
vn -0.1385 -0.8933 0.4275
vn -0.2860 -0.7743 0.5645
vn 0.7349 -0.6753 -0.0630
vn 0.3334 -0.9425 -0.0214
vn 0.3775 -0.7264 -0.5743
vn 0.4672 -0.5122 0.7207
vn 0.4415 -0.8914 0.1025
vn 0.9542 -0.2982 0.0239
vn -0.9746 -0.2026 0.0953
vn -0.4599 -0.3709 0.8068
vn -0.3264 -0.9289 0.1750
vn -0.0548 -0.3337 -0.9411
vn -0.9626 -0.2625 0.0672
vn -0.4094 -0.8938 -0.1831
vn -0.0074 0.9999 0.0099
vn 0.0060 1.0000 0.0052
vn -0.0032 1.0000 -0.0020
vn -0.0025 1.0000 -0.0014
vn -0.0079 1.0000 -0.0019
vn -0.0224 0.9997 0.0012
vn -0.0210 0.9998 -0.0038
vn 0.0024 1.0000 -0.0014
vn 0.0022 1.0000 -0.0031
vn 0.0049 1.0000 -0.0018
vn 0.5315 0.6992 0.4781
vn 0.7839 0.5872 0.2016
vn -0.5640 0.5834 0.5844
vn 0.9047 -0.2387 0.3528
vn 0.4996 -0.3517 0.7917
vn 0.4486 -0.7766 0.4423
vn -0.8470 0.0302 0.5307
vn -0.9355 0.0321 -0.3520
vn 0.2799 -0.9410 -0.1899
vn 0.8932 -0.2549 -0.3703
vn 0.5545 -0.3987 -0.7305
vn 0.7225 -0.0019 -0.6913
vn 0.2318 -0.6499 -0.7238
vn 0.3027 -0.0193 -0.9529
vn 0.2785 -0.0162 -0.9603
vn 0.0070 -0.0287 -0.9996
vn 0.0099 0.0040 -0.9999
vn 0.0171 0.0001 -0.9999
vn 0.0004 -0.0056 -1.0000
vn 0.0004 -0.0002 -1.0000
vn 0.0006 0.0076 -1.0000
vn -0.0001 -0.0000 -1.0000
vn -0.0003 0.0079 -1.0000
vn -0.0003 0.1088 -0.9941
vn -0.0004 0.0107 -0.9999
vn 0.0021 0.1026 -0.9947
vn 0.0032 0.5085 -0.8610
vn -0.0019 0.0976 -0.9952
vn -0.0024 0.5051 -0.8630
vn -0.0081 0.7654 -0.6435
vn -0.0100 0.5503 -0.8349
vn -0.0343 0.8456 -0.5327
vn -0.0132 0.9988 -0.0479
vn -0.0283 0.9039 -0.4269
vn -0.0043 0.9990 -0.0442
vn -0.1302 0.9207 -0.3680
vn -0.0819 0.9952 -0.0527
vn -0.2822 0.9031 -0.3235
vn -0.2762 0.9587 -0.0674
vn -0.2622 0.9650 0.0001
vn -0.4126 0.9102 -0.0360
vn -0.4549 0.8906 0.0008
vn -0.8982 0.4395 -0.0001
vn -0.9001 0.4356 -0.0000
vn -0.4562 0.8899 -0.0017
vn -0.2637 0.9646 -0.0019
vn -0.4533 0.8914 0.0006
vn -0.2919 0.9565 -0.0014
vn -0.0498 0.9988 -0.0005
vn -0.2701 0.9628 0.0028
vn -0.0390 0.9992 -0.0006
vn -0.0189 0.9998 0.0013
vn -0.0148 0.9999 0.0008
vn -0.0053 1.0000 0.0026
vn -0.1993 0.9799 0.0053
vn -0.1579 0.9875 0.0015
vn -0.0077 1.0000 0.0009
vn -0.1806 0.9825 0.0459
vn -0.0058 0.9999 0.0119
vn -0.0000 0.9999 0.0103
vn 0.0034 0.8276 0.5613
vn -0.0684 0.8235 0.5632
vn -0.0485 0.4923 0.8691
vn -0.2854 0.4849 0.8267
vn -0.2628 0.1816 0.9476
vn -0.5510 0.1389 0.8228
vn -0.5497 0.0167 0.8352
vn -0.9311 0.0415 0.3624
vn -0.9318 0.0057 0.3628
vn -0.5327 -0.0115 0.8462
vn -0.5317 -0.0074 0.8469
vn -0.7119 -0.0046 0.7023
vn -0.9139 0.0078 0.4059
vn -0.8851 -0.0293 0.4644
vn -0.7014 -0.0655 0.7097
vn -0.5645 -0.3637 0.7410
vn -0.5494 -0.0957 0.8301
vn -0.2750 -0.5488 0.7894
vn -0.2701 -0.1669 0.9483
vn -0.0226 -0.1877 0.9820
vn -0.0109 -0.0129 0.9999
vn -0.2496 -0.0102 0.9683
vn -0.0098 -0.0011 1.0000
vn -0.2252 0.0004 0.9743
vn -0.0080 0.0098 0.9999
vn -0.2274 0.0169 0.9737
vn 0.0001 0.0114 0.9999
vn 0.0014 0.1015 0.9948
vn -0.0251 0.1263 0.9917
vn -0.0051 0.0833 0.9965
vn -0.0121 0.4743 0.8803
vn 0.0021 0.5124 0.8588
vn -0.0056 0.3867 0.9222
vn -0.0050 0.8037 0.5950
vn -0.0093 0.8293 0.5587
vn 0.0005 0.9856 0.1692
vn 0.0011 0.9921 0.1255
vn -0.0005 0.9996 0.0290
vn 0.0001 0.9999 0.0161
vn -0.0010 0.9997 0.0236
vn -0.0874 0.9475 0.3077
vn -0.0197 0.9520 0.3056
vn -0.0189 0.6547 0.7556
vn 0.1029 0.9476 0.3023
vn 0.2632 0.6672 0.6968
vn 0.3478 0.3105 0.8847
vn 0.4566 0.6795 0.5743
vn 0.5857 0.3399 0.7358
vn 0.5908 0.3570 0.7236
vn 0.7684 0.3841 0.5119
vn 0.7696 0.3901 0.5055
vn 0.6922 0.5164 0.5041
vn 0.8826 0.3147 0.3492
vn 0.8018 0.4914 0.3400
vn 0.8439 0.4144 0.3407
vn 0.8565 0.5099 0.0805
vn 0.9075 0.3995 0.1302
vn 0.9810 0.0578 0.1851
vn 0.9012 0.3656 -0.2325
vn 0.9759 0.0305 -0.2159
vn 0.8949 -0.4334 -0.1058
vn 0.9185 -0.0030 -0.3953
vn 0.7898 -0.5057 -0.3471
vn 0.9106 -0.2341 -0.3407
vn 0.6780 -0.5030 -0.5360
vn 0.7424 -0.2214 -0.6323
vn 0.7159 0.3733 -0.5900
vn 0.5424 -0.2003 -0.8159
vn 0.5127 0.3763 -0.7718
vn 0.5062 0.1896 -0.8413
vn 0.2908 0.3833 -0.8766
vn 0.3010 0.1766 -0.9371
vn 0.3033 -0.1362 -0.9431
vn -0.0417 0.1139 -0.9926
vn -0.0325 -0.1473 -0.9886
vn -0.0218 -0.0290 -0.9993
vn -0.3107 -0.1747 -0.9343
vn -0.2903 0.0370 -0.9562
vn -0.3445 0.2641 -0.9008
vn -0.5154 0.0954 -0.8516
vn -0.5248 0.2793 -0.8041
vn -0.6094 0.1086 -0.7854
vn -0.7701 0.3074 -0.5589
vn -0.7975 0.0681 -0.5995
vn -0.7510 0.0074 -0.6602
vn -0.9444 0.0425 -0.3259
vn -0.9509 0.0127 -0.3092
vn -0.9399 0.0051 -0.3413
vn -0.9999 -0.0019 -0.0141
vn -0.9978 0.0020 -0.0662
vn -0.9980 0.0034 -0.0625
vn -0.9425 0.0038 0.3342
vn -0.9440 0.0108 0.3298
vn -0.9479 0.0051 0.3184
vn -0.8428 0.0068 0.5382
vn -0.8592 0.0002 0.5117
vn -0.8606 -0.0085 0.5092
vn -0.5940 -0.0019 0.8045
vn -0.5892 -0.0003 0.8080
vn -0.5867 -0.0006 0.8098
vn -0.3877 -0.0122 0.9217
vn -0.4561 -0.0069 0.8899
vn -0.4665 0.0035 0.8845
vn 0.0077 -0.0055 1.0000
vn 0.0471 0.0149 0.9988
vn 0.0367 0.0259 0.9990
vn 0.4285 0.0103 0.9035
vn 0.3360 0.0109 0.9418
vn 0.2549 -0.0009 0.9670
vn 0.5474 -0.0005 0.8369
vn 0.5533 -0.0012 0.8330
vn 0.5671 -0.0004 0.8236
vn 0.6320 -0.0002 0.7750
vn 0.6094 -0.0012 0.7928
vn 0.5834 0.0003 0.8122
vn 0.8852 -0.0003 0.4653
vn 0.8574 0.0021 0.5147
vn 0.8292 -0.0413 0.5575
vn 0.9867 -0.0001 0.1628
vn 0.9495 -0.0799 0.3033
vn 0.8977 -0.3374 0.2833
vn 0.9917 -0.1282 0.0055
vn 0.9447 -0.3279 -0.0077
vn 0.9648 0.2584 0.0481
vn 0.9070 -0.3044 -0.2910
vn 0.9258 0.2604 -0.2742
vn 0.9513 0.0035 -0.3083
vn 0.8143 0.2547 -0.5217
vn 0.8343 -0.0023 -0.5513
vn 0.8115 0.0164 -0.5841
vn 0.5201 -0.0037 -0.8541
vn 0.5749 0.0179 -0.8180
vn 0.5862 -0.0136 -0.8101
vn 0.2770 0.0012 -0.9609
vn 0.2786 -0.0002 -0.9604
vn 0.2807 0.0012 -0.9598
vn -0.0076 -0.0014 -1.0000
vn -0.0119 0.0031 -0.9999
vn -0.0185 -0.0021 -0.9998
vn -0.2955 0.0239 -0.9551
vn -0.3027 -0.0192 -0.9529
vn -0.2307 -0.0139 -0.9729
vn -0.5924 -0.0340 -0.8050
vn -0.5711 -0.0202 -0.8207
vn -0.4500 -0.6380 -0.6249
vn -0.8287 -0.0231 -0.5592
vn -0.6305 -0.6317 -0.4511
vn -0.7712 -0.2699 -0.5765
vn -0.7326 -0.6335 -0.2492
vn -0.9040 -0.2793 -0.3238
vn -0.8806 0.3290 -0.3410
vn -0.9546 -0.2781 -0.1070
vn -0.9323 0.3427 -0.1155
vn -0.9648 0.2293 -0.1286
vn -0.9357 0.3402 0.0931
vn -0.9505 0.2572 0.1746
vn -0.9775 -0.0496 0.2051
vn -0.9063 0.2880 0.3093
vn -0.9542 -0.0486 0.2950
vn -0.8307 -0.4385 0.3431
vn -0.7942 -0.0468 0.6059
vn -0.6867 -0.3722 0.6244
vn -0.7883 0.0327 0.6144
vn -0.5740 -0.3425 0.7438
vn -0.6508 0.0315 0.7586
vn -0.6341 -0.0069 0.7732
vn -0.4308 0.0344 0.9018
vn -0.4561 -0.0132 0.8898
vn -0.4013 0.2148 0.8904
vn 0.0119 0.0015 0.9999
vn -0.0240 0.2466 0.9688
vn -0.0518 0.5890 0.8065
vn 0.2718 0.1820 0.9450
vn 0.1847 0.6228 0.7603
vn 0.0708 0.9157 0.3956
vn 0.4148 0.6507 0.6361
vn 0.2059 0.9213 0.3298
vn 0.4541 0.6364 0.6236
vn 0.3358 0.9173 0.2138
vn 0.6128 0.6055 0.5078
vn 0.7741 -0.0955 0.6258
vn 0.7674 0.5498 0.3298
vn 0.9498 -0.0677 0.3055
vn 0.9601 -0.0392 0.2769
vn 0.9838 -0.0660 0.1667
vn 0.9753 -0.0398 0.2172
vn 0.9827 -0.0146 0.1847
vn 0.9077 -0.0156 -0.4193
vn 0.9184 -0.0012 -0.3956
vn 0.9346 -0.0173 -0.3552
vn 0.8622 0.0080 -0.5065
vn 0.8064 -0.0171 -0.5912
vn 0.7740 -0.0065 -0.6331
vn 0.3431 -0.0161 -0.9392
vn 0.2956 -0.0019 -0.9553
vn 0.3159 0.0229 -0.9485
vn -0.0364 -0.0187 -0.9992
vn 0.0481 0.0028 -0.9988
vn 0.0288 -0.0143 -0.9995
vn -0.5453 -0.0005 -0.8383
vn -0.3848 -0.0024 -0.9230
vn -0.2698 -0.0071 -0.9629
vn -0.7216 -0.0330 -0.6915
vn -0.6956 0.0174 -0.7182
vn -0.6764 -0.0342 -0.7357
vn -0.9249 0.0511 -0.3768
vn -0.9317 -0.0486 -0.3600
vn -0.9280 0.0290 -0.3716
vn -0.9994 -0.0336 -0.0094
vn -0.9994 0.0267 -0.0236
vn -0.9974 -0.0204 -0.0685
vn -0.9776 0.0255 0.2091
vn -0.9701 -0.0108 0.2427
vn -0.9702 0.0192 0.2417
vn -0.6921 0.0003 0.7218
vn -0.7159 0.0112 0.6981
vn -0.7193 0.0008 0.6947
vn -0.2614 0.0046 0.9652
vn -0.2628 0.0027 0.9649
vn -0.2093 -0.0073 0.9778
vn 0.0906 0.0020 0.9959
vn 0.1072 -0.0044 0.9942
vn 0.1372 0.0071 0.9905
vn 0.5289 -0.0283 0.8482
vn 0.5622 0.0202 0.8267
vn 0.5719 0.1395 0.8084
vn 0.8947 0.0080 0.4467
vn 0.9021 0.1400 0.4081
vn 0.9731 0.0197 0.2297
vn 0.9676 0.2039 0.1488
vn 0.7489 0.6492 0.1329
vn 0.9460 0.2128 -0.2446
vn 0.7157 0.6717 -0.1913
vn 0.9660 0.0505 -0.2535
vn 0.8551 0.0345 -0.5173
vn 0.8605 0.1970 -0.4698
vn 0.5410 0.0139 -0.8409
vn 0.4928 0.2059 -0.8454
vn 0.0756 0.0090 -0.9971
vn 0.0939 0.1650 -0.9818
vn -0.1733 0.1095 -0.9788
vn -0.2758 0.5022 -0.8196
vn 0.0685 0.6108 -0.7888
vn -0.4016 0.7799 -0.4801
vn 0.0751 0.8539 -0.5150
vn -0.5040 0.8598 -0.0816
vn 0.0700 0.9844 -0.1611
vn 0.0728 0.9609 0.2670
vn 0.4697 0.8612 0.1943
vn 0.4535 0.8714 -0.1871
vn -0.4683 0.8484 0.2466
vn -0.3548 0.7660 0.5361
vn 0.1164 0.8339 0.5395
vn -0.2315 0.4341 0.8706
vn 0.1388 0.5868 0.7978
vn -0.1274 0.0517 0.9905
vn 0.1762 0.1190 0.9771
vn -0.4935 -0.0178 0.8696
vn -0.5447 -0.0851 0.8343
vn -0.1449 -0.0043 0.9894
vn 0.0050 0.0027 1.0000
vn 0.0889 -0.3829 0.9195
vn 0.0237 -0.1486 0.9886
vn 0.0344 -0.5614 0.8268
vn -0.0033 -0.6667 0.7453
vn 0.0015 -0.9360 0.3520
vn 0.0228 -0.8662 0.4991
vn -0.0014 -0.9917 -0.1285
vn 0.0206 -0.9997 0.0142
vn -0.0008 -0.7881 -0.6156
vn 0.0147 -0.8597 -0.5106
vn -0.0031 -0.4886 -0.8725
vn 0.0087 -0.5396 -0.8419
vn 0.0006 -0.0848 -0.9964
vn 0.0027 -0.1326 -0.9912
vn -0.0005 0.2295 -0.9733
vn 0.0090 0.2487 -0.9685
vn 0.1000 -0.2332 -0.9673
vn -0.1912 0.1860 -0.9638
vn -0.1926 -0.1949 -0.9617
vn -0.4842 0.0310 -0.8744
vn -0.4764 -0.0198 -0.8790
vn -0.1358 0.0010 -0.9907
vn -0.1271 -0.0036 -0.9919
vn -0.5302 -0.0321 -0.8473
vn -0.1179 0.0049 -0.9930
vn -0.5558 0.0083 -0.8313
vn -0.5731 0.0005 -0.8195
vn -0.8799 0.0136 -0.4750
vn -0.8494 -0.0262 -0.5271
vn -0.9954 0.0224 -0.0930
vn -0.9951 -0.0681 -0.0711
vn -0.6152 0.0137 -0.7882
vn -0.8973 -0.0014 -0.4414
vn -0.1368 0.0049 -0.9906
vn -0.1590 -0.0041 -0.9873
vn -0.6327 0.0144 -0.7743
vn 0.0042 0.0008 -1.0000
vn 0.0011 0.0034 -1.0000
vn -0.2073 -0.0029 -0.9783
vn 0.4297 0.0005 -0.9029
vn 0.4010 -0.0046 -0.9161
vn -0.0052 -0.0030 -1.0000
vn 0.8143 0.0140 -0.5802
vn 0.7830 -0.0587 -0.6193
vn 0.3753 -0.0471 -0.9257
vn 0.9507 -0.0443 -0.3068
vn 0.9402 0.0328 -0.3389
vn 0.7785 0.0363 -0.6266
vn 0.9769 0.0112 0.2136
vn 0.9779 -0.0025 0.2092
vn 0.9434 -0.0094 -0.3315
vn 0.8999 0.0068 0.4361
vn 0.9028 -0.0009 0.4301
vn 0.9842 0.0030 0.1769
vn 0.5833 -0.0086 0.8122
vn 0.6745 0.0085 0.7382
vn 0.9294 -0.0060 0.3690
vn 0.2829 0.0077 0.9591
vn 0.3911 -0.0351 0.9197
vn 0.7474 -0.0372 0.6633
vn 0.1183 -0.0157 0.9929
vn 0.2571 0.0048 0.9664
vn 0.5454 -0.0572 0.8362
vn -0.0401 0.0241 0.9989
vn -0.0687 0.6985 0.7123
vn 0.1746 0.6524 0.7375
vn -0.2125 0.7404 0.6377
vn -0.1549 0.8978 0.4123
vn -0.0305 0.9108 0.4117
vn -0.3160 0.8575 0.4060
vn -0.5489 0.5073 0.6643
vn -0.2965 0.5455 0.7839
vn -0.6634 0.5232 0.5349
vn -0.7488 0.1117 0.6533
vn -0.6314 0.1183 0.7663
vn -0.9691 0.0834 0.2320
vn -0.9532 -0.0609 0.2961
vn -0.7678 -0.0717 0.6367
vn -0.9824 0.0031 0.1869
vn -0.9813 -0.0130 0.1920
vn -0.9510 0.0234 0.3082
vn -0.9670 -0.0355 -0.2523
vn -0.8306 -0.5459 -0.1101
vn -0.8411 -0.4819 0.2459
vn -0.7446 -0.6134 -0.2633
vn -0.9082 -0.0158 -0.4183
vn -0.9755 -0.0388 -0.2167
vn -0.7505 -0.0012 -0.6609
vn -0.7156 0.2611 -0.6479
vn -0.9023 0.2459 -0.3541
vn -0.5307 0.3285 -0.7813
vn -0.5911 0.3148 -0.7427
vn -0.7249 0.3380 -0.6002
vn -0.3108 0.2919 -0.9046
vn -0.2571 -0.3869 -0.8856
vn -0.5872 -0.2823 -0.7586
vn 0.0606 -0.4053 -0.9122
vn -0.0030 -0.5984 -0.8012
vn -0.1903 -0.6392 -0.7451
vn 0.2518 -0.5609 -0.7886
vn 0.2936 -0.0082 -0.9559
vn -0.0044 -0.0109 -0.9999
vn 0.6126 -0.0138 -0.7903
vn 0.6080 0.0031 -0.7939
vn 0.2792 -0.0012 -0.9602
vn 0.7927 0.0051 -0.6096
vn 0.8279 0.0074 -0.5608
vn 0.5688 0.0089 -0.8224
vn 0.9668 -0.0008 -0.2556
vn 0.9670 0.0015 -0.2547
vn 0.8123 -0.0120 -0.5832
vn 1.0000 0.0008 0.0038
vn 1.0000 0.0001 -0.0030
vn 0.9635 0.0002 -0.2678
vn 0.9739 -0.0022 0.2271
vn 0.9827 0.0112 0.1851
vn 0.9998 0.0032 -0.0194
vn 0.8521 0.0197 0.5230
vn 0.8053 0.2077 0.5553
vn 0.9381 0.2342 0.2551
vn 0.6115 0.2212 0.7597
vn 0.7106 -0.3242 0.6245
vn 0.7977 -0.3418 0.4968
vn 0.3471 -0.3028 0.8876
vn 0.4575 -0.0701 0.8865
vn 0.6723 -0.0674 0.7372
vn 0.2548 -0.0194 0.9668
vn 0.3092 -0.0196 0.9508
vn 0.5780 0.0018 0.8160
vn -0.1823 -0.0303 0.9828
vn -0.0681 -0.0199 0.9975
vn 0.2473 -0.0173 0.9688
vn -0.4380 -0.0061 0.8990
vn -0.3997 0.0049 0.9166
vn -0.0053 0.0089 0.9999
vn -0.6148 0.0036 0.7887
vn -0.5985 0.0002 0.8011
vn -0.4332 0.0120 0.9012
vn -0.8538 0.0075 0.5205
vn -0.8372 -0.0035 0.5469
vn -0.5953 0.0020 0.8035
vn -0.9709 -0.0087 0.2394
vn -0.9696 -0.0084 0.2444
vn -0.8513 -0.0047 0.5247
vn -0.9983 -0.0058 -0.0575
vn -0.9989 0.0041 -0.0460
vn -0.9593 -0.0036 0.2822
vn -0.8919 0.0026 -0.4523
vn -0.8986 0.0091 -0.4386
vn -0.9989 0.0058 -0.0458
vn -0.8264 0.0184 -0.5628
vn -0.8073 0.0060 -0.5901
vn -0.9211 0.0087 -0.3893
vn -0.4890 -0.0001 -0.8723
vn -0.4811 0.0025 -0.8767
vn -0.7769 0.0069 -0.6296
vn -0.3154 -0.0137 -0.9489
vn -0.2737 0.0432 -0.9608
vn -0.5342 0.0201 -0.8451
vn 0.0630 0.0444 -0.9970
vn 0.0097 0.1479 -0.9890
vn -0.3305 0.1303 -0.9348
vn 0.3311 0.1679 -0.9285
vn 0.2843 0.2549 -0.9242
vn -0.0241 0.2663 -0.9636
vn 0.5443 0.2358 -0.8051
vn 0.5644 -0.0658 -0.8229
vn 0.3303 -0.0627 -0.9418
vn 0.7657 -0.0946 -0.6362
vn 0.8251 -0.0742 -0.5602
vn 0.5075 -0.1026 -0.8555
vn 0.9253 -0.0596 -0.3745
vn 0.9032 0.2274 -0.3640
vn 0.7925 0.2126 -0.5716
vn 0.9553 0.2246 -0.1921
vn 0.9208 0.3437 -0.1841
vn 0.8754 0.3621 -0.3202
vn 0.9313 0.3309 0.1522
vn 0.9464 -0.3097 0.0916
vn 0.9514 -0.2863 -0.1137
vn 0.8567 -0.2868 0.4287
vn 0.8351 -0.4274 0.3463
vn 0.9031 -0.4212 0.0837
vn 0.7247 -0.4050 0.5575
vn 0.7716 0.0472 0.6343
vn 0.9370 0.0601 0.3441
vn 0.5194 0.0714 0.8515
vn 0.5292 0.4383 0.7265
vn 0.7111 0.3996 0.5784
vn 0.3028 0.4655 0.8316
vn 0.2736 0.5419 0.7947
vn 0.5260 0.5600 0.6400
vn -0.0004 0.5100 0.8601
vn -0.0044 0.3627 0.9319
vn 0.3197 0.3639 0.8749
vn -0.2989 0.3633 0.8824
vn -0.2944 0.2401 0.9250
vn -0.0168 0.2431 0.9699
vn -0.6073 0.2601 0.7507
vn -0.4741 0.6670 0.5748
vn -0.2190 0.6590 0.7195
vn -0.5986 0.6836 0.4176
vn -0.2833 0.9368 0.2056
vn -0.2242 0.9383 0.2632
vn -0.0759 0.9955 0.0559
vn -0.0474 0.9971 0.0598
vn -0.1171 0.9929 0.0206
vn -0.0379 0.9993 0.0065
vn -0.0167 0.9998 0.0126
vn -0.1246 0.9922 -0.0093
vn -0.0380 0.9993 -0.0036
vn -0.0898 0.9950 -0.0435
vn -0.0206 0.9997 -0.0093
vn -0.0789 0.9952 -0.0572
vn -0.0159 0.9998 -0.0107
vn -0.0530 0.9945 -0.0906
vn -0.0102 0.9998 -0.0195
vn -0.0116 0.9991 -0.0399
vn -0.0016 1.0000 -0.0090
vn -0.0023 1.0000 -0.0048
vn -0.0003 0.9999 -0.0107
vn -0.0003 1.0000 -0.0037
vn -0.0008 0.9999 -0.0106
vn -0.0035 0.9998 -0.0208
vn -0.0006 0.9996 -0.0296
vn -0.0036 1.0000 -0.0031
vn 0.0022 0.7570 -0.6535
vn -0.0000 0.7383 -0.6745
vn 0.0253 0.7819 -0.6229
vn 0.0023 0.4326 -0.9016
vn -0.0016 0.4841 -0.8750
vn 0.0562 0.1242 -0.9907
vn -0.0011 0.0881 -0.9961
vn 0.4494 0.1393 -0.8824
vn 0.3968 0.0496 -0.9166
vn 0.0283 0.0291 -0.9992
vn 0.8188 0.0243 -0.5735
vn 0.7943 -0.0266 -0.6070
vn 0.3093 0.0022 -0.9509
vn 0.9728 -0.0100 -0.2316
vn 0.9495 -0.0347 -0.3118
vn 0.7480 -0.0523 -0.6616
vn 0.9992 -0.0174 -0.0369
vn 0.9985 0.0011 -0.0542
vn 0.9195 -0.0088 -0.3930
vn 0.9999 -0.0114 -0.0006
vn 0.9885 -0.1506 -0.0150
vn 0.9584 -0.2832 -0.0361
vn 0.5162 -0.8565 0.0012
vn 0.4232 -0.9059 0.0173
vn 0.3286 -0.9445 -0.0036
vn 0.3075 -0.9508 -0.0379
vn 0.2179 -0.9243 -0.3135
vn 0.1770 -0.9830 -0.0481
vn 0.1635 -0.8966 -0.4117
vn 0.0807 -0.6883 -0.7209
vn 0.0326 -0.8723 -0.4879
vn 0.0127 -0.6723 -0.7402
vn 0.0013 -0.0225 -0.9997
vn 0.0011 -0.6823 -0.7310
vn -0.0030 -0.0375 -0.9993
vn -0.0000 -0.0054 -1.0000
vn 0.0028 -0.0344 -0.9994
vn -0.0001 -0.0054 -1.0000
vn -0.0000 0.0002 -1.0000
vn -0.0000 -0.0057 -1.0000
vn -0.0000 0.0003 -1.0000
vn 0.0002 0.0119 -0.9999
vn -0.0000 0.0004 -1.0000
vn 0.0003 0.0117 -0.9999
vn -0.0006 0.1170 -0.9931
vn -0.0019 0.0117 -0.9999
vn -0.0109 0.1639 -0.9864
vn -0.0243 0.6269 -0.7787
vn -0.1045 0.2417 -0.9647
vn -0.1264 0.6628 -0.7380
vn -0.4249 0.2193 -0.8783
vn -0.3302 0.6247 -0.7076
vn -0.7757 0.0339 -0.6302
vn -0.9423 0.0781 -0.3254
vn -0.9627 0.1860 -0.1964
vn -0.9467 0.3104 -0.0864
vn -0.9761 0.0558 -0.2100
vn -0.9998 0.0157 -0.0100
vn -0.9753 0.2206 -0.0065
vn -0.9999 0.0143 -0.0005
vn -0.9682 0.2501 -0.0000
vn -0.9999 0.0141 0.0003
vn -0.9628 0.2704 0.0011
vn -0.9007 0.4343 0.0016
vn -0.9654 0.2608 0.0004
vn -0.8967 0.4427 -0.0000
vn -0.4551 0.8904 0.0008
vn -0.8923 0.4514 -0.0035
vn -0.4428 0.8966 -0.0000
vn -0.8897 0.4566 -0.0016
vn -0.4258 0.9048 0.0001
vn -0.8836 0.4674 0.0267
vn -0.4049 0.9121 0.0634
vn -0.7537 0.5486 0.3619
vn -0.4158 0.8339 0.3628
vn -0.9819 0.1863 0.0335
vn -0.9367 0.1194 0.3291
vn -0.9792 0.2030 -0.0017
vn -0.9999 0.0121 0.0004
vn -0.9990 0.0101 0.0442
vn -1.0000 0.0010 0.0028
vn -0.9989 0.0034 0.0474
vn -1.0000 -0.0015 0.0017
vn -0.9988 0.0052 0.0495
vn -0.9999 -0.0104 -0.0013
vn -0.9978 -0.0197 0.0636
vn -0.9989 -0.0463 -0.0021
vn -0.9973 -0.0299 0.0676
vn -0.5154 -0.8540 0.0706
vn -0.5494 -0.6868 0.4758
vn -0.2174 -0.9738 0.0660
vn -0.2518 -0.8635 0.4371
vn -0.0049 -0.9984 0.0565
vn -0.0166 -0.9198 0.3921
vn 0.0038 -0.9308 0.3654
vn 0.0006 -0.6463 0.7630
vn -0.0319 -0.6368 0.7704
vn 0.0025 -0.6508 0.7592
vn 0.0027 -0.1761 0.9844
vn 0.0002 -0.1635 0.9865
vn -0.0001 -0.0161 0.9999
vn 0.0005 -0.0152 0.9999
vn -0.0001 -0.0005 1.0000
vn -0.0001 -0.0002 1.0000
vn 0.0002 -0.0021 1.0000
vn -0.0008 0.0085 1.0000
vn -0.0001 0.0126 0.9999
vn 0.0001 0.0035 1.0000
vn 0.0004 0.0157 0.9999
vn -0.0044 0.0342 0.9994
vn 0.0002 0.0080 1.0000
vn -0.0024 0.2073 0.9783
vn 0.0025 0.3102 0.9507
vn -0.0018 0.7394 0.6733
vn 0.0044 0.7777 0.6286
vn -0.0078 0.9491 0.3148
vn 0.0056 0.9759 0.2184
vn 0.0014 0.9996 0.0292
vn -0.0005 0.9997 0.0227
vn 0.0515 0.9896 0.1341
vn 0.0157 0.9998 0.0104
vn 0.1397 0.9895 0.0380
vn 0.0442 0.9990 0.0082
vn 0.0136 0.9999 0.0080
vn 0.4342 0.9008 -0.0006
vn 0.3164 0.9482 0.0278
vn 0.6745 0.7382 0.0129
vn 0.7153 0.6988 -0.0048
vn 0.7430 0.6693 -0.0050
vn 0.9503 0.3109 -0.0154
vn 0.9554 0.2953 0.0002
vn 0.9791 0.2033 0.0065
vn 0.9993 0.0376 0.0037
vn 0.9999 0.0130 0.0014
vn 1.0000 0.0037 -0.0002
vn 1.0000 -0.0001 -0.0001
vn 1.0000 -0.0024 -0.0011
vn 1.0000 0.0027 0.0004
vn 1.0000 -0.0044 0.0002
vn 1.0000 -0.0081 -0.0005
vn 0.9997 -0.0237 0.0002
vn 0.9986 -0.0526 -0.0045
vn 0.8566 -0.5160 0.0023
vn 0.6855 -0.7280 0.0088
vn 0.3254 -0.9456 0.0050
vn 0.3078 -0.9514 -0.0043
vn 0.2319 -0.9727 -0.0012
vn 0.2040 -0.9790 -0.0024
vn 0.1699 -0.9855 0.0011
vn 0.0106 -0.9999 -0.0009
vn 0.0090 -1.0000 0.0015
vn 0.0174 -0.9997 -0.0141
vn -0.0000 -1.0000 0.0022
vn 0.0001 -1.0000 0.0057
vn 0.0019 -0.8432 -0.5376
vn -0.0000 -1.0000 0.0062
vn -0.0006 -0.8298 -0.5580
vn -0.0030 -0.6707 -0.7417
vn -0.0180 -0.8555 -0.5175
vn -0.0063 -0.6476 -0.7620
vn -0.0008 -0.0188 -0.9998
vn -0.0105 -0.6671 -0.7449
vn -0.0024 -0.0272 -0.9996
vn -0.0005 -0.0064 -1.0000
vn -0.0048 -0.0329 -0.9994
vn -0.0036 -0.0074 -1.0000
vn -0.0029 0.0005 -1.0000
vn -0.1051 -0.0274 -0.9941
vn -0.0771 0.0093 -0.9970
vn -0.0809 0.0137 -0.9966
vn -0.4877 0.0206 -0.8727
vn -0.4678 0.0089 -0.8838
vn -0.5242 -0.0286 -0.8511
vn -0.7502 -0.0267 -0.6607
vn -0.9068 0.0015 -0.4216
vn -0.9935 0.0171 -0.1128
vn -0.9861 0.0605 -0.1549
vn -1.0000 0.0019 -0.0035
vn -0.9999 0.0100 -0.0083
vn -1.0000 -0.0026 -0.0001
vn -1.0000 0.0034 -0.0000
vn -1.0000 -0.0018 -0.0001
vn -1.0000 0.0034 -0.0001
vn -1.0000 -0.0023 0.0001
vn -1.0000 0.0031 -0.0000
vn -0.9999 0.0162 0.0002
vn -1.0000 0.0023 -0.0001
vn -0.9999 0.0164 -0.0001
vn -1.0000 -0.0037 0.0003
vn -0.9999 -0.0131 0.0001
vn -0.9999 -0.0133 0.0004
vn -0.9975 -0.0703 -0.0020
vn -0.9988 -0.0498 -0.0009
vn -0.9958 -0.0910 -0.0024
vn -0.9944 -0.1060 -0.0017
vn -0.4593 -0.8883 -0.0005
vn -0.4609 -0.8875 0.0010
vn -0.4692 -0.8831 -0.0006
vn -0.4839 -0.8751 -0.0002
vn -0.4945 -0.8691 0.0050
vn -0.1942 -0.9810 -0.0005
vn -0.1966 -0.9805 0.0057
vn -0.0091 -1.0000 0.0008
vn -0.0071 -1.0000 0.0033
vn -0.0008 -1.0000 0.0003
vn -0.0002 -1.0000 0.0075
vn -0.0005 -1.0000 0.0078
vn -0.0021 -0.9977 0.0674
vn 0.0029 -0.9978 0.0655
vn -0.0006 -0.9988 0.0498
vn 0.0002 -0.9359 0.3524
vn -0.0007 -0.9336 0.3582
vn 0.0005 -0.9473 0.3203
vn -0.0023 -0.7171 0.6970
vn 0.0027 -0.6729 0.7397
vn -0.0022 -0.2736 0.9619
vn 0.0029 -0.2145 0.9767
vn -0.0005 -0.0247 0.9997
vn 0.0008 -0.0183 0.9998
vn 0.0004 -0.0380 0.9993
vn 0.0012 -0.0024 1.0000
vn -0.0002 -0.0042 1.0000
vn 0.0918 0.0292 0.9953
vn 0.1134 0.0271 0.9932
vn 0.0020 0.0018 1.0000
vn 0.4083 0.0386 0.9120
vn 0.4092 0.0419 0.9115
vn 0.1229 0.0248 0.9921
vn 0.4453 0.0578 0.8935
vn 0.1083 0.1068 0.9884
vn 0.5507 0.3803 0.7431
vn 0.0886 0.5936 0.7999
vn 0.9397 0.0427 0.3393
vn 0.9499 0.1030 0.2950
vn 0.9896 0.1404 -0.0311
vn 0.9999 0.0145 -0.0079
vn 0.9998 0.0221 0.0004
vn 1.0000 0.0037 -0.0070
vn 1.0000 0.0057 -0.0009
vn 1.0000 0.0093 -0.0007
vn 1.0000 0.0011 -0.0015
vn 1.0000 0.0018 -0.0002
vn 1.0000 0.0026 0.0001
vn 1.0000 0.0006 -0.0001
vn 1.0000 0.0007 -0.0000
vn 1.0000 -0.0015 -0.0006
vn 1.0000 0.0018 0.0001
vn 1.0000 -0.0088 -0.0033
vn 0.8609 -0.5087 0.0009
vn 0.8932 -0.4497 0.0030
vn 0.4126 -0.9109 -0.0021
vn 0.3878 -0.9217 -0.0007
vn 0.1814 -0.9834 -0.0023
vn 0.2150 -0.9766 -0.0030
vn 0.0091 -1.0000 0.0007
vn 0.0101 -0.9999 -0.0000
vn 0.0109 -0.9999 -0.0004
vn 0.0002 -1.0000 -0.0000
vn 0.0001 -1.0000 0.0002
vn -0.0000 -1.0000 -0.0000
vn -0.0000 -1.0000 0.0002
vn -0.0001 -1.0000 0.0022
vn -0.0002 -1.0000 -0.0004
vn -0.0019 -1.0000 -0.0053
vn -0.0131 -0.9990 -0.0426
vn 0.0004 -1.0000 -0.0094
vn -0.0009 -0.9966 -0.0830
vn -0.0122 -0.8933 -0.4494
vn 0.0252 -0.9986 -0.0462
vn 0.0407 -0.9258 -0.3759
vn 0.0248 -0.6785 -0.7342
vn -0.1867 -0.9195 -0.3458
vn -0.2331 -0.6125 -0.7553
vn -0.1995 -0.0803 -0.9766
vn -0.6302 -0.4344 -0.6436
vn -0.6081 -0.0952 -0.7881
vn -0.7401 -0.1033 -0.6645
vn -0.5394 -0.7770 -0.3244
vn -0.5041 -0.8613 -0.0640
vn -0.4671 -0.8842 -0.0061
vn -0.1478 -0.9884 -0.0352
vn -0.1520 -0.9884 -0.0012
vn 0.0046 -1.0000 -0.0041
vn 0.0009 -1.0000 0.0003
vn -0.1815 -0.9834 0.0007
vn -0.0012 -1.0000 0.0004
vn -0.2046 -0.9789 0.0007
vn -0.0054 -1.0000 0.0006
vn -0.2082 -0.9781 -0.0001
vn -0.0001 -1.0000 0.0001
vn -0.0006 -1.0000 0.0001
vn -0.0000 -1.0000 0.0004
vn -0.0000 -1.0000 0.0003
vn 0.0003 -1.0000 0.0057
vn 0.0001 -1.0000 0.0060
vn 0.0045 -1.0000 0.0010
vn 0.0006 -0.9996 0.0290
vn -0.0001 -0.9993 0.0374
vn 0.1606 -0.9866 0.0298
vn 0.1536 -0.9565 0.2480
vn 0.0006 -0.9593 0.2825
vn 0.1349 -0.8080 0.5735
vn -0.0099 -0.7776 0.6287
vn 0.1003 -0.4073 0.9078
vn -0.0097 -0.3293 0.9442
vn 0.4307 -0.9021 0.0253
vn 0.4572 -0.8712 0.1786
vn 0.8821 -0.4711 0.0014
vn 0.9194 -0.3930 0.0187
vn 1.0000 -0.0002 -0.0016
vn 1.0000 -0.0000 -0.0076
vn 1.0000 -0.0000 -0.0067
vn 0.8816 0.0027 0.4720
vn 0.8955 -0.0212 0.4445
vn 0.4444 0.0281 0.8954
vn 0.5066 -0.0537 0.8605
vn 1.0000 0.0006 -0.0067
vn 0.8869 0.0200 0.4616
vn 1.0000 0.0004 -0.0018
vn 1.0000 0.0012 0.0002
vn 0.8502 -0.5264 -0.0109
vn 0.4068 -0.9134 -0.0132
vn 0.1651 -0.9863 -0.0006
vn 0.0004 -1.0000 -0.0003
vn 0.9994 0.0332 -0.0081
vn 0.9999 0.0114 0.0014
vn 1.0000 0.0036 -0.0005
vn 0.9781 0.2078 -0.0087
vn 0.9975 0.0694 -0.0093
vn 0.9114 0.0267 0.4106
vn 0.7636 0.6454 0.0205
vn 0.9302 0.3669 -0.0080
vn 0.4992 0.8656 0.0387
vn 0.6456 0.7559 0.1088
vn 0.0716 -0.0361 0.9968
vn -0.9925 -0.1222 0.0003
vn -0.5929 -0.8052 -0.0032
vn -0.9940 -0.0902 -0.0612
vn -0.5256 -0.8500 -0.0350
vn -0.9953 0.0010 -0.0966
vn -0.9998 -0.0176 -0.0002
vn -0.9998 -0.0188 -0.0003
vn -0.9999 -0.0154 -0.0007
vn -0.8947 -0.0190 -0.4462
vn 0.9988 0.0483 0.0056
vn 0.9938 0.1110 -0.0021
vn 0.9998 -0.0009 -0.0178
vn 0.8668 0.4985 -0.0086
vn 0.8024 0.5965 -0.0201
vn 0.7634 0.6459 0.0025
vn 0.0039 1.0000 -0.0008
vn 0.0052 1.0000 -0.0018
vn -0.0002 1.0000 -0.0021
vn 0.0055 1.0000 -0.0006
vn 0.0076 1.0000 -0.0005
vn 0.0276 0.9996 -0.0019
vn 0.0051 1.0000 -0.0024
vn 0.0194 0.9997 -0.0111
vn 0.1194 0.9911 -0.0590
vn 0.0226 0.9997 -0.0127
vn 0.1313 0.9878 -0.0840
vn 0.3479 0.9022 -0.2551
vn 0.1338 0.9744 -0.1808
vn 0.3462 0.8297 -0.4379
vn 0.5865 0.1409 -0.7976
vn 0.2512 0.6887 -0.6801
vn 0.3553 -0.0276 -0.9343
vn 0.3537 0.3083 -0.8831
vn 0.0604 -0.0552 -0.9966
vn 0.0390 0.3868 -0.9214
vn 0.0209 0.5418 -0.8403
vn -0.2554 0.4363 -0.8628
vn -0.2315 0.5473 -0.8043
vn -0.2391 0.5229 -0.8182
vn -0.4567 0.5535 -0.6965
vn -0.4636 0.5138 -0.7219
vn -0.5086 0.1858 -0.8407
vn -0.6399 0.4948 -0.5880
vn -0.7506 0.1454 -0.6446
vn -0.7464 -0.2565 -0.6141
vn -0.9294 0.1620 -0.3315
vn -0.8997 -0.3143 -0.3029
vn -0.8604 -0.4182 -0.2912
vn -0.9476 -0.3146 -0.0552
vn -0.8939 -0.4454 -0.0506
vn -0.9944 0.0736 -0.0764
vn -0.8605 -0.4569 0.2255
vn -0.9535 0.1267 0.2733
vn -0.8626 0.4603 0.2098
vn -0.8191 0.1618 0.5503
vn -0.7674 0.4458 0.4608
vn -0.8669 0.0097 0.4984
vn -0.5614 0.4134 0.7169
vn -0.5922 0.0047 0.8058
vn -0.5593 -0.2251 0.7978
vn -0.3500 0.0074 0.9367
vn -0.3455 -0.2528 0.9037
vn -0.3864 0.1182 0.9147
vn -0.0331 -0.2846 0.9581
vn -0.0629 0.1314 0.9893
vn -0.0793 0.3520 0.9326
vn 0.2820 0.1431 0.9487
vn 0.2509 0.3238 0.9122
vn 0.2476 0.0672 0.9665
vn 0.4216 0.2912 0.8588
vn 0.4662 0.0636 0.8824
vn 0.5418 -0.0035 0.8405
vn 0.7250 0.0345 0.6878
vn 0.6826 0.0012 0.7308
vn 0.7003 -0.0044 0.7139
vn 0.9331 0.0168 0.3591
vn 0.9480 -0.0175 0.3178
vn 0.9249 0.0004 0.3802
vn 0.9888 -0.0147 0.1486
vn 0.9963 0.0012 0.0860
vn 0.9968 -0.0020 0.0796
vn 0.9998 0.0004 0.0199
vn 0.9997 -0.0003 0.0228
vn 0.9998 0.0007 0.0215
vn 0.9560 -0.0009 -0.2932
vn 0.9561 0.0018 -0.2931
vn 0.9552 -0.0010 -0.2959
vn 0.8382 0.0016 -0.5454
vn 0.8379 -0.0003 -0.5458
vn 0.8359 0.0006 -0.5488
vn 0.7390 -0.0004 -0.6737
vn 0.7511 -0.0007 -0.6602
vn 0.7594 -0.0003 -0.6506
vn 0.4466 -0.0038 -0.8947
vn 0.4724 -0.0025 -0.8814
vn 0.4767 -0.0016 -0.8791
vn 0.2420 0.0007 -0.9703
vn 0.1734 0.0110 -0.9848
vn 0.0889 0.0137 -0.9959
vn -0.3071 0.0119 -0.9516
vn -0.2649 0.0065 -0.9643
vn -0.2540 -0.0016 -0.9672
vn -0.5363 0.0029 -0.8440
vn -0.5432 -0.0044 -0.8396
vn -0.5241 -0.2914 -0.8002
vn -0.7311 -0.0157 -0.6821
vn -0.7668 -0.2635 -0.5853
vn -0.7781 0.0874 -0.6221
vn -0.9134 -0.2231 -0.3404
vn -0.9226 0.1088 -0.3702
vn -0.9015 0.1880 -0.3898
vn -0.9896 0.1332 -0.0545
vn -0.9856 0.1545 -0.0683
vn -0.9953 0.0055 -0.0967
vn -0.9842 0.1278 0.1226
vn -0.9935 -0.0017 0.1135
vn -0.9924 -0.0011 0.1233
vn -0.8458 -0.0029 0.5335
vn -0.8347 -0.0004 0.5507
vn -0.8196 -0.0024 0.5730
vn -0.8061 -0.0012 0.5918
vn -0.8188 -0.0008 0.5741
vn -0.8289 -0.0020 0.5594
vn -0.5314 0.0011 0.8471
vn -0.5487 0.0010 0.8360
vn -0.5577 0.0003 0.8300
vn -0.3925 -0.0000 0.9197
vn -0.3924 0.0007 0.9198
vn -0.3369 -0.1977 0.9205
vn -0.0349 -0.0009 0.9994
vn -0.0260 -0.2419 0.9700
vn -0.0515 -0.6495 0.7586
vn 0.2802 -0.3031 0.9108
vn 0.2415 -0.6239 0.7433
vn 0.2840 -0.0700 0.9563
vn 0.5314 -0.5447 0.6487
vn 0.6295 -0.0617 0.7746
vn 0.5393 0.5418 0.6447
vn 0.7994 0.0494 0.5988
vn 0.6957 0.5327 0.4819
vn 0.7941 0.1945 0.5758
vn 0.8282 0.4996 0.2537
vn 0.9262 0.1397 0.3501
vn 0.9286 -0.1768 0.3263
vn 0.9891 0.1249 -0.0777
vn 0.9827 -0.1680 -0.0775
vn 0.9798 -0.1989 -0.0188
vn 0.9207 -0.2298 -0.3155
vn 0.9514 -0.2077 -0.2273
vn 0.9633 -0.0337 -0.2664
vn 0.7867 -0.2360 -0.5704
vn 0.7750 0.0027 -0.6320
vn 0.7792 0.0091 -0.6268
vn 0.5485 0.0022 -0.8362
vn 0.5385 0.0039 -0.8426
vn 0.5105 0.2618 -0.8190
vn 0.3045 0.0070 -0.9525
vn 0.2393 0.3240 -0.9153
vn 0.1537 0.7382 -0.6569
vn -0.0498 0.3808 -0.9233
vn -0.0764 0.7467 -0.6607
vn -0.0036 0.9077 -0.4197
vn -0.2540 0.7471 -0.6143
vn -0.1426 0.8696 -0.4727
vn -0.2824 0.2686 -0.9209
vn -0.3193 0.8544 -0.4099
vn -0.5151 0.2368 -0.8237
vn -0.5477 -0.0286 -0.8362
vn -0.7697 0.1953 -0.6079
vn -0.7832 -0.0148 -0.6215
vn -0.6451 -0.0387 -0.7631
vn -0.8826 -0.0322 -0.4690
vn -0.7486 -0.1611 -0.6431
vn -0.5348 -0.2385 -0.8106
vn -0.9026 -0.2912 -0.3169
vn -0.8406 -0.3464 -0.4164
vn -0.8809 -0.2885 -0.3753
vn -0.8995 -0.3338 0.2821
vn -0.9174 -0.2645 0.2974
vn -0.9190 -0.2707 0.2865
vn -0.6059 -0.1818 0.7744
vn -0.6070 -0.1989 0.7694
vn -0.6399 -0.2090 0.7395
vn 0.3801 0.0528 0.9234
vn 0.2077 0.0113 0.9781
vn 0.0972 0.0238 0.9950
vn 0.6980 0.1215 0.7057
vn 0.6378 0.1598 0.7535
vn 0.6265 0.1155 0.7708
vn 0.9401 0.2338 0.2479
vn 0.9584 0.1935 0.2100
vn 0.9663 0.1819 0.1821
vn 0.9527 0.2126 -0.2170
vn 0.9274 0.1927 -0.3207
vn 0.8842 0.2541 -0.3920
vn 0.5254 0.1028 -0.8446
vn 0.5472 0.1536 -0.8228
vn -0.1389 -0.0414 -0.9894
vn 0.5446 0.2022 -0.8140
vn -0.1221 -0.0552 -0.9910
vn -0.5910 -0.1728 -0.7880
vn -0.1142 -0.0718 -0.9909
vn -0.5772 -0.1991 -0.7919
vn -0.5899 -0.1415 -0.7950
vn -0.9081 -0.2693 -0.3207
vn -0.9054 -0.2704 -0.3274
vn -0.8974 -0.2214 0.3815
vn -0.9391 -0.2296 -0.2557
vn -0.8980 -0.2323 0.3738
vn -0.8959 -0.2952 0.3321
vn -0.4303 -0.1295 0.8933
vn -0.3717 -0.0917 0.9238
vn 0.1242 0.0078 0.9922
vn -0.3655 -0.1245 0.9224
vn 0.0704 0.0227 0.9973
vn 0.0737 0.0128 0.9972
vn 0.6011 0.1214 0.7899
vn 0.6190 0.1715 0.7664
vn 0.9284 0.3373 0.1557
vn 0.6587 0.2079 0.7231
vn 0.9424 0.2686 0.1991
vn 0.8716 0.4586 0.1731
vn 0.6498 0.3364 0.6816
vn 0.6136 0.4535 0.6464
vn 0.3328 0.2378 0.9125
vn 0.2844 0.0658 0.9564
vn -0.4607 -0.3049 0.8335
vn -0.4200 -0.2621 0.8689
vn -0.7560 -0.4846 0.4400
vn -0.8283 -0.3692 0.4215
vn -0.8390 -0.5151 -0.1755
vn -0.9011 -0.3760 -0.2161
vn -0.5491 -0.3375 -0.7646
vn -0.6016 -0.2203 -0.7678
vn -0.5369 -0.4560 -0.7098
vn -0.1361 -0.1202 -0.9834
vn -0.1622 -0.1126 -0.9803
vn 0.4609 0.3800 -0.8020
vn 0.5374 0.2853 -0.7936
vn 0.7189 0.5540 -0.4198
vn 0.8211 0.4341 -0.3706
vn 0.6151 0.6476 -0.4497
vn 0.7044 0.7050 0.0822
vn 0.7888 0.5870 0.1824
vn 0.3796 0.4190 -0.8248
vn -0.1320 -0.1583 -0.9785
vn 0.3290 0.3466 -0.8784
vn -0.1262 -0.1293 -0.9835
vn -0.3989 -0.6461 -0.6507
vn -0.0889 -0.2370 -0.9674
vn -0.4055 -0.5861 -0.7014
vn -0.5421 -0.8364 -0.0810
vn -0.4896 -0.5510 -0.6758
vn -0.6566 -0.7397 -0.1473
vn -0.6015 -0.6585 0.4523
vn -0.7447 -0.6467 -0.1649
vn -0.6477 -0.6123 0.4534
vn -0.3040 -0.4095 0.8602
vn -0.4972 -0.7196 0.4847
vn -0.3624 -0.3810 0.8506
vn 0.2781 0.3098 0.9092
vn -0.3727 -0.3724 0.8500
vn 0.2916 0.3030 0.9073
vn -0.3159 -0.4451 0.8379
vn -0.5081 -0.7121 0.4844
vn -0.4706 -0.7692 0.4323
vn -0.5392 -0.8413 -0.0381
vn -0.5759 -0.8148 -0.0664
vn -0.4136 -0.9101 -0.0237
vn -0.3840 -0.8150 -0.4340
vn -0.4523 -0.7060 -0.5450
vn -0.2672 -0.5406 -0.7977
vn -0.1906 -0.3734 -0.9079
vn -0.0377 -0.0823 -0.9959
vn 0.1047 0.1154 -0.9878
vn -0.1050 -0.2485 -0.9629
vn 0.0640 0.1769 -0.9822
vn 0.1225 0.2216 -0.9674
vn 0.2126 0.5114 -0.8327
vn 0.1540 0.4182 -0.8952
vn 0.1955 0.7730 -0.6036
vn 0.0764 0.7501 -0.6569
vn 0.0653 0.2991 -0.9520
vn -0.0199 0.7361 -0.6765
vn -0.0167 0.3028 -0.9529
vn 0.0085 0.7381 -0.6746
vn -0.0006 0.3006 -0.9538
vn -0.0015 0.6993 -0.7148
vn 0.0003 0.2634 -0.9647
vn 0.0376 0.9852 -0.1674
vn -0.0358 0.9763 -0.2133
vn -0.0084 0.6198 -0.7847
vn -0.0223 0.9446 -0.3275
vn -0.0080 0.6086 -0.7935
vn -0.3944 0.8250 -0.4048
vn -0.3114 0.5371 -0.7840
vn -0.7694 0.5376 -0.3449
vn -0.6463 0.2938 -0.7043
vn -0.3893 0.9053 -0.1697
vn -0.7687 0.6361 -0.0667
vn -0.3688 0.8900 0.2681
vn -0.7397 0.6557 0.1514
vn -0.3038 0.6842 0.6631
vn -0.7098 0.5401 0.4522
vn -0.1512 0.3537 0.9231
vn -0.5923 0.2137 0.7769
vn 0.0024 0.6344 0.7730
vn 0.0149 0.2920 0.9563
vn -0.0027 0.5322 0.8466
vn 0.0018 0.1174 0.9931
vn -0.0041 -0.0295 0.9996
vn -0.0028 -0.4701 0.8826
vn 0.0012 -0.3396 0.9406
vn -0.0104 -0.1823 0.9832
vn 0.0218 -0.5188 0.8546
vn -0.0038 0.3160 0.9487
vn -0.0031 0.4405 0.8978
vn 0.0026 0.7068 0.7075
vn 0.0104 0.1702 0.9854
vn 0.0050 0.7498 0.6616
vn 0.0219 0.9647 0.2623
vn 0.0164 0.8342 0.5512
vn 0.0527 0.9925 0.1105
vn -0.0356 0.9021 0.4300
vn -0.0622 0.9980 -0.0051
vn -0.0346 0.9121 0.4085
vn -0.0471 0.9957 -0.0803
vn -0.0213 0.9735 -0.2278
vn -0.0101 0.9437 0.3305
vn 0.0288 0.9702 -0.2406
vn 0.0682 0.9785 -0.1946
vn 0.0669 0.9529 0.2957
vn 0.2115 0.9557 0.2047
vn 0.1928 0.7466 0.6367
vn 0.0599 0.6900 0.7213
vn 0.1430 0.4400 0.8866
vn 0.0958 0.2510 0.9632
vn 0.2365 0.4825 0.8434
vn 0.0538 0.0744 0.9958
vn 0.0566 0.1626 0.9851
vn -0.1214 -0.2995 0.9463
vn -0.1194 -0.2023 0.9720
vn -0.2544 -0.5865 0.7690
vn -0.3016 -0.5110 0.8049
vn -0.2204 -0.6534 0.7243
vn -0.2929 -0.8289 0.4765
vn -0.3630 -0.8251 0.4330
vn -0.2089 -0.8435 0.4948
vn -0.2148 -0.9753 0.0512
vn -0.3426 -0.9380 -0.0520
vn -0.1731 -0.9034 -0.3922
vn -0.3375 -0.8560 -0.3916
vn -0.1438 -0.6853 -0.7140
vn -0.2504 -0.6220 -0.7419
vn -0.1638 -0.6563 -0.7365
vn -0.0710 -0.2516 -0.9652
vn -0.0490 -0.2464 -0.9679
vn -0.0026 0.1161 -0.9932
vn 0.0550 0.0834 -0.9950
vn 0.0478 0.4838 -0.8739
vn 0.1991 0.4332 -0.8790
vn 0.1542 0.8104 -0.5653
vn 0.3063 0.7847 -0.5389
vn 0.3065 0.9399 -0.1507
vn 0.4001 0.8941 -0.2011
vn 0.3169 0.7338 -0.6009
vn 0.3098 0.9463 0.0929
vn 0.4064 0.9047 0.1277
vn 0.2848 0.8055 0.5197
vn 0.3485 0.7672 0.5385
vn 0.1995 0.8453 0.4957
vn 0.1192 0.5003 0.8576
vn 0.1731 0.4925 0.8529
vn 0.0153 0.0799 0.9967
vn 0.0131 0.0402 0.9991
vn -0.0643 -0.2560 0.9645
vn -0.0893 -0.2971 0.9507
vn -0.0328 -0.2296 0.9727
vn -0.0944 -0.6350 0.7667
vn -0.1644 -0.6715 0.7225
vn -0.0240 -0.5898 0.8072
vn -0.0429 -0.8819 0.4695
vn -0.1398 -0.8668 0.4786
vn -0.0580 -0.9967 0.0569
vn -0.2023 -0.9755 0.0859
vn -0.0596 -0.9218 -0.3829
vn -0.2141 -0.8890 -0.4048
vn -0.0210 -0.9442 -0.3287
vn 0.0141 -0.7081 -0.7060
vn -0.0574 -0.6878 -0.7236
vn 0.0208 -0.3228 -0.9462
vn -0.0302 -0.3047 -0.9520
vn 0.0233 0.0692 -0.9973
vn 0.0239 0.1184 -0.9927
vn 0.0239 0.5465 -0.8371
vn 0.0713 0.5238 -0.8489
vn 0.0194 0.7994 -0.6005
vn 0.0809 0.7575 -0.6478
vn 0.0303 0.9540 -0.2982
vn 0.1120 0.9717 -0.2078
vn 0.1137 0.9679 0.2244
vn 0.2451 0.9640 0.1029
vn 0.2503 0.9587 -0.1348
vn 0.0223 0.9459 0.3238
vn 0.0117 0.9127 0.4085
vn 0.1032 0.8844 0.4552
vn -0.0012 0.5987 0.8010
vn 0.0803 0.5530 0.8293
vn -0.0111 0.1150 0.9933
vn 0.0212 0.0867 0.9960
vn -0.0261 0.2010 0.9792
vn 0.0073 -0.1900 0.9818
vn -0.0120 -0.2072 0.9782
vn 0.0397 -0.1503 0.9878
vn 0.1092 -0.6112 0.7839
vn 0.0058 -0.6003 0.7997
vn 0.1344 -0.8981 0.4188
vn -0.0188 -0.9006 0.4343
vn 0.1261 -0.9905 0.0553
vn -0.0385 -0.9981 0.0479
vn 0.2461 -0.9674 0.0591
vn 0.2210 -0.9419 -0.2529
vn 0.1050 -0.9646 -0.2417
vn 0.1302 -0.6990 -0.7032
vn 0.0638 -0.7339 -0.6763
vn 0.0580 -0.3661 -0.9288
vn 0.0159 -0.3267 -0.9450
vn 0.0104 0.0483 -0.9988
vn -0.0319 0.0774 -0.9965
vn -0.0125 0.4553 -0.8903
vn -0.0790 0.5563 -0.8272
vn -0.0820 0.7957 -0.6001
vn -0.0710 0.7648 -0.6404
vn -0.1585 0.9345 -0.3187
vn -0.0550 0.9329 -0.3559
vn -0.1407 0.9702 0.1975
vn -0.0403 0.9417 0.3339
vn -0.0760 0.8431 0.5324
vn -0.0466 0.8790 0.4745
vn -0.0314 0.5824 0.8123
vn -0.0589 0.5992 0.7985
vn -0.1174 0.5527 0.8250
vn -0.0175 0.1111 0.9937
vn -0.0005 0.1934 0.9811
vn -0.0467 0.1205 0.9916
vn 0.0404 -0.1645 0.9855
vn 0.0273 -0.1350 0.9905
vn 0.1259 -0.5422 0.8308
vn 0.1349 -0.5491 0.8248
vn 0.2148 -0.8559 0.4704
vn 0.2282 -0.8698 0.4375
vn 0.3357 -0.8110 0.4791
vn 0.3488 -0.9329 0.0899
vn 0.2694 -0.9605 0.0696
vn 0.3248 -0.9049 -0.2751
vn 0.2695 -0.9240 -0.2712
vn 0.2478 -0.6665 -0.7031
vn 0.1923 -0.6517 -0.7337
vn 0.1386 -0.3504 -0.9263
vn 0.1090 -0.3847 -0.9166
vn -0.0048 0.0066 -1.0000
vn -0.0020 0.0033 -1.0000
vn -0.1520 0.3910 -0.9078
vn -0.1064 0.3760 -0.9205
vn -0.2576 0.7381 -0.6235
vn -0.2063 0.8169 -0.5386
vn -0.2841 0.9323 -0.2241
vn -0.2363 0.9468 -0.2183
vn -0.2761 0.9567 0.0919
vn -0.2525 0.9629 0.0948
vn -0.2613 0.8183 0.5120
vn -0.2055 0.8469 0.4905
vn -0.3138 0.7597 0.5696
vn -0.2155 0.5154 0.8294
vn -0.1961 0.5553 0.8082
vn -0.2641 0.5185 0.8133
vn -0.0844 0.1787 0.9803
vn -0.0849 0.2379 0.9676
vn 0.0659 -0.1452 0.9872
vn 0.1034 -0.1637 0.9811
vn 0.2649 -0.4935 0.8284
vn 0.2376 -0.5093 0.8271
vn 0.3070 -0.4185 0.8548
vn 0.4932 -0.6990 0.5178
vn 0.4165 -0.7668 0.4885
vn 0.5508 -0.8212 0.1491
vn 0.4852 -0.8659 0.1213
vn 0.5291 -0.8007 -0.2809
vn 0.4579 -0.8437 -0.2801
vn 0.4143 -0.6366 -0.6505
vn 0.3455 -0.6696 -0.6574
vn 0.2071 -0.3310 -0.9206
vn 0.1668 -0.3315 -0.9286
vn -0.0211 0.0254 -0.9995
vn -0.0158 0.0223 -0.9996
vn -0.2287 0.3489 -0.9088
vn -0.1898 0.3761 -0.9069
vn -0.4028 0.6385 -0.6558
vn -0.3353 0.6873 -0.6444
vn -0.5273 0.8211 -0.2185
vn -0.4113 0.8676 -0.2793
vn -0.5513 0.8273 0.1080
vn -0.4059 0.9083 0.1016
vn -0.5637 0.8202 0.0975
vn -0.5068 0.7379 0.4458
vn -0.4546 0.7280 0.5132
vn -0.5747 0.6506 0.4965
vn -0.4460 0.4972 0.7442
vn -0.3668 0.5404 0.7573
vn -0.0391 0.0902 0.9952
vn -0.0157 0.0203 0.9997
vn 0.0907 -0.0362 0.9952
vn 0.0426 -0.0670 0.9968
vn 0.1196 -0.0600 0.9910
vn 0.4473 -0.3987 0.8006
vn 0.3419 -0.3844 0.8575
vn 0.6298 -0.5902 0.5050
vn 0.5451 -0.6869 0.4806
vn 0.7413 -0.6604 0.1198
vn 0.5920 -0.8001 0.0969
vn 0.7185 -0.6561 -0.2311
vn 0.5777 -0.7873 -0.2155
vn 0.5354 -0.5216 -0.6643
vn 0.4584 -0.6020 -0.6538
vn 0.3735 -0.3269 -0.8681
vn 0.2540 -0.3255 -0.9108
vn 0.0396 0.0586 -0.9975
vn -0.0155 0.0307 -0.9994
vn -0.3081 0.3760 -0.8739
vn -0.2552 0.3367 -0.9064
vn -0.4812 0.5193 -0.7062
vn -0.4357 0.5801 -0.6883
vn -0.6328 0.7000 -0.3310
vn -0.5698 0.7948 -0.2090
vn -0.7184 0.5808 -0.3827
vn -0.7814 0.6217 0.0532
vn -0.6528 0.7542 0.0715
vn -0.8144 0.5799 0.0205
vn -0.7121 0.5241 0.4671
vn -0.6680 0.5310 0.5214
vn -0.5989 0.4618 0.6543
vn -0.5462 0.4551 0.7032
vn -0.2392 0.2095 0.9481
vn -0.1710 0.1740 0.9698
vn -0.3021 0.1564 0.9404
vn 0.2073 -0.1294 0.9697
vn 0.1547 -0.0974 0.9831
vn 0.4649 -0.2782 0.8405
vn 0.4869 -0.3467 0.8017
vn 0.7239 -0.4148 0.5513
vn 0.6924 -0.4856 0.5336
vn 0.8595 -0.5034 0.0886
vn 0.7964 -0.5906 0.1297
vn 0.8326 -0.5043 -0.2291
vn 0.7684 -0.5768 -0.2772
vn 0.6057 -0.3897 -0.6937
vn 0.5951 -0.4298 -0.6791
vn 0.4489 -0.2999 -0.8417
vn 0.4398 -0.3216 -0.8385
vn 0.0524 -0.0230 -0.9984
vn 0.0105 0.0179 -0.9998
vn -0.3574 0.3054 -0.8826
vn -0.4155 0.3588 -0.8359
vn -0.5751 0.4714 -0.6686
vn -0.5431 0.4580 -0.7037
vn -0.6816 0.3439 -0.6459
vn -0.8238 0.4687 -0.3189
vn -0.7654 0.5653 -0.3076
vn -0.9276 0.2240 -0.2990
vn -0.9734 0.2275 0.0261
vn -0.8513 0.5246 0.0042
vn -0.8307 0.2467 0.4991
vn -0.7368 0.4378 0.5152
vn -0.6578 0.2299 0.7172
vn -0.6462 0.3517 0.6773
vn -0.6118 0.0322 0.7904
vn -0.4223 0.0035 0.9064
vn -0.3566 0.1261 0.9257
vn 0.1967 -0.0498 0.9792
vn 0.2364 -0.0770 0.9686
vn 0.4706 -0.0779 0.8789
vn 0.4727 -0.1566 0.8672
vn 0.7509 -0.1273 0.6480
vn 0.7516 -0.2485 0.6110
vn 0.9777 -0.1733 0.1187
vn 0.9386 -0.3273 0.1092
vn 0.9420 -0.1901 -0.2766
vn 0.9063 -0.3491 -0.2380
vn 0.7356 -0.1661 -0.6567
vn 0.6768 -0.2890 -0.6771
vn 0.5531 -0.1250 -0.8237
vn 0.5024 -0.2201 -0.8361
vn 0.0525 0.0012 -0.9986
vn 0.0516 -0.0386 -0.9979
vn -0.3964 0.1119 -0.9112
vn -0.3748 0.1627 -0.9127
vn -0.4752 0.0129 -0.8798
vn -0.7297 0.0431 -0.6824
vn -0.7421 0.1956 -0.6411
vn -0.6712 -0.0357 -0.7404
vn -0.9339 -0.0334 -0.3559
vn -0.9649 0.0973 -0.2440
vn -0.9989 -0.0290 0.0358
vn -0.9933 0.1155 -0.0070
vn -0.9158 -0.0280 0.4007
vn -0.9077 0.0987 0.4079
vn -0.9127 -0.2181 0.3456
vn -0.6217 -0.1142 0.7748
vn -0.5800 0.0002 0.8146
vn -0.3444 -0.0394 0.9380
vn -0.4269 -0.0049 0.9043
vn 0.1115 0.0217 0.9935
vn 0.1033 -0.0037 0.9946
vn 0.5692 0.0964 0.8165
vn 0.5502 -0.0211 0.8347
vn 0.7812 0.1351 0.6095
vn 0.7746 -0.0697 0.6286
vn 0.9527 0.1412 0.2691
vn 0.9794 -0.0498 0.1956
vn 0.9443 0.1285 -0.3031
vn 0.9586 -0.0113 -0.2846
vn 0.7299 0.0797 -0.6789
vn 0.7600 -0.0054 -0.6499
vn 0.4343 0.0337 -0.9002
vn 0.5077 -0.0324 -0.8609
vn 0.2021 0.0297 -0.9789
vn 0.0973 -0.0278 -0.9949
vn 0.2439 0.0976 -0.9649
vn -0.4006 -0.0621 -0.9141
vn -0.5230 -0.0220 -0.8520
vn -0.2628 -0.1735 -0.9491
vn -0.6495 -0.3554 -0.6722
vn -0.6948 -0.1196 -0.7092
vn -0.8641 -0.4283 -0.2643
vn -0.9154 -0.2264 -0.3327
vn -0.9058 -0.4234 0.0152
vn -0.9649 -0.2573 0.0518
vn -0.8818 -0.4712 0.0217
vn -0.8222 -0.4262 0.3773
vn -0.8361 -0.4006 0.3748
vn -0.6368 -0.3508 0.6866
vn -0.6619 -0.2979 0.6878
vn -0.2839 -0.2000 0.9377
vn -0.3078 -0.0894 0.9472
vn 0.2095 0.0724 0.9751
vn 0.1525 0.1079 0.9824
vn 0.5190 0.2525 0.8166
vn 0.5233 0.2248 0.8219
vn 0.7166 0.3634 0.5953
vn 0.7469 0.2810 0.6026
vn 0.8726 0.4593 0.1662
vn 0.9402 0.2987 0.1638
vn 0.8709 0.4538 -0.1886
vn 0.9307 0.2775 -0.2382
vn 0.7438 0.3530 -0.5676
vn 0.7280 0.2679 -0.6311
vn 0.3660 0.1625 -0.9163
vn 0.3934 0.1682 -0.9039
vn 0.4523 0.1901 -0.8713
vn 0.1729 0.0726 -0.9823
vn 0.2057 0.0782 -0.9755
vn 0.0691 0.0927 -0.9933
vn -0.3335 -0.1110 -0.9362
vn -0.2954 -0.1888 -0.9365
vn -0.6594 -0.2929 -0.6924
vn -0.6016 -0.3479 -0.7191
vn -0.8337 -0.4024 -0.3782
vn -0.8308 -0.4488 -0.3293
vn -0.8680 -0.1614 -0.4695
vn -0.9737 -0.2171 -0.0696
vn -0.9097 -0.4135 -0.0369
vn -0.8859 -0.2487 0.3916
vn -0.8456 -0.3897 0.3648
vn -0.6713 -0.2108 0.7106
vn -0.6093 -0.2974 0.7351
vn -0.1949 -0.1075 0.9749
vn -0.2925 -0.1576 0.9432
vn 0.0982 -0.0129 0.9951
vn 0.1827 0.0724 0.9805
vn 0.4566 0.1648 0.8743
vn 0.4893 0.2401 0.8384
vn 0.7576 0.2871 0.5862
vn 0.7152 0.3675 0.5945
vn 0.9321 0.3358 0.1360
vn 0.8702 0.4444 0.2129
vn 0.9150 0.3551 -0.1913
vn 0.8664 0.4284 -0.2566
vn 0.7405 0.3616 -0.5664
vn 0.7177 0.3223 -0.6173
vn 0.8137 0.1256 -0.5676
vn 0.4795 0.0320 -0.8770
vn 0.4846 0.2990 -0.8220
vn 0.3882 0.5246 -0.7577
vn 0.1568 0.5425 -0.8253
vn 0.0801 -0.0164 -0.9966
vn -0.3068 0.5376 -0.7854
vn -0.3459 -0.0686 -0.9358
vn -0.5327 0.5494 -0.6438
vn -0.7197 -0.1469 -0.6785
vn -0.2660 0.9033 -0.3367
vn -0.4208 0.8803 -0.2193
vn -0.7385 0.5177 -0.4320
vn -0.5071 0.8606 -0.0470
vn -0.8985 0.4352 -0.0575
vn -0.4955 0.8443 0.2039
vn -0.8662 0.3533 0.3534
vn -0.4174 0.8140 0.4039
vn -0.6922 0.2443 0.6791
vn -0.1863 0.7835 0.5928
vn -0.2186 0.2024 0.9546
vn 0.0204 0.7398 0.6725
vn 0.0126 0.1663 0.9860
vn 0.3120 0.6782 0.6653
vn 0.4281 0.1630 0.8889
vn 0.6474 0.6249 0.4363
vn 0.8116 0.1852 0.5542
vn 0.7916 0.5993 0.1192
vn 0.9764 0.1934 0.0965
vn 0.8064 0.5771 -0.1292
vn 0.9721 0.1847 -0.1444
vn 0.4249 0.9015 -0.0825
vn 0.3327 0.8969 -0.2915
vn 0.6597 0.5226 -0.5401
vn 0.1254 0.9854 -0.1155
vn 0.0845 0.9769 -0.1965
vn 0.2055 0.9112 -0.3572
vn 0.0433 0.9649 -0.2589
vn 0.0850 0.8931 -0.4417
vn -0.0969 0.9637 -0.2488
vn -0.1716 0.8904 -0.4216
vn -0.1896 0.8636 -0.4672
vn -0.2693 0.8779 -0.3960
vn -0.1534 0.9661 -0.2077
vn -0.3194 0.9275 -0.1941
vn -0.1888 0.9765 -0.1037
vn -0.4009 0.9161 0.0085
vn -0.2457 0.9692 -0.0166
vn -0.3766 0.9183 0.1222
vn -0.2685 0.9575 0.1057
vn -0.2403 0.9361 0.2568
vn -0.2132 0.9532 0.2144
vn -0.1398 0.9607 0.2399
vn -0.1172 0.9505 0.2877
vn 0.0118 0.9828 0.1843
vn 0.0261 0.9363 0.3501
vn 0.0651 0.9829 0.1722
vn 0.1664 0.9148 0.3680
vn 0.1485 0.9850 0.0878
vn 0.3509 0.9136 0.2052
vn 0.1475 0.9886 0.0315
vn 0.3954 0.9156 0.0733
vn 0.3724 0.9240 0.0872
vn 0.3159 0.9449 -0.0856
vn 0.1761 0.9835 -0.0414
vn 0.8332 0.4966 -0.2434
vn 0.6943 0.4706 -0.5445
vn 0.2456 0.9481 -0.2019
vn 0.3178 0.5732 -0.7553
vn 0.1203 0.9057 -0.4064
vn 0.0573 0.6011 -0.7971
vn 0.0734 0.8723 -0.4835
vn 0.0105 0.1945 -0.9808
vn -0.3187 0.1705 -0.9324
vn -0.3020 0.5358 -0.7885
vn -0.5622 0.2731 -0.7806
vn -0.4759 0.5646 -0.6743
vn -0.8523 0.2965 -0.4308
vn -0.7336 0.5514 -0.3972
vn -0.9347 0.3309 -0.1298
vn -0.8175 0.5736 -0.0515
vn -0.8894 0.3489 0.2952
vn -0.6907 0.6909 0.2134
vn -0.6542 0.3807 0.6535
vn -0.4839 0.7137 0.5065
vn -0.3531 0.4197 0.8362
vn -0.2910 0.7075 0.6440
vn 0.0909 0.3882 0.9171
vn 0.0220 0.7728 0.6342
vn 0.4121 0.3902 0.8234
vn 0.2379 0.8625 0.4467
vn 0.7051 0.4828 0.5193
vn 0.3583 0.8981 0.2550
vn 0.7898 0.2010 0.5795
vn 0.9609 0.2134 0.1767
vn 0.8454 0.5051 0.1738
vn 0.9868 0.0210 0.1603
vn 0.9587 0.0214 -0.2835
vn 0.9329 0.2361 -0.2720
vn 0.8000 0.0340 -0.5990
vn 0.7574 0.2967 -0.5816
vn 0.4345 0.0418 -0.8997
vn 0.4136 0.3100 -0.8561
vn 0.4305 -0.0037 -0.9026
vn -0.0348 0.0008 -0.9994
vn -0.0268 0.0157 -0.9995
vn -0.2963 -0.0003 -0.9551
vn -0.3011 0.0145 -0.9535
vn -0.5640 0.0032 -0.8258
vn -0.5759 0.0560 -0.8156
vn -0.8873 -0.0016 -0.4612
vn -0.8921 0.0544 -0.4486
vn -0.9823 0.0035 -0.1873
vn -0.9843 0.0582 -0.1667
vn -0.9541 -0.0039 0.2994
vn -0.9479 0.0341 0.3169
vn -0.7398 -0.0034 0.6728
vn -0.7205 0.0361 0.6926
vn -0.3852 -0.0005 0.9228
vn -0.3711 0.0636 0.9264
vn 0.1329 -0.0036 0.9911
vn 0.1322 0.0756 0.9883
vn 0.4086 -0.0042 0.9127
vn 0.4143 0.1421 0.8990
vn 0.4156 -0.0036 0.9096
vn 0.8381 -0.0008 0.5456
vn 0.8181 0.0140 0.5749
vn 0.8535 0.0150 0.5208
vn 0.9930 0.0161 0.1167
vn 0.9903 -0.0025 0.1391
vn 0.9429 0.0128 -0.3329
vn 0.9529 0.0063 -0.3032
vn 0.7715 0.0222 -0.6359
vn 0.7872 -0.0067 -0.6167
vn 0.7436 0.1442 -0.6529
vn 0.3715 0.0792 -0.9251
vn 0.4081 0.0287 -0.9125
vn -0.0176 0.0622 -0.9979
vn -0.0290 0.0075 -0.9996
vn -0.2802 0.0593 -0.9581
vn -0.2885 0.0050 -0.9575
vn -0.5332 0.0487 -0.8446
vn -0.5489 0.0063 -0.8359
vn -0.8684 0.0577 -0.4924
vn -0.8808 0.0038 -0.4734
vn -0.9727 0.0805 -0.2176
vn -0.9779 0.0035 -0.2089
vn -0.9691 0.0854 0.2313
vn -0.9638 0.0037 0.2666
vn -0.7730 0.0530 0.6321
vn -0.7593 -0.0090 0.6507
vn -0.4436 0.0225 0.8959
vn -0.4186 -0.0088 0.9081
vn 0.1221 0.0115 0.9925
vn 0.1274 -0.0044 0.9918
vn 0.0978 0.2336 0.9674
vn 0.4441 0.1947 0.8746
vn 0.4282 0.0070 0.9037
vn 0.4078 0.5465 0.7314
vn 0.7292 0.4825 0.4852
vn 0.8373 0.1497 0.5258
vn 0.8717 0.4827 0.0842
vn 0.9828 0.1589 0.0942
vn 0.8336 0.4615 -0.3035
vn 0.9262 0.1668 -0.3380
vn 0.6255 0.7448 -0.2325
vn 0.4804 0.7064 -0.5198
vn 0.6500 0.4158 -0.6360
vn 0.2398 0.7062 -0.6661
vn 0.3267 0.3421 -0.8811
vn 0.0352 0.7233 -0.6897
vn 0.0118 0.3534 -0.9354
vn -0.1918 0.7124 -0.6750
vn -0.2541 0.3813 -0.8889
vn -0.4112 0.7062 -0.5764
vn -0.5315 0.2770 -0.8005
vn -0.5594 0.7116 -0.4251
vn -0.7994 0.2933 -0.5244
vn -0.6733 0.7272 -0.1336
vn -0.9077 0.3726 -0.1930
vn -0.6689 0.7354 0.1081
vn -0.9099 0.3747 0.1780
vn -0.5476 0.7227 0.4217
vn -0.7211 0.3913 0.5717
vn -0.2967 0.6950 0.6549
vn -0.4162 0.2912 0.8614
vn -0.1383 0.9413 0.3080
vn 0.0299 0.9256 0.3772
vn 0.0600 0.6432 0.7634
vn 0.0029 0.9969 0.0781
vn 0.0472 0.9959 0.0773
vn 0.2211 0.8964 0.3841
vn 0.1149 0.9899 0.0835
vn 0.4211 0.8577 0.2951
vn 0.2506 0.9678 0.0219
vn 0.6013 0.7969 0.0581
vn 0.0476 0.9989 0.0049
vn 0.0778 0.9966 -0.0257
vn 0.3218 0.9399 -0.1142
vn 0.0547 0.9958 -0.0737
vn 0.2222 0.9379 -0.2665
vn 0.0294 0.9960 -0.0848
vn 0.1172 0.9406 -0.3186
vn 0.0014 0.9949 -0.1007
vn 0.0178 0.9293 -0.3690
vn -0.0206 0.9940 -0.1078
vn -0.0961 0.9260 -0.3652
vn -0.0613 0.9941 -0.0893
vn -0.1920 0.9440 -0.2683
vn -0.0843 0.9945 -0.0624
vn -0.2889 0.9305 -0.2252
vn -0.0975 0.9950 -0.0195
vn -0.3810 0.9211 -0.0799
vn -0.0819 0.9966 0.0092
vn -0.3594 0.9316 0.0548
vn -0.0577 0.9975 0.0398
vn -0.2832 0.9348 0.2142
vn -0.0434 0.9990 -0.0081
vn -0.0437 0.9990 0.0041
vn -0.0697 0.9975 -0.0075
vn -0.0816 0.9967 0.0027
vn -0.0839 0.9965 -0.0019
vn -0.0882 0.9961 0.0001
vn -0.0802 0.9968 -0.0002
vn -0.0781 0.9969 0.0004
vn -0.0823 0.9966 0.0019
vn -0.0725 0.9974 0.0033
vn -0.0583 0.9982 0.0124
vn -0.0598 0.9982 0.0097
vn -0.0266 0.9991 0.0319
vn -0.0079 0.9983 0.0580
vn -0.0024 0.9974 0.0713
vn -0.0098 0.9979 0.0643
vn 0.0002 0.9970 0.0769
vn -0.0006 0.9968 0.0800
vn -0.0009 0.9963 0.0859
vn -0.0024 0.9969 0.0790
vn -0.0090 0.9982 0.0589
vn -0.0023 0.9992 0.0390
vn -0.0140 0.9991 0.0407
vn -0.0004 0.9969 0.0790
vn -0.0010 0.9975 0.0712
vn -0.0002 0.9975 0.0703
vn 0.0001 0.9969 0.0787
vn 0.0043 0.9977 0.0684
vn 0.0133 0.9983 0.0570
vn 0.0265 0.9987 0.0446
vn 0.0502 0.9985 0.0216
vn 0.0371 0.9993 0.0013
vn 0.0569 0.9984 -0.0000
vn 0.0788 0.9968 0.0099
vn 0.0708 0.9975 0.0009
vn 0.0975 0.9952 0.0024
vn 0.0783 0.9969 -0.0002
vn 0.1048 0.9945 -0.0000
vn 0.0890 0.9960 -0.0042
vn 0.0712 0.9974 -0.0131
vn 0.0956 0.9954 0.0032
vn 0.0290 0.9995 -0.0076
vn 0.0410 0.9991 0.0050
vn 0.0898 0.9960 -0.0013
vn 0.0908 0.9959 -0.0013
vn 0.0581 0.9981 -0.0185
vn 0.0768 0.9970 -0.0047
vn 0.0272 0.9990 -0.0367
vn 0.0103 0.9985 -0.0531
vn 0.0012 0.9973 -0.0731
vn 0.0047 0.9978 -0.0662
vn 0.0002 0.9973 -0.0735
vn 0.0001 0.9968 -0.0801
vn -0.0001 0.9968 -0.0798
vn -0.0000 0.9966 -0.0822
vn 0.0012 0.9968 -0.0794
vn 0.0004 0.9972 -0.0747
vn 0.0049 0.9979 -0.0639
vn -0.0008 0.9990 -0.0442
vn 0.0057 0.9994 -0.0342
vn -0.0026 0.9978 -0.0669
vn -0.0028 0.9993 -0.0376
vn -0.0005 0.9967 -0.0815
vn -0.0003 0.9967 -0.0808
vn -0.0016 0.9970 -0.0776
vn 0.0013 0.9970 -0.0771
vn -0.0010 0.9970 -0.0772
vn -0.0032 0.9978 -0.0664
vn -0.0108 0.9983 -0.0571
vn -0.0350 0.9990 -0.0271
vn -0.0598 0.9982 -0.0104
vn -0.0294 0.9990 -0.0322
vn -0.0764 0.9971 -0.0017
vn -0.0569 0.9983 -0.0118
vn -0.0719 0.9974 0.0010
vn -0.0696 0.9976 -0.0012
vn -0.0836 0.9965 -0.0005
vn -0.0755 0.9971 -0.0024
vn -0.0944 0.9955 0.0025
vn -0.0643 0.9979 -0.0003
vn -0.1234 0.9924 0.0015
vn -0.0626 0.9980 0.0002
vn -0.1276 0.9918 -0.0004
vn -0.0596 0.9982 0.0011
vn -0.1186 0.9929 -0.0010
vn -0.0537 0.9986 0.0023
vn -0.1197 0.9928 0.0032
vn -0.0419 0.9991 0.0104
vn -0.0305 0.9988 0.0387
vn -0.0227 0.9984 0.0516
vn -0.0388 0.9986 0.0352
vn -0.0482 0.9929 0.1089
vn -0.0017 0.9984 0.0573
vn -0.0027 0.9982 0.0597
vn -0.0003 0.9983 0.0591
vn -0.0010 0.9980 0.0637
vn 0.0040 0.9970 0.0767
vn 0.0010 0.9976 0.0687
vn 0.0058 0.6323 0.7747
vn -0.0024 0.7187 0.6953
vn -0.0050 0.9976 0.0693
vn -0.0018 0.8466 0.5322
vn 0.0001 0.9989 0.0478
vn 0.0033 0.8442 0.5360
vn 0.0019 0.9991 0.0426
vn 0.1082 0.6938 0.7120
vn 0.0348 0.9965 0.0763
vn 0.0727 0.1397 0.9875
vn 0.5629 0.2689 0.7816
vn 0.5634 0.5424 0.6232
vn 0.9437 0.2761 0.1820
vn 0.8842 0.4256 0.1922
vn 0.9612 0.2756 0.0079
vn 0.8901 0.4556 -0.0080
vn 0.8164 0.5773 -0.0142
vn 0.0174 0.9998 -0.0006
vn 0.2280 0.9725 0.0479
vn 0.7309 0.6825 -0.0032
vn 0.0174 0.9998 0.0010
vn 0.6609 0.7505 -0.0028
vn 0.0192 0.9998 0.0006
vn 0.5452 0.8383 -0.0038
vn 0.0198 0.9998 0.0006
vn 0.4989 0.8666 -0.0021
vn 0.0208 0.9998 -0.0003
vn 0.6385 0.7695 0.0141
vn 0.0187 0.9998 -0.0048
vn 0.8006 0.5942 -0.0770
vn 0.0918 0.9948 -0.0435
vn 0.3066 0.9170 -0.2552
vn 0.0327 0.9979 -0.0555
vn 0.0521 0.9985 -0.0154
vn 0.7900 0.3873 -0.4753
vn 0.1849 0.1053 -0.9771
vn 0.2280 0.4264 -0.8753
vn 0.0012 0.0150 -0.9999
vn 0.0036 0.0486 -0.9988
vn -0.0001 0.0114 -0.9999
vn -0.0009 0.0365 -0.9993
vn -0.0008 0.0445 -0.9990
vn 0.0015 0.6449 -0.7643
vn 0.0024 0.6936 -0.7203
vn 0.0016 0.9984 -0.0571
vn 0.0021 0.9977 -0.0675
vn 0.0007 0.9981 -0.0620
vn 0.0006 0.9979 -0.0648
vn 0.0015 0.9992 -0.0396
vn -0.0005 0.9982 -0.0599
vn -0.0024 0.4892 -0.8722
vn 0.0001 0.0398 -0.9992
vn -0.0002 0.0105 -0.9999
vn -0.0027 0.0176 -0.9998
vn -0.0122 0.0658 -0.9978
vn 0.0032 0.0135 -0.9999
vn 0.0143 0.0536 -0.9985
vn -0.0003 0.0032 -1.0000
vn -0.0008 0.0171 -0.9999
vn -0.0055 0.0220 -0.9997
vn -0.0111 0.0725 -0.9973
vn 0.0162 0.1710 -0.9851
vn -0.0427 0.9271 -0.3723
vn -0.0132 0.9855 -0.1694
vn -0.0100 0.9986 -0.0520
vn -0.0013 0.9986 -0.0538
vn -0.0942 0.9880 -0.1221
vn -0.0483 0.9982 -0.0365
vn -0.0143 0.9985 -0.0522
vn -0.0524 0.9983 -0.0243
vn -0.0618 0.9981 -0.0053
vn -0.0571 0.9983 -0.0089
vn -0.0643 0.9979 -0.0008
vn -0.0662 0.9978 -0.0030
vn -0.5322 0.8466 0.0023
vn -0.5554 0.8316 -0.0001
vn -0.0714 0.9974 0.0025
vn -0.9865 0.1635 -0.0011
vn -0.9930 0.1182 -0.0050
vn -0.6426 0.7662 -0.0051
vn -0.9966 0.0820 0.0017
vn -0.7521 0.6591 -0.0000
vn -0.9970 0.0772 -0.0005
vn -0.8065 0.5912 0.0011
vn -0.9972 0.0746 -0.0000
vn -0.8115 0.5843 -0.0003
vn -0.9969 0.0783 -0.0001
vn -0.8057 0.5923 -0.0021
vn -0.9972 0.0743 -0.0010
vn -0.8001 0.5999 -0.0031
vn -0.9981 0.0441 0.0438
vn -0.7973 0.6036 0.0020
vn -0.9978 0.0390 0.0544
vn -0.9492 0.0639 0.3080
vn -0.9084 0.2024 0.3658
vn -0.3398 0.0923 0.9360
vn -0.3643 0.3737 0.8530
vn -0.0841 0.0673 0.9942
vn -0.2111 0.1613 0.9641
vn -0.0166 0.0508 0.9986
vn -0.1019 0.7612 0.6404
vn -0.2362 0.7340 0.6368
vn 0.0003 0.0373 0.9993
vn 0.0091 0.7365 0.6764
vn 0.0004 0.0351 0.9994
vn 0.0020 0.6741 0.7386
vn 0.0002 0.0112 0.9999
vn 0.0006 0.0131 0.9999
vn 0.0011 0.0341 0.9994
vn -0.0006 0.0142 0.9999
vn 0.0005 0.0502 0.9987
vn -0.0000 0.0138 0.9999
vn -0.0006 0.0698 0.9976
vn -0.0001 0.0125 0.9999
vn 0.0006 0.0698 0.9976
vn 0.0115 0.0052 0.9999
vn 0.0288 0.0482 0.9984
vn 0.5246 -0.0491 0.8500
vn 0.5206 0.0522 0.8522
vn 0.9818 -0.0496 0.1831
vn 0.9818 0.0340 0.1870
vn 0.9977 -0.0678 -0.0056
vn 0.9997 0.0226 0.0030
vn 0.9970 -0.0776 -0.0023
vn 0.9987 0.0497 -0.0098
vn 0.9973 0.0739 0.0019
vn 0.9470 0.3212 0.0018
vn 0.9524 0.3048 -0.0089
vn 0.9977 0.0682 0.0005
vn 0.9391 0.3435 0.0014
vn 0.9971 0.0763 -0.0013
vn 0.9324 0.3615 0.0011
vn 0.9959 0.0900 -0.0019
vn 0.9329 0.3602 -0.0025
vn 0.9966 0.0826 0.0059
vn 0.9401 0.3408 -0.0004
vn 0.9947 0.0909 -0.0477
vn 0.9433 0.3223 -0.0796
vn 0.8385 0.0376 -0.5437
vn 0.8244 0.1996 -0.5296
vn 0.1845 -0.0175 -0.9827
vn 0.1727 0.0288 -0.9845
vn 0.0010 -0.0059 -1.0000
vn 0.0007 0.0032 -1.0000
vn 0.0007 -0.0064 -1.0000
vn 0.0003 0.0021 -1.0000
vn -0.0001 -0.0083 -1.0000
vn 0.0002 0.0020 -1.0000
vn -0.0008 -0.0135 -0.9999
vn -0.0003 -0.0016 -1.0000
vn 0.0007 -0.0181 -0.9998
vn -0.0001 -0.0020 -1.0000
vn -0.0005 -0.0200 -0.9998
vn 0.0003 -0.0027 -1.0000
vn 0.0006 -0.0202 -0.9998
vn -0.0000 -0.0050 -1.0000
vn 0.0030 -0.0131 -0.9999
vn -0.0004 -0.0029 -1.0000
vn -0.0243 0.0080 -0.9997
vn -0.0356 0.0125 -0.9993
vn -0.0021 0.0050 -1.0000
vn -0.4330 0.0079 -0.9013
vn -0.4542 0.0476 -0.8896
vn -0.0561 0.0438 -0.9975
vn -0.4220 0.1636 -0.8917
vn -0.1388 0.1564 -0.9779
vn -0.7633 0.0286 -0.6454
vn -0.7888 0.1430 -0.5977
vn -0.9991 0.0101 -0.0423
vn -0.9786 0.2015 -0.0414
vn -0.9828 0.1847 0.0050
vn -0.5549 0.8319 0.0049
vn -0.5952 0.8035 -0.0095
vn -0.9998 0.0185 0.0024
vn -0.9998 0.0213 -0.0004
vn -0.9843 0.1767 0.0010
vn -0.9999 0.0128 -0.0002
vn -0.9999 0.0122 0.0003
vn -0.9998 0.0200 0.0002
vn -0.9999 0.0119 -0.0001
vn -0.9999 0.0171 -0.0005
vn -0.9999 0.0114 0.0002
vn -0.9999 0.0172 0.0006
vn -0.9999 0.0113 -0.0002
vn -0.9998 0.0189 -0.0002
vn -0.9999 0.0121 -0.0000
vn -0.9998 0.0182 0.0001
vn -0.9999 0.0127 -0.0002
vn -0.9998 0.0192 -0.0001
vn -0.9999 0.0139 0.0049
vn -0.9998 0.0212 0.0059
vn -0.9946 -0.0936 -0.0456
vn -0.9995 0.0264 0.0183
vn -0.9990 0.0277 0.0346
vn -0.9345 0.0342 0.3543
vn -0.9398 0.0282 0.3406
vn -0.3137 -0.0758 0.9465
vn -0.3456 0.0113 0.9383
vn -0.0396 -0.0801 0.9960
vn -0.0354 0.0194 0.9992
vn -0.0090 -0.0303 0.9995
vn -0.0022 0.0002 1.0000
vn 0.0001 -0.0001 1.0000
vn -0.0000 0.0122 0.9999
vn -0.0048 0.0165 0.9999
vn 0.0006 -0.0159 0.9999
vn 0.0004 -0.0175 0.9998
vn 0.0003 -0.0018 1.0000
vn -0.0002 -0.0183 0.9998
vn -0.0000 -0.0023 1.0000
vn 0.0001 -0.0173 0.9998
vn -0.0000 -0.0019 1.0000
vn -0.0001 -0.0152 0.9999
vn -0.0000 -0.0011 1.0000
vn -0.0002 -0.0431 0.9991
vn -0.0011 -0.0435 0.9991
vn -0.0006 -0.0143 0.9999
vn 0.0225 -0.0773 0.9968
vn 0.0113 -0.0248 0.9996
vn 0.6244 -0.2825 0.7282
vn 0.5637 -0.1784 0.8065
vn 0.7515 -0.6595 -0.0158
vn 0.9114 -0.3878 0.1379
vn 0.5447 -0.8386 0.0054
vn 0.8634 -0.5045 0.0015
vn 0.4390 -0.8985 -0.0012
vn 0.8774 -0.4797 0.0011
vn 0.4418 -0.8970 0.0154
vn 0.8825 -0.4702 -0.0011
vn 0.8838 -0.4679 0.0001
vn 0.9979 -0.0649 0.0004
vn 0.9974 -0.0715 0.0006
vn 0.8848 -0.4659 -0.0011
vn 0.9983 -0.0585 -0.0006
vn 0.8845 -0.4664 0.0005
vn 0.9985 -0.0553 -0.0000
vn 0.8832 -0.4690 -0.0026
vn 0.9986 -0.0533 0.0042
vn 0.8856 -0.4644 -0.0062
vn 0.9997 -0.0184 -0.0145
vn 0.8688 -0.2663 -0.4175
vn 0.8512 -0.0370 -0.5235
vn 0.2068 -0.0908 -0.9742
vn 0.1997 -0.0242 -0.9796
vn -0.0043 -0.3343 -0.9424
vn 0.0030 -0.0158 -0.9999
vn 0.0047 -0.6258 -0.7799
vn -0.0021 -0.0317 -0.9995
vn 0.0025 -0.7598 -0.6502
vn 0.0002 -0.0489 -0.9988
vn 0.0031 -0.8323 -0.5543
vn -0.0003 -0.0489 -0.9988
vn 0.0050 -0.8913 -0.4533
vn 0.0007 -0.0538 -0.9986
vn 0.0001 -0.9157 -0.4018
vn -0.0006 -0.0579 -0.9983
vn 0.0075 -0.9296 -0.3684
vn 0.0012 -0.0584 -0.9983
vn 0.0164 -0.9610 -0.2759
vn -0.0181 -0.1292 -0.9915
vn -0.0471 -0.9835 -0.1748
vn -0.0234 -0.2299 -0.9729
vn -0.1283 -0.9190 -0.3729
vn 0.0013 -0.9197 -0.3926
vn -0.0043 -0.7090 -0.7052
vn -0.0568 -0.7328 -0.6780
vn -0.0017 -0.9348 -0.3551
vn -0.0688 -0.4191 -0.9053
vn -0.4188 -0.4071 -0.8117
vn -0.2975 -0.7865 -0.5412
vn -0.3464 -0.0335 -0.9375
vn -0.9921 -0.0146 -0.1244
vn -0.8538 -0.4330 -0.2892
vn -0.9995 -0.0210 -0.0250
vn -0.8967 -0.4417 -0.0282
vn -0.9998 -0.0206 0.0054
vn -0.9005 -0.4342 0.0235
vn -0.9193 -0.3935 0.0047
vn -0.7100 -0.7042 -0.0007
vn -0.7020 -0.7122 0.0029
vn -0.5900 -0.8074 -0.0009
vn -0.5618 -0.8272 -0.0055
vn -0.6098 -0.7926 -0.0019
vn -0.6584 -0.7527 0.0005
vn -0.7292 -0.6837 -0.0290
vn -0.9878 -0.1555 0.0117
vn -0.9991 -0.0405 0.0154
vn -0.9981 0.0018 -0.0617
vn -0.9999 0.0103 -0.0009
vn -0.9987 -0.0012 -0.0502
vn -0.7528 -0.2490 -0.6094
vn -0.8091 -0.5804 -0.0922
vn -0.7383 0.0112 -0.6744
vn -0.3355 0.0220 -0.9418
vn -0.3934 0.0108 -0.9193
vn -0.7555 0.0125 -0.6550
vn -0.9755 -0.2201 -0.0012
vn -0.5870 -0.8096 0.0001
vn -0.9647 -0.2634 0.0021
vn -0.5738 -0.8190 -0.0007
vn -0.9493 -0.3144 -0.0001
vn -0.5490 -0.8358 0.0002
vn -0.9352 -0.3540 0.0015
vn -0.5490 -0.8358 -0.0016
vn -0.9337 -0.3581 -0.0001
vn -0.5959 -0.8029 0.0115
vn -0.9636 -0.2673 -0.0085
vn -0.6296 -0.7769 -0.0048
vn -0.5881 -0.8087 0.0113
vn -0.7164 -0.6977 0.0053
vn -0.6978 -0.7155 0.0339
vn -0.9297 -0.3682 -0.0076
vn -0.9235 -0.3836 0.0031
vn -0.9999 -0.0078 -0.0107
vn -0.9084 -0.0128 0.4180
vn -0.7881 -0.4654 0.4029
vn -0.4494 -0.0101 0.8933
vn -0.4547 -0.5082 0.7315
vn -0.0815 -0.0098 0.9966
vn -0.0869 -0.4750 0.8757
vn -0.0041 -0.4644 0.8856
vn -0.0029 -0.7068 0.7074
vn -0.0360 -0.7204 0.6927
vn 0.0026 -0.9779 0.2090
vn 0.0358 -0.9150 0.4019
vn -0.0026 -0.8406 0.5417
vn -0.0777 -0.8371 0.5415
vn -0.1190 -0.8212 0.5581
vn -0.0611 -0.1669 0.9841
vn -0.0878 -0.3125 0.9459
vn 0.0003 -0.0523 0.9986
vn 0.0008 -0.8223 0.5691
vn 0.0002 -0.0488 0.9988
vn -0.0009 -0.8225 0.5687
vn -0.0002 -0.0479 0.9989
vn 0.0020 -0.8043 0.5942
vn -0.0000 -0.0457 0.9990
vn 0.0004 -0.9809 0.1946
vn 0.0003 -0.9818 0.1902
vn -0.0000 -0.7816 0.6237
vn 0.0028 -0.9828 0.1844
vn -0.0030 -0.8180 0.5753
vn 0.0008 -0.7047 0.7095
vn 0.0061 -0.7131 0.7010
vn -0.0056 -0.4639 0.8859
vn 0.0100 -0.4756 0.8796
vn 0.0062 -0.0193 0.9998
vn 0.0754 -0.0079 0.9971
vn 0.2213 -0.4685 0.8553
vn 0.6491 -0.0155 0.7605
vn 0.7119 -0.4160 0.5659
vn 0.9986 -0.0090 0.0518
vn 0.9489 -0.3072 0.0715
vn 0.9608 -0.2764 -0.0221
vn 0.6952 -0.7187 0.0113
vn 0.6603 -0.7482 0.0646
vn 0.6770 -0.7359 -0.0134
vn 0.5805 -0.8142 0.0084
vn 0.7131 -0.7011 0.0017
vn 0.6836 -0.7298 0.0104
vn 0.7315 -0.6818 0.0074
vn 0.6708 -0.7416 -0.0023
vn 0.7002 -0.7139 0.0047
vn 0.4515 -0.8922 -0.0013
vn 0.4615 -0.8871 -0.0093
vn 0.7117 -0.7025 -0.0015
vn 0.4614 -0.8872 0.0038
vn 0.6899 -0.7239 0.0066
vn 0.4930 -0.8699 -0.0147
vn 0.5825 -0.8126 -0.0173
vn 0.6384 -0.7697 0.0040
vn 0.6984 -0.7157 -0.0034
vn 0.6864 -0.7242 -0.0666
vn 0.9796 -0.2012 0.0034
vn 0.9708 -0.2248 -0.0844
vn 1.0000 -0.0059 0.0020
vn 0.9964 -0.0007 -0.0853
vn 0.9980 -0.0016 -0.0638
vn 0.5047 0.0021 -0.8633
vn 0.5389 -0.0096 -0.8423
vn 0.0489 0.0021 -0.9988
vn 0.1252 0.0034 -0.9921
vn 0.0044 -0.0000 -1.0000
vn 0.0080 -0.0154 -0.9999
vn -0.0015 -0.0201 -0.9998
vn -0.0011 -0.4230 -0.9061
vn -0.0083 -0.4340 -0.9009
vn -0.0004 -0.7069 -0.7073
vn -0.0042 -0.7194 -0.6946
vn 0.0307 -0.7797 -0.6255
vn 0.0055 -0.9415 -0.3369
vn 0.0319 -0.9159 -0.4000
vn -0.0010 -0.9394 -0.3429
vn 0.0003 -0.7048 -0.7094
vn -0.0015 -0.9387 -0.3446
vn -0.0002 -0.7045 -0.7097
vn 0.0002 -0.9373 -0.3485
vn -0.0007 -0.7056 -0.7087
vn -0.0002 -0.9345 -0.3560
vn -0.0016 -0.4163 -0.9092
vn 0.0066 -0.4371 -0.8994
vn 0.0006 -0.0133 -0.9999
vn -0.0006 -0.0153 -0.9999
vn -0.0145 -0.4457 -0.8951
vn -0.0053 0.0001 -1.0000
vn -0.0202 -0.0000 -0.9998
vn -0.0197 -0.0184 -0.9996
vn -0.0186 0.0002 -0.9998
vn -0.3382 -0.0005 -0.9411
vn -0.3347 -0.0042 -0.9423
vn -0.9979 -0.0003 -0.0651
vn -0.9969 0.0009 -0.0783
vn -1.0000 -0.0003 -0.0095
vn -0.9999 0.0002 -0.0105
vn -1.0000 -0.0000 -0.0018
vn -1.0000 -0.0001 -0.0020
vn -1.0000 -0.0000 -0.0001
vn -1.0000 -0.0001 -0.0001
vn -1.0000 -0.0002 -0.0000
vn -0.9999 -0.0147 0.0003
vn -0.9999 -0.0170 0.0019
vn -0.9999 -0.0154 -0.0009
vn -0.9408 -0.3391 -0.0015
vn -0.9346 -0.3557 -0.0018
vn -0.7169 -0.6971 0.0001
vn -0.7146 -0.6996 -0.0006
vn -0.6130 -0.7901 0.0007
vn -0.6051 -0.7961 -0.0000
vn -0.7209 -0.6930 -0.0015
vn -0.6322 -0.7748 0.0035
vn -0.9411 -0.3380 0.0011
vn -0.9999 -0.0151 -0.0012
vn -1.0000 -0.0002 -0.0036
vn -0.9999 -0.0121 -0.0031
vn -1.0000 -0.0003 -0.0014
vn -1.0000 -0.0014 -0.0056
vn -0.9999 -0.0004 -0.0140
vn -0.9450 0.0013 0.3271
vn -0.9412 -0.0038 0.3377
vn -0.3462 0.0063 0.9381
vn -0.3921 -0.0044 0.9199
vn -0.0344 0.0021 0.9994
vn -0.0468 -0.0019 0.9989
vn -0.0045 0.0001 1.0000
vn -0.0045 -0.0003 1.0000
vn -0.0001 -0.0001 1.0000
vn 0.0008 -0.0196 0.9998
vn -0.0022 -0.0170 0.9999
vn 0.0006 -0.0204 0.9998
vn 0.0006 -0.4490 0.8935
vn 0.0047 -0.4563 0.8898
vn 0.0003 -0.7047 0.7096
vn -0.0004 -0.7040 0.7102
vn -0.0000 -0.9796 0.2011
vn 0.0002 -0.9787 0.2054
vn -0.0004 -0.4490 0.8935
vn -0.0006 -0.7047 0.7095
vn 0.0001 -0.0185 0.9998
vn -0.0000 -0.0001 1.0000
vn 0.0003 -0.0001 1.0000
vn -0.0044 -0.0198 0.9998
vn 0.0005 -0.0000 1.0000
vn 0.0050 0.0001 1.0000
vn 0.0051 -0.0003 1.0000
vn 0.0258 0.0001 0.9997
vn 0.0228 -0.0013 0.9997
vn 0.5305 0.0012 0.8477
vn 0.5732 -0.0018 0.8194
vn 0.9988 -0.0004 0.0488
vn 0.9988 -0.0001 0.0481
vn 1.0000 -0.0002 0.0052
vn 1.0000 0.0002 0.0047
vn 1.0000 -0.0000 0.0001
vn 1.0000 -0.0076 -0.0019
vn 1.0000 -0.0096 0.0018
vn 1.0000 -0.0070 0.0006
vn 0.9786 -0.2055 0.0077
vn 0.9773 -0.2119 -0.0063
vn 0.9999 -0.0130 0.0014
vn 0.9706 -0.2408 0.0062
vn 0.9741 -0.2257 -0.0123
vn 0.7140 -0.7000 -0.0155
vn 0.7378 -0.6750 0.0083
vn 0.9999 -0.0112 -0.0016
vn 1.0000 -0.0001 -0.0000
vn 1.0000 -0.0001 0.0001
vn 1.0000 -0.0000 -0.0002
vn 1.0000 -0.0004 -0.0026
vn 1.0000 -0.0005 0.0009
vn 1.0000 0.0002 -0.0033
vn 0.9969 -0.0006 -0.0793
vn 0.9974 -0.0012 -0.0714
vn 0.4567 -0.0017 -0.8896
vn 0.4758 0.0007 -0.8795
vn 0.0214 -0.0003 -0.9998
vn 0.0267 0.0012 -0.9996
vn 0.0026 -0.0000 -1.0000
vn 0.0035 0.0002 -1.0000
vn -0.0000 -0.0000 -1.0000
vn 0.0001 -0.0000 -1.0000
vn -0.0000 -0.0001 -1.0000
vn 0.0001 -0.0001 -1.0000
vn -0.0000 -0.0002 -1.0000
vn -0.0006 -0.0150 -0.9999
vn -0.0002 -0.0179 -0.9998
vn -0.0003 -0.0000 -1.0000
vn -0.0004 -0.0001 -1.0000
vn -0.0033 -0.0000 -1.0000
vn -0.0035 -0.0000 -1.0000
vn -0.0155 0.0006 -0.9999
vn -0.0173 -0.0000 -0.9998
vn -0.3291 0.0017 -0.9443
vn -0.3388 -0.0004 -0.9408
vn -0.9980 -0.0008 -0.0625
vn -0.9982 0.0005 -0.0603
vn -1.0000 -0.0004 -0.0095
vn -1.0000 0.0003 -0.0092
vn -1.0000 -0.0000 -0.0000
vn -1.0000 -0.0000 0.0001
vn -1.0000 -0.0000 0.0008
vn -1.0000 -0.0000 0.0005
vn -1.0000 -0.0002 0.0022
vn -1.0000 -0.0001 0.0010
vn -0.9230 -0.0016 0.3849
vn -0.9414 -0.0006 0.3372
vn -0.2288 0.0028 0.9735
vn -0.2805 0.0005 0.9599
vn -0.0187 0.0002 0.9998
vn -0.0191 -0.0002 0.9998
vn -0.0026 -0.0000 1.0000
vn -0.0030 -0.0000 1.0000
vn -0.0001 -0.0000 1.0000
vn -0.0000 -0.0000 1.0000
vn 0.0004 -0.0000 1.0000
vn 0.0055 0.0002 1.0000
vn 0.0051 -0.0001 1.0000
vn 0.0195 0.0007 0.9998
vn 0.0243 0.0003 0.9997
vn 0.5424 -0.0039 0.8401
vn 0.5251 0.0005 0.8510
vn 0.9980 -0.0008 0.0625
vn 0.9985 -0.0004 0.0540
vn 1.0000 -0.0001 0.0054
vn 1.0000 0.0002 0.0057
vn 1.0000 -0.0000 0.0002
vn 1.0000 -0.0000 0.0003
vn 1.0000 -0.0000 -0.0000
vn 1.0000 -0.0000 -0.0001
vn 1.0000 -0.0003 -0.0001
vn 1.0000 -0.0001 -0.0029
vn 1.0000 -0.0002 -0.0026
vn 0.9947 -0.0045 -0.1029
vn 0.9962 -0.0010 -0.0869
vn 0.4127 0.0019 -0.9108
vn 0.4354 -0.0017 -0.9002
vn 0.0183 0.0002 -0.9998
vn 0.0195 0.0004 -0.9998
vn 0.0019 0.0004 -1.0000
vn 0.0023 -0.0000 -1.0000
vn -0.0003 -0.0001 -1.0000
vn -0.0000 -0.0010 -1.0000
vn -0.0000 -0.0011 -1.0000
vn -0.0001 -0.0008 -1.0000
vn 0.0004 -0.0051 -1.0000
vn -0.0005 -0.0022 -1.0000
vn -0.0030 -0.0003 -1.0000
vn -0.0101 0.0043 -0.9999
vn -0.0138 -0.0001 -0.9999
vn -0.2320 0.0281 -0.9723
vn -0.2902 0.0132 -0.9569
vn -0.9972 -0.0141 -0.0735
vn -0.9973 -0.0011 -0.0729
vn -0.9996 -0.0208 -0.0187
vn -0.9999 -0.0010 -0.0134
vn -0.9999 -0.0155 -0.0038
vn -1.0000 -0.0013 -0.0022
vn -1.0000 -0.0093 -0.0017
vn -1.0000 -0.0009 -0.0003
vn -1.0000 -0.0048 -0.0000
vn -1.0000 -0.0005 -0.0000
vn -1.0000 -0.0044 -0.0000
vn -1.0000 -0.0006 -0.0000
vn -1.0000 -0.0047 -0.0000
vn -1.0000 -0.0005 0.0001
vn -1.0000 -0.0018 -0.0022
vn -1.0000 -0.0001 0.0005
vn -1.0000 0.0032 -0.0000
vn -1.0000 0.0006 0.0022
vn -0.8224 0.0037 0.5689
vn -0.8940 0.0052 0.4479
vn -0.1143 0.0207 0.9932
vn -0.1759 0.0125 0.9843
vn -0.0092 -0.0066 0.9999
vn -0.0158 0.0008 0.9999
vn 0.0005 -0.0123 0.9999
vn -0.0015 -0.0012 1.0000
vn -0.0005 -0.0133 0.9999
vn -0.0002 -0.0017 1.0000
vn 0.0002 -0.0125 0.9999
vn -0.0000 -0.0017 1.0000
vn -0.0006 -0.0107 0.9999
vn -0.0000 -0.0016 1.0000
vn -0.0002 -0.0075 1.0000
vn 0.0003 -0.0011 1.0000
vn 0.0037 -0.0057 1.0000
vn 0.0048 -0.0005 1.0000
vn 0.0238 -0.0040 0.9997
vn 0.0202 -0.0008 0.9998
vn 0.5626 0.0155 0.8266
vn 0.5595 0.0091 0.8288
vn 0.9983 -0.0008 0.0578
vn 0.9979 0.0025 0.0648
vn 1.0000 -0.0068 0.0037
vn 1.0000 -0.0009 0.0054
vn 1.0000 -0.0077 0.0003
vn 1.0000 -0.0012 0.0003
vn 1.0000 -0.0064 0.0002
vn 1.0000 -0.0011 -0.0000
vn 1.0000 -0.0043 0.0003
vn 1.0000 -0.0007 -0.0000
vn 0.9999 -0.0159 0.0014
vn 1.0000 -0.0055 0.0015
vn 1.0000 -0.0018 0.0004
vn 1.0000 0.0008 0.0004
vn 1.0000 0.0004 -0.0019
vn 0.9906 -0.0093 -0.1365
vn 0.9919 -0.0095 -0.1265
vn 0.4004 0.0178 -0.9162
vn 0.3982 0.0102 -0.9172
vn 0.0116 0.0206 -0.9997
vn 0.0189 0.0050 -0.9998
vn 0.0005 0.0105 -0.9999
vn 0.0014 0.0039 -1.0000
vn -0.0062 -0.0093 -0.9999
vn -0.0015 -0.0010 -1.0000
vn -0.0000 -0.0323 -0.9995
vn -0.0000 -0.0061 -1.0000
vn 0.0001 -0.0313 -0.9995
vn -0.0000 -0.0059 -1.0000
vn -0.0016 -0.4834 -0.8754
vn 0.0053 -0.4387 -0.8986
vn 0.0015 -0.0270 -0.9996
vn 0.0279 -0.3683 -0.9293
vn 0.0098 -0.0143 -0.9999
vn -0.0609 -0.3495 -0.9350
vn 0.0041 0.0075 -1.0000
vn -0.0249 -0.9376 -0.3469
vn -0.2142 -0.8726 -0.4390
vn -0.0311 -0.9990 -0.0334
vn -0.1807 -0.9808 -0.0731
vn -0.1360 -0.9906 -0.0161
vn -0.5085 -0.8607 -0.0230
vn -0.6067 -0.7837 -0.1331
vn -0.9044 -0.4264 -0.0176
vn -0.8890 -0.4473 -0.0982
vn -0.9919 -0.1260 -0.0141
vn -0.9893 -0.1437 -0.0259
vn -0.9231 -0.3817 -0.0470
vn -0.9972 -0.0741 -0.0127
vn -0.9736 -0.2279 -0.0133
vn -0.9995 -0.0318 -0.0006
vn -0.9921 -0.1258 -0.0016
vn -0.9997 -0.0245 -0.0004
vn -0.9930 -0.1179 -0.0015
vn -0.9998 -0.0214 -0.0003
vn -0.9929 -0.1169 -0.0233
vn -0.9999 -0.0054 -0.0126
vn -0.3330 -0.9429 -0.0060
vn -0.3195 -0.9466 -0.0425
vn -0.0075 -0.9999 -0.0135
vn -0.0272 -0.9996 -0.0015
vn -0.0058 -1.0000 -0.0003
vn -0.0269 -0.9996 0.0004
vn -0.0052 -1.0000 0.0002
vn -0.0007 -1.0000 0.0001
vn -0.0042 -1.0000 -0.0001
vn -0.0004 -1.0000 -0.0000
vn -0.0006 -1.0000 -0.0004
vn -0.0000 -1.0000 -0.0003
vn -0.0000 -1.0000 -0.0002
vn -0.0001 -1.0000 -0.0038
vn -0.0001 -1.0000 -0.0029
vn -0.0006 -1.0000 -0.0000
vn -0.0007 -0.9999 -0.0110
vn -0.0026 -1.0000 -0.0002
vn 0.0006 -1.0000 0.0085
vn -0.0020 -0.9600 -0.2800
vn -0.0014 -0.9186 -0.3952
vn 0.0106 -0.8354 -0.5495
vn -0.0046 -0.3806 -0.9247
vn 0.0069 -0.2887 -0.9574
vn -0.0053 -0.4462 -0.8949
vn 0.0011 -0.9774 -0.2114
vn 0.0011 -0.4883 -0.8727
vn 0.0168 -0.9999 0.0004
vn 0.0011 -1.0000 0.0026
vn 0.0184 -0.9997 0.0155
vn 0.0104 -0.9999 -0.0003
vn 0.0012 -1.0000 -0.0001
vn 0.0007 -1.0000 -0.0001
vn -0.0001 -1.0000 -0.0000
vn -0.0000 -1.0000 0.0001
vn 0.0001 -1.0000 0.0022
vn -0.0000 -1.0000 0.0009
vn -0.0008 -1.0000 0.0001
vn 0.0026 -1.0000 0.0050
vn -0.0005 -1.0000 0.0029
vn -0.0026 -1.0000 -0.0020
vn 0.0566 -0.6660 0.7438
vn -0.0541 -0.5872 0.8076
vn -0.1039 -0.9907 0.0878
vn 0.0459 -0.1467 0.9881
vn -0.0483 -0.0566 0.9972
vn -0.0135 -0.7680 0.6403
vn -0.0267 -0.1580 0.9871
vn -0.0051 -0.8541 0.5200
vn -0.0001 -0.1087 0.9941
vn 0.0002 -0.8828 0.4697
vn 0.0009 -0.1178 0.9930
vn 0.0017 -0.8786 0.4775
vn -0.0034 -0.1076 0.9942
vn 0.0025 -0.8375 0.5465
vn -0.0116 -0.0590 0.9982
vn 0.0172 -0.7645 0.6444
vn -0.0064 -0.0109 0.9999
vn 0.1324 -0.6558 0.7433
vn 0.0900 -0.0571 0.9943
vn 0.0204 -0.9977 0.0641
vn 0.0647 -0.9925 0.1036
vn 0.0063 -1.0000 0.0043
vn 0.0330 -0.9994 0.0056
vn 0.3916 -0.9201 0.0082
vn 0.0252 -0.9997 0.0007
vn 0.3671 -0.9302 -0.0007
vn 0.3749 -0.9270 -0.0000
vn 0.9319 -0.3626 0.0001
vn 0.9275 -0.3739 -0.0001
vn 0.9314 -0.3637 -0.0119
vn 0.9996 -0.0267 0.0005
vn 0.9997 -0.0231 -0.0000
vn 0.9997 -0.0246 0.0003
vn 0.4064 -0.9137 -0.0017
vn 0.9438 -0.3306 0.0012
vn 0.4776 -0.8786 -0.0004
vn 0.9640 -0.2657 0.0060
vn 0.6070 -0.7940 -0.0328
vn 0.9914 -0.1249 0.0394
vn 0.0586 -0.9983 -0.0016
vn 0.1613 -0.9864 -0.0322
vn 0.0341 -0.9994 -0.0019
vn 0.0240 -0.9997 0.0002
vn 0.0046 -1.0000 0.0001
vn 0.0064 -1.0000 -0.0004
vn 0.0057 -1.0000 0.0005
vn 0.0006 -1.0000 0.0003
vn 0.0004 -1.0000 -0.0000
vn 0.0005 -1.0000 0.0049
vn -0.0001 -1.0000 0.0051
vn 0.0005 -0.9997 0.0260
vn 0.0013 -0.9998 0.0183
vn 0.0003 -1.0000 0.0040
vn 0.0019 -0.9993 0.0361
vn 0.0011 -0.9999 0.0109
vn -0.0000 -0.9999 -0.0141
vn -0.0017 -0.9801 -0.1984
vn -0.0012 -0.9998 -0.0183
vn -0.0043 -0.9665 -0.2567
vn -0.0004 -1.0000 -0.0038
vn -0.0062 -1.0000 -0.0012
vn -0.0165 -0.9998 -0.0106
vn -0.0292 -0.9996 -0.0009
vn -0.0811 -0.9966 -0.0153
vn -0.2877 -0.9577 -0.0019
vn -0.3635 -0.9299 -0.0554
vn -0.3222 -0.9467 -0.0026
vn 0.3829 -0.1745 -0.9072
vn 0.9912 0.0884 -0.0990
vn 0.9993 0.0042 0.0379
vn 0.5388 -0.0530 0.8408
vn -0.6776 0.0317 0.7347
vn -0.9997 -0.0144 0.0180
vn -0.9792 -0.1785 -0.0964
vn -0.1339 0.0809 -0.9877
vn -1.0000 -0.0001 -0.0000
vn -0.0003 -0.4095 -0.9123
vn 0.1456 -0.7484 -0.6471
vn 0.8496 -0.4866 -0.2036
vn 0.0105 -0.9068 0.4213
vn -0.6709 -0.7401 0.0471
vn -0.7924 -0.6091 0.0339
vn -0.0122 -0.0004 -0.9999
vn -0.1869 0.8321 -0.5221
vn 0.0003 0.0121 -0.9999
vn -0.0663 0.9812 0.1813
vn -0.1143 0.9933 0.0138
vn 0.0092 0.9957 -0.0918
vn -0.0085 0.9959 -0.0904
vn -0.0003 0.9974 -0.0723
vn 0.0047 0.9980 -0.0624
vn -0.0322 0.9993 -0.0195
vn -0.0153 0.9996 -0.0256
vn 0.0126 0.9997 -0.0201
vn 0.0262 0.9995 0.0158
vn 0.0101 0.9997 0.0209
vn -0.0256 0.9976 0.0638
vn 0.2121 0.9619 -0.1725
vn 0.5295 0.5490 0.6467
vn 0.8713 0.3303 -0.3630
vn -0.5191 -0.1536 0.8408
vn 0.0882 0.0085 0.9961
vn -0.9225 -0.2535 0.2912
vn -0.9038 -0.2747 0.3281
vn -0.6040 -0.1842 0.7754
vn -0.9168 -0.2531 -0.3090
vn -0.9229 -0.2775 -0.2669
vn -0.9009 -0.2949 0.3185
vn -0.3440 -0.1004 -0.9336
vn -0.2460 -0.1105 -0.9629
vn -0.9164 -0.2929 -0.2728
vn 0.5074 0.1601 -0.8467
vn 0.3508 0.1149 -0.9294
vn -0.3561 -0.1501 -0.9223
vn -0.0936 0.1444 -0.9851
vn -0.3465 0.0816 -0.9345
vn -0.1669 -0.0066 -0.9860
vn -0.5825 0.0215 -0.8125
vn -0.3257 0.0436 -0.9445
vn -0.5604 0.0388 -0.8273
vn -0.0620 0.0108 -0.9980
vn -0.0202 -0.0097 -0.9997
vn -0.2456 -0.0273 -0.9690
vn 0.2171 -0.0400 -0.9753
vn 0.2634 0.3326 -0.9055
vn -0.0372 0.2859 -0.9575
vn 0.5823 0.4002 -0.7077
vn 0.1887 0.9416 -0.2789
vn 0.1130 0.9348 -0.3366
vn 0.2537 0.9483 -0.1909
vn 0.6137 0.6824 -0.3972
vn 0.3415 0.7562 -0.5581
vn 0.7478 0.6233 -0.2287
vn 0.8611 0.4103 -0.3001
vn 0.7776 0.3315 -0.5343
vn 0.9127 0.4082 -0.0177
vn 0.9996 -0.0204 -0.0209
vn 0.9483 0.0075 -0.3172
vn 0.9426 -0.0047 0.3338
vn 0.9563 -0.0220 0.2917
vn 0.9979 -0.0597 -0.0262
vn 0.7522 -0.0007 0.6589
vn 0.7283 -0.2510 0.6377
vn 0.9397 -0.2204 0.2616
vn 0.5200 -0.2912 0.8030
vn 0.5155 -0.1599 0.8418
vn 0.7630 -0.1857 0.6191
vn 0.3038 -0.1143 0.9459
vn 0.3417 0.2729 0.8993
vn 0.5677 0.2563 0.7824
vn 0.0278 0.2276 0.9733
vn 0.0171 0.4360 0.8998
vn 0.2230 0.4859 0.8451
vn -0.2856 0.4153 0.8637
vn -0.2922 -0.1913 0.9370
vn -0.0102 -0.1175 0.9930
vn -0.5292 -0.2131 0.8213
vn -0.3840 -0.7151 0.5841
vn -0.2068 -0.6725 0.7106
vn -0.5953 -0.7076 0.3807
vn -0.8657 -0.0837 0.4935
vn -0.5671 -0.1609 0.8078
vn -0.8521 -0.0335 0.5223
vn -0.8186 0.0012 0.5744
vn -0.8377 -0.0003 0.5461
vn -0.9989 -0.0027 0.0474
vn -0.9969 -0.0013 0.0787
vn -0.8139 0.0014 0.5811
vn -0.9982 -0.0019 -0.0603
vn -0.9989 0.0041 -0.0475
vn -0.9941 -0.0037 0.1082
vn -0.9608 0.0056 -0.2773
vn -0.9521 -0.0092 -0.3057
vn -0.9976 -0.0064 -0.0683
vn -0.7805 -0.0152 -0.6250
vn -0.7547 0.0256 -0.6556
vn -0.9300 0.0101 -0.3674
vn -0.5984 0.0370 -0.8003
vn -0.5199 0.2183 -0.8259
vn -0.7450 0.2100 -0.6331
vn -0.2085 0.2492 -0.9458
vn -0.3436 0.0079 -0.9391
vn -0.5130 0.0450 -0.8572
vn 0.0361 -0.0473 -0.9982
vn 0.0089 -0.3098 -0.9507
vn -0.3514 -0.3011 -0.8865
vn 0.3280 -0.2761 -0.9034
vn 0.3310 0.0040 -0.9436
vn 0.0322 0.0047 -0.9995
vn 0.6483 -0.0007 -0.7614
vn 0.7166 0.0014 -0.6975
vn 0.4293 0.0060 -0.9032
vn 0.8422 0.0031 -0.5391
vn 0.8330 -0.0013 -0.5533
vn 0.7523 -0.0001 -0.6588
vn 0.9641 0.0008 -0.2655
vn 0.9605 -0.0006 -0.2782
vn 0.8338 -0.0007 -0.5521
vn 0.9997 -0.0006 0.0237
vn 0.9997 -0.0001 0.0246
vn 0.9573 0.0001 -0.2889
vn 0.9957 -0.0006 0.0926
vn 0.9961 0.0015 0.0885
vn 0.9998 -0.0001 0.0213
vn 0.9184 0.0009 0.3956
vn 0.9142 0.0009 0.4053
vn 0.9970 0.0012 0.0769
vn 0.6787 -0.0003 0.7344
vn 0.6819 0.0011 0.7314
vn 0.9187 -0.0019 0.3950
vn 0.5410 -0.0016 0.8410
vn 0.5316 -0.0003 0.8470
vn 0.6889 -0.0000 0.7249
vn 0.3705 0.0014 0.9288
vn 0.4075 0.0125 0.9131
vn 0.5403 0.0015 0.8415
vn 0.0841 0.0265 0.9961
vn 0.0706 -0.0587 0.9958
vn 0.3475 -0.0264 0.9373
vn -0.3545 -0.0293 0.9346
vn -0.3388 0.0434 0.9399
vn -0.0206 0.0747 0.9970
vn -0.5412 0.0192 0.8407
vn -0.5941 0.3594 0.7197
vn -0.4147 0.3653 0.8334
vn -0.7800 0.3349 0.5286
vn -0.8439 0.1302 0.5204
vn -0.6016 0.1242 0.7891
vn -0.9367 0.1110 0.3322
vn -0.9189 -0.1949 0.3431
vn -0.8431 -0.2021 0.4984
vn -0.9823 -0.1838 -0.0347
vn -0.9997 -0.0041 -0.0247
vn -0.9477 0.0063 0.3190
vn -0.9424 0.0172 -0.3341
vn -0.8450 0.4467 -0.2939
vn -0.8922 0.4475 -0.0617
vn -0.7192 0.4309 -0.5451
vn -0.7684 -0.0302 -0.6392
vn -0.9400 0.0109 -0.3409
vn -0.5801 -0.0481 -0.8132
vn -0.5257 -0.4775 -0.7040
vn -0.6952 -0.4381 -0.5699
vn -0.2573 -0.5235 -0.8123
vn -0.3072 -0.1992 -0.9306
vn -0.5016 -0.2401 -0.8311
vn 0.0014 -0.1330 -0.9911
vn 0.0051 0.2622 -0.9650
vn -0.3091 0.2340 -0.9218
vn 0.3264 0.2967 -0.8975
vn 0.3271 0.5088 -0.7963
vn 0.0167 0.5217 -0.8530
vn 0.4815 0.4929 -0.7247
vn 0.4780 0.5643 -0.6732
vn 0.3244 0.5645 -0.7590
vn 0.6909 0.5395 -0.4812
vn 0.7850 0.2212 -0.5787
vn 0.5774 0.2516 -0.7768
vn 0.8968 0.2356 -0.3744
vn 0.8239 0.4338 -0.3648
vn 0.7578 0.2960 -0.5814
vn 0.8462 0.5110 -0.1515
vn 0.3987 0.9155 -0.0527
vn 0.3696 0.9127 -0.1741
vn 0.4051 0.9143 0.0002
vn 0.1234 0.9924 0.0001
vn 0.1284 0.9917 -0.0107
vn 0.1145 0.9929 0.0316
vn 0.0162 0.9999 0.0044
vn 0.0233 0.9997 0.0004
vn 0.3018 0.9264 0.2252
vn 0.0563 0.9974 0.0455
vn 0.3650 0.9244 0.1110
vn 0.2248 0.9403 0.2557
vn 0.0483 0.9980 0.0403
vn 0.6026 0.6797 0.4182
vn 0.6930 0.6842 0.2270
vn 0.8591 0.4169 0.2969
vn 0.7943 0.6059 0.0457
vn 0.9512 0.2817 0.1262
vn 0.9343 0.3341 0.1241
vn 0.9591 0.2066 -0.1934
vn 0.8527 0.4840 -0.1967
vn 0.8260 0.5180 -0.2223
vn 0.7987 0.5273 -0.2899
vn 0.7866 0.5404 -0.2985
vn 0.8592 0.3572 -0.3663
vn 0.7056 0.5321 -0.4679
vn 0.7851 0.3600 -0.5040
vn 0.8260 -0.0206 -0.5633
vn 0.5321 0.3309 -0.7793
vn 0.5811 -0.0423 -0.8127
vn 0.4884 -0.4765 -0.7311
vn 0.3375 -0.0850 -0.9375
vn 0.3226 -0.4925 -0.8083
vn 0.3426 -0.1610 -0.9256
vn -0.0193 -0.5197 -0.8541
vn -0.0012 -0.1328 -0.9911
vn -0.0205 0.4012 -0.9158
vn -0.3155 -0.0849 -0.9451
vn -0.3104 0.4186 -0.8535
vn -0.3548 0.0625 -0.9328
vn -0.4924 0.4132 -0.7660
vn -0.5491 0.0613 -0.8335
vn -0.5564 -0.2169 -0.8021
vn -0.8030 0.0546 -0.5934
vn -0.7752 -0.2176 -0.5930
vn -0.7960 0.1131 -0.5946
vn -0.9291 -0.1945 -0.3146
vn -0.9264 0.1160 -0.3581
vn -0.8576 0.3233 -0.4000
vn -0.9925 0.1098 -0.0528
vn -0.9366 0.3487 -0.0361
vn -0.9977 0.0316 0.0600
vn -0.9034 0.3429 0.2576
vn -0.9521 0.0362 0.3035
vn -0.9364 -0.0076 0.3509
vn -0.7944 0.0336 0.6065
vn -0.8159 0.0015 0.5781
vn -0.8135 0.0033 0.5816
vn -0.5626 0.0059 0.8267
vn -0.5894 0.0005 0.8078
vn -0.5925 0.0041 0.8056
vn -0.3918 0.0158 0.9199
vn -0.3069 0.0146 0.9516
vn -0.3064 -0.0064 0.9519
vn 0.0384 0.0147 0.9992
vn -0.0222 -0.0177 0.9996
vn -0.0324 -0.0240 0.9992
vn 0.3788 -0.0116 0.9254
vn 0.4301 -0.0080 0.9027
vn 0.4654 -0.0000 0.8851
vn 0.5482 0.0007 0.8363
vn 0.5446 -0.0002 0.8387
vn 0.5447 0.0007 0.8386
vn 0.6768 -0.0007 0.7362
vn 0.6689 0.0008 0.7434
vn 0.6523 -0.0020 0.7579
vn 0.9173 -0.0007 0.3983
vn 0.9134 0.0008 0.4071
vn 0.9048 -0.0000 0.4259
vn 0.9943 0.0014 0.1064
vn 0.9924 -0.0005 0.1230
vn 0.9900 -0.0006 0.1408
vn 0.9997 -0.0003 0.0248
vn 0.9999 0.0010 0.0153
vn 1.0000 0.0007 -0.0043
vn 0.9613 0.0080 -0.2755
vn 0.9502 0.0064 -0.3115
vn 0.9465 -0.1705 -0.2739
vn 0.8508 0.0026 -0.5255
vn 0.8267 -0.2083 -0.5227
vn 0.7796 -0.2508 -0.5739
vn 0.5964 -0.2349 -0.7676
vn 0.5814 -0.1915 -0.7907
vn 0.5760 0.2586 -0.7754
vn 0.3591 -0.1235 -0.9251
vn 0.3311 0.2710 -0.9038
vn 0.2662 -0.0021 -0.9639
vn 0.0584 0.2769 -0.9591
vn 0.0079 -0.0006 -1.0000
vn -0.0072 0.0013 -1.0000
vn -0.2171 0.0179 -0.9760
vn -0.2840 0.0020 -0.9588
vn -0.2680 -0.0133 -0.9633
vn -0.5982 -0.0140 -0.8012
vn -0.6323 -0.0039 -0.7747
vn -0.6434 0.0241 -0.7651
vn -0.8145 0.0097 -0.5801
vn -0.8048 0.0100 -0.5934
vn -0.8226 -0.0238 -0.5681
vn -0.9556 0.0035 -0.2946
vn -0.9456 -0.0114 -0.3252
vn -0.9447 -0.0213 -0.3271
vn -0.9991 -0.0032 -0.0418
vn -0.9957 -0.0322 -0.0865
vn -0.7841 -0.6175 -0.0622
vn -0.9978 -0.0409 0.0517
vn -0.7929 -0.5962 0.1256
vn -0.9541 -0.2683 0.1327
vn -0.6692 -0.6387 0.3799
vn -0.9044 -0.2556 0.3416
vn -0.8869 0.3227 0.3304
vn -0.8074 -0.2427 0.5378
vn -0.7541 0.3695 0.5430
vn -0.7469 0.2855 0.6005
vn -0.4931 0.4002 0.7724
vn -0.5405 0.2817 0.7927
vn -0.5772 -0.0616 0.8143
vn -0.3294 0.2318 0.9153
vn -0.3530 -0.0535 0.9341
vn -0.3420 -0.3683 0.8645
vn 0.0003 -0.0583 0.9983
vn -0.0078 -0.3681 0.9297
vn 0.0246 -0.0029 0.9997
vn 0.2489 -0.3347 0.9089
vn 0.3078 -0.0004 0.9515
vn 0.3046 0.0074 0.9524
vn 0.5564 0.0031 0.8309
vn 0.5508 0.0091 0.8346
vn 0.5409 0.1845 0.8206
vn 0.7558 0.0145 0.6546
vn 0.7529 0.2891 0.5913
vn 0.6133 0.6670 0.4230
vn 0.8615 0.3932 0.3212
vn 0.6977 0.6746 0.2411
vn 0.3968 0.9059 0.1480
vn 0.7456 0.6662 0.0155
vn 0.4156 0.9090 0.0332
vn 0.8652 0.4977 0.0604
vn 0.3511 0.9340 -0.0660
vn 0.8343 0.4683 -0.2910
vn 0.9013 -0.0800 -0.4258
vn 0.7119 0.4567 -0.5336
vn 0.8191 -0.0934 -0.5661
vn 0.8790 -0.0199 -0.4763
vn 0.6145 -0.0980 -0.7828
vn 0.5894 -0.0154 -0.8077
vn 0.4697 0.0365 -0.8820
vn 0.0988 -0.0080 -0.9951
vn 0.0791 0.0255 -0.9965
vn -0.0076 0.0021 -1.0000
vn -0.2605 0.0115 -0.9654
vn -0.4950 0.0271 -0.8685
vn -0.6041 -0.0234 -0.7966
vn -0.7021 0.0479 -0.7105
vn -0.7921 0.0367 -0.6093
vn 0.2833 -0.0593 -0.9572
vn 0.6864 0.1554 -0.7104
vn 0.6721 0.0777 -0.7364
vn -0.0332 -0.0167 -0.9993
vn -0.0518 -0.0097 -0.9986
vn -0.4970 -0.1374 -0.8568
vn -0.5553 -0.1376 -0.8202
vn 0.5165 0.1232 -0.8474
vn 0.5708 0.1354 -0.8099
vn -0.0780 -0.0142 -0.9969
vn 0.9513 0.2261 -0.2097
vn 0.9597 0.2127 -0.1837
vn -0.9301 -0.2394 -0.2784
vn 0.9548 0.2043 0.2159
vn 0.5802 0.1628 0.7980
vn 0.3728 0.1009 0.9224
vn 0.5201 0.1429 0.8421
vn -0.0600 0.0219 0.9980
vn 0.1288 0.2654 0.9555
vn -0.4194 0.0255 0.9075
vn -0.4111 0.0584 0.9097
vn -0.5792 0.1380 0.8034
vn -0.3032 0.0246 0.9526
vn -0.6432 0.0152 0.7655
vn -0.7757 0.0083 0.6311
vn -0.2070 0.0146 0.9782
vn -0.3369 0.0005 0.9415
vn -0.3129 -0.0131 0.9497
vn 0.0520 -0.0002 0.9986
vn 0.0550 0.0022 0.9985
vn 0.0647 -0.0006 0.9979
vn 0.4880 0.0004 0.8729
vn 0.4766 0.0002 0.8791
vn 0.4835 -0.0037 0.8753
vn 0.8921 -0.0007 0.4519
vn 0.8966 -0.0022 0.4428
vn 0.8922 0.0054 0.4515
vn 0.9764 0.0169 0.2152
vn 0.9834 -0.0078 0.1812
vn 0.9793 0.0034 0.2025
vn 0.9669 -0.0263 -0.2537
vn 0.9624 0.0115 -0.2715
vn 0.9593 -0.0128 -0.2821
vn 0.8067 0.0134 -0.5908
vn 0.8149 -0.0119 -0.5795
vn 0.8319 0.0198 -0.5545
vn 0.4739 -0.0016 -0.8806
vn 0.5203 0.0043 -0.8540
vn 0.5503 0.0004 -0.8350
vn 0.0393 0.0033 -0.9992
vn 0.0621 0.0021 -0.9981
vn 0.8419 -0.0103 -0.5395
vn 0.8597 -0.0086 -0.5107
vn 0.5565 0.0040 -0.8308
vn 0.9697 -0.0218 -0.2432
vn 0.9555 0.0006 -0.2949
vn 0.9706 0.0052 0.2405
vn 0.9730 -0.0065 0.2305
vn 0.9568 0.0135 -0.2903
vn 0.8463 -0.0032 0.5327
vn 0.8417 -0.0103 0.5398
vn 0.9777 -0.0061 0.2099
vn 0.5434 -0.0066 0.8395
vn 0.5240 0.0287 0.8512
vn 0.8619 0.0267 0.5063
vn 0.0615 0.0025 0.9981
vn 0.0561 0.0002 0.9984
vn 0.4928 0.0085 0.8701
vn -0.2322 -0.0158 0.9725
vn -0.2196 0.0161 0.9755
vn 0.0610 -0.0012 0.9981
vn -0.5790 0.0181 0.8152
vn -0.6696 -0.0660 0.7398
vn -0.2174 -0.0174 0.9759
vn -0.9779 0.0140 0.2086
vn -0.9492 -0.0579 0.3094
vn -0.9982 0.0425 0.0415
vn -0.9977 -0.0398 0.0552
vn -0.9806 -0.0190 0.1952
vn -0.5964 -0.0152 0.8026
vn -0.6472 0.0267 0.7619
vn -0.2422 0.0103 0.9702
vn -0.2661 -0.0057 0.9639
vn 0.0687 0.0005 0.9976
vn 0.0750 0.0002 0.9972
vn 0.5255 -0.0030 0.8508
vn 0.5221 0.0002 0.8529
vn 0.8478 -0.0013 0.5303
vn 0.8743 -0.0182 0.4851
vn 0.9686 -0.0091 0.2486
vn 0.0678 -0.0000 -0.9977
vn 0.0154 0.0010 -0.9999
vn 0.4445 -0.0018 -0.8958
vn 0.8122 -0.0190 -0.5831
vn 0.9587 0.0312 -0.2826
vn 0.9744 -0.0145 0.2243
vn 0.8956 -0.0001 0.4448
vn 0.5181 0.0035 0.8553
vn -0.7656 -0.0137 0.6432
vn 0.1310 -0.0088 0.9913
vn -0.0285 0.0052 0.9996
vn -0.3457 -0.0047 0.9383
vn -0.0632 0.0036 0.9980
vn -0.5551 -0.0182 0.8316
vn -0.5202 0.0750 0.8507
vn -0.2840 0.0365 0.9581
vn -0.7851 0.1062 0.6102
vn -0.5181 0.7917 0.3238
vn -0.3547 0.7588 0.5464
vn -0.5460 0.8211 0.1664
vn -0.4873 0.8570 0.1674
vn -0.4362 0.8395 0.3241
vn -0.4996 0.8628 0.0771
vn -0.8703 0.4800 0.1106
vn -0.8224 0.5101 0.2519
vn -0.8786 0.4394 -0.1869
vn -0.9695 0.0584 -0.2379
vn -0.9849 0.0801 0.1534
vn -0.9380 0.0158 -0.3464
vn -0.9363 -0.0019 -0.3512
vn -0.9643 0.0048 -0.2648
vn -0.7984 0.0377 -0.6009
vn -0.8066 -0.1891 -0.5600
vn -0.9225 -0.0783 -0.3780
vn -0.4762 -0.2586 -0.8405
vn -0.4662 -0.5644 -0.6812
vn -0.6496 -0.6275 -0.4294
vn -0.3205 -0.4809 -0.8161
vn -0.3590 -0.0020 -0.9333
vn -0.5357 -0.0060 -0.8444
vn 0.0967 0.0011 -0.9953
vn 0.0793 0.4459 -0.8916
vn -0.2611 0.3906 -0.8827
vn 0.3592 0.5605 -0.7462
vn 0.3411 0.2112 -0.9160
vn 0.0435 0.2525 -0.9666
vn 0.6591 0.1666 -0.7333
vn 0.6168 -0.4097 -0.6720
vn 0.3092 -0.3955 -0.8649
vn 0.7404 -0.4310 -0.5158
vn 0.7146 -0.4850 -0.5041
vn 0.5362 -0.5204 -0.6646
vn 0.8402 -0.4824 -0.2477
vn 0.9690 -0.0028 -0.2469
vn 0.8066 -0.0091 -0.5910
vn 1.0000 -0.0014 0.0059
vn 1.0000 -0.0010 0.0075
vn 0.9675 0.0003 -0.2528
vn 0.9532 -0.0018 0.3024
vn 0.9547 0.0013 0.2975
vn 1.0000 0.0001 0.0094
vn 0.8129 -0.0135 0.5823
vn 0.8033 0.0178 0.5953
vn 0.9645 0.0056 0.2639
vn 0.5881 0.0126 0.8087
vn 0.5762 -0.0043 0.8173
vn 0.8347 -0.0036 0.5507
vn 0.3345 0.0016 0.9424
vn 0.3956 0.0334 0.9178
vn 0.5882 0.0257 0.8083
vn 0.0196 0.0412 0.9990
vn 0.0217 0.2330 0.9722
vn 0.3599 0.2351 0.9029
vn -0.2120 0.2344 0.9487
vn -0.2013 -0.2485 0.9475
vn 0.1106 -0.2780 0.9542
vn -0.5385 -0.2254 0.8119
vn -0.5448 -0.0123 0.8385
vn -0.2524 -0.0082 0.9676
vn -0.6995 -0.0086 0.7146
vn -0.6745 -0.0014 0.7382
vn -0.5102 -0.0100 0.8600
vn -0.9014 -0.0121 0.4329
vn -0.8981 -0.0016 0.4397
vn -0.6466 0.0030 0.7628
vn -0.9602 0.0081 0.2793
vn -0.9539 0.0085 0.3002
vn -0.8809 0.0097 0.4731
vn -0.9925 -0.0005 -0.1223
vn -0.9936 0.0046 -0.1129
vn -0.9638 0.0085 0.2665
vn -0.9373 0.0128 -0.3482
vn -0.9300 -0.0149 -0.3672
vn -0.9968 -0.0076 -0.0794
vn -0.7331 -0.0192 -0.6799
vn -0.7691 -0.0142 -0.6390
vn -0.9043 -0.0140 -0.4268
vn -0.5458 -0.0032 -0.8379
vn -0.5453 0.0046 -0.8382
vn -0.8025 0.0077 -0.5965
vn -0.2774 0.0093 -0.9607
vn -0.3547 0.0146 -0.9349
vn -0.5056 0.0111 -0.8627
vn 0.1617 0.0109 -0.9868
vn 0.1845 -0.0169 -0.9827
vn -0.3709 -0.0058 -0.9287
vn 0.4293 -0.0074 -0.9031
vn 0.3460 -0.0061 -0.9382
vn 0.1319 -0.0229 -0.9910
vn 0.6643 0.0017 -0.7474
vn 0.5928 0.0020 -0.8053
vn 0.3636 0.0239 -0.9313
vn 0.8156 0.0146 -0.5784
vn 0.7658 0.1902 -0.6143
vn 0.5442 0.1902 -0.8171
vn 0.9292 0.1890 -0.3177
vn 0.9101 0.2462 -0.3335
vn 0.7263 0.2408 -0.6439
vn 0.9729 0.2166 -0.0814
vn 0.9920 -0.0985 -0.0794
vn 0.9243 -0.1205 -0.3622
vn 0.9848 -0.0930 0.1468
vn 0.9747 -0.0272 0.2218
vn 0.9865 -0.0337 -0.1604
vn 0.9155 -0.0245 0.4015
vn 0.8885 0.2810 0.3627
vn 0.9478 0.2470 0.2018
vn 0.6574 0.2906 0.6952
vn 0.7120 0.2535 0.6548
vn 0.8693 0.2758 0.4101
vn 0.5069 0.2596 0.8220
vn 0.5131 -0.3032 0.8030
vn 0.7575 -0.2934 0.5832
vn 0.2734 -0.3253 0.9052
vn 0.2886 -0.4466 0.8469
vn 0.4718 -0.4497 0.7584
vn -0.0136 -0.4148 0.9098
vn 0.0040 0.0943 0.9955
vn 0.3470 0.0982 0.9327
vn -0.3457 0.1020 0.9328
vn -0.3130 0.4329 0.8454
vn 0.0016 0.4426 0.8967
vn -0.5299 0.4354 0.7278
vn -0.5045 0.5222 0.6876
vn -0.2944 0.5157 0.8046
vn -0.7348 0.5361 0.4155
vn -0.7881 0.3618 0.4980
vn -0.5737 0.3494 0.7408
vn -0.8990 0.3749 0.2264
vn -0.9343 0.2781 0.2232
vn -0.7984 0.2695 0.5384
vn -0.9219 0.3743 -0.0999
vn -0.7056 0.7062 -0.0573
vn -0.7041 0.6935 0.1527
vn -0.3747 0.9267 -0.0284
vn -0.3528 0.9330 0.0717
vn -0.6297 0.7103 -0.3146
vn -0.3182 0.9341 -0.1621
vn -0.5786 0.6842 -0.4440
vn -0.2861 0.9342 -0.2130
vn -0.4325 0.6202 -0.6544
vn -0.2178 0.9120 -0.3475
vn -0.1947 0.5372 -0.8207
vn -0.0951 0.9079 -0.4082
vn 0.0338 0.9308 -0.3640
vn 0.0120 0.9944 -0.1054
vn -0.0269 0.9938 -0.1079
vn 0.0232 0.9975 -0.0669
vn 0.0057 0.9999 -0.0136
vn 0.0050 0.9992 -0.0400
vn 0.0006 1.0000 -0.0029
vn 0.0005 1.0000 -0.0097
vn 0.0008 1.0000 -0.0008
vn 0.0082 0.9998 -0.0203
vn -0.0012 1.0000 -0.0019
vn 0.0112 0.9966 -0.0816
vn 0.0380 0.9303 -0.3647
vn 0.0379 0.9924 -0.1169
vn 0.5208 0.7315 -0.4401
vn 0.8910 0.4210 -0.1699
vn 0.8018 0.2995 -0.5171
vn 0.0041 1.0000 0.0014
vn 0.0987 0.9576 -0.2705
vn 0.0701 0.5705 -0.8183
vn -0.2694 0.1189 -0.9557
vn -0.5469 0.2596 -0.7959
vn -0.5193 0.3737 -0.7685
vn -0.7444 0.3135 -0.5896
vn -0.7466 0.2406 -0.6203
vn -0.6388 0.5346 -0.5534
vn -0.9019 0.2219 -0.3707
vn -0.8149 0.4932 -0.3044
vn -0.8133 0.4807 -0.3278
vn -0.8652 0.4946 -0.0821
vn -0.8873 0.4545 -0.0785
vn -0.9817 0.1472 -0.1205
vn -0.8499 0.4496 0.2748
vn -0.9392 0.0963 0.3295
vn -0.9057 -0.3463 0.2445
vn -0.8810 0.1052 0.4612
vn -0.7953 -0.3765 0.4751
vn -0.7570 -0.4275 0.4941
vn -0.5702 -0.3555 0.7406
vn -0.5339 -0.4111 0.7389
vn -0.5787 0.1799 0.7954
vn -0.3491 -0.3671 0.8622
vn -0.3665 0.1823 0.9124
vn -0.3586 0.3975 0.8446
vn -0.0489 0.2060 0.9773
vn -0.0661 0.3755 0.9244
vn -0.0346 -0.0012 0.9994
vn 0.1911 0.3209 0.9276
vn 0.1788 -0.0160 0.9837
vn 0.2758 -0.2739 0.9214
vn 0.5510 -0.0154 0.8344
vn 0.5795 -0.2252 0.7832
vn 0.5271 0.1511 0.8362
vn 0.7274 -0.1704 0.6648
vn 0.7676 0.1677 0.6186
vn 0.7605 0.2517 0.5985
vn 0.8841 0.1953 0.4245
vn 0.8605 0.2225 0.4583
vn 0.8821 0.0028 0.4710
vn 0.9525 0.2194 0.2110
vn 0.9944 -0.0014 0.1060
vn 0.9868 0.0170 0.1612
vn 0.9998 -0.0000 -0.0196
vn 0.9999 -0.0015 -0.0104
vn 0.9999 -0.0009 0.0110
vn 0.9294 -0.0047 -0.3691
vn 0.9446 -0.0029 -0.3281
vn 0.9537 0.0005 -0.3007
vn 0.8437 -0.0012 -0.5368
vn 0.8384 0.0007 -0.5451
vn 0.8371 -0.0014 -0.5471
vn 0.7369 0.0015 -0.6760
vn 0.7379 -0.0021 -0.6749
vn 0.7376 0.0021 -0.6753
vn 0.4570 0.0023 -0.8895
vn 0.4211 0.0068 -0.9070
vn 0.4207 -0.0004 -0.9072
vn 0.0693 0.0125 -0.9975
vn 0.1241 -0.0188 -0.9921
vn 0.2235 -0.0184 -0.9745
vn -0.2401 -0.0196 -0.9705
vn -0.3232 -0.0124 -0.9462
vn -0.3426 0.0058 -0.9395
vn -0.4931 -0.0062 -0.8700
vn -0.4830 0.0050 -0.8756
vn -0.5047 0.0075 -0.8632
vn -0.7914 0.0131 -0.6111
vn -0.7981 0.0123 -0.6024
vn -0.7745 0.0018 -0.6326
vn -0.8883 0.0057 -0.4592
vn -0.8818 -0.0028 -0.4716
vn -0.8956 -0.0120 -0.4446
vn -0.9908 -0.0024 -0.1353
vn -0.9846 -0.0061 -0.1745
vn -0.9785 -0.1916 -0.0763
vn -0.9889 -0.0100 0.1481
vn -0.9718 -0.1835 0.1483
vn -0.9810 0.1521 0.1205
vn -0.8644 -0.2040 0.4596
vn -0.8866 0.1914 0.4212
vn -0.8540 0.1042 0.5097
vn -0.7058 0.2060 0.6778
vn -0.7650 0.0870 0.6381
vn -0.7952 -0.0015 0.6064
vn -0.4707 0.0745 0.8791
vn -0.4971 0.0019 0.8677
vn -0.5144 0.0004 0.8576
vn -0.3524 -0.0040 0.9359
vn -0.3786 0.0007 0.9256
vn -0.3845 0.0001 0.9231
vn -0.0094 0.0027 1.0000
vn -0.0405 -0.0001 0.9992
vn -0.0434 0.0019 0.9991
vn 0.2712 -0.0008 0.9625
vn 0.2653 0.0017 0.9642
vn 0.2791 0.0003 0.9603
vn 0.5611 0.0114 0.8277
vn 0.6111 0.0041 0.7916
vn 0.5801 -0.3536 0.7338
vn 0.7895 0.0032 0.6137
vn 0.7253 -0.3940 0.5646
vn 0.6638 -0.5125 0.5447
vn 0.8745 -0.4206 0.2417
vn 0.8430 -0.4950 0.2108
vn 0.9647 0.0421 0.2599
vn 0.8707 -0.4864 0.0728
vn 0.9968 0.0630 0.0489
vn 0.8812 0.4728 0.0011
vn 0.9632 0.0949 -0.2514
vn 0.8301 0.5148 -0.2144
vn 0.9263 0.1417 -0.3491
vn 0.6936 0.5681 -0.4430
vn 0.8247 0.1050 -0.5557
vn 0.7808 -0.2705 -0.5632
vn 0.5236 0.0490 -0.8506
vn 0.5107 -0.3219 -0.7972
vn 0.5941 -0.2339 -0.7696
vn 0.2992 -0.3843 -0.8734
vn 0.3317 -0.2485 -0.9101
vn 0.3116 0.0033 -0.9502
vn 0.0606 -0.2710 -0.9607
vn 0.0500 -0.0006 -0.9988
vn 0.0098 0.0175 -0.9998
vn -0.3471 0.0023 -0.9378
vn -0.3620 -0.0053 -0.9322
vn -0.3361 0.3942 -0.8554
vn -0.5114 -0.0540 -0.8576
vn -0.4536 0.4484 -0.7702
vn -0.3870 0.7469 -0.5406
vn -0.6868 0.4565 -0.5656
vn -0.4596 0.7778 -0.4286
vn -0.4030 0.8587 -0.3165
vn -0.4959 0.8265 -0.2663
vn -0.4578 0.8615 -0.2195
vn -0.8754 0.1866 -0.4459
vn -0.5038 0.8602 -0.0782
vn -0.9731 0.1750 -0.1497
vn -0.9801 -0.0659 -0.1872
vn -0.9819 0.1510 0.1141
vn -0.9916 -0.0977 0.0844
vn -0.9369 -0.3160 0.1496
vn -0.9094 -0.1034 0.4028
vn -0.7803 -0.2036 0.5913
vn -0.7034 -0.0553 0.7086
vn -0.5361 -0.0680 0.8414
vn -0.9229 0.1278 0.3632
vn -0.5339 0.8441 0.0495
vn -0.5041 0.8592 -0.0871
vn -0.8306 0.4012 -0.3863
vn -0.7969 -0.0420 -0.6026
vn -0.4950 0.0519 -0.8674
vn -0.2868 -0.2676 -0.9199
vn 0.0172 -0.4206 -0.9071
vn 0.3993 0.0232 -0.9165
vn 0.5336 0.5950 -0.6010
vn 0.8280 0.0778 -0.5553
vn 0.8372 -0.4863 -0.2503
vn 0.8911 -0.4535 0.0184
vn 0.9521 -0.0001 0.3059
vn 0.8187 0.0106 0.5742
vn 0.5678 -0.0140 0.8231
vn 0.2903 -0.0000 0.9570
vn 0.0040 -0.0003 1.0000
vn -0.2771 0.0579 0.9591
vn -0.5238 0.2164 0.8239
vn -0.6570 -0.2154 0.7225
vn -0.8849 -0.0078 0.4657
vn -0.9784 -0.0102 0.2066
vn -0.9935 0.0056 -0.1139
vn -0.9165 0.0064 -0.4000
vn -0.7484 0.0007 -0.6632
vn -0.5209 -0.0082 -0.8536
vn -0.2096 0.0074 -0.9778
vn 0.0968 0.0174 -0.9952
vn 0.4731 -0.0001 -0.8810
vn 0.7178 -0.0007 -0.6962
vn 0.8537 -0.0019 -0.5208
vn 0.9386 0.0151 -0.3446
vn 0.9730 0.2149 -0.0840
vn 0.9624 0.1967 0.1872
vn 0.9001 -0.1200 0.4189
vn 0.6847 -0.0195 0.7286
vn 0.5173 0.2891 0.8055
vn 0.2764 0.2340 0.9321
vn -0.0279 -0.3421 0.9392
vn -0.3515 -0.3819 0.8547
vn -0.5961 0.1121 0.7950
vn -0.7897 0.4541 0.4125
vn -0.8123 0.5382 0.2248
vn -0.9440 0.3090 -0.1153
vn -0.8313 0.3996 -0.3863
vn -0.6279 -0.2350 0.7419
vn 0.0275 0.9989 -0.0368
vn 0.0046 1.0000 0.0019
vn 0.9879 0.0144 -0.1543
vn 0.3105 0.9502 0.0279
vn 0.4271 0.8820 0.1991
vn 0.0728 0.8931 0.4440
vn -0.9732 0.2299 -0.0018
vn 0.4909 0.4447 -0.7492
vn -0.1241 -0.0025 -0.9923
vn -0.0045 -0.0765 -0.9971
vn -0.0083 -0.4704 -0.8824
vn -0.0038 -0.7503 -0.6611
vn 0.0045 -0.9734 -0.2290
vn -0.0064 -0.9771 0.2126
vn -0.0057 -0.7902 0.6128
vn -0.6662 -0.0538 0.7438
vn -0.9736 -0.0405 0.2245
vn -0.9361 -0.0506 -0.3481
vn -0.8141 -0.0093 -0.5806
vn 0.0230 0.9964 0.0818
vn -0.2295 0.9347 0.2715
vn -0.0195 0.9998 -0.0005
vn 0.0033 0.9999 0.0112
vn -0.0007 1.0000 0.0012
vn -0.3744 -0.8992 0.2266
vn 0.2905 -0.3336 -0.8968
vn -0.0025 0.9973 0.0737
vn -0.0026 1.0000 0.0030
vn -0.0033 0.9999 0.0125
vn -0.0167 0.9988 0.0458
vn -0.0264 0.9971 0.0712
vn 0.0061 1.0000 0.0035
vn 0.0095 1.0000 0.0023
vn 0.0023 1.0000 0.0013
vn 0.0011 1.0000 0.0045
vn -0.0350 0.9827 0.1818
vn -0.0004 0.9932 0.1164
vn -0.2723 0.7952 0.5418
vn -0.4674 0.7135 0.5220
vn -0.5009 0.4884 0.7145
vn -0.5541 0.3646 0.7484
vn -0.7366 0.1156 0.6664
vn -0.7527 0.0932 0.6518
vn -0.7499 0.0290 0.6609
vn -0.7310 -0.0049 0.6824
vn -0.6273 -0.2019 0.7522
vn -0.5427 -0.6231 0.5633
vn -0.6050 -0.7924 0.0780
vn -0.6162 -0.7876 0.0034
vn -0.6224 -0.7827 0.0013
vn -0.6180 -0.7862 0.0008
vn -0.6109 -0.7917 0.0004
vn -0.6102 -0.7922 -0.0026
vn -0.5854 -0.2186 -0.7807
vn -0.4279 -0.8587 -0.2818
vn 0.4537 0.8795 -0.1439
vn 0.3381 0.9410 -0.0171
vn 0.2565 0.9665 -0.0139
vn 0.2442 0.9696 -0.0131
vn 0.2672 0.9636 -0.0081
vn 0.2678 0.9635 0.0034
vn -0.7211 0.3874 -0.5744
vn -0.8051 0.1741 -0.5670
vn -0.4302 0.8280 -0.3596
vn -0.8988 0.1772 -0.4010
vn -0.9212 0.1776 -0.3463
vn 0.0570 0.6868 -0.7246
vn 0.0731 0.4338 -0.8980
vn -0.7504 0.0247 -0.6605
vn -0.9251 0.0700 -0.3733
vt 0.423029 0.404447
vt 0.408611 0.403942
vt 0.407867 0.397200
vt 0.421719 0.393052
vt 0.200096 0.596848
vt 0.204195 0.593666
vt 0.204195 0.605102
vt 0.200202 0.599092
vt 0.963832 0.500592
vt 0.964942 0.479048
vt 0.970554 0.478765
vt 0.967882 0.498228
vt 0.961637 0.501061
vt 0.959297 0.479254
vt 0.624662 0.623446
vt 0.624942 0.636337
vt 0.620409 0.634533
vt 0.623573 0.620069
vt 0.198931 0.602457
vt 0.197913 0.596292
vt 0.625902 0.619866
vt 0.629742 0.637354
vt 0.958249 0.520585
vt 0.954033 0.518681
vt 0.955158 0.500202
vt 0.953301 0.478646
vt 0.451268 0.827180
vt 0.456623 0.826572
vt 0.454084 0.843722
vt 0.449574 0.846260
vt 0.595371 0.397248
vt 0.605208 0.391967
vt 0.606185 0.401049
vt 0.593046 0.402412
vt 0.598265 0.378459
vt 0.602626 0.376304
vt 0.181597 0.603540
vt 0.187346 0.593793
vt 0.187827 0.593666
vt 0.187827 0.610777
vt 0.463160 0.828738
vt 0.463052 0.842041
vt 0.459209 0.843356
vt 0.458643 0.833142
vt 0.959868 0.321632
vt 0.961728 0.329157
vt 0.954586 0.330150
vt 0.955182 0.319132
vt 0.619899 0.789217
vt 0.625097 0.787555
vt 0.624087 0.797215
vt 0.620065 0.797693
vt 0.048136 0.322750
vt 0.040280 0.319634
vt 0.048309 0.313912
vt 0.056901 0.323863
vt 0.039136 0.332173
vt 0.036553 0.332476
vt 0.592283 0.323035
vt 0.584369 0.325911
vt 0.583098 0.322769
vt 0.592461 0.315883
vt 0.597939 0.328030
vt 0.595148 0.330843
vt 0.039480 0.304872
vt 0.047519 0.299669
vt 0.054672 0.310490
vt 0.034536 0.319225
vt 0.028714 0.319210
vt 0.031081 0.304867
vt 0.029317 0.290132
vt 0.034984 0.289079
vt 0.040999 0.286680
vt 0.599087 0.304982
vt 0.587167 0.306896
vt 0.592281 0.295902
vt 0.602860 0.283517
vt 0.607081 0.286048
vt 0.605633 0.305429
vt 0.602055 0.325438
vt 0.607135 0.324095
vt 0.562522 0.593677
vt 0.563757 0.597884
vt 0.559047 0.598239
vt 0.559021 0.592756
vt 0.559691 0.588737
vt 0.564622 0.591466
vt 0.632099 0.421457
vt 0.628937 0.423797
vt 0.628516 0.418381
vt 0.633255 0.417217
vt 0.001813 0.421154
vt 0.000987 0.416268
vt 0.005354 0.417755
vt 0.005218 0.423385
vt 0.544832 0.591986
vt 0.548734 0.591718
vt 0.547562 0.597527
vt 0.542855 0.596809
vt 0.939668 0.003481
vt 0.941237 0.006984
vt 0.935734 0.006723
vt 0.935750 0.002190
vt 0.038185 0.573019
vt 0.032962 0.558579
vt 0.043591 0.555081
vt 0.054826 0.573405
vt 0.028768 0.582549
vt 0.021579 0.560970
vt 0.048200 0.587236
vt 0.138884 0.576334
vt 0.127978 0.566075
vt 0.141389 0.545472
vt 0.151565 0.547774
vt 0.162220 0.549858
vt 0.158930 0.577787
vt 0.109257 0.586018
vt 0.106716 0.576955
vt 0.140230 0.597569
vt 0.110823 0.598502
vt 0.157795 0.597670
vt 0.040350 0.480577
vt 0.051441 0.491816
vt 0.042318 0.507177
vt 0.032206 0.504355
vt 0.020268 0.502015
vt 0.021328 0.478279
vt 0.066074 0.468748
vt 0.068847 0.479472
vt 0.135112 0.483746
vt 0.109537 0.473853
vt 0.111505 0.460692
vt 0.136817 0.460899
vt 0.156356 0.463147
vt 0.156863 0.483517
vt 0.126073 0.494972
vt 0.107089 0.482983
vt 0.600868 0.494297
vt 0.602257 0.517315
vt 0.598911 0.517030
vt 0.597623 0.493752
vt 0.598157 0.474046
vt 0.602063 0.474396
vt 0.002390 0.497431
vt 0.005910 0.498921
vt 0.005969 0.521073
vt 0.002354 0.520453
vt 0.001747 0.477535
vt 0.005314 0.477804
vt 0.001430 0.607969
vt 0.002868 0.587460
vt 0.007540 0.586451
vt 0.006703 0.604151
vt 0.602257 0.604831
vt 0.600015 0.602131
vt 0.599816 0.584799
vt 0.602025 0.584322
vt 0.004624 0.610918
vt 0.000987 0.605261
vt 0.169895 0.615402
vt 0.164970 0.614787
vt 0.165622 0.607750
vt 0.171527 0.609216
vt 0.176109 0.610732
vt 0.171576 0.617110
vt 0.165033 0.618575
vt 0.975141 0.004134
vt 0.975111 0.006835
vt 0.971862 0.006242
vt 0.972312 0.002967
vt 0.174634 0.439685
vt 0.175301 0.442869
vt 0.172177 0.443289
vt 0.171932 0.439175
vt 0.266820 0.438517
vt 0.269613 0.437538
vt 0.269571 0.441270
vt 0.267078 0.441702
vt 0.004537 0.440506
vt 0.008035 0.440319
vt 0.008189 0.444626
vt 0.004472 0.444367
vt 0.601876 0.437367
vt 0.601402 0.441231
vt 0.599555 0.441108
vt 0.599318 0.436921
vt 0.974677 0.174232
vt 0.972103 0.175002
vt 0.972523 0.171156
vt 0.974803 0.170734
vt 0.487332 0.610952
vt 0.495048 0.615223
vt 0.484917 0.615723
vt 0.481326 0.610177
vt 0.481577 0.602242
vt 0.492143 0.604284
vt 0.475924 0.603930
vt 0.615852 0.626380
vt 0.612017 0.637249
vt 0.605774 0.636682
vt 0.606410 0.626912
vt 0.147655 0.817290
vt 0.142027 0.814885
vt 0.140774 0.806389
vt 0.142902 0.806425
vt 0.323214 0.605058
vt 0.328952 0.606189
vt 0.325932 0.615885
vt 0.319227 0.609349
vt 0.325137 0.597332
vt 0.332728 0.596498
vt 0.334912 0.601816
vt 0.339337 0.604396
vt 0.335838 0.609070
vt 0.321610 0.597218
vt 0.334180 0.614358
vt 0.481912 0.446581
vt 0.491168 0.443888
vt 0.492334 0.447721
vt 0.486098 0.450117
vt 0.483475 0.440256
vt 0.491552 0.439899
vt 0.476334 0.454518
vt 0.470097 0.454150
vt 0.471967 0.447147
vt 0.472773 0.441563
vt 0.479289 0.456189
vt 0.496134 0.443523
vt 0.496496 0.447166
vt 0.578724 0.439120
vt 0.581702 0.438210
vt 0.581981 0.442459
vt 0.578655 0.442801
vt 0.496117 0.442141
vt 0.321233 0.439178
vt 0.324148 0.439229
vt 0.324020 0.446293
vt 0.320264 0.444534
vt 0.955144 0.001772
vt 0.958005 0.001127
vt 0.957266 0.004918
vt 0.953802 0.004695
vt 0.286802 0.437392
vt 0.287599 0.442685
vt 0.284072 0.442296
vt 0.283913 0.436783
vt 0.331239 0.450130
vt 0.338040 0.448849
vt 0.340676 0.455005
vt 0.336407 0.456811
vt 0.329910 0.441515
vt 0.336767 0.442520
vt 0.327832 0.455916
vt 0.323044 0.453907
vt 0.333714 0.460185
vt 0.139237 0.622169
vt 0.141108 0.624663
vt 0.134502 0.624081
vt 0.134175 0.621260
vt 0.004855 0.828431
vt 0.009925 0.829109
vt 0.010259 0.833635
vt 0.004706 0.832845
vt 0.000987 0.833026
vt 0.002962 0.827148
vt 0.464070 0.622227
vt 0.464758 0.625156
vt 0.460720 0.624444
vt 0.460246 0.620299
vt 0.135300 0.827081
vt 0.136171 0.830523
vt 0.129887 0.830891
vt 0.129782 0.827299
vt 0.008780 0.622882
vt 0.014307 0.621920
vt 0.014124 0.625123
vt 0.007385 0.625807
vt 0.154424 0.814958
vt 0.154076 0.811565
vt 0.160879 0.811922
vt 0.160942 0.816096
vt 0.320968 0.621979
vt 0.323753 0.620948
vt 0.323833 0.625092
vt 0.319940 0.625442
vt 0.136790 0.968131
vt 0.130283 0.968732
vt 0.130442 0.965205
vt 0.137270 0.965209
vt 0.471365 0.819394
vt 0.471489 0.816714
vt 0.475368 0.817147
vt 0.475522 0.819928
vt 0.289580 0.813132
vt 0.285645 0.812996
vt 0.285720 0.810327
vt 0.290359 0.810443
vt 0.001625 0.968738
vt 0.001745 0.964548
vt 0.005448 0.964336
vt 0.005556 0.967588
vt 0.278404 0.863388
vt 0.275365 0.865498
vt 0.263516 0.851198
vt 0.268566 0.849222
vt 0.266907 0.950876
vt 0.253004 0.954186
vt 0.251368 0.948888
vt 0.264519 0.941234
vt 0.184263 0.837677
vt 0.190122 0.842767
vt 0.178392 0.852166
vt 0.172987 0.849195
vt 0.162882 0.846453
vt 0.166651 0.834685
vt 0.205730 0.832681
vt 0.207338 0.836565
vt 0.183683 0.828794
vt 0.204799 0.827586
vt 0.166411 0.828013
vt 0.178298 0.949775
vt 0.185144 0.943120
vt 0.194567 0.950513
vt 0.191844 0.956538
vt 0.171120 0.930802
vt 0.175578 0.928166
vt 0.189196 0.964455
vt 0.172585 0.964545
vt 0.296334 0.971055
vt 0.296953 0.964359
vt 0.300702 0.965140
vt 0.298029 0.972397
vt 0.504282 0.440862
vt 0.507476 0.439193
vt 0.507044 0.444708
vt 0.502166 0.445441
vt 0.572629 0.438733
vt 0.573895 0.441392
vt 0.571063 0.440667
vt 0.570771 0.438831
vt 0.536358 0.439138
vt 0.537454 0.442204
vt 0.533119 0.442512
vt 0.532955 0.437979
vt 0.259008 0.591565
vt 0.255600 0.591678
vt 0.256206 0.585651
vt 0.260401 0.585892
vt 0.614686 0.825772
vt 0.617321 0.831094
vt 0.613599 0.830628
vt 0.611635 0.825091
vt 0.542734 0.440130
vt 0.545377 0.439753
vt 0.545156 0.443809
vt 0.541360 0.443118
vt 0.541545 0.581328
vt 0.541031 0.577977
vt 0.545376 0.578333
vt 0.545239 0.581813
vt 0.469306 0.827453
vt 0.473683 0.825864
vt 0.473587 0.829383
vt 0.468446 0.830110
vt 0.537657 0.584556
vt 0.534070 0.584971
vt 0.533616 0.579977
vt 0.537739 0.580176
vt 0.183056 0.591026
vt 0.182830 0.588294
vt 0.186356 0.588827
vt 0.186639 0.591692
vt 0.534290 0.588035
vt 0.529694 0.588152
vt 0.529308 0.584453
vt 0.182383 0.583908
vt 0.185903 0.583603
vt 0.190770 0.583491
vt 0.190948 0.588677
vt 0.196478 0.583626
vt 0.196698 0.589413
vt 0.185516 0.576508
vt 0.190605 0.576295
vt 0.196262 0.576418
vt 0.202869 0.576189
vt 0.203458 0.584832
vt 0.190465 0.560574
vt 0.196233 0.560508
vt 0.203034 0.559141
vt 0.209735 0.558126
vt 0.209149 0.575880
vt 0.196794 0.534723
vt 0.203873 0.534086
vt 0.210608 0.533475
vt 0.216022 0.532658
vt 0.215350 0.556776
vt 0.204086 0.506965
vt 0.210812 0.507376
vt 0.216227 0.508080
vt 0.220471 0.508300
vt 0.220290 0.532087
vt 0.211163 0.483257
vt 0.216540 0.484333
vt 0.220775 0.485126
vt 0.149629 0.865778
vt 0.153586 0.866545
vt 0.153236 0.888823
vt 0.149788 0.888953
vt 0.217062 0.463912
vt 0.221233 0.464697
vt 0.150152 0.845341
vt 0.155172 0.846007
vt 0.159052 0.867320
vt 0.150858 0.833349
vt 0.156674 0.833673
vt 0.151600 0.827041
vt 0.157267 0.827292
vt 0.152412 0.823136
vt 0.157635 0.822919
vt 0.166435 0.823267
vt 0.182702 0.823335
vt 0.157779 0.819233
vt 0.166261 0.819084
vt 0.181824 0.818912
vt 0.575908 0.553808
vt 0.576049 0.569372
vt 0.572152 0.570014
vt 0.571870 0.554777
vt 0.572106 0.532927
vt 0.575863 0.532216
vt 0.203415 0.818727
vt 0.204134 0.822898
vt 0.226952 0.818582
vt 0.227074 0.822587
vt 0.227274 0.826903
vt 0.227451 0.830861
vt 0.250261 0.822896
vt 0.250117 0.828067
vt 0.249409 0.833312
vt 0.247944 0.838230
vt 0.227712 0.834722
vt 0.271004 0.829840
vt 0.271140 0.839200
vt 0.270809 0.823393
vt 0.283150 0.823516
vt 0.283458 0.830267
vt 0.283907 0.841590
vt 0.290213 0.823734
vt 0.290396 0.830436
vt 0.290197 0.842010
vt 0.289932 0.860548
vt 0.281595 0.859378
vt 0.295893 0.840368
vt 0.300021 0.840248
vt 0.300015 0.860101
vt 0.295731 0.860450
vt 0.295579 0.830217
vt 0.299828 0.829683
vt 0.224239 0.449461
vt 0.228082 0.449412
vt 0.227752 0.459947
vt 0.223585 0.460032
vt 0.225331 0.443449
vt 0.228298 0.442967
vt 0.233077 0.443515
vt 0.232987 0.449536
vt 0.230115 0.439341
vt 0.232960 0.439337
vt 0.238800 0.439486
vt 0.238965 0.443787
vt 0.560861 0.440271
vt 0.566636 0.440215
vt 0.566603 0.445377
vt 0.560986 0.445069
vt 0.554372 0.444737
vt 0.554131 0.440099
vt 0.245310 0.439664
vt 0.250533 0.439631
vt 0.251410 0.443455
vt 0.245723 0.443830
vt 0.553641 0.436921
vt 0.549031 0.439855
vt 0.548429 0.437025
vt 0.549108 0.444318
vt 0.249735 0.436783
vt 0.253423 0.437139
vt 0.254273 0.439477
vt 0.257502 0.439105
vt 0.259590 0.442118
vt 0.255839 0.442791
vt 0.261138 0.447343
vt 0.257124 0.447933
vt 0.251978 0.448537
vt 0.257474 0.457040
vt 0.252045 0.457826
vt 0.245776 0.458570
vt 0.245888 0.449106
vt 0.239067 0.459232
vt 0.239030 0.449441
vt 0.233029 0.459705
vt 0.238990 0.476428
vt 0.232960 0.477948
vt 0.227775 0.479096
vt 0.233492 0.504161
vt 0.228627 0.504188
vt 0.224337 0.504224
vt 0.223712 0.479884
vt 0.229556 0.529796
vt 0.225129 0.529114
vt 0.301068 0.884441
vt 0.301843 0.909333
vt 0.297945 0.908569
vt 0.296747 0.884455
vt 0.292549 0.907645
vt 0.291343 0.884371
vt 0.286888 0.907507
vt 0.285218 0.883808
vt 0.282369 0.906576
vt 0.281872 0.883630
vt 0.277111 0.882804
vt 0.274570 0.886558
vt 0.268781 0.869687
vt 0.272104 0.867710
vt 0.279081 0.905676
vt 0.274973 0.905868
vt 0.682576 0.001122
vt 0.682019 0.004027
vt 0.663890 0.004013
vt 0.663264 0.000987
vt 0.272337 0.924373
vt 0.269021 0.921468
vt 0.698153 0.001284
vt 0.696332 0.004165
vt 0.695291 0.008099
vt 0.681309 0.008056
vt 0.266944 0.919645
vt 0.259773 0.933122
vt 0.258020 0.930837
vt 0.707490 0.004404
vt 0.706288 0.008339
vt 0.704554 0.013328
vt 0.694149 0.013167
vt 0.915334 0.991553
vt 0.916132 0.995492
vt 0.904797 0.995568
vt 0.904193 0.991904
vt 0.903470 0.986905
vt 0.914035 0.986560
vt 0.901624 0.978127
vt 0.910589 0.978554
vt 0.892969 0.992274
vt 0.892703 0.987321
vt 0.892076 0.977661
vt 0.891504 0.966028
vt 0.899935 0.966576
vt 0.882033 0.987128
vt 0.882928 0.977138
vt 0.883442 0.965399
vt 0.883573 0.953714
vt 0.891921 0.954155
vt 0.873927 0.977129
vt 0.875377 0.965139
vt 0.875253 0.953089
vt 0.873097 0.940229
vt 0.883548 0.940319
vt 0.866998 0.964711
vt 0.866644 0.952044
vt 0.862440 0.939583
vt 0.860383 0.923879
vt 0.872012 0.924298
vt 0.858791 0.951563
vt 0.853346 0.938731
vt 0.850776 0.923290
vt 0.855342 0.907571
vt 0.863917 0.908153
vt 0.774282 0.919073
vt 0.772268 0.934563
vt 0.762478 0.934223
vt 0.763346 0.918805
vt 0.759569 0.902941
vt 0.769914 0.903447
vt 0.756213 0.876790
vt 0.766114 0.878360
vt 0.750343 0.918471
vt 0.748044 0.901871
vt 0.745560 0.874731
vt 0.746621 0.844657
vt 0.757252 0.845558
vt 0.737533 0.900497
vt 0.736169 0.870936
vt 0.736307 0.843065
vt 0.737070 0.817747
vt 0.747551 0.818623
vt 0.728189 0.867922
vt 0.725503 0.841282
vt 0.726316 0.816646
vt 0.730533 0.780282
vt 0.738092 0.781956
vt 0.715133 0.839019
vt 0.716215 0.814403
vt 0.724020 0.777975
vt 0.725776 0.747720
vt 0.732118 0.748827
vt 0.799652 0.220243
vt 0.791574 0.183637
vt 0.801406 0.185922
vt 0.807065 0.221510
vt 0.807849 0.251461
vt 0.802106 0.250507
vt 0.808354 0.279957
vt 0.802330 0.279003
vt 0.814094 0.222892
vt 0.815212 0.252419
vt 0.815311 0.280876
vt 0.815288 0.310054
vt 0.808520 0.308853
vt 0.822863 0.253595
vt 0.822397 0.281798
vt 0.822335 0.311307
vt 0.822128 0.340732
vt 0.815447 0.339259
vt 0.829463 0.282933
vt 0.829048 0.312583
vt 0.828666 0.342224
vt 0.828978 0.369787
vt 0.822249 0.368384
vt 0.835341 0.313980
vt 0.835239 0.343599
vt 0.835489 0.371154
vt 0.835489 0.399853
vt 0.829058 0.398336
vt 0.657710 0.370278
vt 0.657476 0.342677
vt 0.663853 0.343745
vt 0.663777 0.371349
vt 0.663819 0.400323
vt 0.657507 0.399052
vt 0.664066 0.429907
vt 0.657738 0.428831
vt 0.671094 0.372407
vt 0.671085 0.401578
vt 0.671340 0.430953
vt 0.671299 0.459317
vt 0.664125 0.458214
vt 0.678837 0.402946
vt 0.679275 0.431974
vt 0.679137 0.460313
vt 0.678747 0.488919
vt 0.671065 0.487811
vt 0.685907 0.433184
vt 0.685947 0.461527
vt 0.685841 0.490144
vt 0.685660 0.519005
vt 0.678508 0.517752
vt 0.691317 0.462998
vt 0.691200 0.491555
vt 0.691056 0.520369
vt 0.690794 0.549084
vt 0.685264 0.547721
vt 0.695834 0.493031
vt 0.695772 0.521710
vt 0.695594 0.550555
vt 0.695206 0.579133
vt 0.690161 0.577533
vt 0.894749 0.449418
vt 0.894418 0.478267
vt 0.889154 0.476839
vt 0.889611 0.448010
vt 0.889914 0.419202
vt 0.895137 0.420833
vt 0.890518 0.389112
vt 0.896688 0.391155
vt 0.883716 0.446440
vt 0.883657 0.417475
vt 0.883613 0.387756
vt 0.883666 0.358588
vt 0.894070 0.359714
vt 0.877252 0.415967
vt 0.875480 0.386268
vt 0.873449 0.357387
vt 0.874750 0.326033
vt 0.883129 0.328285
vt 0.867046 0.385153
vt 0.863515 0.355924
vt 0.867620 0.323900
vt 0.867959 0.289616
vt 0.875748 0.291033
vt 0.855402 0.353561
vt 0.861546 0.322012
vt 0.861205 0.288004
vt 0.862092 0.253604
vt 0.868284 0.255126
vt 0.757970 0.283944
vt 0.758242 0.317956
vt 0.751719 0.316128
vt 0.751326 0.282464
vt 0.750955 0.248084
vt 0.757025 0.249553
vt 0.750648 0.212850
vt 0.757424 0.214318
vt 0.744046 0.280915
vt 0.743607 0.246559
vt 0.743131 0.211418
vt 0.742745 0.176075
vt 0.750066 0.177481
vt 0.735754 0.245016
vt 0.734951 0.210027
vt 0.734827 0.174692
vt 0.734526 0.141125
vt 0.742241 0.142612
vt 0.726978 0.208636
vt 0.727263 0.173318
vt 0.726568 0.139803
vt 0.726220 0.114410
vt 0.734309 0.114805
vt 0.720858 0.171962
vt 0.720089 0.138619
vt 0.719729 0.114345
vt 0.515891 0.607480
vt 0.523236 0.607775
vt 0.520481 0.617341
vt 0.513375 0.614794
vt 0.804859 0.882997
vt 0.805436 0.858751
vt 0.812026 0.859455
vt 0.811205 0.882712
vt 0.515518 0.599798
vt 0.523018 0.598290
vt 0.808006 0.890235
vt 0.806965 0.897494
vt 0.799095 0.897426
vt 0.800317 0.890665
vt 0.513375 0.592928
vt 0.520540 0.590154
vt 0.815990 0.890274
vt 0.815096 0.897508
vt 0.815846 0.905790
vt 0.808359 0.905892
vt 0.823351 0.890601
vt 0.822945 0.897674
vt 0.822986 0.905561
vt 0.823343 0.921916
vt 0.817371 0.923129
vt 0.831197 0.897918
vt 0.830623 0.905767
vt 0.829588 0.920911
vt 0.829836 0.945734
vt 0.823334 0.944853
vt 0.839266 0.905899
vt 0.837030 0.920272
vt 0.837403 0.946026
vt 0.840972 0.961617
vt 0.831319 0.958727
vt 0.842992 0.920670
vt 0.844155 0.946899
vt 0.848802 0.964611
vt 0.848382 0.976246
vt 0.840053 0.973483
vt 0.658918 0.964997
vt 0.663340 0.946937
vt 0.670277 0.946800
vt 0.666698 0.966492
vt 0.667067 0.977506
vt 0.658511 0.976684
vt 0.666941 0.985126
vt 0.658198 0.984633
vt 0.676103 0.966427
vt 0.676110 0.977353
vt 0.676014 0.985275
vt 0.676483 0.991981
vt 0.667570 0.991718
vt 0.686226 0.977050
vt 0.686032 0.985407
vt 0.685722 0.992435
vt 0.685370 0.997546
vt 0.677321 0.997337
vt 0.697007 0.985806
vt 0.696381 0.992937
vt 0.694598 0.998030
vt 0.360400 0.830410
vt 0.358228 0.836559
vt 0.351005 0.834599
vt 0.351118 0.827860
vt 0.362120 0.826572
vt 0.372261 0.833190
vt 0.369264 0.836355
vt 0.364777 0.841231
vt 0.360484 0.846028
vt 0.356166 0.842528
vt 0.375062 0.843704
vt 0.369034 0.846929
vt 0.950135 0.317009
vt 0.944311 0.317158
vt 0.941465 0.308608
vt 0.945372 0.309269
vt 0.942585 0.289403
vt 0.946612 0.290203
vt 0.937749 0.317043
vt 0.936496 0.307918
vt 0.937140 0.288540
vt 0.937595 0.267038
vt 0.943401 0.267744
vt 0.931641 0.307441
vt 0.931200 0.287815
vt 0.931753 0.266328
vt 0.931894 0.246797
vt 0.938237 0.247454
vt 0.926333 0.286698
vt 0.926159 0.265450
vt 0.925782 0.246036
vt 0.924823 0.227605
vt 0.931585 0.228009
vt 0.920758 0.264399
vt 0.920179 0.245097
vt 0.919296 0.227130
vt 0.918837 0.208694
vt 0.924593 0.208792
vt 0.408122 0.429885
vt 0.390195 0.431119
vt 0.391003 0.424660
vt 0.408533 0.422643
vt 0.426133 0.422007
vt 0.426550 0.429293
vt 0.444163 0.422075
vt 0.444623 0.428549
vt 0.408962 0.414713
vt 0.425384 0.414507
vt 0.443619 0.415216
vt 0.464297 0.415846
vt 0.464664 0.422773
vt 0.424354 0.408352
vt 0.443097 0.409191
vt 0.463954 0.409437
vt 0.485013 0.409446
vt 0.485182 0.416036
vt 0.976751 0.457087
vt 0.975719 0.477955
vt 0.972219 0.457595
vt 0.463635 0.404250
vt 0.484886 0.404809
vt 0.504990 0.403388
vt 0.505220 0.408840
vt 0.972394 0.436334
vt 0.965722 0.457993
vt 0.965876 0.436477
vt 0.966580 0.416483
vt 0.973320 0.416266
vt 0.967177 0.395763
vt 0.973571 0.395553
vt 0.958718 0.436502
vt 0.959254 0.416483
vt 0.959955 0.395812
vt 0.960246 0.374381
vt 0.967627 0.374437
vt 0.952220 0.416426
vt 0.952836 0.395707
vt 0.953263 0.374174
vt 0.953519 0.351258
vt 0.960924 0.350781
vt 0.086362 0.400161
vt 0.107918 0.400997
vt 0.107845 0.406147
vt 0.086185 0.405108
vt 0.948100 0.373878
vt 0.948203 0.351552
vt 0.948235 0.330545
vt 0.063844 0.404578
vt 0.085932 0.412112
vt 0.063982 0.411441
vt 0.043170 0.411098
vt 0.042815 0.403680
vt 0.026837 0.411619
vt 0.028080 0.403734
vt 0.064019 0.418716
vt 0.043580 0.418242
vt 0.026515 0.418721
vt 0.013775 0.418649
vt 0.014792 0.411876
vt 0.043807 0.424328
vt 0.026433 0.424430
vt 0.013238 0.424071
vt 0.942352 0.015017
vt 0.943153 0.028203
vt 0.936874 0.028339
vt 0.936506 0.014902
vt 0.930343 0.028384
vt 0.930252 0.014653
vt 0.930171 0.006124
vt 0.930503 0.000987
vt 0.924325 0.014691
vt 0.924852 0.006174
vt 0.925454 0.001811
vt 0.924168 0.028367
vt 0.918954 0.028309
vt 0.918755 0.014917
vt 0.919913 0.006275
vt 0.620357 0.425373
vt 0.606979 0.425989
vt 0.606948 0.420609
vt 0.619873 0.419845
vt 0.606913 0.414207
vt 0.619025 0.413291
vt 0.627358 0.411876
vt 0.617486 0.407123
vt 0.624786 0.404916
vt 0.629748 0.402904
vt 0.633051 0.410535
vt 0.564622 0.604577
vt 0.563943 0.612314
vt 0.558341 0.612909
vt 0.559044 0.605451
vt 0.552283 0.612676
vt 0.552744 0.605476
vt 0.553228 0.598064
vt 0.546348 0.604652
vt 0.553965 0.591926
vt 0.546317 0.612366
vt 0.541142 0.611808
vt 0.541031 0.603653
vt 0.001387 0.409412
vt 0.005105 0.401409
vt 0.010511 0.402818
vt 0.006800 0.410748
vt 0.017407 0.403932
vt 0.017789 0.394247
vt 0.022835 0.394952
vt 0.031189 0.394551
vt 0.023977 0.380855
vt 0.028949 0.381105
vt 0.034228 0.380777
vt 0.027487 0.365055
vt 0.032293 0.364199
vt 0.036338 0.363267
vt 0.034268 0.347862
vt 0.037882 0.346840
vt 0.462892 0.859172
vt 0.462172 0.875318
vt 0.457493 0.876458
vt 0.458363 0.860187
vt 0.452948 0.877960
vt 0.453455 0.861579
vt 0.449438 0.879755
vt 0.449438 0.863447
vt 0.598320 0.361144
vt 0.598593 0.344740
vt 0.602734 0.343398
vt 0.602431 0.359795
vt 0.607532 0.342122
vt 0.607345 0.358429
vt 0.607518 0.374444
vt 0.612099 0.357081
vt 0.612200 0.372903
vt 0.613920 0.387243
vt 0.609875 0.389190
vt 0.618688 0.397914
vt 0.614046 0.399600
vt 0.606673 0.407626
vt 0.590487 0.414974
vt 0.591275 0.408534
vt 0.569240 0.415416
vt 0.569334 0.409030
vt 0.569711 0.403420
vt 0.547149 0.409210
vt 0.546994 0.403584
vt 0.974451 0.351553
vt 0.973971 0.374263
vt 0.967770 0.350726
vt 0.967075 0.326146
vt 0.974091 0.328257
vt 0.525726 0.408951
vt 0.525697 0.403706
vt 0.547349 0.415625
vt 0.525762 0.415545
vt 0.505390 0.415619
vt 0.526021 0.422022
vt 0.505532 0.422328
vt 0.485326 0.422747
vt 0.505630 0.428115
vt 0.485432 0.428588
vt 0.465065 0.429080
vt 0.918744 0.170212
vt 0.918702 0.149844
vt 0.924161 0.149944
vt 0.924166 0.170074
vt 0.925040 0.190551
vt 0.919475 0.190607
vt 0.931173 0.170036
vt 0.931680 0.190461
vt 0.931347 0.209013
vt 0.938681 0.190346
vt 0.938484 0.209238
vt 0.938527 0.228388
vt 0.945127 0.209574
vt 0.944965 0.228833
vt 0.944104 0.247990
vt 0.246053 0.433410
vt 0.226947 0.432168
vt 0.227696 0.426044
vt 0.246817 0.428485
vt 0.266586 0.430955
vt 0.265750 0.434809
vt 0.247561 0.422112
vt 0.267416 0.425647
vt 0.289148 0.427071
vt 0.288439 0.431874
vt 0.947474 0.268321
vt 0.268232 0.419869
vt 0.289939 0.422059
vt 0.309019 0.422272
vt 0.308159 0.427195
vt 0.307541 0.431416
vt 0.290850 0.417230
vt 0.309971 0.417460
vt 0.316664 0.416119
vt 0.316195 0.422537
vt 0.315594 0.429699
vt 0.344572 0.834641
vt 0.346338 0.841437
vt 0.341301 0.842846
vt 0.338044 0.836499
vt 0.335125 0.830927
vt 0.343074 0.828170
vt 0.331636 0.840647
vt 0.327224 0.837201
vt 0.669315 0.997012
vt 0.661282 0.996558
vt 0.658787 0.991151
vt 0.847745 0.990703
vt 0.845852 0.996270
vt 0.838533 0.995999
vt 0.840015 0.990174
vt 0.840571 0.982851
vt 0.848070 0.984159
vt 0.831128 0.990014
vt 0.830999 0.981808
vt 0.831117 0.970366
vt 0.822896 0.980955
vt 0.822980 0.967969
vt 0.823250 0.956446
vt 0.815514 0.965570
vt 0.815604 0.954141
vt 0.817352 0.944965
vt 0.525210 0.593344
vt 0.532819 0.590154
vt 0.534261 0.599903
vt 0.526236 0.601394
vt 0.810231 0.944457
vt 0.810577 0.923065
vt 0.803819 0.942771
vt 0.804232 0.921622
vt 0.801184 0.905566
vt 0.715856 0.091646
vt 0.719301 0.075678
vt 0.726701 0.078119
vt 0.723634 0.091991
vt 0.722495 0.100229
vt 0.713756 0.099735
vt 0.732950 0.092520
vt 0.732732 0.099943
vt 0.733346 0.106365
vt 0.723237 0.106612
vt 0.715176 0.106545
vt 0.744580 0.099682
vt 0.743937 0.106113
vt 0.742530 0.115496
vt 0.753434 0.106695
vt 0.749951 0.115954
vt 0.749684 0.144101
vt 0.756033 0.116398
vt 0.755752 0.145602
vt 0.756403 0.178903
vt 0.861452 0.182961
vt 0.861468 0.149654
vt 0.867815 0.151110
vt 0.867919 0.184580
vt 0.868240 0.219883
vt 0.861420 0.218391
vt 0.875910 0.186109
vt 0.876105 0.221408
vt 0.876145 0.256608
vt 0.884144 0.222859
vt 0.884006 0.258134
vt 0.883569 0.292410
vt 0.891296 0.259531
vt 0.891138 0.293784
vt 0.890873 0.329922
vt 0.897383 0.295315
vt 0.898024 0.331375
vt 0.902934 0.360734
vt 0.704531 0.639247
vt 0.700986 0.668617
vt 0.694766 0.667483
vt 0.697605 0.638084
vt 0.909566 0.361784
vt 0.901866 0.392838
vt 0.690669 0.607035
vt 0.687664 0.637531
vt 0.684111 0.606053
vt 0.684814 0.576213
vt 0.695514 0.608802
vt 0.676479 0.604521
vt 0.677127 0.575004
vt 0.677940 0.546498
vt 0.669333 0.574062
vt 0.670051 0.545386
vt 0.670680 0.516720
vt 0.663202 0.544377
vt 0.663687 0.515728
vt 0.664080 0.486510
vt 0.658014 0.514736
vt 0.657806 0.485316
vt 0.657697 0.457050
vt 0.835572 0.457737
vt 0.835685 0.485948
vt 0.829245 0.484483
vt 0.829416 0.456217
vt 0.829276 0.428169
vt 0.835670 0.429581
vt 0.822595 0.454788
vt 0.822480 0.426783
vt 0.822377 0.397029
vt 0.815622 0.425412
vt 0.815777 0.395808
vt 0.815702 0.367048
vt 0.809680 0.394786
vt 0.809710 0.366000
vt 0.809140 0.337990
vt 0.803555 0.365160
vt 0.803030 0.336915
vt 0.802700 0.307792
vt 0.725058 0.690341
vt 0.724389 0.661155
vt 0.731913 0.662409
vt 0.732198 0.691603
vt 0.732255 0.720466
vt 0.725299 0.719173
vt 0.739829 0.692766
vt 0.739680 0.721771
vt 0.739028 0.750106
vt 0.746948 0.722925
vt 0.746208 0.751538
vt 0.746075 0.781619
vt 0.752233 0.752641
vt 0.753962 0.782762
vt 0.757770 0.818738
vt 0.761687 0.784166
vt 0.767396 0.818735
vt 0.766870 0.846385
vt 0.855974 0.850448
vt 0.854286 0.822815
vt 0.862211 0.823438
vt 0.865171 0.851003
vt 0.867540 0.883467
vt 0.858533 0.882403
vt 0.874969 0.851988
vt 0.875996 0.884369
vt 0.873667 0.908767
vt 0.884165 0.885410
vt 0.883746 0.908933
vt 0.883627 0.924540
vt 0.894148 0.909593
vt 0.895520 0.924843
vt 0.894032 0.941156
vt 0.906576 0.925716
vt 0.903688 0.941636
vt 0.900326 0.954750
vt 0.912404 0.942369
vt 0.907309 0.955178
vt 0.907239 0.966999
vt 0.696651 0.032879
vt 0.695750 0.044692
vt 0.686644 0.044322
vt 0.687812 0.032492
vt 0.691014 0.021319
vt 0.700497 0.021329
vt 0.676995 0.032366
vt 0.678713 0.021080
vt 0.680360 0.013133
vt 0.664857 0.020687
vt 0.664165 0.012961
vt 0.663961 0.008038
vt 0.649378 0.012798
vt 0.648342 0.008204
vt 0.647720 0.004416
vt 0.636100 0.008210
vt 0.635229 0.004325
vt 0.266684 0.871033
vt 0.256467 0.858581
vt 0.258140 0.856576
vt 0.646373 0.001646
vt 0.243177 0.849813
vt 0.244269 0.847339
vt 0.245552 0.844272
vt 0.260461 0.854056
vt 0.246908 0.840827
vt 0.227646 0.840425
vt 0.227665 0.838180
vt 0.209912 0.842389
vt 0.208539 0.839234
vt 0.196010 0.848979
vt 0.193297 0.845904
vt 0.185230 0.858232
vt 0.182054 0.855395
vt 0.176874 0.871810
vt 0.173144 0.870052
vt 0.170108 0.869076
vt 0.170440 0.889495
vt 0.166213 0.889308
vt 0.162123 0.888951
vt 0.164401 0.867967
vt 0.157792 0.888796
vt 0.162335 0.910864
vt 0.158033 0.911277
vt 0.153549 0.911903
vt 0.158677 0.934650
vt 0.154212 0.935381
vt 0.150129 0.936478
vt 0.150154 0.912738
vt 0.153427 0.955045
vt 0.149629 0.955577
vt 0.219919 0.555824
vt 0.218570 0.574907
vt 0.214311 0.575211
vt 0.214497 0.586265
vt 0.209660 0.585519
vt 0.215789 0.590138
vt 0.210689 0.591108
vt 0.204094 0.590518
vt 0.516566 0.587428
vt 0.509987 0.586531
vt 0.508903 0.582377
vt 0.515813 0.583146
vt 0.523477 0.583886
vt 0.523946 0.588180
vt 0.514624 0.577286
vt 0.522454 0.578663
vt 0.528601 0.579374
vt 0.520733 0.570729
vt 0.527264 0.572148
vt 0.532542 0.572754
vt 0.525175 0.557762
vt 0.531098 0.559369
vt 0.536435 0.561252
vt 0.537027 0.573344
vt 0.480503 0.825233
vt 0.492584 0.824605
vt 0.490610 0.828198
vt 0.479978 0.828845
vt 0.488667 0.832763
vt 0.479518 0.833292
vt 0.473191 0.833517
vt 0.467929 0.834355
vt 0.478803 0.839490
vt 0.472669 0.839730
vt 0.467696 0.840843
vt 0.181671 0.577195
vt 0.471908 0.852680
vt 0.467796 0.855058
vt 0.181596 0.562746
vt 0.185403 0.561354
vt 0.182007 0.536782
vt 0.185451 0.535854
vt 0.190723 0.535049
vt 0.186332 0.505832
vt 0.191357 0.506183
vt 0.197202 0.506497
vt 0.192033 0.480378
vt 0.197868 0.481285
vt 0.204721 0.482361
vt 0.198641 0.461516
vt 0.205560 0.462319
vt 0.211730 0.463163
vt 0.206390 0.451916
vt 0.212493 0.452256
vt 0.217570 0.452466
vt 0.221611 0.452715
vt 0.212755 0.446214
vt 0.217507 0.446247
vt 0.221293 0.446410
vt 0.212697 0.441865
vt 0.217082 0.442148
vt 0.220455 0.442506
vt 0.567823 0.582874
vt 0.568179 0.586705
vt 0.562605 0.586763
vt 0.562715 0.583072
vt 0.562509 0.578579
vt 0.567787 0.578291
vt 0.572099 0.577970
vt 0.567650 0.570796
vt 0.575999 0.577855
vt 0.562345 0.571138
vt 0.562425 0.556976
vt 0.567603 0.555901
vt 0.562578 0.535294
vt 0.567800 0.533944
vt 0.562309 0.508867
vt 0.567630 0.509069
vt 0.571986 0.508827
vt 0.575766 0.508679
vt 0.567314 0.484195
vt 0.571808 0.484978
vt 0.575623 0.485296
vt 0.250334 0.818384
vt 0.571554 0.464120
vt 0.575595 0.464600
vt 0.271029 0.818177
vt 0.571415 0.452484
vt 0.575566 0.452648
vt 0.282980 0.818070
vt 0.571421 0.445551
vt 0.575200 0.445543
vt 0.290086 0.818093
vt 0.294254 0.819714
vt 0.294810 0.824014
vt 0.566700 0.452087
vt 0.566900 0.463455
vt 0.561384 0.462665
vt 0.561119 0.451521
vt 0.555076 0.461974
vt 0.554632 0.450925
vt 0.549738 0.461631
vt 0.549250 0.450403
vt 0.545273 0.461064
vt 0.545025 0.449971
vt 0.541071 0.460137
vt 0.541031 0.449721
vt 0.611336 0.976963
vt 0.604790 0.977115
vt 0.605137 0.972888
vt 0.611780 0.973025
vt 0.616389 0.972841
vt 0.615330 0.976180
vt 0.605522 0.967565
vt 0.611993 0.967410
vt 0.616914 0.967421
vt 0.605809 0.960010
vt 0.612057 0.959304
vt 0.616962 0.958699
vt 0.611847 0.942735
vt 0.616933 0.941589
vt 0.261435 0.456147
vt 0.261611 0.473489
vt 0.257525 0.474560
vt 0.262077 0.502693
vt 0.258135 0.502895
vt 0.252593 0.503057
vt 0.252101 0.475197
vt 0.246131 0.503390
vt 0.245806 0.475526
vt 0.239289 0.503755
vt 0.246927 0.533292
vt 0.240276 0.532266
vt 0.234579 0.530832
vt 0.242612 0.557428
vt 0.236437 0.555727
vt 0.230759 0.554223
vt 0.238763 0.574705
vt 0.232542 0.573732
vt 0.226868 0.572894
vt 0.225816 0.552883
vt 0.302353 0.933104
vt 0.303081 0.953120
vt 0.299895 0.952278
vt 0.298443 0.932036
vt 0.295280 0.952017
vt 0.292459 0.930907
vt 0.288935 0.950954
vt 0.285255 0.930556
vt 0.291253 0.962789
vt 0.282922 0.960990
vt 0.279253 0.950202
vt 0.268719 0.960081
vt 0.284709 0.968020
vt 0.271272 0.966380
vt 0.256089 0.965199
vt 0.254206 0.960220
vt 0.239119 0.965328
vt 0.238350 0.960420
vt 0.273913 0.971510
vt 0.258147 0.970021
vt 0.241134 0.969684
vt 0.260476 0.973895
vt 0.242563 0.973178
vt 0.499625 0.496029
vt 0.503124 0.494654
vt 0.502900 0.514002
vt 0.499421 0.513749
vt 0.503401 0.532859
vt 0.499505 0.531550
vt 0.508019 0.493386
vt 0.507802 0.514281
vt 0.508853 0.534204
vt 0.510623 0.553932
vt 0.504202 0.551702
vt 0.514083 0.514559
vt 0.515886 0.535538
vt 0.518110 0.555927
vt 0.512988 0.569068
vt 0.523174 0.537094
vt 0.521232 0.514884
vt 0.527772 0.515321
vt 0.529316 0.539337
vt 0.533696 0.515975
vt 0.534856 0.541626
vt 0.538435 0.516210
vt 0.538985 0.543929
vt 0.539057 0.563272
vt 0.509947 0.826955
vt 0.537653 0.825924
vt 0.537445 0.831103
vt 0.507310 0.831891
vt 0.537401 0.837485
vt 0.503744 0.837948
vt 0.487150 0.838944
vt 0.500672 0.847452
vt 0.485753 0.849766
vt 0.478258 0.851154
vt 0.484810 0.874868
vt 0.478066 0.877469
vt 0.471828 0.879166
vt 0.467862 0.880698
vt 0.478113 0.912758
vt 0.471991 0.912157
vt 0.467847 0.911802
vt 0.182591 0.505299
vt 0.472653 0.941077
vt 0.467935 0.939362
vt 0.183223 0.477424
vt 0.186951 0.479035
vt 0.183242 0.458774
vt 0.187133 0.460022
vt 0.192456 0.460989
vt 0.187035 0.450315
vt 0.192749 0.450868
vt 0.199354 0.451396
vt 0.193160 0.445104
vt 0.199868 0.445670
vt 0.206765 0.446125
vt 0.200319 0.441434
vt 0.207114 0.441791
vt 0.193966 0.441205
vt 0.555799 0.586697
vt 0.549439 0.586311
vt 0.549952 0.582640
vt 0.556014 0.582996
vt 0.550021 0.578551
vt 0.555952 0.578712
vt 0.550229 0.571476
vt 0.556075 0.571327
vt 0.550492 0.558622
vt 0.556218 0.557833
vt 0.550690 0.536986
vt 0.556507 0.536284
vt 0.550355 0.508777
vt 0.556112 0.508953
vt 0.550045 0.482405
vt 0.555576 0.482872
vt 0.561867 0.483528
vt 0.545531 0.508998
vt 0.545411 0.481700
vt 0.541100 0.509273
vt 0.541107 0.480662
vt 0.545752 0.537690
vt 0.541139 0.539034
vt 0.545763 0.559588
vt 0.541265 0.560921
vt 0.511258 0.977250
vt 0.491646 0.977055
vt 0.490213 0.972619
vt 0.509171 0.972888
vt 0.540925 0.972875
vt 0.541290 0.977287
vt 0.573941 0.972850
vt 0.572370 0.977268
vt 0.595068 0.972719
vt 0.594005 0.977174
vt 0.576203 0.967747
vt 0.596245 0.967587
vt 0.578996 0.961171
vt 0.597450 0.960626
vt 0.581953 0.949632
vt 0.598628 0.946603
vt 0.606020 0.944447
vt 0.599074 0.913747
vt 0.605658 0.913115
vt 0.611430 0.912679
vt 0.604991 0.876287
vt 0.610820 0.878094
vt 0.615851 0.879831
vt 0.616461 0.912751
vt 0.610070 0.852045
vt 0.615101 0.853940
vt 0.618902 0.855791
vt 0.619450 0.881628
vt 0.262673 0.536019
vt 0.258810 0.534843
vt 0.259923 0.560885
vt 0.254772 0.559802
vt 0.253299 0.533897
vt 0.248947 0.558689
vt 0.255984 0.576014
vt 0.250703 0.575685
vt 0.244928 0.575306
vt 0.251323 0.585392
vt 0.246063 0.585207
vt 0.240400 0.585061
vt 0.246644 0.591166
vt 0.241344 0.591333
vt 0.236794 0.591687
vt 0.234873 0.585068
vt 0.232826 0.592023
vt 0.228973 0.585414
vt 0.230123 0.592127
vt 0.225433 0.584915
vt 0.223585 0.572064
vt 0.510182 0.438070
vt 0.514149 0.437482
vt 0.514803 0.443060
vt 0.510979 0.444051
vt 0.509208 0.450377
vt 0.503834 0.451432
vt 0.514203 0.449311
vt 0.512223 0.458715
vt 0.506752 0.460842
vt 0.519156 0.442312
vt 0.518979 0.448285
vt 0.517866 0.457077
vt 0.515698 0.472208
vt 0.509720 0.474408
vt 0.524171 0.447492
vt 0.523673 0.455764
vt 0.522215 0.470297
vt 0.520717 0.490545
vt 0.513925 0.492023
vt 0.529155 0.454733
vt 0.528527 0.468543
vt 0.527543 0.488889
vt 0.534226 0.466722
vt 0.533765 0.486937
vt 0.538908 0.464719
vt 0.538558 0.485169
vt 0.568692 0.826064
vt 0.589147 0.826307
vt 0.591346 0.831358
vt 0.571156 0.831129
vt 0.593478 0.837659
vt 0.574464 0.837592
vt 0.595626 0.848305
vt 0.578289 0.846433
vt 0.536786 0.846132
vt 0.581797 0.867977
vt 0.536885 0.866209
vt 0.498179 0.869467
vt 0.537850 0.917113
vt 0.497516 0.916219
vt 0.484639 0.913619
vt 0.500222 0.949416
vt 0.485740 0.946070
vt 0.478589 0.943502
vt 0.487395 0.960621
vt 0.479398 0.959595
vt 0.473629 0.958460
vt 0.468744 0.957725
vt 0.480236 0.966967
vt 0.474481 0.966671
vt 0.469031 0.966611
vt 0.182579 0.449632
vt 0.475216 0.972390
vt 0.470055 0.972378
vt 0.183468 0.443925
vt 0.187678 0.443987
vt 0.185316 0.440209
vt 0.188969 0.440862
vt 0.544410 0.585081
vt 0.472060 0.976345
vt 0.476002 0.976659
vt 0.480828 0.972416
vt 0.481610 0.976932
vt 0.488877 0.967456
vt 0.503589 0.961371
vt 0.506553 0.967775
vt 0.539581 0.961489
vt 0.540434 0.967833
vt 0.538889 0.950714
vt 0.583576 0.916222
vt 0.597954 0.873569
vt 0.604326 0.850032
vt 0.603385 0.838010
vt 0.609582 0.838383
vt 0.602318 0.830908
vt 0.608667 0.830577
vt 0.614712 0.839124
vt 0.618681 0.840213
vt 0.260694 0.576569
vt 0.601097 0.826025
vt 0.607574 0.825528
vt 0.538532 0.446282
vt 0.539057 0.452769
vt 0.534395 0.453781
vt 0.533893 0.446912
vt 0.529106 0.447091
vt 0.528903 0.441998
vt 0.524221 0.441902
vt 0.523999 0.436921
vt 0.528796 0.437088
vt 0.251442 0.591250
vt 0.518699 0.437084
vt 0.504175 0.476755
vt 0.500676 0.479024
vt 0.501957 0.463283
vt 0.285791 0.973164
vt 0.291739 0.970172
vt 0.292535 0.974109
vt 0.545523 0.571665
vt 0.541223 0.572051
vt 0.493626 0.980828
vt 0.482498 0.980817
vt 0.476574 0.980576
vt 0.507271 0.576188
vt 0.505707 0.567189
vt 0.500954 0.575004
vt 0.500066 0.565263
vt 0.499608 0.549514
vt 0.204887 0.965512
vt 0.205910 0.959995
vt 0.222067 0.960651
vt 0.221790 0.965831
vt 0.222339 0.956384
vt 0.238084 0.956077
vt 0.207093 0.954817
vt 0.208529 0.950428
vt 0.222706 0.952531
vt 0.197096 0.945901
vt 0.199486 0.941931
vt 0.209988 0.946883
vt 0.188199 0.938257
vt 0.190661 0.934516
vt 0.192646 0.931445
vt 0.201411 0.938579
vt 0.179424 0.925239
vt 0.182745 0.922562
vt 0.184932 0.920497
vt 0.769218 0.992755
vt 0.768402 0.988766
vt 0.779111 0.989400
vt 0.780248 0.993705
vt 0.177527 0.907239
vt 0.179643 0.906286
vt 0.754957 0.992570
vt 0.754734 0.988613
vt 0.754117 0.983897
vt 0.767310 0.984670
vt 0.738612 0.992168
vt 0.738799 0.988132
vt 0.739199 0.983676
vt 0.739691 0.978355
vt 0.753124 0.978629
vt 0.723648 0.988167
vt 0.724684 0.983775
vt 0.726350 0.978063
vt 0.728610 0.968375
vt 0.740091 0.969462
vt 0.712810 0.984300
vt 0.715516 0.977824
vt 0.719369 0.967446
vt 0.720258 0.955816
vt 0.729450 0.956803
vt 0.792240 0.030862
vt 0.787532 0.020402
vt 0.796726 0.020214
vt 0.799996 0.031475
vt 0.801029 0.043155
vt 0.793572 0.042498
vt 0.799379 0.055136
vt 0.791486 0.054300
vt 0.809584 0.032191
vt 0.810351 0.043952
vt 0.809746 0.056764
vt 0.808910 0.068604
vt 0.796290 0.067344
vt 0.820228 0.044566
vt 0.821578 0.057308
vt 0.823289 0.068726
vt 0.823051 0.082208
vt 0.809075 0.081266
vt 0.832832 0.056938
vt 0.836052 0.069729
vt 0.835089 0.084066
vt 0.830914 0.101931
vt 0.821565 0.100661
vt 0.847993 0.070294
vt 0.846042 0.085502
vt 0.840399 0.103517
vt 0.840483 0.134181
vt 0.830437 0.132935
vt 0.647291 0.102767
vt 0.641033 0.085149
vt 0.652056 0.085624
vt 0.656171 0.103956
vt 0.656291 0.134804
vt 0.647497 0.133484
vt 0.653717 0.165405
vt 0.643931 0.165400
vt 0.666585 0.105476
vt 0.666689 0.136777
vt 0.664225 0.165402
vt 0.665566 0.196360
vt 0.655957 0.194156
vt 0.676445 0.140318
vt 0.675332 0.164811
vt 0.675500 0.197318
vt 0.676386 0.230994
vt 0.669660 0.229632
vt 0.686372 0.166246
vt 0.684983 0.198031
vt 0.682897 0.232415
vt 0.683813 0.260390
vt 0.677225 0.259001
vt 0.693604 0.201610
vt 0.688823 0.234208
vt 0.689326 0.261749
vt 0.690218 0.289548
vt 0.684869 0.287799
vt 0.899315 0.738133
vt 0.902031 0.765647
vt 0.896783 0.764039
vt 0.895207 0.736596
vt 0.694009 0.263359
vt 0.694549 0.291442
vt 0.694896 0.320814
vt 0.690650 0.319297
vt 0.894455 0.708524
vt 0.889887 0.735059
vt 0.888812 0.706736
vt 0.889025 0.677622
vt 0.894444 0.679156
vt 0.889040 0.649139
vt 0.894388 0.650553
vt 0.883338 0.704861
vt 0.883424 0.676117
vt 0.883422 0.647617
vt 0.883333 0.619042
vt 0.889003 0.620570
vt 0.877990 0.674429
vt 0.877916 0.645959
vt 0.877834 0.617476
vt 0.877617 0.587746
vt 0.883208 0.589295
vt 0.872753 0.644207
vt 0.872601 0.615844
vt 0.872410 0.586264
vt 0.872312 0.557237
vt 0.877514 0.558964
vt 0.867494 0.614043
vt 0.867357 0.584637
vt 0.867379 0.555883
vt 0.867382 0.527374
vt 0.872244 0.528949
vt 0.862550 0.583189
vt 0.862606 0.554503
vt 0.862594 0.526034
vt 0.862501 0.496906
vt 0.867308 0.498566
vt 0.753110 0.522199
vt 0.753221 0.550676
vt 0.746717 0.549585
vt 0.746494 0.521086
vt 0.746234 0.491813
vt 0.752830 0.493069
vt 0.745646 0.463562
vt 0.752093 0.464868
vt 0.738757 0.520086
vt 0.738558 0.490747
vt 0.737925 0.462395
vt 0.736728 0.433206
vt 0.744114 0.434516
vt 0.730389 0.489708
vt 0.729888 0.461373
vt 0.729199 0.431900
vt 0.728753 0.403450
vt 0.735075 0.404852
vt 0.722995 0.460222
vt 0.722986 0.430595
vt 0.722530 0.401988
vt 0.717374 0.371157
vt 0.725819 0.373354
vt 0.804697 0.595739
vt 0.804704 0.567177
vt 0.810075 0.568135
vt 0.809380 0.596905
vt 0.803956 0.628001
vt 0.796424 0.626457
vt 0.804527 0.660807
vt 0.797279 0.659414
vt 0.815682 0.598179
vt 0.812898 0.630118
vt 0.813163 0.662037
vt 0.815346 0.691130
vt 0.808589 0.689855
vt 0.822144 0.631200
vt 0.821883 0.662805
vt 0.822756 0.692525
vt 0.823923 0.726135
vt 0.817208 0.724311
vt 0.829766 0.663713
vt 0.829490 0.694167
vt 0.830171 0.728318
vt 0.830489 0.763231
vt 0.824690 0.761047
vt 0.835102 0.696023
vt 0.835334 0.730197
vt 0.835454 0.765403
vt 0.835435 0.799505
vt 0.830770 0.797342
vt 0.840691 0.732171
vt 0.840616 0.767260
vt 0.840528 0.801428
vt 0.840365 0.835967
vt 0.835219 0.834073
vt 0.664808 0.801038
vt 0.664880 0.766791
vt 0.670915 0.768434
vt 0.670871 0.802660
vt 0.670707 0.837268
vt 0.664653 0.835662
vt 0.671113 0.870229
vt 0.664790 0.868275
vt 0.678239 0.804173
vt 0.678252 0.838747
vt 0.678919 0.872023
vt 0.679498 0.887416
vt 0.670303 0.887130
vt 0.686454 0.840200
vt 0.687089 0.873603
vt 0.688268 0.887470
vt 0.689072 0.892856
vt 0.678830 0.893072
vt 0.694369 0.874799
vt 0.696592 0.887614
vt 0.698428 0.893367
vt 0.698721 0.900367
vt 0.689013 0.899618
vt 0.704161 0.888252
vt 0.706859 0.894433
vt 0.707288 0.900559
vt 0.704410 0.907373
vt 0.696526 0.907369
vt 0.902696 0.099447
vt 0.902896 0.105567
vt 0.894490 0.105694
vt 0.893625 0.099485
vt 0.890778 0.092342
vt 0.899364 0.092637
vt 0.889620 0.074801
vt 0.896841 0.076196
vt 0.884211 0.099608
vt 0.882882 0.091823
vt 0.882658 0.073034
vt 0.884691 0.049508
vt 0.893526 0.049848
vt 0.875041 0.091102
vt 0.875372 0.071612
vt 0.874599 0.049482
vt 0.873634 0.032350
vt 0.884770 0.032218
vt 0.867961 0.070344
vt 0.864516 0.049519
vt 0.862245 0.033680
vt 0.862058 0.021880
vt 0.873349 0.021373
vt 0.855962 0.049377
vt 0.853232 0.036012
vt 0.852922 0.022957
vt 0.852860 0.012763
vt 0.862078 0.013014
vt 0.760063 0.018780
vt 0.760486 0.031826
vt 0.750788 0.034889
vt 0.750188 0.020926
vt 0.749853 0.008906
vt 0.759943 0.008586
vt 0.749158 0.001390
vt 0.758564 0.000987
vt 0.739642 0.022296
vt 0.738894 0.009624
vt 0.738239 0.001569
vt 0.352921 0.890252
vt 0.352610 0.885026
vt 0.361780 0.882871
vt 0.363775 0.887519
vt 0.729131 0.010037
vt 0.729236 0.001810
vt 0.343901 0.889829
vt 0.344673 0.884252
vt 0.346332 0.877431
vt 0.352189 0.878271
vt 0.336731 0.887213
vt 0.338819 0.881978
vt 0.341751 0.875889
vt 0.320073 0.411762
vt 0.333887 0.413480
vt 0.333004 0.417824
vt 0.319762 0.416315
vt 0.333393 0.878161
vt 0.337672 0.872901
vt 0.319960 0.407762
vt 0.334558 0.409421
vt 0.354520 0.408442
vt 0.353956 0.412405
vt 0.944457 0.535818
vt 0.946126 0.550511
vt 0.941674 0.550583
vt 0.940860 0.535015
vt 0.941500 0.515415
vt 0.945226 0.515905
vt 0.354984 0.405412
vt 0.373010 0.401567
vt 0.373702 0.405908
vt 0.936969 0.534143
vt 0.937337 0.515016
vt 0.938002 0.498151
vt 0.941574 0.497495
vt 0.372362 0.397498
vt 0.389271 0.390675
vt 0.390269 0.395772
vt 0.932909 0.514305
vt 0.933651 0.497737
vt 0.934860 0.480925
vt 0.940231 0.481492
vt 0.935963 0.463846
vt 0.942450 0.464855
vt 0.929179 0.495941
vt 0.929125 0.478658
vt 0.929338 0.461372
vt 0.929898 0.445423
vt 0.936645 0.447916
vt 0.224533 0.383362
vt 0.241929 0.388980
vt 0.238805 0.392843
vt 0.221457 0.387775
vt 0.205517 0.382065
vt 0.208462 0.377914
vt 0.188964 0.376305
vt 0.192071 0.372213
vt 0.218222 0.393416
vt 0.202210 0.387363
vt 0.185441 0.381890
vt 0.168747 0.376883
vt 0.172243 0.371168
vt 0.199343 0.390912
vt 0.182401 0.386152
vt 0.165630 0.381192
vt 0.148653 0.377264
vt 0.151723 0.372414
vt 0.618414 0.668714
vt 0.618629 0.651699
vt 0.624852 0.653750
vt 0.624823 0.670906
vt 0.624612 0.687997
vt 0.617826 0.685876
vt 0.624922 0.705484
vt 0.617906 0.703416
vt 0.631171 0.672412
vt 0.631098 0.689512
vt 0.631295 0.706496
vt 0.631284 0.723789
vt 0.624912 0.723013
vt 0.505290 0.372048
vt 0.488521 0.376884
vt 0.488640 0.370892
vt 0.505064 0.366142
vt 0.521743 0.360586
vt 0.522337 0.366496
vt 0.520789 0.353358
vt 0.536420 0.346892
vt 0.538095 0.353925
vt 0.539260 0.359639
vt 0.504572 0.358683
vt 0.504516 0.352150
vt 0.520565 0.347527
vt 0.488378 0.363708
vt 0.488472 0.357808
vt 0.471852 0.368821
vt 0.472015 0.362858
vt 0.943613 0.383285
vt 0.943619 0.399605
vt 0.936849 0.398410
vt 0.937125 0.382278
vt 0.937725 0.365932
vt 0.944894 0.367432
vt 0.930995 0.362926
vt 0.931256 0.347000
vt 0.938152 0.350153
vt 0.945506 0.351527
vt 0.930528 0.379373
vt 0.930346 0.395945
vt 0.141988 0.355647
vt 0.158670 0.361342
vt 0.155234 0.366368
vt 0.138246 0.361550
vt 0.121614 0.357141
vt 0.125438 0.350918
vt 0.117582 0.363518
vt 0.100642 0.357431
vt 0.105166 0.351848
vt 0.109422 0.346411
vt 0.134464 0.368209
vt 0.131305 0.373263
vt 0.114050 0.367850
vt 0.618167 0.720942
vt 0.624623 0.740446
vt 0.617826 0.738459
vt 0.096869 0.361158
vt 0.624684 0.757664
vt 0.617957 0.755441
vt 0.080388 0.351508
vt 0.084548 0.348672
vt 0.064091 0.339066
vt 0.069785 0.337459
vt 0.075592 0.334084
vt 0.089671 0.343928
vt 0.081248 0.330281
vt 0.094545 0.339501
vt 0.931240 0.332251
vt 0.931309 0.319132
vt 0.938298 0.323079
vt 0.938206 0.335966
vt 0.946126 0.324113
vt 0.945813 0.336996
vt 0.535285 0.340916
vt 0.548419 0.332044
vt 0.550489 0.337845
vt 0.560216 0.321569
vt 0.562797 0.326203
vt 0.567060 0.332263
vt 0.553414 0.344721
vt 0.570234 0.337182
vt 0.555343 0.349955
vt 0.631110 0.757539
vt 0.631199 0.773019
vt 0.625026 0.774067
vt 0.631033 0.741014
vt 0.189801 0.593666
vt 0.195939 0.596856
vt 0.195435 0.610805
vt 0.189801 0.607540
vt 0.618542 0.772392
vt 0.578861 0.318226
vt 0.573439 0.313413
vt 0.580972 0.301589
vt 0.938577 0.787788
vt 0.933074 0.784859
vt 0.933149 0.771541
vt 0.938963 0.774948
vt 0.587242 0.289467
vt 0.569701 0.309684
vt 0.576660 0.298078
vt 0.933244 0.797280
vt 0.925542 0.795922
vt 0.925849 0.783595
vt 0.933170 0.810310
vt 0.925391 0.808060
vt 0.918582 0.808668
vt 0.918821 0.796275
vt 0.933457 0.822247
vt 0.925611 0.820133
vt 0.918499 0.821131
vt 0.060903 0.307779
vt 0.053709 0.296507
vt 0.919346 0.784197
vt 0.070252 0.319097
vt 0.064441 0.321597
vt 0.046235 0.284115
vt 0.920087 0.770973
vt 0.926272 0.770261
vt 0.920641 0.755399
vt 0.926259 0.755805
vt 0.932609 0.757206
vt 0.926019 0.739716
vt 0.931812 0.741046
vt 0.937180 0.742835
vt 0.937994 0.759616
vt 0.594631 0.274985
vt 0.600782 0.258875
vt 0.604312 0.261709
vt 0.598284 0.278713
vt 0.608460 0.264643
vt 0.609621 0.245042
vt 0.614178 0.247771
vt 0.618827 0.250555
vt 0.612830 0.267484
vt 0.622684 0.253036
vt 0.616343 0.269892
vt 0.612006 0.287296
vt 0.315264 0.546163
vt 0.315094 0.563404
vt 0.310805 0.561402
vt 0.310951 0.544805
vt 0.310608 0.527828
vt 0.314561 0.527913
vt 0.611153 0.305586
vt 0.310904 0.510375
vt 0.314719 0.509783
vt 0.612105 0.323694
vt 0.311411 0.493616
vt 0.314974 0.492621
vt 0.612192 0.340864
vt 0.615486 0.339745
vt 0.615586 0.355792
vt 0.312177 0.477577
vt 0.306545 0.494593
vt 0.307388 0.478718
vt 0.308329 0.463162
vt 0.312713 0.461899
vt 0.616026 0.371466
vt 0.308433 0.448729
vt 0.312350 0.447577
vt 0.616862 0.385766
vt 0.309187 0.437545
vt 0.313336 0.436783
vt 0.621892 0.396393
vt 0.499421 0.608719
vt 0.501527 0.604822
vt 0.510262 0.607739
vt 0.506993 0.612940
vt 0.304508 0.449758
vt 0.304840 0.438101
vt 0.502378 0.600552
vt 0.511401 0.601780
vt 0.300690 0.450330
vt 0.300646 0.438273
vt 0.501844 0.596245
vt 0.511077 0.595711
vt 0.297794 0.450698
vt 0.297502 0.438081
vt 0.499421 0.592737
vt 0.508692 0.590154
vt 0.013777 0.393349
vt 0.019643 0.380971
vt 0.016562 0.381228
vt 0.018493 0.366453
vt 0.022491 0.365784
vt 0.020239 0.350711
vt 0.024693 0.349760
vt 0.029718 0.348821
vt 0.026468 0.333998
vt 0.031814 0.333158
vt 0.021633 0.334944
vt 0.022902 0.319501
vt 0.019154 0.319950
vt 0.020069 0.304346
vt 0.024439 0.304662
vt 0.296755 0.512245
vt 0.297461 0.496767
vt 0.301474 0.495655
vt 0.300754 0.511665
vt 0.305805 0.511014
vt 0.298052 0.480959
vt 0.302485 0.479830
vt 0.299114 0.465163
vt 0.303499 0.464258
vt 0.305398 0.527512
vt 0.300058 0.527289
vt 0.305399 0.543606
vt 0.299976 0.542566
vt 0.305468 0.560037
vt 0.300256 0.559181
vt 0.295827 0.559027
vt 0.295829 0.541802
vt 0.019482 0.289031
vt 0.023780 0.289950
vt 0.019383 0.272523
vt 0.023768 0.272172
vt 0.012611 0.255506
vt 0.017339 0.255127
vt 0.022726 0.254471
vt 0.028726 0.271384
vt 0.027942 0.253904
vt 0.033838 0.270355
vt 0.032277 0.253660
vt 0.038522 0.269385
vt 0.022926 0.237041
vt 0.027048 0.237280
vt 0.920962 0.739020
vt 0.921033 0.722116
vt 0.925882 0.723111
vt 0.920830 0.705482
vt 0.926002 0.706685
vt 0.931671 0.707933
vt 0.931419 0.724546
vt 0.937042 0.709342
vt 0.936542 0.726124
vt 0.606352 0.242760
vt 0.609304 0.226220
vt 0.613386 0.228230
vt 0.612485 0.209068
vt 0.616392 0.210740
vt 0.621642 0.212528
vt 0.618708 0.230444
vt 0.627126 0.214376
vt 0.624074 0.232788
vt 0.631697 0.216195
vt 0.628993 0.235184
vt 0.316176 0.597651
vt 0.315080 0.616532
vt 0.311160 0.614736
vt 0.311174 0.596043
vt 0.310906 0.577827
vt 0.315194 0.580029
vt 0.305664 0.594879
vt 0.305524 0.576451
vt 0.300202 0.593852
vt 0.300062 0.575730
vt 0.295411 0.593542
vt 0.295396 0.575740
vt 0.300375 0.612442
vt 0.295604 0.611797
vt 0.006753 0.237441
vt 0.002870 0.219007
vt 0.007666 0.219513
vt 0.011735 0.237378
vt 0.013369 0.219908
vt 0.017422 0.237168
vt 0.019070 0.220331
vt 0.011123 0.202234
vt 0.016718 0.203206
vt 0.021364 0.204116
vt 0.023577 0.220950
vt 0.016304 0.185646
vt 0.021020 0.186925
vt 0.920394 0.688503
vt 0.920088 0.671402
vt 0.925271 0.672925
vt 0.925473 0.689685
vt 0.931314 0.674173
vt 0.931166 0.690756
vt 0.936619 0.675127
vt 0.936495 0.691918
vt 0.931163 0.657433
vt 0.936674 0.658355
vt 0.940862 0.658717
vt 0.940559 0.675777
vt 0.613229 0.192228
vt 0.617409 0.193427
vt 0.616501 0.176095
vt 0.622124 0.176828
vt 0.622881 0.194661
vt 0.627996 0.177560
vt 0.628529 0.195918
vt 0.632892 0.178470
vt 0.633255 0.197181
vt 0.315246 0.635480
vt 0.315587 0.654193
vt 0.311110 0.653011
vt 0.310872 0.634020
vt 0.306168 0.651730
vt 0.305933 0.632683
vt 0.305820 0.613425
vt 0.300767 0.631568
vt 0.301404 0.650439
vt 0.296462 0.649202
vt 0.295789 0.630547
vt 0.000987 0.200162
vt 0.000990 0.181495
vt 0.005347 0.182880
vt 0.005550 0.201222
vt 0.010728 0.184284
vt 0.007236 0.164571
vt 0.012313 0.166419
vt 0.017511 0.168356
vt 0.015629 0.148314
vt 0.020742 0.150708
vt 0.024647 0.152899
vt 0.021633 0.169997
vt 0.920309 0.654682
vt 0.919812 0.638091
vt 0.924786 0.640043
vt 0.925442 0.656261
vt 0.930584 0.641258
vt 0.924581 0.624589
vt 0.930294 0.625978
vt 0.935999 0.626478
vt 0.936297 0.641903
vt 0.610222 0.158314
vt 0.605974 0.142191
vt 0.610490 0.142073
vt 0.614167 0.158845
vt 0.940563 0.641923
vt 0.616084 0.141847
vt 0.619728 0.159223
vt 0.622174 0.141676
vt 0.625596 0.159685
vt 0.627620 0.141594
vt 0.630403 0.160291
vt 0.315182 0.672447
vt 0.316664 0.691233
vt 0.311607 0.690691
vt 0.311273 0.671611
vt 0.306119 0.689879
vt 0.306358 0.670627
vt 0.300530 0.688681
vt 0.301254 0.669308
vt 0.295784 0.686972
vt 0.296765 0.667854
vt 0.003033 0.162915
vt 0.005922 0.143896
vt 0.010272 0.145963
vt 0.010825 0.125400
vt 0.014922 0.127926
vt 0.020080 0.130847
vt 0.021278 0.109807
vt 0.025939 0.113179
vt 0.030683 0.116542
vt 0.025127 0.133673
vt 0.034470 0.119465
vt 0.029434 0.136331
vt 0.919442 0.622245
vt 0.920084 0.606137
vt 0.924970 0.608692
vt 0.919441 0.590905
vt 0.924580 0.593456
vt 0.930470 0.594894
vt 0.930674 0.610094
vt 0.936117 0.595128
vt 0.936248 0.610614
vt 0.600645 0.125479
vt 0.594184 0.109001
vt 0.598159 0.108480
vt 0.605117 0.125192
vt 0.603597 0.107222
vt 0.610642 0.124471
vt 0.609406 0.105729
vt 0.616604 0.123600
vt 0.614749 0.104573
vt 0.621946 0.123022
vt 0.316493 0.709992
vt 0.316158 0.728680
vt 0.311790 0.728933
vt 0.311882 0.709755
vt 0.306333 0.728315
vt 0.306329 0.708816
vt 0.300877 0.726847
vt 0.300742 0.707505
vt 0.296290 0.724493
vt 0.295754 0.705659
vt 0.300376 0.745622
vt 0.295804 0.742895
vt 0.017634 0.106841
vt 0.026194 0.088782
vt 0.029771 0.092215
vt 0.037355 0.071664
vt 0.039935 0.075036
vt 0.043712 0.079289
vt 0.033752 0.095902
vt 0.047697 0.083623
vt 0.038177 0.099745
vt 0.050934 0.087484
vt 0.041949 0.103178
vt 0.058114 0.069353
vt 0.061402 0.073518
vt 0.919423 0.576450
vt 0.918742 0.563893
vt 0.923858 0.566779
vt 0.924285 0.579587
vt 0.929709 0.568308
vt 0.930095 0.581201
vt 0.935488 0.568108
vt 0.935755 0.581081
vt 0.585310 0.093653
vt 0.574972 0.079196
vt 0.578738 0.077913
vt 0.589203 0.092642
vt 0.583898 0.075550
vt 0.594483 0.090790
vt 0.589342 0.072933
vt 0.600214 0.088722
vt 0.594303 0.070652
vt 0.605536 0.086915
vt 0.598212 0.069182
vt 0.609396 0.086026
vt 0.316109 0.746650
vt 0.311569 0.747394
vt 0.311725 0.764620
vt 0.306019 0.764161
vt 0.306016 0.747104
vt 0.300330 0.762819
vt 0.306198 0.779938
vt 0.300422 0.778580
vt 0.295395 0.775977
vt 0.295457 0.760469
vt 0.300928 0.794291
vt 0.295801 0.791034
vt 0.048658 0.056619
vt 0.062408 0.042134
vt 0.064191 0.046253
vt 0.050921 0.060166
vt 0.066929 0.051380
vt 0.054461 0.064768
vt 0.069970 0.056477
vt 0.081454 0.039110
vt 0.083928 0.044504
vt 0.085768 0.048889
vt 0.072415 0.060714
vt 0.965095 0.766001
vt 0.965375 0.778689
vt 0.960130 0.780027
vt 0.959933 0.767407
vt 0.918499 0.552557
vt 0.923647 0.555492
vt 0.953792 0.779952
vt 0.953952 0.767011
vt 0.929617 0.556488
vt 0.947801 0.777844
vt 0.947998 0.765709
vt 0.935562 0.556502
vt 0.564354 0.066077
vt 0.551649 0.054219
vt 0.555240 0.051745
vt 0.568033 0.064418
vt 0.559326 0.048913
vt 0.572699 0.061789
vt 0.563928 0.045542
vt 0.577667 0.058798
vt 0.568038 0.042736
vt 0.582384 0.056132
vt 0.571748 0.040288
vt 0.586313 0.054225
vt 0.311852 0.779984
vt 0.312639 0.794424
vt 0.307007 0.795453
vt 0.959795 0.763118
vt 0.954118 0.760838
vt 0.953242 0.745035
vt 0.958879 0.747013
vt 0.964876 0.747632
vt 0.965888 0.763735
vt 0.958345 0.729504
vt 0.964371 0.730265
vt 0.969834 0.729793
vt 0.970048 0.746792
vt 0.970998 0.762531
vt 0.077922 0.030042
vt 0.094693 0.018445
vt 0.095761 0.022515
vt 0.079228 0.033953
vt 0.097621 0.028023
vt 0.113907 0.013284
vt 0.114912 0.018966
vt 0.115893 0.025025
vt 0.099505 0.033736
vt 0.116573 0.030647
vt 0.100954 0.038884
vt 0.966019 0.793301
vt 0.966197 0.808449
vt 0.961106 0.808701
vt 0.960565 0.794121
vt 0.954721 0.807781
vt 0.954049 0.793499
vt 0.948392 0.806075
vt 0.947654 0.791561
vt 0.537451 0.044339
vt 0.522527 0.036037
vt 0.525544 0.032601
vt 0.540938 0.041498
vt 0.528985 0.028527
vt 0.544823 0.038152
vt 0.532841 0.023907
vt 0.549056 0.034490
vt 0.536668 0.019730
vt 0.552915 0.031366
vt 0.539578 0.016899
vt 0.556235 0.028731
vt 0.952327 0.728082
vt 0.947491 0.725414
vt 0.947537 0.706175
vt 0.952271 0.708425
vt 0.958172 0.710077
vt 0.951875 0.686570
vt 0.957815 0.687824
vt 0.963873 0.689019
vt 0.964160 0.711125
vt 0.969057 0.689693
vt 0.969245 0.710802
vt 0.113501 0.008745
vt 0.134489 0.002544
vt 0.133927 0.007104
vt 0.155010 0.000987
vt 0.153771 0.005839
vt 0.152709 0.011320
vt 0.133738 0.013158
vt 0.151671 0.017515
vt 0.133502 0.019621
vt 0.150578 0.023192
vt 0.133128 0.025460
vt 0.966776 0.824690
vt 0.967038 0.841989
vt 0.962226 0.841053
vt 0.961959 0.824337
vt 0.956009 0.839752
vt 0.955575 0.823308
vt 0.949734 0.838289
vt 0.949270 0.821625
vt 0.944685 0.836568
vt 0.944214 0.819087
vt 0.506688 0.030333
vt 0.509067 0.026428
vt 0.491407 0.023088
vt 0.493090 0.017856
vt 0.511765 0.021506
vt 0.494944 0.011629
vt 0.514707 0.015859
vt 0.496795 0.005898
vt 0.517682 0.010704
vt 0.475053 0.010803
vt 0.476184 0.005624
vt 0.946943 0.685173
vt 0.946961 0.664550
vt 0.951153 0.665525
vt 0.477430 0.000987
vt 0.455495 0.008025
vt 0.456107 0.003302
vt 0.950119 0.644297
vt 0.955698 0.645026
vt 0.957098 0.666676
vt 0.962006 0.646261
vt 0.963002 0.667944
vt 0.967608 0.647865
vt 0.968080 0.669160
vt 0.961206 0.624224
vt 0.967429 0.625921
vt 0.176338 0.002128
vt 0.198405 0.008088
vt 0.195506 0.011956
vt 0.174190 0.006606
vt 0.192252 0.016873
vt 0.172099 0.012231
vt 0.189178 0.022319
vt 0.170109 0.018304
vt 0.186439 0.027147
vt 0.168258 0.023193
vt 0.966598 0.859655
vt 0.967046 0.878018
vt 0.961784 0.876070
vt 0.961568 0.858230
vt 0.955453 0.874631
vt 0.955589 0.856920
vt 0.949525 0.873735
vt 0.949478 0.855728
vt 0.945046 0.873194
vt 0.944517 0.854654
vt 0.473299 0.023026
vt 0.454850 0.025456
vt 0.454945 0.019552
vt 0.474116 0.016994
vt 0.455058 0.013210
vt 0.437185 0.025924
vt 0.436037 0.019740
vt 0.434836 0.013682
vt 0.418708 0.029215
vt 0.417231 0.023513
vt 0.416450 0.019122
vt 0.434481 0.009193
vt 0.948499 0.622883
vt 0.948433 0.605123
vt 0.954393 0.605064
vt 0.954615 0.623322
vt 0.960880 0.605937
vt 0.954005 0.589056
vt 0.960404 0.590125
vt 0.966475 0.592060
vt 0.966841 0.608100
vt 0.216434 0.017854
vt 0.232659 0.026699
vt 0.229515 0.030188
vt 0.213711 0.020791
vt 0.225873 0.034559
vt 0.210107 0.025237
vt 0.222006 0.038915
vt 0.206364 0.029983
vt 0.218464 0.042718
vt 0.203115 0.033944
vt 0.967602 0.895031
vt 0.967739 0.910834
vt 0.962631 0.908297
vt 0.962304 0.892468
vt 0.956554 0.906768
vt 0.955839 0.891269
vt 0.950257 0.906466
vt 0.949497 0.890368
vt 0.945078 0.906946
vt 0.944363 0.890221
vt 0.438113 0.031939
vt 0.421778 0.040678
vt 0.420339 0.035038
vt 0.404264 0.049637
vt 0.403291 0.044485
vt 0.402022 0.038874
vt 0.384934 0.053459
vt 0.384264 0.047140
vt 0.383614 0.041486
vt 0.400766 0.033391
vt 0.383746 0.037358
vt 0.400051 0.028752
vt 0.948184 0.588992
vt 0.947914 0.572928
vt 0.953469 0.573182
vt 0.947065 0.558753
vt 0.952575 0.559032
vt 0.958728 0.559583
vt 0.959680 0.574053
vt 0.964666 0.560638
vt 0.965667 0.575989
vt 0.248914 0.035083
vt 0.264381 0.039891
vt 0.262463 0.044202
vt 0.246030 0.038770
vt 0.259926 0.049788
vt 0.242447 0.043650
vt 0.257277 0.055337
vt 0.238950 0.048412
vt 0.254638 0.060222
vt 0.235760 0.052531
vt 0.967693 0.928641
vt 0.968488 0.947898
vt 0.963304 0.946092
vt 0.962903 0.926440
vt 0.956922 0.945021
vt 0.956852 0.925013
vt 0.950542 0.944184
vt 0.950935 0.924459
vt 0.944848 0.943996
vt 0.946391 0.924857
vt 0.950745 0.959808
vt 0.945440 0.959779
vt 0.385554 0.059047
vt 0.369877 0.061723
vt 0.369518 0.056344
vt 0.364140 0.064098
vt 0.364002 0.057733
vt 0.364147 0.050613
vt 0.369408 0.050575
vt 0.363471 0.044096
vt 0.369149 0.045302
vt 0.363440 0.038246
vt 0.369447 0.040920
vt 0.942836 0.558719
vt 0.943267 0.573068
vt 0.396958 0.871657
vt 0.403460 0.875318
vt 0.402217 0.879065
vt 0.394777 0.874421
vt 0.389422 0.867015
vt 0.392438 0.865400
vt 0.943982 0.552777
vt 0.950870 0.552557
vt 0.387705 0.858006
vt 0.391013 0.857791
vt 0.958613 0.552716
vt 0.389983 0.848724
vt 0.393357 0.850040
vt 0.965908 0.553098
vt 0.396026 0.841080
vt 0.398536 0.844081
vt 0.970998 0.554123
vt 0.969378 0.562549
vt 0.404101 0.837856
vt 0.405155 0.841717
vt 0.270856 0.044134
vt 0.269808 0.050998
vt 0.412539 0.837554
vt 0.412161 0.841349
vt 0.268685 0.057937
vt 0.419986 0.840393
vt 0.417808 0.843506
vt 0.267601 0.063149
vt 0.969560 0.960982
vt 0.972362 0.965220
vt 0.965772 0.965533
vt 0.964261 0.960537
vt 0.957645 0.965633
vt 0.957558 0.960391
vt 0.949365 0.965408
vt 0.427137 0.862524
vt 0.427715 0.854046
vt 0.431377 0.853499
vt 0.430433 0.863780
vt 0.425536 0.872845
vt 0.422855 0.869844
vt 0.942836 0.965633
vt 0.434577 0.865465
vt 0.428642 0.875735
vt 0.420723 0.881572
vt 0.418988 0.877881
vt 0.417100 0.874193
vt 0.410886 0.883852
vt 0.410610 0.880300
vt 0.410252 0.876410
vt 0.400812 0.882347
vt 0.410976 0.887229
vt 0.399515 0.885105
vt 0.390270 0.879924
vt 0.392474 0.877311
vt 0.383045 0.870538
vt 0.386183 0.868769
vt 0.380579 0.858554
vt 0.383984 0.858218
vt 0.382984 0.846171
vt 0.386404 0.847376
vt 0.391146 0.835230
vt 0.393921 0.838481
vt 0.400717 0.830060
vt 0.402745 0.834161
vt 0.413292 0.829131
vt 0.412780 0.833631
vt 0.424385 0.833895
vt 0.421962 0.837493
vt 0.431785 0.841846
vt 0.428373 0.844150
vt 0.425121 0.846234
vt 0.435835 0.852939
vt 0.434845 0.839681
vt 0.439494 0.852616
vt 0.437741 0.866876
vt 0.393920 0.930806
vt 0.393579 0.917019
vt 0.396632 0.917212
vt 0.397204 0.931545
vt 0.397291 0.942301
vt 0.394274 0.941192
vt 0.431455 0.878436
vt 0.438316 0.991240
vt 0.435334 0.992223
vt 0.434769 0.981198
vt 0.437206 0.980844
vt 0.421916 0.884628
vt 0.434485 0.969178
vt 0.437883 0.969634
vt 0.430302 0.981459
vt 0.430049 0.968935
vt 0.430216 0.957071
vt 0.434332 0.957578
vt 0.437474 0.958647
vt 0.431222 0.947623
vt 0.435393 0.948504
vt 0.438316 0.950331
vt 0.360220 0.941183
vt 0.356000 0.942189
vt 0.356391 0.931250
vt 0.360415 0.930434
vt 0.363431 0.929546
vt 0.363259 0.939952
vt 0.356528 0.917443
vt 0.360153 0.917273
vt 0.363025 0.917315
vt 0.357115 0.903147
vt 0.361363 0.904155
vt 0.363873 0.905478
vt 0.358030 0.892511
vt 0.361742 0.893751
vt 0.380579 0.845257
vt 0.389205 0.833341
vt 0.319988 0.953262
vt 0.323625 0.952006
vt 0.322957 0.964634
vt 0.319457 0.964969
vt 0.400088 0.827203
vt 0.322800 0.978747
vt 0.318644 0.978529
vt 0.413688 0.826572
vt 0.322138 0.991356
vt 0.318638 0.990284
vt 0.426269 0.831052
vt 0.393145 0.893602
vt 0.396577 0.892045
vt 0.396761 0.902728
vt 0.393553 0.903495
vt 0.401748 0.890939
vt 0.401528 0.902361
vt 0.401375 0.917287
vt 0.409766 0.902736
vt 0.409075 0.917527
vt 0.408858 0.932193
vt 0.401555 0.931987
vt 0.408742 0.943546
vt 0.401667 0.943391
vt 0.430994 0.993215
vt 0.423923 0.993165
vt 0.424048 0.981469
vt 0.411359 0.992387
vt 0.411789 0.981268
vt 0.412449 0.968767
vt 0.424120 0.968659
vt 0.413118 0.956862
vt 0.424545 0.956745
vt 0.413616 0.947834
vt 0.425114 0.947572
vt 0.349900 0.942681
vt 0.338443 0.942890
vt 0.338708 0.932427
vt 0.350131 0.931917
vt 0.339305 0.918904
vt 0.350395 0.918078
vt 0.340583 0.904360
vt 0.351269 0.903482
vt 0.342542 0.892714
vt 0.352734 0.892226
vt 0.328903 0.951516
vt 0.339025 0.950381
vt 0.338046 0.963646
vt 0.328579 0.964502
vt 0.337151 0.978362
vt 0.328184 0.978592
vt 0.335919 0.992160
vt 0.327353 0.991873
vt 0.350176 0.978102
vt 0.349559 0.992505
vt 0.410318 0.890979
vt 0.423962 0.890978
vt 0.423080 0.903350
vt 0.431743 0.891038
vt 0.431215 0.903726
vt 0.430855 0.918894
vt 0.422303 0.918201
vt 0.430842 0.933407
vt 0.421666 0.932713
vt 0.431228 0.943962
vt 0.421299 0.943398
vt 0.435528 0.934249
vt 0.435991 0.944363
vt 0.401439 0.991773
vt 0.396685 0.991719
vt 0.396681 0.981092
vt 0.401560 0.981135
vt 0.397317 0.969409
vt 0.402317 0.969276
vt 0.397580 0.957633
vt 0.402897 0.957344
vt 0.397681 0.948064
vt 0.403236 0.947967
vt 0.328093 0.943123
vt 0.322555 0.943530
vt 0.322642 0.933180
vt 0.328194 0.932980
vt 0.322752 0.919902
vt 0.328425 0.919657
vt 0.323396 0.906271
vt 0.329276 0.905476
vt 0.324077 0.893753
vt 0.330378 0.893408
vt 0.351118 0.949181
vt 0.357340 0.948068
vt 0.357709 0.962213
vt 0.351113 0.962757
vt 0.357366 0.978298
vt 0.361882 0.961650
vt 0.361625 0.978566
vt 0.361538 0.992991
vt 0.357335 0.992711
vt 0.365169 0.979372
vt 0.365169 0.994446
vt 0.435928 0.890562
vt 0.439494 0.889203
vt 0.439221 0.903097
vt 0.435748 0.903576
vt 0.438988 0.919756
vt 0.435349 0.919388
vt 0.439092 0.935481
vt 0.069974 0.558527
vt 0.085719 0.564513
vt 0.084963 0.567860
vt 0.068014 0.560604
vt 0.057481 0.549186
vt 0.059803 0.548280
vt 0.439494 0.945598
vt 0.053161 0.537593
vt 0.055844 0.537255
vt 0.393215 0.992135
vt 0.393145 0.981110
vt 0.052864 0.525228
vt 0.055737 0.525450
vt 0.393737 0.969306
vt 0.056386 0.512689
vt 0.059132 0.513582
vt 0.393888 0.957439
vt 0.063667 0.501853
vt 0.065888 0.503838
vt 0.393782 0.947692
vt 0.075115 0.493896
vt 0.076293 0.496615
vt 0.318638 0.944219
vt 0.318902 0.933814
vt 0.089593 0.490635
vt 0.089940 0.493729
vt 0.318638 0.920159
vt 0.104660 0.493047
vt 0.104041 0.496313
vt 0.319205 0.906067
vt 0.119689 0.503904
vt 0.117284 0.506550
vt 0.319835 0.892837
vt 0.127410 0.521450
vt 0.124468 0.522047
vt 0.361451 0.946193
vt 0.122444 0.500801
vt 0.131705 0.520566
vt 0.129033 0.541026
vt 0.125413 0.539846
vt 0.365074 0.960963
vt 0.137032 0.519749
vt 0.134044 0.542970
vt 0.122447 0.561049
vt 0.119100 0.557865
vt 0.116189 0.554872
vt 0.104656 0.571178
vt 0.103351 0.567201
vt 0.102353 0.563490
vt 0.084275 0.571578
vt 0.083392 0.576928
vt 0.061427 0.566616
vt 0.064997 0.563403
vt 0.049628 0.552431
vt 0.053884 0.550736
vt 0.045376 0.538842
vt 0.049385 0.538189
vt 0.044704 0.524558
vt 0.049086 0.524918
vt 0.048537 0.509738
vt 0.052732 0.511354
vt 0.057112 0.496560
vt 0.060487 0.499301
vt 0.071590 0.486115
vt 0.073538 0.490301
vt 0.088975 0.481262
vt 0.089299 0.486274
vt 0.105399 0.488771
vt 0.088662 0.473649
vt 0.088346 0.462580
vt 0.063974 0.456038
vt 0.088076 0.454204
vt 0.112101 0.453454
vt 0.088020 0.449120
vt 0.112731 0.448481
vt 0.136475 0.448306
vt 0.136878 0.453294
vt 0.153990 0.448506
vt 0.155035 0.453922
vt 0.163566 0.448772
vt 0.164042 0.454524
vt 0.164438 0.465674
vt 0.169001 0.455159
vt 0.169220 0.467839
vt 0.169201 0.489721
vt 0.164561 0.487455
vt 0.168944 0.519556
vt 0.163864 0.518657
vt 0.156657 0.518314
vt 0.143996 0.518791
vt 0.167567 0.550199
vt 0.173547 0.520514
vt 0.172372 0.550592
vt 0.171774 0.576979
vt 0.166449 0.577222
vt 0.172001 0.597551
vt 0.166398 0.597659
vt 0.156369 0.606727
vt 0.155235 0.612595
vt 0.136901 0.611633
vt 0.138396 0.606059
vt 0.110804 0.611102
vt 0.111026 0.605512
vt 0.081457 0.610283
vt 0.080859 0.604322
vt 0.081468 0.596309
vt 0.049646 0.602593
vt 0.082203 0.585446
vt 0.052247 0.608873
vt 0.030543 0.609086
vt 0.028130 0.601813
vt 0.018238 0.610799
vt 0.017681 0.602551
vt 0.016480 0.585116
vt 0.011160 0.603046
vt 0.011532 0.585661
vt 0.010987 0.564045
vt 0.015465 0.562765
vt 0.010314 0.542858
vt 0.014640 0.542400
vt 0.019606 0.542091
vt 0.014442 0.522466
vt 0.019242 0.522794
vt 0.029027 0.523275
vt 0.029543 0.541399
vt 0.038262 0.523949
vt 0.039239 0.539938
vt 0.014711 0.501102
vt 0.010037 0.521955
vt 0.009960 0.499974
vt 0.009615 0.477686
vt 0.014354 0.477750
vt 0.008886 0.460056
vt 0.013862 0.459553
vt 0.021329 0.459143
vt 0.013561 0.450632
vt 0.022261 0.450929
vt 0.038623 0.451026
vt 0.037361 0.459383
vt 0.062893 0.450159
vt 0.039615 0.445762
vt 0.062585 0.445180
vt 0.087932 0.444366
vt 0.062417 0.440592
vt 0.087906 0.439855
vt 0.113665 0.439244
vt 0.113297 0.443776
vt 0.136256 0.439146
vt 0.136241 0.443616
vt 0.152500 0.439171
vt 0.153143 0.443746
vt 0.162893 0.439202
vt 0.163168 0.443784
vt 0.168199 0.439156
vt 0.168354 0.443589
vt 0.168673 0.448578
vt 0.172817 0.448274
vt 0.173423 0.455603
vt 0.176618 0.447636
vt 0.177563 0.456232
vt 0.177496 0.471152
vt 0.173519 0.469641
vt 0.177655 0.493025
vt 0.173550 0.491623
vt 0.177638 0.521481
vt 0.265738 0.520291
vt 0.265854 0.491833
vt 0.268243 0.492974
vt 0.268233 0.521304
vt 0.179622 0.522467
vt 0.179510 0.552254
vt 0.176838 0.551361
vt 0.179496 0.577485
vt 0.176401 0.577141
vt 0.179533 0.597365
vt 0.176871 0.597459
vt 0.264647 0.596264
vt 0.266704 0.596188
vt 0.268268 0.609923
vt 0.265113 0.609549
vt 0.270849 0.596193
vt 0.272199 0.609791
vt 0.273247 0.618237
vt 0.269456 0.617230
vt 0.266535 0.615970
vt 0.609130 0.438313
vt 0.612937 0.437099
vt 0.613396 0.445782
vt 0.609491 0.446085
vt 0.606004 0.446371
vt 0.606188 0.439820
vt 0.612800 0.457729
vt 0.608425 0.457448
vt 0.604231 0.456984
vt 0.607584 0.475638
vt 0.604293 0.475322
vt 0.154429 0.617249
vt 0.136087 0.616444
vt 0.607407 0.500707
vt 0.604378 0.500756
vt 0.110652 0.616065
vt 0.110689 0.619091
vt 0.082659 0.618975
vt 0.082098 0.615583
vt 0.055267 0.618775
vt 0.054044 0.614606
vt 0.033920 0.618890
vt 0.032569 0.614850
vt 0.019599 0.619286
vt 0.018784 0.616309
vt 0.604829 0.592623
vt 0.608259 0.591793
vt 0.609530 0.602005
vt 0.605718 0.602307
vt 0.009094 0.616403
vt 0.010159 0.611866
vt 0.002988 0.614034
vt 0.607553 0.608387
vt 0.611128 0.608812
vt 0.599441 0.610906
vt 0.595880 0.611982
vt 0.593745 0.602177
vt 0.597111 0.601968
vt 0.601897 0.607780
vt 0.592557 0.586010
vt 0.596185 0.585339
vt 0.592376 0.566047
vt 0.596258 0.565018
vt 0.600048 0.563977
vt 0.595958 0.542141
vt 0.599741 0.541423
vt 0.602165 0.540799
vt 0.602122 0.563101
vt 0.002960 0.566239
vt 0.002595 0.543937
vt 0.006260 0.543373
vt 0.006883 0.565198
vt 0.594899 0.517169
vt 0.592127 0.542867
vt 0.591039 0.516959
vt 0.589969 0.492466
vt 0.593763 0.493166
vt 0.590123 0.472265
vt 0.593988 0.473012
vt 0.590039 0.456925
vt 0.593883 0.456996
vt 0.597888 0.456961
vt 0.593242 0.447501
vt 0.596967 0.447272
vt 0.600485 0.446983
vt 0.601363 0.456968
vt 0.000987 0.460104
vt 0.001019 0.450116
vt 0.004120 0.450224
vt 0.004392 0.460200
vt 0.008230 0.450444
vt 0.013620 0.445014
vt 0.013765 0.440486
vt 0.023642 0.440909
vt 0.023004 0.445606
vt 0.040234 0.440965
vt 0.024149 0.437286
vt 0.040405 0.437276
vt 0.062173 0.437156
vt 0.972468 0.116577
vt 0.972604 0.138347
vt 0.967962 0.138388
vt 0.967847 0.116867
vt 0.967398 0.090596
vt 0.971950 0.090781
vt 0.087965 0.436783
vt 0.967142 0.064006
vt 0.971568 0.064667
vt 0.974981 0.065102
vt 0.975141 0.090864
vt 0.967011 0.041912
vt 0.971470 0.042194
vt 0.974967 0.042512
vt 0.967131 0.027070
vt 0.971556 0.026716
vt 0.975056 0.026268
vt 0.967484 0.016222
vt 0.971711 0.016063
vt 0.975128 0.015874
vt 0.967807 0.010137
vt 0.971723 0.010433
vt 0.975097 0.010568
vt 0.968237 0.005501
vt 0.963908 0.009893
vt 0.964473 0.005035
vt 0.964972 0.001033
vt 0.968936 0.001361
vt 0.272977 0.436973
vt 0.276944 0.436917
vt 0.276719 0.441665
vt 0.273103 0.441349
vt 0.276411 0.448531
vt 0.272645 0.447721
vt 0.269067 0.446539
vt 0.271833 0.457065
vt 0.267990 0.455963
vt 0.179425 0.447695
vt 0.179602 0.457135
vt 0.177754 0.442411
vt 0.272172 0.472319
vt 0.268186 0.471238
vt 0.179622 0.472406
vt 0.272338 0.493898
vt 0.266067 0.469963
vt 0.276282 0.473226
vt 0.276371 0.494857
vt 0.276420 0.523427
vt 0.272419 0.522370
vt 0.275322 0.553204
vt 0.271208 0.552198
vt 0.267125 0.551078
vt 0.274695 0.577423
vt 0.270462 0.576795
vt 0.266461 0.576303
vt 0.275064 0.596234
vt 0.278914 0.578233
vt 0.279197 0.596393
vt 0.280068 0.609568
vt 0.276152 0.609647
vt 0.281403 0.618385
vt 0.277218 0.618413
vt 0.616910 0.436921
vt 0.621095 0.437292
vt 0.622409 0.446002
vt 0.617669 0.445716
vt 0.622639 0.457843
vt 0.617580 0.457806
vt 0.622625 0.475049
vt 0.617360 0.475265
vt 0.612263 0.475559
vt 0.617357 0.500372
vt 0.612187 0.500614
vt 0.617307 0.527696
vt 0.612067 0.528210
vt 0.607222 0.528739
vt 0.617137 0.554742
vt 0.611646 0.555195
vt 0.606849 0.556134
vt 0.617249 0.575720
vt 0.611909 0.576502
vt 0.607234 0.577479
vt 0.617680 0.590143
vt 0.612761 0.590994
vt 0.617842 0.601145
vt 0.613621 0.601718
vt 0.618528 0.608631
vt 0.614886 0.608846
vt 0.592130 0.612575
vt 0.588493 0.612844
vt 0.586788 0.602608
vt 0.590289 0.602390
vt 0.585093 0.587366
vt 0.588816 0.586723
vt 0.584327 0.568425
vt 0.588403 0.567180
vt 0.583978 0.544379
vt 0.588113 0.543601
vt 0.583251 0.516243
vt 0.587149 0.516607
vt 0.582617 0.490666
vt 0.586246 0.491642
vt 0.582617 0.470640
vt 0.586331 0.471492
vt 0.582497 0.456663
vt 0.586237 0.456755
vt 0.582176 0.447989
vt 0.585875 0.447827
vt 0.589540 0.447685
vt 0.585517 0.442088
vt 0.589020 0.441676
vt 0.592632 0.441379
vt 0.588563 0.437230
vt 0.592260 0.437045
vt 0.595887 0.436936
vt 0.596227 0.441239
vt 0.968681 0.175397
vt 0.965069 0.175658
vt 0.964549 0.171563
vt 0.968480 0.171400
vt 0.964109 0.164903
vt 0.968324 0.164932
vt 0.972442 0.164959
vt 0.968146 0.154169
vt 0.972606 0.154604
vt 0.013792 0.437238
vt 0.007596 0.437568
vt 0.963553 0.153837
vt 0.963164 0.138495
vt 0.958936 0.153617
vt 0.958320 0.138607
vt 0.958122 0.117900
vt 0.963036 0.117333
vt 0.957773 0.090234
vt 0.962670 0.090369
vt 0.957626 0.062385
vt 0.962489 0.063233
vt 0.957444 0.041107
vt 0.962329 0.041561
vt 0.957788 0.027627
vt 0.962519 0.027363
vt 0.958753 0.016611
vt 0.963195 0.016423
vt 0.959911 0.009908
vt 0.954263 0.016938
vt 0.955930 0.010044
vt 0.960820 0.004944
vt 0.961405 0.000987
vt 0.280516 0.436927
vt 0.280377 0.442070
vt 0.284342 0.449757
vt 0.280299 0.449166
vt 0.284648 0.459802
vt 0.280417 0.459090
vt 0.276169 0.458180
vt 0.280445 0.473944
vt 0.284531 0.474433
vt 0.284310 0.496218
vt 0.280346 0.495657
vt 0.284180 0.525491
vt 0.280327 0.524442
vt 0.283418 0.555542
vt 0.279409 0.554275
vt 0.283077 0.579179
vt 0.287268 0.556876
vt 0.287009 0.580238
vt 0.287142 0.597044
vt 0.283226 0.596686
vt 0.287516 0.609435
vt 0.283795 0.609715
vt 0.288564 0.615916
vt 0.285200 0.617689
vt 0.624881 0.438352
vt 0.628200 0.438823
vt 0.628547 0.447069
vt 0.625891 0.446512
vt 0.333625 0.617400
vt 0.345153 0.613214
vt 0.344998 0.617206
vt 0.626632 0.457887
vt 0.361164 0.612362
vt 0.361756 0.617192
vt 0.627022 0.474647
vt 0.385427 0.612425
vt 0.386396 0.617085
vt 0.627316 0.499287
vt 0.622666 0.499884
vt 0.627218 0.526743
vt 0.622648 0.527210
vt 0.627236 0.554502
vt 0.622761 0.554561
vt 0.627420 0.574711
vt 0.622826 0.575108
vt 0.626880 0.587995
vt 0.622752 0.589195
vt 0.625404 0.599380
vt 0.622453 0.600259
vt 0.624913 0.608206
vt 0.622033 0.608424
vt 0.584992 0.613013
vt 0.582117 0.613221
vt 0.579839 0.602862
vt 0.583187 0.602865
vt 0.578322 0.588429
vt 0.581301 0.587945
vt 0.578023 0.571251
vt 0.580283 0.569761
vt 0.497447 0.572167
vt 0.495007 0.574009
vt 0.494770 0.549814
vt 0.497403 0.548146
vt 0.579992 0.545369
vt 0.494372 0.519067
vt 0.497337 0.519156
vt 0.579610 0.515923
vt 0.494235 0.491929
vt 0.497283 0.493158
vt 0.579287 0.489521
vt 0.494054 0.472788
vt 0.497249 0.473598
vt 0.579261 0.469692
vt 0.494145 0.460851
vt 0.497230 0.460722
vt 0.579073 0.456611
vt 0.493274 0.452702
vt 0.496747 0.452257
vt 0.578560 0.447946
vt 0.488751 0.454424
vt 0.489702 0.461332
vt 0.489664 0.472099
vt 0.482419 0.472902
vt 0.482159 0.464470
vt 0.481401 0.459538
vt 0.471090 0.627074
vt 0.476085 0.627106
vt 0.478027 0.635741
vt 0.473552 0.636045
vt 0.470797 0.636138
vt 0.467696 0.627037
vt 0.474542 0.650523
vt 0.470774 0.650773
vt 0.289893 0.630224
vt 0.289436 0.644839
vt 0.285122 0.644587
vt 0.286606 0.630067
vt 0.289562 0.621300
vt 0.292516 0.621300
vt 0.280206 0.643620
vt 0.281770 0.629675
vt 0.283324 0.621260
vt 0.272796 0.642562
vt 0.272651 0.629635
vt 0.272379 0.622072
vt 0.255646 0.630151
vt 0.254298 0.622758
vt 0.459146 0.455135
vt 0.441062 0.455932
vt 0.440038 0.449204
vt 0.458876 0.448511
vt 0.438802 0.443110
vt 0.458598 0.442751
vt 0.437981 0.438406
vt 0.458290 0.438305
vt 0.472960 0.437609
vt 0.484021 0.436921
vt 0.954363 0.153507
vt 0.953688 0.138841
vt 0.959872 0.164809
vt 0.955682 0.164560
vt 0.960616 0.171751
vt 0.956721 0.172008
vt 0.957811 0.176203
vt 0.954605 0.176661
vt 0.953367 0.172104
vt 0.952416 0.164032
vt 0.961391 0.175859
vt 0.584951 0.437624
vt 0.953502 0.118532
vt 0.409261 0.443407
vt 0.409547 0.438755
vt 0.953364 0.090098
vt 0.379832 0.443657
vt 0.380915 0.438911
vt 0.953272 0.061466
vt 0.359232 0.444553
vt 0.360001 0.439233
vt 0.953067 0.040552
vt 0.347095 0.443752
vt 0.347395 0.438989
vt 0.953323 0.027945
vt 0.336393 0.438120
vt 0.358463 0.449972
vt 0.346764 0.449141
vt 0.357741 0.456038
vt 0.347330 0.455268
vt 0.160559 0.622012
vt 0.170976 0.622862
vt 0.170323 0.630426
vt 0.161426 0.630054
vt 0.156437 0.630100
vt 0.153900 0.621420
vt 0.162721 0.646185
vt 0.157691 0.647119
vt 0.153352 0.647198
vt 0.153398 0.629964
vt 0.149629 0.621260
vt 0.322268 0.807251
vt 0.321973 0.790001
vt 0.326442 0.790310
vt 0.325222 0.807393
vt 0.322136 0.816697
vt 0.318638 0.816181
vt 0.331765 0.791319
vt 0.330569 0.807695
vt 0.328928 0.817088
vt 0.339850 0.807480
vt 0.339879 0.816784
vt 0.340009 0.824598
vt 0.327098 0.824598
vt 0.332758 0.466821
vt 0.325264 0.463796
vt 0.325213 0.476526
vt 0.321286 0.476587
vt 0.321666 0.463111
vt 0.318647 0.476300
vt 0.318638 0.462210
vt 0.319583 0.452327
vt 0.288190 0.450475
vt 0.288564 0.460413
vt 0.288348 0.474701
vt 0.321310 0.498486
vt 0.318672 0.497971
vt 0.288076 0.496667
vt 0.321351 0.528732
vt 0.318704 0.527451
vt 0.287819 0.526531
vt 0.321261 0.559130
vt 0.318724 0.557362
vt 0.325238 0.529888
vt 0.325239 0.560666
vt 0.325240 0.583257
vt 0.321271 0.581847
vt 0.318744 0.580414
vt 0.318760 0.597046
vt 0.448178 0.824150
vt 0.425283 0.824243
vt 0.430075 0.815973
vt 0.449271 0.816511
vt 0.460398 0.816806
vt 0.462455 0.824163
vt 0.432161 0.807084
vt 0.449293 0.807211
vt 0.458093 0.807272
vt 0.449130 0.791677
vt 0.456192 0.790745
vt 0.461363 0.790183
vt 0.462532 0.807240
vt 0.465712 0.816282
vt 0.465520 0.790470
vt 0.465722 0.807259
vt 0.004595 0.807912
vt 0.007663 0.807886
vt 0.005423 0.816475
vt 0.000987 0.816927
vt 0.007560 0.791101
vt 0.014235 0.792239
vt 0.013933 0.807846
vt 0.013025 0.816088
vt 0.024957 0.807681
vt 0.025826 0.814839
vt 0.026584 0.819755
vt 0.011812 0.820791
vt 0.001893 0.821386
vt 0.027202 0.824503
vt 0.011191 0.824592
vt 0.345751 0.609225
vt 0.048390 0.814186
vt 0.049590 0.819271
vt 0.051472 0.823751
vt 0.078763 0.814149
vt 0.079223 0.819477
vt 0.079273 0.824364
vt 0.109228 0.819354
vt 0.108147 0.824336
vt 0.413232 0.612666
vt 0.442105 0.612647
vt 0.441611 0.617204
vt 0.413851 0.617210
vt 0.127814 0.819263
vt 0.127810 0.824145
vt 0.461766 0.612478
vt 0.461818 0.617203
vt 0.138072 0.819903
vt 0.139716 0.824592
vt 0.473673 0.613266
vt 0.475104 0.617358
vt 0.472000 0.608806
vt 0.486494 0.617891
vt 0.127614 0.814529
vt 0.136514 0.814489
vt 0.147381 0.822293
vt 0.127507 0.806586
vt 0.135634 0.806469
vt 0.127479 0.793848
vt 0.134578 0.791339
vt 0.140624 0.790172
vt 0.134568 0.759621
vt 0.140903 0.758603
vt 0.615293 0.653428
vt 0.615155 0.685004
vt 0.610091 0.684754
vt 0.610573 0.653135
vt 0.615160 0.637214
vt 0.603305 0.682952
vt 0.604374 0.651206
vt 0.594755 0.680060
vt 0.594166 0.649078
vt 0.593513 0.636015
vt 0.572996 0.647999
vt 0.570790 0.636357
vt 0.569532 0.627656
vt 0.592414 0.627328
vt 0.482349 0.579272
vt 0.481975 0.556752
vt 0.489733 0.553963
vt 0.489814 0.576498
vt 0.490558 0.591738
vt 0.482685 0.593011
vt 0.495763 0.590908
vt 0.497176 0.604899
vt 0.481863 0.518845
vt 0.489788 0.518133
vt 0.531695 0.619866
vt 0.531103 0.627695
vt 0.500167 0.627562
vt 0.501691 0.619866
vt 0.489707 0.488533
vt 0.481903 0.488303
vt 0.530357 0.636333
vt 0.499027 0.636060
vt 0.484921 0.635938
vt 0.484654 0.626979
vt 0.497932 0.648079
vt 0.485677 0.648990
vt 0.479603 0.649900
vt 0.486483 0.679129
vt 0.480422 0.680079
vt 0.474801 0.680393
vt 0.480585 0.726524
vt 0.474899 0.726230
vt 0.470576 0.725956
vt 0.470645 0.680408
vt 0.289190 0.674433
vt 0.289099 0.719908
vt 0.284273 0.719893
vt 0.284504 0.674240
vt 0.278736 0.720162
vt 0.279022 0.673717
vt 0.272623 0.719936
vt 0.272634 0.672464
vt 0.260562 0.720522
vt 0.259695 0.668536
vt 0.257736 0.641385
vt 0.220252 0.667735
vt 0.221206 0.641366
vt 0.221818 0.630533
vt 0.185346 0.642214
vt 0.187807 0.630732
vt 0.189696 0.622819
vt 0.221965 0.622825
vt 0.408729 0.456010
vt 0.376461 0.456058
vt 0.378146 0.449511
vt 0.408977 0.449389
vt 0.169796 0.644894
vt 0.182281 0.669889
vt 0.169437 0.675361
vt 0.163477 0.677374
vt 0.169019 0.719682
vt 0.163126 0.719577
vt 0.157568 0.719672
vt 0.157845 0.678375
vt 0.152762 0.719708
vt 0.153368 0.678646
vt 0.321939 0.758493
vt 0.321784 0.717358
vt 0.326781 0.717110
vt 0.326570 0.758831
vt 0.332593 0.716868
vt 0.332364 0.759957
vt 0.339388 0.716028
vt 0.339421 0.761745
vt 0.339598 0.792609
vt 0.354108 0.765918
vt 0.356024 0.794686
vt 0.357157 0.807540
vt 0.397159 0.794941
vt 0.396188 0.807215
vt 0.395346 0.816114
vt 0.358387 0.816375
vt 0.394088 0.824364
vt 0.362478 0.824495
vt 0.325231 0.498699
vt 0.434155 0.794357
vt 0.399496 0.767030
vt 0.436221 0.765638
vt 0.448423 0.761516
vt 0.437297 0.715161
vt 0.448238 0.716025
vt 0.454774 0.716164
vt 0.454914 0.760017
vt 0.460575 0.716016
vt 0.460764 0.759450
vt 0.465109 0.716107
vt 0.465352 0.759618
vt 0.007342 0.760254
vt 0.007226 0.716749
vt 0.014485 0.716868
vt 0.014579 0.761461
vt 0.022256 0.716866
vt 0.022564 0.763789
vt 0.023730 0.794277
vt 0.037649 0.768398
vt 0.042223 0.796624
vt 0.046160 0.807170
vt 0.079630 0.796966
vt 0.079051 0.806965
vt 0.112402 0.796071
vt 0.110510 0.806923
vt 0.109858 0.814142
vt 0.079734 0.769530
vt 0.114958 0.767181
vt 0.127173 0.761805
vt 0.115978 0.717908
vt 0.127470 0.717886
vt 0.134626 0.718071
vt 0.127051 0.671951
vt 0.134424 0.673901
vt 0.141098 0.674344
vt 0.141077 0.718309
vt 0.615012 0.725304
vt 0.614896 0.769273
vt 0.609445 0.769624
vt 0.609766 0.725528
vt 0.602467 0.771046
vt 0.603059 0.726085
vt 0.593999 0.774377
vt 0.594918 0.726266
vt 0.575691 0.779109
vt 0.577434 0.726491
vt 0.576581 0.675588
vt 0.525061 0.726895
vt 0.526685 0.674009
vt 0.528990 0.647844
vt 0.496807 0.675087
vt 0.495906 0.726871
vt 0.486490 0.727034
vt 0.495848 0.778195
vt 0.486214 0.772790
vt 0.480496 0.771436
vt 0.485938 0.798658
vt 0.480296 0.797879
vt 0.474937 0.797448
vt 0.474831 0.770814
vt 0.470488 0.797280
vt 0.470481 0.770628
vt 0.288973 0.764509
vt 0.289055 0.791114
vt 0.284379 0.791328
vt 0.284058 0.764696
vt 0.279157 0.791895
vt 0.278554 0.765348
vt 0.272664 0.792616
vt 0.272497 0.767350
vt 0.258614 0.793346
vt 0.259967 0.771904
vt 0.219910 0.793965
vt 0.219323 0.773513
vt 0.219281 0.720564
vt 0.180960 0.771360
vt 0.180381 0.720286
vt 0.169074 0.764795
vt 0.182631 0.793366
vt 0.169066 0.791804
vt 0.162696 0.790717
vt 0.162904 0.762898
vt 0.156870 0.790034
vt 0.157165 0.762174
vt 0.152092 0.789709
vt 0.152445 0.761960
vt 0.321827 0.675018
vt 0.322007 0.647200
vt 0.327198 0.646599
vt 0.326986 0.674542
vt 0.332781 0.645280
vt 0.332997 0.673381
vt 0.340651 0.644246
vt 0.339939 0.670932
vt 0.359528 0.642791
vt 0.355404 0.664610
vt 0.353695 0.715851
vt 0.403169 0.662611
vt 0.401878 0.715181
vt 0.436989 0.664821
vt 0.402967 0.642256
vt 0.435522 0.642821
vt 0.448474 0.643824
vt 0.448357 0.670883
vt 0.454709 0.645090
vt 0.454747 0.672740
vt 0.460187 0.645949
vt 0.460385 0.673582
vt 0.464678 0.646126
vt 0.464848 0.673616
vt 0.007192 0.674263
vt 0.007418 0.646776
vt 0.014246 0.646162
vt 0.014470 0.673345
vt 0.022109 0.645310
vt 0.022122 0.670924
vt 0.038125 0.643761
vt 0.036091 0.666015
vt 0.035570 0.716887
vt 0.078476 0.664226
vt 0.079554 0.717330
vt 0.115140 0.666282
vt 0.077085 0.643371
vt 0.113723 0.643824
vt 0.127019 0.644780
vt 0.110560 0.635867
vt 0.126755 0.635854
vt 0.134827 0.635809
vt 0.134460 0.645959
vt 0.141352 0.635862
vt 0.141182 0.646506
vt 0.614798 0.797115
vt 0.614633 0.807763
vt 0.608900 0.807973
vt 0.609025 0.797465
vt 0.602146 0.808062
vt 0.601879 0.798406
vt 0.591683 0.808094
vt 0.593223 0.799320
vt 0.566633 0.808091
vt 0.571275 0.800053
vt 0.527213 0.808049
vt 0.526233 0.800362
vt 0.524846 0.780258
vt 0.496371 0.799655
vt 0.498183 0.808014
vt 0.485961 0.807956
vt 0.499324 0.813413
vt 0.485985 0.813524
vt 0.479938 0.813430
vt 0.479926 0.807935
vt 0.475026 0.813156
vt 0.474866 0.807839
vt 0.470597 0.812945
vt 0.470539 0.807761
vt 0.289334 0.801571
vt 0.289637 0.806740
vt 0.285399 0.806729
vt 0.285006 0.801676
vt 0.280321 0.806722
vt 0.279934 0.801714
vt 0.273115 0.806756
vt 0.272977 0.801535
vt 0.254181 0.806982
vt 0.255665 0.801468
vt 0.220830 0.806789
vt 0.220033 0.801615
vt 0.187784 0.806705
vt 0.186486 0.801686
vt 0.169370 0.807003
vt 0.169224 0.801770
vt 0.161309 0.807376
vt 0.161870 0.802097
vt 0.155338 0.807575
vt 0.156206 0.802192
vt 0.151317 0.807609
vt 0.151706 0.802208
vt 0.322315 0.634656
vt 0.323122 0.629191
vt 0.327535 0.628818
vt 0.327178 0.634435
vt 0.332786 0.628481
vt 0.332614 0.634269
vt 0.342821 0.628322
vt 0.341687 0.634203
vt 0.366113 0.628121
vt 0.364019 0.634085
vt 0.402312 0.627862
vt 0.402010 0.634193
vt 0.433206 0.627940
vt 0.434057 0.634009
vt 0.448647 0.628164
vt 0.448624 0.633987
vt 0.455603 0.628325
vt 0.455058 0.634076
vt 0.460573 0.628652
vt 0.460387 0.634236
vt 0.464653 0.628917
vt 0.464656 0.634389
vt 0.007336 0.635041
vt 0.007259 0.629569
vt 0.014063 0.629522
vt 0.013873 0.635110
vt 0.022873 0.629650
vt 0.022435 0.635286
vt 0.042150 0.629923
vt 0.040894 0.635467
vt 0.076123 0.630147
vt 0.076684 0.635639
vt 0.108937 0.630627
vt 0.075554 0.625481
vt 0.108035 0.625926
vt 0.126241 0.626357
vt 0.126439 0.630533
vt 0.134541 0.626927
vt 0.134942 0.630652
vt 0.141538 0.627239
vt 0.141501 0.630783
vt 0.614485 0.812847
vt 0.614447 0.816392
vt 0.608877 0.817091
vt 0.608883 0.812998
vt 0.601727 0.817741
vt 0.602016 0.813185
vt 0.589184 0.818118
vt 0.590257 0.813282
vt 0.562695 0.818557
vt 0.564259 0.813610
vt 0.526952 0.818793
vt 0.527290 0.813763
vt 0.499819 0.818385
vt 0.526231 0.822631
vt 0.499713 0.822436
vt 0.486109 0.822039
vt 0.486026 0.818189
vt 0.480171 0.821406
vt 0.480140 0.817791
vt 0.001854 0.959720
vt 0.002483 0.953755
vt 0.006790 0.953466
vt 0.005857 0.959537
vt 0.012023 0.953355
vt 0.011117 0.959255
vt 0.010649 0.963898
vt 0.018529 0.958741
vt 0.018658 0.963565
vt 0.018418 0.967303
vt 0.010464 0.967644
vt 0.280745 0.814130
vt 0.272794 0.814617
vt 0.272985 0.811084
vt 0.280569 0.810698
vt 0.253485 0.815996
vt 0.253616 0.811654
vt 0.221481 0.815588
vt 0.221209 0.811506
vt 0.188505 0.815615
vt 0.188423 0.811448
vt 0.170111 0.815626
vt 0.169771 0.811551
vt 0.121110 0.968688
vt 0.102716 0.968708
vt 0.102778 0.964585
vt 0.121206 0.964992
vt 0.121498 0.960351
vt 0.130337 0.960910
vt 0.103051 0.959668
vt 0.104160 0.954440
vt 0.121758 0.955097
vt 0.069640 0.964356
vt 0.069743 0.959421
vt 0.069926 0.954084
vt 0.069788 0.946684
vt 0.107268 0.946840
vt 0.036995 0.959140
vt 0.035625 0.953573
vt 0.033120 0.945387
vt 0.031474 0.924913
vt 0.069763 0.928116
vt 0.018620 0.953243
vt 0.019059 0.943543
vt 0.019027 0.919114
vt 0.018834 0.879067
vt 0.030779 0.875859
vt 0.012696 0.941880
vt 0.012883 0.916605
vt 0.012564 0.879929
vt 0.011852 0.852091
vt 0.018462 0.851351
vt 0.007597 0.915092
vt 0.007153 0.879675
vt 0.006563 0.852474
vt 0.005488 0.839839
vt 0.010847 0.840040
vt 0.002577 0.879200
vt 0.002047 0.852644
vt 0.001428 0.839991
vt 0.601497 0.821612
vt 0.588565 0.822239
vt 0.608697 0.820776
vt 0.561609 0.822457
vt 0.002898 0.914073
vt 0.018040 0.834762
vt 0.018180 0.840545
vt 0.035872 0.835860
vt 0.034694 0.841392
vt 0.031680 0.850349
vt 0.069384 0.841920
vt 0.069456 0.850325
vt 0.069604 0.875295
vt 0.108059 0.851005
vt 0.109296 0.877901
vt 0.109146 0.927668
vt 0.121736 0.882959
vt 0.122020 0.923358
vt 0.122029 0.946228
vt 0.128805 0.922055
vt 0.129113 0.945387
vt 0.129934 0.955707
vt 0.135079 0.945028
vt 0.135645 0.955780
vt 0.136359 0.960969
vt 0.327882 0.619900
vt 0.333145 0.619866
vt 0.333004 0.623477
vt 0.327837 0.624092
vt 0.139152 0.956496
vt 0.139601 0.945881
vt 0.343680 0.622971
vt 0.134699 0.921742
vt 0.139434 0.922644
vt 0.367137 0.622312
vt 0.134660 0.886041
vt 0.139225 0.887277
vt 0.402970 0.622095
vt 0.134621 0.856400
vt 0.139327 0.857497
vt 0.433187 0.622186
vt 0.135331 0.841554
vt 0.139675 0.842262
vt 0.448752 0.622879
vt 0.135945 0.835107
vt 0.139760 0.835485
vt 0.455726 0.623477
vt 0.455527 0.619866
vt 0.129074 0.841472
vt 0.129831 0.835391
vt 0.121775 0.841583
vt 0.121091 0.836029
vt 0.120695 0.831184
vt 0.120595 0.827566
vt 0.103118 0.836281
vt 0.102195 0.831333
vt 0.101632 0.827601
vt 0.069177 0.831311
vt 0.068896 0.827622
vt 0.042462 0.621624
vt 0.075198 0.621713
vt 0.042564 0.625322
vt 0.023398 0.625239
vt 0.023498 0.621606
vt 0.036266 0.831008
vt 0.036378 0.827505
vt 0.107714 0.622006
vt 0.018127 0.830349
vt 0.017941 0.827195
vt 0.126147 0.622521
vt 0.009573 0.826566
vt 0.069423 0.836319
vt 0.104830 0.841853
vt 0.121819 0.852414
vt 0.128558 0.854713
vt 0.128662 0.884814
vt 0.007534 0.940699
vt 0.002836 0.940267
vt 0.037470 0.963729
vt 0.069741 0.968738
vt 0.037738 0.967809
vt 0.614947 0.818955
vt 0.319766 0.629458
vt 0.495330 0.614753
vt 0.628547 0.597810
vt 0.626991 0.607933
vt 0.329508 0.436921
vt 0.952109 0.010466
vt 0.002048 0.444238
vt 0.175461 0.366533
vt 0.930336 0.412644
vt 0.936855 0.415161
vt 0.936726 0.431833
vt 0.930324 0.429153
vt 0.943442 0.416371
vt 0.943352 0.433043
vt 0.943596 0.449471
vt 0.421707 0.379030
vt 0.438277 0.373590
vt 0.438136 0.379856
vt 0.421687 0.386071
vt 0.407184 0.391524
vt 0.406133 0.384832
vt 0.392074 0.400727
vt 0.392728 0.406104
vt 0.373943 0.409951
vt 0.392685 0.410889
vt 0.373636 0.415068
vt 0.353140 0.417625
vt 0.372725 0.421187
vt 0.352091 0.423180
vt 0.331730 0.422598
vt 0.350968 0.428518
vt 0.330464 0.427165
vt 0.318638 0.429082
vt 0.318932 0.422182
vt 0.329481 0.431064
vt 0.318768 0.434947
vt 0.359043 0.876957
vt 0.364806 0.872873
vt 0.369462 0.877733
vt 0.369177 0.867390
vt 0.375164 0.870516
vt 0.378605 0.872166
vt 0.373033 0.881396
vt 0.863459 0.006244
vt 0.865166 0.000987
vt 0.874833 0.001839
vt 0.873937 0.006619
vt 0.873281 0.013107
vt 0.854392 0.005137
vt 0.884324 0.006842
vt 0.884779 0.013110
vt 0.884780 0.021309
vt 0.895097 0.013325
vt 0.895231 0.021471
vt 0.895307 0.033437
vt 0.903678 0.022124
vt 0.903780 0.034531
vt 0.900584 0.049968
vt 0.704364 0.950031
vt 0.707352 0.965467
vt 0.697455 0.964976
vt 0.695423 0.949002
vt 0.693968 0.923070
vt 0.701854 0.923812
vt 0.686472 0.947798
vt 0.686439 0.922555
vt 0.687860 0.907004
vt 0.678815 0.921924
vt 0.679137 0.906761
vt 0.678805 0.899484
vt 0.669402 0.906509
vt 0.667803 0.898959
vt 0.668242 0.892336
vt 0.659070 0.898889
vt 0.660005 0.892018
vt 0.571598 0.588737
vt 0.575213 0.597902
vt 0.568966 0.598970
vt 0.566596 0.591029
vt 0.575111 0.607155
vt 0.567564 0.606441
vt 0.842898 0.886737
vt 0.835877 0.885379
vt 0.835211 0.865450
vt 0.840512 0.868518
vt 0.663770 0.886610
vt 0.829853 0.883720
vt 0.830533 0.863141
vt 0.830664 0.831901
vt 0.824737 0.861561
vt 0.825122 0.830095
vt 0.825219 0.795390
vt 0.819026 0.828100
vt 0.819131 0.793217
vt 0.818390 0.758960
vt 0.812326 0.791520
vt 0.811559 0.757212
vt 0.810209 0.722723
vt 0.805106 0.755753
vt 0.804720 0.721343
vt 0.802613 0.688317
vt 0.723635 0.309416
vt 0.723253 0.276306
vt 0.729236 0.277695
vt 0.729303 0.311243
vt 0.727226 0.340647
vt 0.720185 0.338284
vt 0.736317 0.313178
vt 0.735822 0.342806
vt 0.734282 0.375405
vt 0.746292 0.345612
vt 0.744072 0.377385
vt 0.742081 0.406379
vt 0.751789 0.378784
vt 0.748756 0.407607
vt 0.750606 0.436003
vt 0.754361 0.408847
vt 0.755509 0.437539
vt 0.861154 0.439792
vt 0.865780 0.441494
vt 0.866872 0.470388
vt 0.862028 0.468693
vt 0.871401 0.443175
vt 0.871927 0.472260
vt 0.872154 0.500341
vt 0.877490 0.473972
vt 0.877420 0.502090
vt 0.877439 0.530661
vt 0.883146 0.503779
vt 0.883076 0.532303
vt 0.883097 0.560632
vt 0.888776 0.533901
vt 0.888750 0.562267
vt 0.888878 0.590901
vt 0.894076 0.563840
vt 0.894160 0.592491
vt 0.894290 0.622116
vt 0.695226 0.377858
vt 0.695453 0.407485
vt 0.691119 0.405951
vt 0.690766 0.376166
vt 0.690739 0.348109
vt 0.695066 0.349419
vt 0.685261 0.374699
vt 0.685381 0.347003
vt 0.685265 0.317696
vt 0.678911 0.345791
vt 0.678702 0.316408
vt 0.678178 0.286330
vt 0.671249 0.315297
vt 0.670552 0.285116
vt 0.669926 0.257588
vt 0.663539 0.284016
vt 0.663455 0.256275
vt 0.663296 0.228333
vt 0.657339 0.255049
vt 0.656927 0.227022
vt 0.647630 0.192423
vt 0.845103 0.192982
vt 0.835952 0.228155
vt 0.830154 0.226258
vt 0.834803 0.191253
vt 0.835160 0.164328
vt 0.846894 0.165766
vt 0.823856 0.189766
vt 0.823003 0.162975
vt 0.821146 0.132002
vt 0.811275 0.161770
vt 0.811913 0.131632
vt 0.811139 0.099666
vt 0.802288 0.131510
vt 0.801053 0.099272
vt 0.796592 0.081390
vt 0.792069 0.098829
vt 0.786561 0.081430
vt 0.787067 0.066734
vt 0.713723 0.931378
vt 0.712998 0.916645
vt 0.724166 0.917250
vt 0.724850 0.933026
vt 0.727798 0.944928
vt 0.718259 0.943950
vt 0.737689 0.933932
vt 0.739198 0.945955
vt 0.739950 0.957833
vt 0.750050 0.946670
vt 0.750447 0.958739
vt 0.751709 0.970292
vt 0.760056 0.959467
vt 0.762315 0.971190
vt 0.765076 0.979541
vt 0.771329 0.971409
vt 0.775280 0.979922
vt 0.778002 0.984843
vt 0.851361 0.989144
vt 0.853355 0.984159
vt 0.862097 0.985192
vt 0.860560 0.990473
vt 0.860142 0.994666
vt 0.851002 0.993730
vt 0.870762 0.991391
vt 0.870226 0.995358
vt 0.869429 0.998655
vt 0.859450 0.998456
vt 0.850776 0.998064
vt 0.881678 0.995917
vt 0.881532 0.999013
vt 0.211451 0.943331
vt 0.223584 0.945756
vt 0.223137 0.948990
vt 0.236248 0.945161
vt 0.236930 0.948732
vt 0.237517 0.951837
vt 0.249700 0.945095
vt 0.247937 0.941221
vt 0.262065 0.936278
vt 0.276461 0.929667
vt 0.246786 0.938619
vt 0.905940 0.998593
vt 0.894201 0.998759
vt 0.893431 0.995874
vt 0.881759 0.992063
vt 0.871917 0.986495
vt 0.864892 0.976655
vt 0.856433 0.975553
vt 0.859340 0.963990
vt 0.767775 0.959926
vt 0.759816 0.946999
vt 0.767660 0.947500
vt 0.750736 0.934443
vt 0.737018 0.918012
vt 0.727619 0.899860
vt 0.718393 0.899377
vt 0.720313 0.866363
vt 0.793366 0.131878
vt 0.799991 0.160263
vt 0.789068 0.159039
vt 0.812119 0.187872
vt 0.822730 0.224721
vt 0.829680 0.254760
vt 0.835665 0.256151
vt 0.835354 0.284141
vt 0.657489 0.283089
vt 0.663875 0.314131
vt 0.657478 0.312994
vt 0.671229 0.344745
vt 0.678666 0.373439
vt 0.685572 0.404443
vt 0.691224 0.434579
vt 0.695652 0.436138
vt 0.695796 0.464512
vt 0.894037 0.535468
vt 0.888907 0.505390
vt 0.894235 0.506948
vt 0.883382 0.475458
vt 0.877491 0.444810
vt 0.870465 0.414274
vt 0.864454 0.412773
vt 0.859370 0.384021
vt 0.758440 0.379996
vt 0.755858 0.347797
vt 0.764133 0.349383
vt 0.744356 0.314704
vt 0.736676 0.279335
vt 0.728067 0.243437
vt 0.721247 0.241766
vt 0.720922 0.207203
vt 0.806046 0.790253
vt 0.812593 0.826591
vt 0.806369 0.825455
vt 0.818783 0.860520
vt 0.817976 0.882655
vt 0.824099 0.883034
vt 0.830960 0.891068
vt 0.572771 0.615921
vt 0.566596 0.612998
vt 0.839570 0.891875
vt 0.840586 0.898183
vt 0.847332 0.891867
vt 0.848745 0.898656
vt 0.846378 0.906330
vt 0.661521 0.906408
vt 0.671310 0.921130
vt 0.664410 0.920575
vt 0.678159 0.946995
vt 0.686698 0.965506
vt 0.697318 0.977141
vt 0.707489 0.977876
vt 0.707490 0.986431
vt 0.706383 0.993424
vt 0.903639 0.013569
vt 0.893916 0.006822
vt 0.902614 0.006576
vt 0.378605 0.841702
vt 0.883621 0.002283
vt 0.891981 0.002253
vt 0.378017 0.851978
vt 0.371415 0.853420
vt 0.378189 0.860761
vt 0.371606 0.860035
vt 0.931131 0.317010
vt 0.923851 0.316861
vt 0.926616 0.306784
vt 0.918499 0.316623
vt 0.922438 0.305747
vt 0.921355 0.285524
vt 0.349805 0.432798
vt 0.371854 0.427510
vt 0.370933 0.432384
vt 0.391856 0.417496
vt 0.409109 0.408434
vt 0.973339 0.511978
vt 0.968549 0.512648
vt 0.973968 0.496733
vt 0.437811 0.386425
vt 0.454978 0.380801
vt 0.454581 0.385938
vt 0.437002 0.390914
vt 0.419955 0.399051
vt 0.454932 0.374047
vt 0.471907 0.375722
vt 0.455100 0.368124
vt 0.471612 0.381290
vt 0.630966 0.655174
vt 0.213269 0.401509
vt 0.235155 0.397583
vt 0.232812 0.401618
vt 0.256738 0.398484
vt 0.253834 0.402319
vt 0.251286 0.405959
vt 0.272243 0.406756
vt 0.270544 0.410480
vt 0.269242 0.414639
vt 0.249149 0.410389
vt 0.231022 0.406529
vt 0.248192 0.415372
vt 0.229447 0.411055
vt 0.948693 0.516995
vt 0.949078 0.498592
vt 0.228546 0.418519
vt 0.209696 0.417187
vt 0.211018 0.409998
vt 0.189610 0.416839
vt 0.190402 0.410043
vt 0.208600 0.424724
vt 0.188943 0.423983
vt 0.168662 0.423163
vt 0.169203 0.415931
vt 0.207720 0.431115
vt 0.188471 0.430235
vt 0.168220 0.429486
vt 0.148108 0.428892
vt 0.148362 0.422604
vt 0.944934 0.170044
vt 0.945110 0.190305
vt 0.938411 0.170019
vt 0.938147 0.149988
vt 0.944659 0.149931
vt 0.937820 0.129738
vt 0.944415 0.129541
vt 0.930911 0.149991
vt 0.930560 0.129871
vt 0.930153 0.108977
vt 0.937351 0.108960
vt 0.923746 0.129853
vt 0.923698 0.108990
vt 0.923610 0.087725
vt 0.930187 0.087666
vt 0.918638 0.129646
vt 0.918499 0.108929
vt 0.918568 0.087779
vt 0.918860 0.066131
vt 0.924254 0.066238
vt 0.547497 0.427125
vt 0.526340 0.427497
vt 0.547490 0.421869
vt 0.569223 0.421695
vt 0.569150 0.426715
vt 0.590033 0.421238
vt 0.589692 0.426376
vt 0.918905 0.045596
vt 0.924247 0.045967
vt 0.930534 0.046023
vt 0.930508 0.066167
vt 0.937256 0.045817
vt 0.937335 0.066048
vt 0.937301 0.087567
vt 0.943530 0.065761
vt 0.943594 0.087434
vt 0.943640 0.108890
vt 0.107131 0.426413
vt 0.085678 0.425809
vt 0.085779 0.419471
vt 0.107393 0.420147
vt 0.127985 0.421464
vt 0.127742 0.427870
vt 0.107676 0.412978
vt 0.128300 0.414045
vt 0.148565 0.415219
vt 0.128574 0.406855
vt 0.148677 0.408131
vt 0.169829 0.408828
vt 0.148744 0.402468
vt 0.170308 0.403300
vt 0.190959 0.405353
vt 0.951718 0.458034
vt 0.951982 0.436492
vt 0.958591 0.458070
vt 0.128652 0.401441
vt 0.064017 0.425014
vt 0.943258 0.045546
vt 0.948100 0.477975
vt 0.291943 0.412751
vt 0.293109 0.409071
vt 0.311480 0.408095
vt 0.310772 0.412424
vt 0.918499 0.547415
vt 0.920236 0.529086
vt 0.923598 0.530374
vt 0.922518 0.548649
vt 0.336994 0.845173
vt 0.333791 0.849328
vt 0.327196 0.846834
vt 0.331839 0.854030
vt 0.324943 0.853151
vt 0.319216 0.852228
vt 0.321791 0.844664
vt 0.324268 0.859693
vt 0.318638 0.860098
vt 0.831038 0.995863
vt 0.823187 0.996096
vt 0.822987 0.990005
vt 0.815730 0.995994
vt 0.815014 0.988953
vt 0.815307 0.979583
vt 0.805760 0.987624
vt 0.805882 0.976349
vt 0.806121 0.962673
vt 0.797383 0.974939
vt 0.796467 0.961271
vt 0.798452 0.951922
vt 0.806840 0.952231
vt 0.714486 0.045236
vt 0.712725 0.035834
vt 0.722324 0.036888
vt 0.723504 0.045130
vt 0.726664 0.056287
vt 0.719523 0.054528
vt 0.533618 0.610740
vt 0.525210 0.610036
vt 0.732241 0.045451
vt 0.733401 0.057787
vt 0.733830 0.080203
vt 0.740317 0.059461
vt 0.741338 0.081542
vt 0.743825 0.092722
vt 0.749811 0.083832
vt 0.754065 0.092687
vt 0.755031 0.099920
vt 0.762412 0.093838
vt 0.762867 0.100107
vt 0.760538 0.106371
vt 0.857750 0.110555
vt 0.856140 0.104351
vt 0.865352 0.105245
vt 0.866239 0.111018
vt 0.868124 0.121135
vt 0.861144 0.120468
vt 0.875193 0.111183
vt 0.875740 0.121999
vt 0.875815 0.152133
vt 0.883671 0.122584
vt 0.883842 0.153625
vt 0.884002 0.187676
vt 0.891002 0.154933
vt 0.891483 0.189302
vt 0.891337 0.224258
vt 0.898122 0.190933
vt 0.897522 0.225625
vt 0.897619 0.260866
vt 0.700530 0.739125
vt 0.699523 0.774359
vt 0.693446 0.772902
vt 0.694022 0.737552
vt 0.694224 0.703241
vt 0.700420 0.704677
vt 0.686487 0.736088
vt 0.686878 0.701581
vt 0.687723 0.666584
vt 0.678933 0.700169
vt 0.679296 0.666129
vt 0.677745 0.636938
vt 0.671212 0.665693
vt 0.667799 0.636663
vt 0.669060 0.603789
vt 0.659404 0.636053
vt 0.662460 0.602926
vt 0.662606 0.573139
vt 0.657485 0.601783
vt 0.657206 0.572168
vt 0.657603 0.543140
vt 0.834914 0.543637
vt 0.834422 0.572578
vt 0.828220 0.571401
vt 0.828463 0.542216
vt 0.828800 0.514054
vt 0.835551 0.515319
vt 0.822067 0.540886
vt 0.822515 0.512713
vt 0.822710 0.483018
vt 0.816054 0.511442
vt 0.816058 0.481773
vt 0.815709 0.453489
vt 0.809375 0.480689
vt 0.809076 0.452299
vt 0.809332 0.424169
vt 0.803669 0.451484
vt 0.803674 0.423091
vt 0.803734 0.393950
vt 0.724798 0.604076
vt 0.724405 0.574892
vt 0.731287 0.576112
vt 0.731510 0.605169
vt 0.731639 0.633951
vt 0.724575 0.632884
vt 0.739372 0.606153
vt 0.739757 0.634880
vt 0.739852 0.663494
vt 0.747484 0.635960
vt 0.747698 0.664591
vt 0.747410 0.693841
vt 0.754447 0.665803
vt 0.754136 0.694912
vt 0.753438 0.724117
vt 0.758840 0.696110
vt 0.758568 0.725284
vt 0.757942 0.753532
vt 0.865434 0.757430
vt 0.866441 0.729217
vt 0.872115 0.730491
vt 0.870955 0.758577
vt 0.867121 0.789806
vt 0.860434 0.788131
vt 0.877379 0.759763
vt 0.875381 0.791575
vt 0.872797 0.824484
vt 0.884091 0.793283
vt 0.883191 0.825636
vt 0.883907 0.853140
vt 0.894184 0.826792
vt 0.892628 0.853687
vt 0.892050 0.886263
vt 0.902142 0.854290
vt 0.901255 0.887434
vt 0.904624 0.909782
vt 0.707176 0.090206
vt 0.701416 0.112534
vt 0.693614 0.111473
vt 0.698728 0.088993
vt 0.913530 0.910851
vt 0.916524 0.926554
vt 0.702159 0.073294
vt 0.688183 0.088304
vt 0.690275 0.072800
vt 0.688889 0.057056
vt 0.699204 0.057488
vt 0.677315 0.072272
vt 0.676760 0.056482
vt 0.676260 0.043953
vt 0.664527 0.056303
vt 0.665613 0.043812
vt 0.665594 0.032146
vt 0.655325 0.043855
vt 0.654692 0.032046
vt 0.651870 0.020369
vt 0.645355 0.032307
vt 0.640797 0.020479
vt 0.637207 0.012982
vt 0.847206 0.013235
vt 0.844210 0.020964
vt 0.832287 0.020149
vt 0.834235 0.012360
vt 0.835118 0.007754
vt 0.848195 0.008396
vt 0.820144 0.011658
vt 0.820169 0.006828
vt 0.820040 0.003571
vt 0.835591 0.004239
vt 0.848802 0.004459
vt 0.805565 0.007081
vt 0.804740 0.003950
vt 0.803699 0.001482
vt 0.820016 0.000987
vt 0.836695 0.001347
vt 0.227557 0.843608
vt 0.211254 0.845337
vt 0.212307 0.847631
vt 0.200062 0.853841
vt 0.198382 0.851826
vt 0.189916 0.862522
vt 0.187930 0.860682
vt 0.709464 0.995327
vt 0.711272 0.992334
vt 0.723122 0.991973
vt 0.722095 0.995175
vt 0.180161 0.873379
vt 0.738447 0.995084
vt 0.176481 0.889762
vt 0.172941 0.889546
vt 0.173913 0.908482
vt 0.171028 0.909325
vt 0.166924 0.910257
vt 0.163958 0.933578
vt 0.164936 0.953755
vt 0.157807 0.954811
vt 0.162522 0.965211
vt 0.155979 0.966266
vt 0.151761 0.966898
vt 0.155487 0.972167
vt 0.151216 0.970816
vt 0.502699 0.581708
vt 0.504893 0.585966
vt 0.755939 0.995327
vt 0.711922 0.988750
vt 0.783051 0.009403
vt 0.782222 0.005808
vt 0.792442 0.004493
vt 0.793377 0.008082
vt 0.794123 0.012575
vt 0.784264 0.013868
vt 0.806220 0.011505
vt 0.807721 0.019872
vt 0.819725 0.019957
vt 0.819535 0.032633
vt 0.829884 0.032588
vt 0.829913 0.044700
vt 0.840429 0.033082
vt 0.839632 0.044858
vt 0.843109 0.057074
vt 0.643359 0.056494
vt 0.646629 0.044021
vt 0.653119 0.056437
vt 0.650338 0.070560
vt 0.638983 0.070051
vt 0.663449 0.071370
vt 0.664352 0.086533
vt 0.676775 0.087517
vt 0.676395 0.107803
vt 0.685584 0.110702
vt 0.684892 0.143388
vt 0.693406 0.145195
vt 0.696294 0.169668
vt 0.914157 0.830150
vt 0.909717 0.854636
vt 0.904977 0.828183
vt 0.901868 0.796853
vt 0.910011 0.798220
vt 0.893112 0.795256
vt 0.891071 0.762526
vt 0.884488 0.761038
vt 0.883815 0.733331
vt 0.877732 0.731824
vt 0.877811 0.703138
vt 0.872575 0.701411
vt 0.872824 0.672729
vt 0.867322 0.700067
vt 0.867759 0.671159
vt 0.867700 0.642461
vt 0.863000 0.669621
vt 0.862938 0.640984
vt 0.862578 0.612420
vt 0.753675 0.608603
vt 0.754109 0.637164
vt 0.747171 0.607343
vt 0.746860 0.578209
vt 0.753305 0.579371
vt 0.739083 0.577203
vt 0.738842 0.548579
vt 0.730878 0.547479
vt 0.730713 0.519006
vt 0.723790 0.546447
vt 0.723137 0.517982
vt 0.723030 0.488508
vt 0.803993 0.509331
vt 0.803646 0.479893
vt 0.809897 0.510362
vt 0.810289 0.538536
vt 0.804412 0.537582
vt 0.815975 0.539608
vt 0.815840 0.569175
vt 0.821550 0.570293
vt 0.821656 0.599424
vt 0.828581 0.600675
vt 0.831367 0.632665
vt 0.834867 0.602145
vt 0.840021 0.634854
vt 0.836589 0.664612
vt 0.846907 0.636419
vt 0.843029 0.665743
vt 0.840849 0.697817
vt 0.665155 0.697180
vt 0.663797 0.665134
vt 0.671375 0.698834
vt 0.671282 0.733193
vt 0.664996 0.731619
vt 0.678611 0.734649
vt 0.678120 0.769959
vt 0.686020 0.771432
vt 0.686105 0.805747
vt 0.693549 0.807377
vt 0.694169 0.841658
vt 0.700343 0.809052
vt 0.700402 0.843191
vt 0.700478 0.875928
vt 0.896847 0.124069
vt 0.897070 0.156803
vt 0.890788 0.123435
vt 0.893020 0.111781
vt 0.900351 0.111747
vt 0.884403 0.111340
vt 0.884721 0.105589
vt 0.874792 0.105573
vt 0.874628 0.099634
vt 0.865573 0.098875
vt 0.867767 0.090685
vt 0.856702 0.098074
vt 0.860263 0.089505
vt 0.860157 0.068217
vt 0.755199 0.064156
vt 0.757584 0.085383
vt 0.747922 0.061857
vt 0.750261 0.045255
vt 0.758615 0.045235
vt 0.740581 0.045473
vt 0.740521 0.036567
vt 0.731371 0.036812
vt 0.730344 0.022793
vt 0.721849 0.023313
vt 0.721053 0.010302
vt 0.722139 0.002043
vt 0.713491 0.022172
vt 0.712621 0.009942
vt 0.715524 0.001969
vt 0.330003 0.882766
vt 0.800226 0.995165
vt 0.796670 0.987131
vt 0.807491 0.995465
vt 0.323677 0.875664
vt 0.328452 0.872485
vt 0.334237 0.868545
vt 0.319860 0.867525
vt 0.325332 0.865998
vt 0.331833 0.864077
vt 0.937144 0.550524
vt 0.331196 0.859136
vt 0.932197 0.550204
vt 0.932497 0.533024
vt 0.927136 0.549494
vt 0.927880 0.531698
vt 0.928380 0.513026
vt 0.924352 0.510669
vt 0.925772 0.493142
vt 0.274414 0.403485
vt 0.294196 0.406370
vt 0.652058 0.634942
vt 0.862756 0.698709
vt 0.701624 0.145672
vt 0.259332 0.395712
vt 0.216717 0.587696
vt 0.219649 0.586255
vt 0.453479 0.892942
vt 0.450314 0.896213
vt 0.456622 0.890518
vt 0.460615 0.889786
vt 0.465722 0.874618
vt 0.464951 0.889641
vt 0.042274 0.397655
vt 0.594394 0.333072
vt 0.298249 0.823685
vt 0.296926 0.820823
vt 0.226343 0.440574
vt 0.228088 0.438893
vt 0.568778 0.437786
vt 0.565939 0.437356
vt 0.560123 0.437011
vt 0.256063 0.436994
vt 0.614374 0.978518
vt 0.611415 0.980417
vt 0.604820 0.980765
vt 0.594404 0.980798
vt 0.573881 0.980828
vt 0.545272 0.980802
vt 0.515513 0.980801
vt 0.190078 0.437653
vt 0.186444 0.436783
vt 0.473212 0.979908
vt 0.162189 0.972177
vt 0.171915 0.971174
vt 0.187656 0.970591
vt 0.205615 0.970101
vt 0.223414 0.969789
vt 0.575909 0.583257
vt 0.572561 0.585907
vt 0.571970 0.582639
vt 0.574850 0.581969
vt 0.153681 0.820976
vt 0.221611 0.574431
s 0
usemtl Material.005
f 43/1/1 44/2/1 45/3/1 46/4/1
f 1/5/2 43/6/2 46/7/2 3/8/2
f 1/9/3 47/10/3 48/11/3 43/12/3
f 1/9/4 4/13/4 49/14/4 47/10/4
f 2/15/5 50/16/5 51/17/5 4/18/5
f 1/5/6 3/8/6 2/19/6 4/20/6
f 2/15/7 3/21/7 52/22/7 50/16/7
f 4/13/8 53/23/8 54/24/8 55/25/8
f 4/13/9 55/25/9 56/26/9 49/14/9
f 5/27/10 57/28/10 58/29/10 59/30/10
f 5/31/11 60/32/11 61/33/11 62/34/11
f 5/31/12 59/35/12 63/36/12 60/32/12
f 6/37/13 64/38/13 58/39/13 57/40/13
f 66/41/14 67/42/14 64/43/14 6/44/14
f 6/45/15 57/46/15 65/47/15 66/48/15
f 7/49/16 68/50/16 69/51/16 70/52/16
f 7/53/17 71/54/17 72/55/17 73/56/17
f 7/53/18 70/57/18 74/58/18 71/54/18
f 8/59/19 68/60/19 75/61/19 76/62/19
f 8/59/20 76/62/20 77/63/20 78/64/20
f 9/65/21 79/66/21 80/67/21 72/55/21
f 9/65/22 72/55/22 71/54/22 81/68/22
f 9/65/23 81/68/23 82/69/23 83/70/23
f 9/65/24 83/70/24 84/71/24 85/72/24
f 9/65/25 85/72/25 86/73/25 79/66/25
f 10/74/26 76/62/26 87/75/26 88/76/26
f 10/74/27 89/77/27 90/78/27 91/79/27
f 10/74/28 92/80/28 77/63/28 76/62/28
f 10/74/29 91/79/29 93/81/29 92/80/29
f 11/82/30 94/83/30 95/84/30 96/85/30
f 11/82/31 96/85/31 97/86/31 98/87/31
f 11/88/32 98/89/32 99/90/32 94/91/32
f 12/92/33 100/93/33 101/94/33 102/95/33
f 12/96/34 103/97/34 104/98/34 100/99/34
f 12/100/35 102/101/35 105/102/35 103/103/35
f 13/104/36 106/105/36 107/106/36 108/107/36
f 110/108/37 111/109/37 106/105/37 13/104/37
f 13/104/38 108/107/38 109/110/38 110/108/38
f 14/111/39 112/112/39 113/113/39 114/114/39
f 14/111/40 114/114/40 115/115/40 116/116/40
f 14/111/41 117/117/41 118/118/41 112/112/41
f 14/111/42 119/119/42 120/120/42 117/117/42
f 14/111/43 116/116/43 121/121/43 119/119/43
f 15/122/44 122/123/44 123/124/44 124/125/44
f 15/122/45 124/125/45 125/126/45 126/127/45
f 15/122/46 127/128/46 128/129/46 122/123/46
f 16/130/47 129/131/47 130/132/47 131/133/47
f 16/130/48 131/133/48 132/134/48 133/135/48
f 16/130/49 134/136/49 135/137/49 129/131/49
f 17/138/50 136/139/50 137/140/50 138/141/50
f 17/138/51 138/141/51 139/142/51 140/143/51
f 17/144/52 141/145/52 142/146/52 136/147/52
f 17/144/53 140/148/53 143/149/53 141/145/53
f 18/150/54 144/151/54 145/152/54 146/153/54
f 18/154/55 147/155/55 148/156/55 144/157/55
f 18/150/56 146/153/56 149/158/56 147/159/56
f 19/160/57 150/161/57 151/162/57 152/163/57
f 19/160/58 152/163/58 153/164/58 154/165/58
f 19/160/59 154/165/59 155/166/59 150/161/59
f 20/167/60 156/168/60 157/169/60 158/170/60
f 20/171/61 159/172/61 160/173/61 156/174/61
f 20/175/62 158/176/62 161/177/62 159/178/62
f 21/179/63 162/180/63 163/181/63 164/182/63
f 21/183/64 164/184/64 165/185/64 166/186/64
f 21/187/65 166/188/65 167/189/65 162/190/65
f 22/191/66 168/192/66 169/193/66 170/194/66
f 22/191/67 23/195/67 171/196/67 168/192/67
f 23/195/68 22/191/68 170/194/68 172/197/68
f 23/198/69 173/199/69 174/200/69 175/201/69
f 23/202/70 172/203/70 176/204/70 173/205/70
f 177/206/71 24/207/71 178/208/71 179/209/71
f 24/207/72 180/210/72 181/211/72 182/212/72
f 24/207/73 182/212/73 183/213/73 184/214/73
f 24/207/74 177/206/74 185/215/74 180/210/74
f 24/207/75 184/214/75 186/216/75 178/208/75
f 25/217/76 187/218/76 188/219/76 189/220/76
f 25/217/77 190/221/77 191/222/77 187/218/77
f 25/217/78 192/223/78 193/224/78 194/225/78
f 25/217/79 194/225/79 195/226/79 190/221/79
f 25/217/80 189/220/80 196/227/80 192/223/80
f 26/228/81 197/229/81 188/219/81 187/218/81
f 26/230/82 198/231/82 199/232/82 197/233/82
f 26/228/83 187/218/83 191/222/83 198/234/83
f 27/235/84 200/236/84 201/237/84 202/238/84
f 27/239/85 203/240/85 204/241/85 200/242/85
f 27/243/86 202/244/86 205/245/86 203/246/86
f 28/247/87 206/248/87 207/249/87 208/250/87
f 28/247/88 209/251/88 210/252/88 206/248/88
f 28/247/89 211/253/89 212/254/89 201/237/89
f 28/247/90 208/250/90 213/255/90 211/253/90
f 29/256/91 214/257/91 215/258/91 216/259/91
f 29/260/92 216/261/92 217/262/92 218/263/92
f 29/260/93 218/263/93 219/264/93 214/265/93
f 30/266/94 220/267/94 221/268/94 222/269/94
f 30/270/95 222/271/95 223/272/95 224/273/95
f 30/274/96 224/275/96 225/276/96 220/277/96
f 31/278/97 226/279/97 227/280/97 228/281/97
f 31/282/98 229/283/98 230/284/98 226/285/98
f 31/286/99 228/287/99 231/288/99 229/289/99
f 32/290/100 232/291/100 233/292/100 234/293/100
f 32/294/101 235/295/101 236/296/101 232/297/101
f 32/298/102 234/299/102 237/300/102 235/301/102
f 33/302/103 238/303/103 239/304/103 240/305/103
f 34/306/104 241/307/104 242/308/104 243/309/104
f 35/310/105 244/311/105 245/312/105 246/313/105
f 35/310/106 246/313/106 247/314/106 248/315/106
f 35/310/107 249/316/107 250/317/107 244/311/107
f 35/310/108 251/318/108 252/319/108 249/316/108
f 35/310/109 248/315/109 253/320/109 251/318/109
f 36/321/110 254/322/110 255/323/110 256/324/110
f 36/321/111 257/325/111 258/326/111 254/322/111
f 36/321/112 256/324/112 259/327/112 260/328/112
f 37/329/113 261/330/113 262/331/113 263/332/113
f 37/333/114 263/334/114 264/335/114 265/336/114
f 38/337/115 266/338/115 267/339/115 268/340/115
f 39/341/116 269/342/116 270/343/116 271/344/116
f 39/345/117 271/346/117 272/347/117 273/348/117
f 39/349/118 273/350/118 274/351/118 269/352/118
f 40/353/119 275/354/119 276/355/119 277/356/119
f 41/357/120 278/358/120 279/359/120 280/360/120
f 42/361/121 281/362/121 282/363/121 283/364/121
f 42/365/122 284/366/122 285/367/122 281/368/122
f 42/369/123 283/370/123 286/371/123 284/372/123
f 286/373/124 287/374/124 288/375/124 284/366/124
f 286/371/125 283/370/125 289/376/125 290/377/125
f 286/371/126 290/377/126 291/378/126 287/379/126
f 291/378/127 292/380/127 293/381/127 287/379/127
f 291/378/128 290/377/128 294/382/128 295/383/128
f 291/378/129 295/383/129 296/384/129 292/380/129
f 296/384/130 297/385/130 298/386/130 292/380/130
f 296/384/131 295/383/131 299/387/131 300/388/131
f 296/384/132 300/388/132 301/389/132 297/385/132
f 301/389/133 302/390/133 303/391/133 297/385/133
f 301/389/134 300/388/134 304/392/134 305/393/134
f 301/389/135 305/393/135 306/394/135 302/390/135
f 306/394/136 307/395/136 308/396/136 302/390/136
f 306/394/137 305/393/137 309/397/137 310/398/137
f 306/394/138 310/398/138 311/399/138 307/395/138
f 311/399/139 312/400/139 313/401/139 307/395/139
f 311/399/140 310/398/140 314/402/140 315/403/140
f 311/399/141 315/403/141 316/404/141 312/400/141
f 316/405/142 317/406/142 318/407/142 312/408/142
f 316/404/143 315/403/143 319/409/143 320/410/143
f 316/405/144 320/411/144 321/412/144 317/406/144
f 321/412/145 247/314/145 322/413/145 317/406/145
f 321/412/146 320/411/146 323/414/146 324/415/146
f 321/412/147 324/415/147 248/315/147 247/314/147
f 324/415/148 323/414/148 325/416/148 326/417/148
f 324/415/149 326/417/149 253/320/149 248/315/149
f 326/417/150 325/416/150 327/418/150 328/419/150
f 326/417/151 328/419/151 329/420/151 253/320/151
f 329/420/152 330/421/152 251/318/152 253/320/152
f 329/420/153 328/419/153 331/422/153 332/423/153
f 329/420/154 332/423/154 333/424/154 330/421/154
f 333/425/155 332/426/155 334/427/155 335/428/155
f 333/425/156 335/428/156 336/429/156 337/430/156
f 333/424/157 337/431/157 338/432/157 330/421/157
f 338/432/158 252/319/158 251/318/158 330/421/158
f 338/432/159 337/431/159 339/433/159 340/434/159
f 338/432/160 340/434/160 341/435/160 252/319/160
f 341/435/161 342/436/161 249/316/161 252/319/161
f 341/435/162 340/434/162 343/437/162 344/438/162
f 341/435/163 344/438/163 345/439/163 342/436/163
f 345/439/164 346/440/164 347/441/164 342/436/164
f 345/439/165 344/438/165 348/442/165 349/443/165
f 345/439/166 349/443/166 240/305/166 346/440/166
f 348/442/167 344/438/167 343/437/167 350/444/167
f 348/442/168 350/444/168 351/445/168 352/446/168
f 348/442/169 352/446/169 353/447/169 349/443/169
f 352/446/170 351/445/170 354/448/170 355/449/170
f 352/446/171 355/449/171 356/450/171 353/447/171
f 356/450/172 357/451/172 358/452/172 353/447/172
f 359/453/173 360/454/173 361/455/173 362/456/173
f 359/453/174 363/457/174 364/458/174 360/454/174
f 364/459/175 365/460/175 366/461/175 360/462/175
f 364/459/176 367/463/176 368/464/176 365/460/176
f 368/464/177 369/465/177 370/466/177 365/460/177
f 368/464/178 371/467/178 372/468/178 369/465/178
f 372/468/179 373/469/179 374/470/179 369/465/179
f 375/471/180 376/472/180 377/473/180 378/474/180
f 375/471/181 378/474/181 379/475/181 380/476/181
f 381/477/182 382/478/182 383/479/182 384/480/182
f 381/477/183 384/480/183 374/470/183 373/469/183
f 381/481/184 380/476/184 385/482/184 382/483/184
f 385/482/185 380/476/185 379/475/185 386/484/185
f 385/482/186 386/484/186 276/355/186 275/354/186
f 385/485/187 275/486/187 387/487/187 382/478/187
f 387/487/188 388/488/188 389/489/188 390/490/188
f 387/487/189 390/490/189 383/479/189 382/478/189
f 390/490/190 389/489/190 391/491/190 392/492/190
f 390/490/191 392/492/191 393/493/191 383/479/191
f 393/493/192 392/492/192 394/494/192 395/495/192
f 393/493/193 395/495/193 396/496/193 397/497/193
f 393/493/194 397/497/194 384/480/194 383/479/194
f 397/497/195 396/496/195 398/498/195 399/499/195
f 397/497/196 399/499/196 374/470/196 384/480/196
f 399/499/197 398/498/197 400/500/197 370/466/197
f 399/499/198 370/466/198 369/465/198 374/470/198
f 400/500/199 398/498/199 401/501/199 402/502/199
f 400/500/200 402/502/200 403/503/200 366/461/200
f 400/500/201 366/461/201 365/460/201 370/466/201
f 403/503/202 402/502/202 404/504/202 405/505/202
f 403/503/203 405/505/203 406/506/203 361/507/203
f 403/503/204 361/507/204 360/462/204 366/461/204
f 406/506/205 405/505/205 407/508/205 408/509/205
f 406/510/206 408/511/206 409/512/206 410/513/206
f 406/510/207 410/513/207 362/456/207 361/455/207
f 410/513/208 409/512/208 411/514/208 412/515/208
f 410/513/209 412/515/209 357/451/209 362/456/209
f 412/515/210 411/514/210 413/516/210 414/517/210
f 412/515/211 414/517/211 358/452/211 357/451/211
f 414/517/212 413/516/212 415/518/212 416/519/212
f 417/520/213 418/521/213 419/522/213 420/523/213
f 417/520/214 421/524/214 422/525/214 418/521/214
f 422/526/215 423/527/215 424/528/215 418/529/215
f 422/525/216 421/524/216 425/530/216 426/531/216
f 422/526/217 426/532/217 427/533/217 423/527/217
f 427/533/218 428/534/218 429/535/218 423/527/218
f 427/536/219 426/531/219 430/537/219 431/538/219
f 427/533/220 431/539/220 432/540/220 428/534/220
f 432/540/221 433/541/221 434/542/221 428/534/221
f 432/543/222 431/544/222 435/545/222 436/546/222
f 432/543/223 436/546/223 437/547/223 433/548/223
f 437/547/224 438/549/224 439/550/224 433/548/224
f 437/547/225 436/546/225 440/551/225 441/552/225
f 437/547/226 441/552/226 442/553/226 438/549/226
f 442/553/227 443/554/227 444/555/227 438/549/227
f 442/553/228 441/552/228 445/556/228 446/557/228
f 442/553/229 446/557/229 447/558/229 443/554/229
f 447/558/230 448/559/230 449/560/230 443/554/230
f 447/558/231 446/557/231 450/561/231 451/562/231
f 447/558/232 451/562/232 452/563/232 448/559/232
f 452/563/233 453/564/233 454/565/233 448/559/233
f 452/563/234 451/562/234 455/566/234 456/567/234
f 452/563/235 456/567/235 457/568/235 453/564/235
f 457/568/236 458/569/236 459/570/236 453/564/236
f 457/568/237 456/567/237 460/571/237 461/572/237
f 457/568/238 461/572/238 462/573/238 458/569/238
f 462/573/239 463/574/239 464/575/239 458/569/239
f 462/576/240 461/577/240 465/578/240 466/579/240
f 462/576/241 466/579/241 467/580/241 463/581/241
f 467/580/242 468/582/242 469/583/242 463/581/242
f 467/580/243 466/579/243 470/584/243 471/585/243
f 467/580/244 471/585/244 472/586/244 468/582/244
f 472/586/245 473/587/245 474/588/245 468/582/245
f 472/586/246 471/585/246 475/589/246 476/590/246
f 472/586/247 476/590/247 477/591/247 473/587/247
f 477/591/248 478/592/248 479/593/248 473/587/248
f 477/591/249 476/590/249 480/594/249 481/595/249
f 477/591/250 481/595/250 482/596/250 478/592/250
f 482/596/251 483/597/251 484/598/251 478/592/251
f 482/596/252 481/595/252 485/599/252 486/600/252
f 482/596/253 486/600/253 487/601/253 483/597/253
f 487/601/254 488/602/254 489/603/254 483/597/254
f 487/604/255 486/605/255 490/606/255 491/607/255
f 487/604/256 491/607/256 492/608/256 488/609/256
f 492/608/257 493/610/257 494/611/257 488/609/257
f 492/608/258 491/607/258 495/612/258 496/613/258
f 492/608/259 496/613/259 497/614/259 493/610/259
f 497/614/260 498/615/260 499/616/260 493/610/260
f 497/614/261 496/613/261 500/617/261 501/618/261
f 497/614/262 501/618/262 502/619/262 498/615/262
f 502/619/263 503/620/263 504/621/263 498/615/263
f 502/619/264 501/618/264 505/622/264 506/623/264
f 502/619/265 506/623/265 507/624/265 503/620/265
f 507/624/266 508/625/266 509/626/266 503/620/266
f 507/624/267 506/623/267 510/627/267 511/628/267
f 507/624/268 511/628/268 512/629/268 508/625/268
f 512/629/269 513/630/269 514/631/269 508/625/269
f 512/632/270 511/633/270 515/634/270 516/635/270
f 512/632/271 516/635/271 517/636/271 513/637/271
f 517/636/272 518/638/272 519/639/272 513/637/272
f 517/636/273 516/635/273 520/640/273 521/641/273
f 517/636/274 521/641/274 522/642/274 518/638/274
f 522/642/275 523/643/275 524/644/275 518/638/275
f 522/642/276 521/641/276 525/645/276 526/646/276
f 522/642/277 526/646/277 527/647/277 523/643/277
f 527/647/278 528/648/278 529/649/278 523/643/278
f 527/647/279 526/646/279 530/650/279 531/651/279
f 527/647/280 531/651/280 532/652/280 528/648/280
f 532/652/281 533/653/281 534/654/281 528/648/281
f 532/652/282 531/651/282 535/655/282 536/656/282
f 532/652/283 536/656/283 537/657/283 533/653/283
f 537/657/284 538/658/284 539/659/284 533/653/284
f 537/657/285 536/656/285 540/660/285 541/661/285
f 537/657/286 541/661/286 542/662/286 538/658/286
f 542/662/287 543/663/287 544/664/287 538/658/287
f 542/665/288 541/666/288 545/667/288 546/668/288
f 542/665/289 546/668/289 547/669/289 543/670/289
f 547/669/290 548/671/290 549/672/290 543/670/290
f 547/669/291 546/668/291 550/673/291 551/674/291
f 547/669/292 551/674/292 552/675/292 548/671/292
f 552/675/293 553/676/293 554/677/293 548/671/293
f 552/675/294 551/674/294 555/678/294 556/679/294
f 552/675/295 556/679/295 557/680/295 553/676/295
f 557/680/296 558/681/296 559/682/296 553/676/296
f 557/680/297 556/679/297 560/683/297 561/684/297
f 557/680/298 561/684/298 562/685/298 558/681/298
f 562/685/299 563/686/299 564/687/299 558/681/299
f 562/685/300 561/684/300 565/688/300 566/689/300
f 562/685/301 566/689/301 567/690/301 563/686/301
f 567/690/302 568/691/302 569/692/302 563/686/302
f 567/693/303 566/694/303 570/695/303 571/696/303
f 567/693/304 571/696/304 572/697/304 568/698/304
f 572/697/305 573/699/305 574/700/305 568/698/305
f 572/697/306 571/696/306 575/701/306 576/702/306
f 572/697/307 576/702/307 577/703/307 573/699/307
f 577/703/308 578/704/308 579/705/308 573/699/308
f 577/703/309 576/702/309 580/706/309 581/707/309
f 577/703/310 581/707/310 582/708/310 578/704/310
f 582/708/311 583/709/311 584/710/311 578/704/311
f 582/708/312 581/707/312 585/711/312 586/712/312
f 582/708/313 586/712/313 587/713/313 583/709/313
f 587/713/314 588/714/314 589/715/314 583/709/314
f 587/713/315 586/712/315 590/716/315 591/717/315
f 587/713/316 591/717/316 592/718/316 588/714/316
f 592/719/317 593/720/317 594/721/317 588/722/317
f 592/723/318 591/724/318 595/725/318 596/726/318
f 592/719/319 596/727/319 597/728/319 593/720/319
f 597/729/320 598/730/320 599/731/320 593/732/320
f 597/728/321 596/727/321 600/733/321 601/734/321
f 597/729/322 601/735/322 602/736/322 598/730/322
f 602/736/323 603/737/323 604/738/323 598/730/323
f 602/736/324 601/735/324 605/739/324 606/740/324
f 602/736/325 606/740/325 607/741/325 603/737/325
f 607/741/326 608/742/326 609/743/326 603/737/326
f 607/741/327 606/740/327 610/744/327 611/745/327
f 607/741/328 611/745/328 612/746/328 608/742/328
f 612/746/329 613/747/329 614/748/329 608/742/329
f 612/746/330 611/745/330 615/749/330 616/750/330
f 612/746/331 616/750/331 617/751/331 613/747/331
f 617/751/332 618/752/332 619/753/332 613/747/332
f 617/751/333 616/750/333 620/754/333 621/755/333
f 617/751/334 621/755/334 622/756/334 618/752/334
f 622/756/335 623/757/335 624/758/335 618/752/335
f 622/759/336 621/760/336 625/761/336 626/762/336
f 622/759/337 626/762/337 627/763/337 623/764/337
f 627/763/338 628/765/338 629/766/338 623/764/338
f 627/763/339 626/762/339 630/767/339 631/768/339
f 627/763/340 631/768/340 632/769/340 628/765/340
f 632/769/341 633/770/341 634/771/341 628/765/341
f 632/769/342 631/768/342 635/772/342 636/773/342
f 632/769/343 636/773/343 637/774/343 633/770/343
f 637/774/344 638/775/344 639/776/344 633/770/344
f 637/774/345 636/773/345 640/777/345 641/778/345
f 637/774/346 641/778/346 642/779/346 638/775/346
f 642/780/347 643/781/347 644/782/347 638/783/347
f 642/780/348 641/784/348 645/785/348 646/786/348
f 642/780/349 646/786/349 647/787/349 643/781/349
f 647/787/350 648/788/350 649/789/350 643/781/350
f 647/787/351 646/786/351 650/790/351 651/791/351
f 647/792/352 651/793/352 652/794/352 648/795/352
f 652/794/353 653/796/353 654/797/353 648/795/353
f 652/794/354 651/793/354 655/798/354 656/799/354
f 652/794/355 656/799/355 657/800/355 653/796/355
f 657/800/356 658/801/356 659/802/356 653/796/356
f 657/800/357 656/799/357 660/803/357 661/804/357
f 657/800/358 661/804/358 662/805/358 658/801/358
f 662/805/359 663/806/359 664/807/359 658/801/359
f 662/805/360 661/804/360 665/808/360 666/809/360
f 662/805/361 666/809/361 667/810/361 663/806/361
f 667/810/362 668/811/362 669/812/362 663/806/362
f 667/810/363 666/809/363 670/813/363 671/814/363
f 667/810/364 671/814/364 672/815/364 668/811/364
f 672/815/365 673/816/365 674/817/365 668/811/365
f 672/818/366 671/819/366 675/820/366 676/821/366
f 672/818/367 676/821/367 677/822/367 673/823/367
f 677/822/368 678/824/368 679/825/368 673/823/368
f 677/822/369 676/821/369 680/826/369 681/827/369
f 677/822/370 681/827/370 682/828/370 678/824/370
f 682/828/371 683/829/371 684/830/371 678/824/371
f 682/828/372 681/827/372 685/831/372 686/832/372
f 682/828/373 686/832/373 687/833/373 683/829/373
f 687/833/374 688/834/374 689/835/374 683/829/374
f 687/836/375 686/837/375 48/11/375 690/838/375
f 687/833/376 690/839/376 691/840/376 688/834/376
f 691/840/377 692/841/377 693/842/377 688/834/377
f 691/843/378 690/838/378 694/844/378 695/845/378
f 691/843/379 695/845/379 696/846/379 692/847/379
f 696/846/380 697/848/380 698/849/380 692/847/380
f 696/846/381 695/845/381 699/850/381 700/851/381
f 696/846/382 700/851/382 701/852/382 697/848/382
f 701/852/383 702/853/383 703/854/383 697/848/383
f 701/852/384 700/851/384 704/855/384 705/856/384
f 701/852/385 705/856/385 706/857/385 702/853/385
f 706/857/386 707/858/386 708/859/386 702/853/386
f 706/860/387 705/861/387 709/862/387 710/863/387
f 706/857/388 710/864/388 711/865/388 707/858/388
f 711/865/389 712/866/389 65/47/389 707/858/389
f 711/867/390 710/863/390 713/868/390 714/869/390
f 711/867/391 714/869/391 715/870/391 712/871/391
f 715/870/392 716/872/392 717/873/392 712/871/392
f 715/870/393 714/869/393 718/874/393 719/875/393
f 715/870/394 719/875/394 720/876/394 716/872/394
f 720/876/395 721/877/395 722/878/395 716/872/395
f 720/876/396 719/875/396 723/879/396 724/880/396
f 720/876/397 724/880/397 725/881/397 721/877/397
f 725/881/398 102/95/398 101/94/398 721/877/398
f 725/882/399 724/883/399 726/884/399 727/885/399
f 725/882/400 727/885/400 105/102/400 102/101/400
f 727/885/401 726/884/401 728/886/401 729/887/401
f 727/885/402 729/887/402 730/888/402 105/102/402
f 730/888/403 731/889/403 103/103/403 105/102/403
f 730/888/404 729/887/404 732/890/404 97/891/404
f 730/888/405 97/891/405 96/892/405 731/889/405
f 732/890/406 729/887/406 728/886/406 733/893/406
f 732/890/407 733/893/407 734/894/407 735/895/407
f 732/890/408 735/895/408 98/896/408 97/891/408
f 735/897/409 734/898/409 736/899/409 737/900/409
f 735/897/410 737/900/410 99/90/410 98/89/410
f 737/900/411 736/899/411 738/901/411 739/902/411
f 737/900/412 739/902/412 740/903/412 99/90/412
f 740/903/413 739/902/413 741/904/413 742/905/413
f 740/903/414 742/905/414 743/906/414 744/907/414
f 740/903/415 744/907/415 94/91/415 99/90/415
f 744/908/416 743/909/416 745/910/416 746/911/416
f 744/908/417 746/911/417 95/84/417 94/83/417
f 746/911/418 745/910/418 747/912/418 748/913/418
f 746/911/419 748/913/419 749/914/419 95/84/419
f 749/914/420 748/913/420 750/915/420 104/98/420
f 749/914/421 104/98/421 103/97/421 731/916/421
f 749/914/422 731/916/422 96/85/422 95/84/422
f 750/915/423 748/913/423 747/912/423 751/917/423
f 750/915/424 751/917/424 752/918/424 753/919/424
f 750/915/425 753/919/425 100/99/425 104/98/425
f 753/920/426 752/921/426 754/922/426 755/923/426
f 753/920/427 755/923/427 101/94/427 100/93/427
f 755/923/428 754/922/428 756/924/428 722/878/428
f 755/923/429 722/878/429 721/877/429 101/94/429
f 756/924/430 754/922/430 757/925/430 758/926/430
f 756/924/431 758/926/431 66/927/431 717/873/431
f 756/924/432 717/873/432 716/872/432 722/878/432
f 758/926/433 757/925/433 759/928/433 760/929/433
f 758/926/434 760/929/434 67/930/434 66/927/434
f 760/929/435 759/928/435 761/931/435 762/932/435
f 760/929/436 762/932/436 763/933/436 67/930/436
f 763/933/437 762/932/437 764/934/437 765/935/437
f 763/936/438 765/937/438 766/938/438 767/939/438
f 763/936/439 767/939/439 64/43/439 67/42/439
f 767/939/440 766/938/440 768/940/440 769/941/440
f 767/939/441 769/941/441 58/29/441 64/43/441
f 769/941/442 768/940/442 770/942/442 771/943/442
f 769/941/443 771/943/443 59/30/443 58/29/443
f 771/944/444 770/945/444 772/946/444 773/947/444
f 771/944/445 773/947/445 63/36/445 59/35/445
f 773/947/446 772/946/446 774/948/446 775/949/446
f 773/947/447 775/949/447 776/950/447 63/36/447
f 776/950/448 775/949/448 777/951/448 778/952/448
f 776/950/449 778/952/449 779/953/449 780/954/449
f 776/950/450 780/954/450 60/32/450 63/36/450
f 780/954/451 779/953/451 781/955/451 782/956/451
f 780/954/452 782/956/452 61/33/452 60/32/452
f 782/956/453 781/955/453 742/905/453 741/904/453
f 782/956/454 741/904/454 783/957/454 61/33/454
f 783/957/455 741/904/455 739/902/455 738/901/455
f 783/957/456 738/901/456 784/958/456 785/959/456
f 783/957/457 785/959/457 62/34/457 61/33/457
f 785/959/458 784/958/458 786/960/458 787/961/458
f 785/959/459 787/961/459 788/962/459 62/34/459
f 788/962/460 787/961/460 789/963/460 790/964/460
f 788/965/461 790/966/461 703/854/461 791/967/461
f 788/965/462 791/967/462 5/968/462 62/969/462
f 791/967/463 703/854/463 702/853/463 708/859/463
f 791/967/464 708/859/464 57/46/464 5/968/464
f 790/964/465 789/963/465 792/970/465 698/971/465
f 790/966/466 698/849/466 697/848/466 703/854/466
f 792/970/467 789/963/467 793/972/467 794/973/467
f 792/970/468 794/973/468 795/974/468 693/842/468
f 792/970/469 693/842/469 692/841/469 698/971/469
f 795/974/470 794/973/470 796/975/470 797/976/470
f 795/974/471 797/976/471 798/977/471 689/835/471
f 795/974/472 689/835/472 688/834/472 693/842/472
f 798/977/473 797/976/473 799/978/473 800/979/473
f 798/977/474 800/979/474 801/980/474 684/830/474
f 798/977/475 684/830/475 683/829/475 689/835/475
f 801/981/476 800/982/476 802/983/476 803/984/476
f 801/981/477 803/984/477 804/985/477 679/986/477
f 801/980/478 679/825/478 678/824/478 684/830/478
f 804/985/479 803/984/479 805/987/479 806/988/479
f 804/985/480 806/988/480 807/989/480 674/817/480
f 804/985/481 674/817/481 673/816/481 679/986/481
f 807/989/482 806/988/482 808/990/482 809/991/482
f 807/989/483 809/991/483 810/992/483 669/812/483
f 807/989/484 669/812/484 668/811/484 674/817/484
f 810/992/485 809/991/485 811/993/485 812/994/485
f 810/992/486 812/994/486 813/995/486 664/807/486
f 810/992/487 664/807/487 663/806/487 669/812/487
f 813/996/488 812/997/488 814/998/488 815/999/488
f 813/996/489 815/999/489 816/1000/489 659/1001/489
f 813/995/490 659/802/490 658/801/490 664/807/490
f 816/1000/491 815/999/491 817/1002/491 818/1003/491
f 816/1000/492 818/1003/492 819/1004/492 654/1005/492
f 816/1006/493 654/797/493 653/796/493 659/802/493
f 819/1004/494 818/1003/494 820/1007/494 821/1008/494
f 819/1004/495 821/1008/495 822/1009/495 649/1010/495
f 819/1004/496 649/1010/496 648/1011/496 654/1005/496
f 822/1009/497 821/1008/497 823/1012/497 824/1013/497
f 822/1009/498 824/1013/498 825/1014/498 644/1015/498
f 822/1009/499 644/1015/499 643/1016/499 649/1010/499
f 825/1017/500 824/1018/500 826/1019/500 827/1020/500
f 825/1017/501 827/1020/501 828/1021/501 639/1022/501
f 825/1017/502 639/1022/502 638/783/502 644/782/502
f 828/1021/503 827/1020/503 829/1023/503 830/1024/503
f 828/1025/504 830/1026/504 831/1027/504 634/771/504
f 828/1025/505 634/771/505 633/770/505 639/776/505
f 831/1028/506 830/1029/506 832/1030/506 833/1031/506
f 831/1028/507 833/1031/507 834/1032/507 629/1033/507
f 831/1027/508 629/766/508 628/765/508 634/771/508
f 834/1032/509 833/1031/509 835/1034/509 836/1035/509
f 834/1032/510 836/1035/510 837/1036/510 624/758/510
f 834/1032/511 624/758/511 623/757/511 629/1033/511
f 837/1036/512 836/1035/512 838/1037/512 839/1038/512
f 837/1036/513 839/1038/513 840/1039/513 619/753/513
f 837/1036/514 619/753/514 618/752/514 624/758/514
f 840/1039/515 839/1038/515 841/1040/515 842/1041/515
f 840/1039/516 842/1041/516 843/1042/516 614/748/516
f 840/1039/517 614/748/517 613/747/517 619/753/517
f 843/1043/518 842/1044/518 844/1045/518 845/1046/518
f 843/1042/519 845/1047/519 846/1048/519 609/743/519
f 843/1042/520 609/743/520 608/742/520 614/748/520
f 846/1048/521 845/1047/521 847/1049/521 848/1050/521
f 846/1048/522 848/1050/522 849/1051/522 604/738/522
f 846/1048/523 604/738/523 603/737/523 609/743/523
f 849/1052/524 848/1053/524 850/1054/524 851/1055/524
f 849/1052/525 851/1055/525 852/1056/525 599/1057/525
f 849/1051/526 599/731/526 598/730/526 604/738/526
f 852/1056/527 851/1055/527 853/1058/527 854/1059/527
f 852/1056/528 854/1059/528 855/1060/528 594/1061/528
f 852/1056/529 594/1061/529 593/1062/529 599/1057/529
f 855/1060/530 854/1059/530 856/1063/530 857/1064/530
f 855/1060/531 857/1064/531 858/1065/531 589/715/531
f 855/1060/532 589/715/532 588/714/532 594/1061/532
f 858/1065/533 857/1064/533 859/1066/533 860/1067/533
f 858/1065/534 860/1067/534 861/1068/534 584/710/534
f 858/1065/535 584/710/535 583/709/535 589/715/535
f 861/1068/536 860/1067/536 862/1069/536 863/1070/536
f 861/1068/537 863/1070/537 864/1071/537 579/705/537
f 861/1068/538 579/705/538 578/704/538 584/710/538
f 864/1072/539 863/1073/539 865/1074/539 866/1075/539
f 864/1072/540 866/1075/540 867/1076/540 574/1077/540
f 864/1071/541 574/700/541 573/699/541 579/705/541
f 867/1076/542 866/1075/542 868/1078/542 869/1079/542
f 867/1076/543 869/1079/543 870/1080/543 569/692/543
f 867/1076/544 569/692/544 568/691/544 574/1077/544
f 870/1080/545 869/1079/545 871/1081/545 872/1082/545
f 870/1080/546 872/1082/546 873/1083/546 564/687/546
f 870/1080/547 564/687/547 563/686/547 569/692/547
f 873/1083/548 872/1082/548 874/1084/548 875/1085/548
f 873/1083/549 875/1085/549 876/1086/549 559/682/549
f 873/1083/550 559/682/550 558/681/550 564/687/550
f 876/1086/551 875/1085/551 877/1087/551 878/1088/551
f 876/1086/552 878/1088/552 879/1089/552 554/677/552
f 876/1086/553 554/677/553 553/676/553 559/682/553
f 879/1090/554 878/1091/554 880/1092/554 881/1093/554
f 879/1089/555 881/1094/555 882/1095/555 549/672/555
f 879/1089/556 549/672/556 548/671/556 554/677/556
f 882/1096/557 881/1093/557 883/1097/557 884/1098/557
f 882/1096/558 884/1098/558 885/1099/558 544/664/558
f 882/1096/559 544/664/559 543/663/559 549/1100/559
f 885/1099/560 884/1098/560 886/1101/560 887/1102/560
f 885/1099/561 887/1102/561 888/1103/561 539/659/561
f 885/1099/562 539/659/562 538/658/562 544/664/562
f 888/1103/563 887/1102/563 889/1104/563 890/1105/563
f 888/1103/564 890/1105/564 891/1106/564 534/654/564
f 888/1103/565 534/654/565 533/653/565 539/659/565
f 891/1106/566 890/1105/566 892/1107/566 893/1108/566
f 891/1106/567 893/1108/567 894/1109/567 529/649/567
f 891/1106/568 529/649/568 528/648/568 534/654/568
f 894/1109/569 893/1108/569 895/1110/569 896/1111/569
f 894/1109/570 896/1111/570 897/1112/570 524/644/570
f 894/1109/571 524/644/571 523/643/571 529/649/571
f 897/1113/572 896/1114/572 898/1115/572 899/1116/572
f 897/1113/573 899/1116/573 900/1117/573 519/1118/573
f 897/1112/574 519/639/574 518/638/574 524/644/574
f 900/1117/575 899/1116/575 901/1119/575 902/1120/575
f 900/1117/576 902/1120/576 903/1121/576 514/631/576
f 900/1117/577 514/631/577 513/630/577 519/1118/577
f 903/1121/578 902/1120/578 904/1122/578 905/1123/578
f 903/1121/579 905/1123/579 906/1124/579 509/626/579
f 903/1121/580 509/626/580 508/625/580 514/631/580
f 906/1124/581 905/1123/581 907/1125/581 908/1126/581
f 906/1124/582 908/1126/582 909/1127/582 504/621/582
f 906/1124/583 504/621/583 503/620/583 509/626/583
f 909/1127/584 908/1126/584 910/1128/584 911/1129/584
f 909/1127/585 911/1129/585 912/1130/585 499/616/585
f 909/1127/586 499/616/586 498/615/586 504/621/586
f 912/1131/587 911/1132/587 913/1133/587 914/1134/587
f 912/1131/588 914/1134/588 915/1135/588 494/1136/588
f 912/1130/589 494/611/589 493/610/589 499/616/589
f 915/1135/590 914/1134/590 916/1137/590 917/1138/590
f 915/1135/591 917/1138/591 918/1139/591 489/603/591
f 915/1135/592 489/603/592 488/602/592 494/1136/592
f 918/1139/593 917/1138/593 919/1140/593 920/1141/593
f 918/1139/594 920/1141/594 921/1142/594 484/598/594
f 918/1139/595 484/598/595 483/597/595 489/603/595
f 921/1142/596 920/1141/596 922/1143/596 923/1144/596
f 921/1142/597 923/1144/597 924/1145/597 479/593/597
f 921/1142/598 479/593/598 478/592/598 484/598/598
f 924/1145/599 923/1144/599 925/1146/599 926/1147/599
f 924/1145/600 926/1147/600 927/1148/600 474/588/600
f 924/1145/601 474/588/601 473/587/601 479/593/601
f 927/1149/602 926/1150/602 928/1151/602 929/1152/602
f 927/1149/603 929/1152/603 930/1153/603 469/1154/603
f 927/1148/604 469/583/604 468/582/604 474/588/604
f 930/1153/605 929/1152/605 931/1155/605 932/1156/605
f 930/1153/606 932/1156/606 933/1157/606 464/575/606
f 930/1153/607 464/575/607 463/574/607 469/1154/607
f 933/1157/608 932/1156/608 934/1158/608 935/1159/608
f 933/1157/609 935/1159/609 936/1160/609 459/570/609
f 933/1157/610 459/570/610 458/569/610 464/575/610
f 936/1160/611 935/1159/611 937/1161/611 938/1162/611
f 936/1160/612 938/1162/612 939/1163/612 454/565/612
f 936/1160/613 454/565/613 453/564/613 459/570/613
f 939/1163/614 938/1162/614 940/1164/614 941/1165/614
f 939/1163/615 941/1165/615 942/1166/615 449/560/615
f 939/1163/616 449/560/616 448/559/616 454/565/616
f 942/1166/617 941/1165/617 943/1167/617 944/1168/617
f 942/1166/618 944/1168/618 945/1169/618 444/555/618
f 942/1166/619 444/555/619 443/554/619 449/560/619
f 945/1170/620 944/1171/620 946/1172/620 947/1173/620
f 945/1170/621 947/1173/621 948/1174/621 439/1175/621
f 945/1169/622 439/550/622 438/549/622 444/555/622
f 948/1174/623 947/1173/623 949/1176/623 950/1177/623
f 948/1174/624 950/1177/624 951/1178/624 434/542/624
f 948/1174/625 434/542/625 433/541/625 439/1175/625
f 951/1178/626 950/1177/626 952/1179/626 953/1180/626
f 951/1178/627 953/1180/627 954/1181/627 429/535/627
f 951/1178/628 429/535/628 428/534/628 434/542/628
f 954/1181/629 953/1180/629 955/1182/629 956/1183/629
f 954/1181/630 956/1183/630 957/1184/630 424/528/630
f 954/1181/631 424/528/631 423/527/631 429/535/631
f 957/1184/632 956/1183/632 958/1185/632 959/1186/632
f 957/1187/633 959/1188/633 960/1189/633 419/522/633
f 957/1184/634 419/1190/634 418/529/634 424/528/634
f 960/1189/635 959/1188/635 961/1191/635 962/1192/635
f 960/1189/636 962/1192/636 963/1193/636 964/1194/636
f 960/1189/637 964/1194/637 420/523/637 419/522/637
f 964/1194/638 963/1193/638 965/1195/638 239/304/638
f 964/1194/639 239/304/639 238/303/639 420/523/639
f 965/1195/640 963/1193/640 966/1196/640 967/1197/640
f 965/1195/641 967/1197/641 347/441/641 346/440/641
f 965/1195/642 346/440/642 240/305/642 239/304/642
f 967/1197/643 966/1196/643 968/1198/643 969/1199/643
f 967/1197/644 969/1199/644 250/317/644 347/441/644
f 969/1199/645 968/1198/645 970/1200/645 971/1201/645
f 969/1199/646 971/1201/646 244/311/646 250/317/646
f 971/1201/647 970/1200/647 972/1202/647 973/1203/647
f 971/1201/648 973/1203/648 245/312/648 244/311/648
f 973/1203/649 972/1202/649 974/1204/649 975/1205/649
f 973/1203/650 975/1205/650 976/1206/650 245/312/650
f 976/1206/651 975/1205/651 977/1207/651 978/1208/651
f 976/1206/652 978/1208/652 979/1209/652 980/1210/652
f 976/1206/653 980/1210/653 246/313/653 245/312/653
f 980/1210/654 979/1209/654 981/1211/654 322/413/654
f 980/1210/655 322/413/655 247/314/655 246/313/655
f 981/1211/656 979/1209/656 982/1212/656 983/1213/656
f 981/1211/657 983/1213/657 984/1214/657 318/407/657
f 981/1211/658 318/407/658 317/406/658 322/413/658
f 984/1214/659 983/1213/659 985/1215/659 986/1216/659
f 984/1214/660 986/1216/660 987/1217/660 313/1218/660
f 984/1214/661 313/1218/661 312/408/661 318/407/661
f 987/1217/662 986/1216/662 988/1219/662 989/1220/662
f 987/1221/663 989/1222/663 990/1223/663 308/396/663
f 987/1221/664 308/396/664 307/395/664 313/401/664
f 990/1223/665 991/1224/665 992/1225/665 303/391/665
f 990/1223/666 303/391/666 302/390/666 308/396/666
f 992/1225/667 991/1224/667 993/1226/667 994/1227/667
f 992/1225/668 994/1227/668 995/1228/668 298/386/668
f 992/1225/669 298/386/669 297/385/669 303/391/669
f 995/1229/670 994/1230/670 996/1231/670 997/1232/670
f 995/1229/671 997/1232/671 998/1233/671 293/1234/671
f 995/1228/672 293/381/672 292/380/672 298/386/672
f 998/1233/673 997/1232/673 999/1235/673 1000/1236/673
f 998/1233/674 1000/1236/674 1001/1237/674 288/375/674
f 998/1233/675 288/375/675 287/374/675 293/1234/675
f 1001/1237/676 1000/1236/676 1002/1238/676 1003/1239/676
f 1001/1237/677 1003/1239/677 1004/1240/677 285/367/677
f 1001/1237/678 285/367/678 284/366/678 288/375/678
f 1004/1240/679 1003/1239/679 1005/1241/679 1006/1242/679
f 1004/1240/680 1006/1242/680 1007/1243/680 1008/1244/680
f 1004/1240/681 1008/1244/681 281/368/681 285/367/681
f 1008/1245/682 1007/1246/682 1009/1247/682 1010/1248/682
f 1008/1245/683 1010/1248/683 282/363/683 281/362/683
f 1010/1248/684 1009/1247/684 1011/1249/684 1012/1250/684
f 1010/1248/685 1012/1250/685 1013/1251/685 282/363/685
f 1013/1251/686 289/1252/686 283/364/686 282/363/686
f 1013/1251/687 1012/1250/687 1014/1253/687 1015/1254/687
f 1013/1251/688 1015/1254/688 1016/1255/688 289/1252/688
f 1016/1256/689 294/382/689 290/377/689 289/376/689
f 1016/1255/690 1015/1254/690 1017/1257/690 1018/1258/690
f 1016/1256/691 1018/1259/691 1019/1260/691 294/382/691
f 1019/1260/692 299/387/692 295/383/692 294/382/692
f 1019/1260/693 1018/1259/693 1020/1261/693 1021/1262/693
f 1019/1260/694 1021/1262/694 1022/1263/694 299/387/694
f 1022/1263/695 304/392/695 300/388/695 299/387/695
f 1022/1263/696 1021/1262/696 1023/1264/696 1024/1265/696
f 1022/1263/697 1024/1265/697 1025/1266/697 304/392/697
f 1025/1266/698 309/397/698 305/393/698 304/392/698
f 1025/1266/699 1024/1265/699 1026/1267/699 1027/1268/699
f 1025/1266/700 1027/1268/700 1028/1269/700 309/397/700
f 1028/1269/701 314/402/701 310/398/701 309/397/701
f 1028/1269/702 1027/1268/702 1029/1270/702 1030/1271/702
f 1028/1269/703 1030/1271/703 1031/1272/703 314/402/703
f 1031/1272/704 319/409/704 315/403/704 314/402/704
f 1031/1272/705 1030/1271/705 1032/1273/705 1033/1274/705
f 1031/1272/706 1033/1274/706 1034/1275/706 319/409/706
f 1034/1275/707 323/1276/707 320/410/707 319/409/707
f 1034/1275/708 1033/1274/708 1035/1277/708 1036/1278/708
f 1034/1275/709 1036/1278/709 325/1279/709 323/1276/709
f 1036/1278/710 1035/1277/710 1037/1280/710 1038/1281/710
f 1036/1278/711 1038/1281/711 327/1282/711 325/1279/711
f 1039/1283/712 1037/1284/712 1040/1285/712 1041/1286/712
f 1039/1283/713 1041/1286/713 1042/1287/713 1043/1288/713
f 1044/1289/714 1043/1288/714 1045/1290/714 334/427/714
f 1044/1289/715 334/427/715 332/426/715 331/1291/715
f 1045/1290/716 1043/1288/716 1042/1287/716 1046/1292/716
f 1045/1290/717 1046/1292/717 1047/1293/717 1048/1294/717
f 1045/1290/718 1048/1294/718 335/428/718 334/427/718
f 1048/1294/719 1047/1293/719 1049/1295/719 1050/1296/719
f 1048/1294/720 1050/1296/720 336/429/720 335/428/720
f 1050/1296/721 1049/1295/721 1051/1297/721 1052/1298/721
f 1050/1296/722 1052/1298/722 1053/1299/722 336/429/722
f 1053/1299/723 339/1300/723 337/430/723 336/429/723
f 1053/1299/724 1052/1298/724 1054/1301/724 1055/1302/724
f 1053/1299/725 1055/1302/725 1056/1303/725 339/1300/725
f 1056/1304/726 343/437/726 340/434/726 339/433/726
f 1056/1303/727 1055/1302/727 1057/1305/727 1058/1306/727
f 1056/1304/728 1058/1307/728 350/444/728 343/437/728
f 1058/1306/729 1057/1305/729 1059/1308/729 1060/1309/729
f 1058/1307/730 1060/1310/730 351/445/730 350/444/730
f 1060/1309/731 1059/1308/731 1061/1311/731 1062/1312/731
f 1060/1310/732 1062/1313/732 354/448/732 351/445/732
f 1062/1312/733 1061/1311/733 267/339/733 266/338/733
f 1062/1313/734 266/1314/734 1063/1315/734 354/448/734
f 1061/1311/735 1059/1308/735 1064/1316/735 377/473/735
f 1061/1311/736 377/473/736 376/472/736 267/339/736
f 1064/1316/737 1059/1308/737 1057/1305/737 1065/1317/737
f 1064/1316/738 1065/1317/738 1066/1318/738 1067/1319/738
f 1064/1316/739 1067/1319/739 378/474/739 377/473/739
f 1067/1319/740 1066/1318/740 1068/1320/740 1069/1321/740
f 1067/1319/741 1069/1321/741 379/475/741 378/474/741
f 1069/1321/742 1068/1320/742 1070/1322/742 1071/1323/742
f 1069/1321/743 1071/1323/743 386/484/743 379/475/743
f 1071/1323/744 1070/1322/744 1072/1324/744 1073/1325/744
f 1071/1323/745 1073/1325/745 276/355/745 386/484/745
f 1073/1325/746 1072/1324/746 1074/1326/746 1075/1327/746
f 1073/1325/747 1075/1327/747 277/356/747 276/355/747
f 1076/1328/748 1077/1329/748 1078/1330/748 1079/1331/748
f 1076/1328/749 1079/1331/749 389/1332/749 388/1333/749
f 1079/1331/750 1078/1330/750 1080/1334/750 1081/1335/750
f 1079/1331/751 1081/1335/751 391/1336/751 389/1332/751
f 1081/1335/752 1080/1334/752 1082/1337/752 1083/1338/752
f 1081/1335/753 1083/1338/753 1084/1339/753 391/1336/753
f 1084/1339/754 1083/1338/754 1085/1340/754 1086/1341/754
f 1084/1342/755 1086/1343/755 1087/1344/755 394/494/755
f 1084/1342/756 394/494/756 392/492/756 391/491/756
f 1087/1344/757 1086/1343/757 1088/1345/757 1089/1346/757
f 1087/1344/758 1089/1346/758 1090/1347/758 1091/1348/758
f 1087/1344/759 1091/1348/759 395/495/759 394/494/759
f 1091/1348/760 1090/1347/760 1092/1349/760 1093/1350/760
f 1091/1348/761 1093/1350/761 396/496/761 395/495/761
f 1093/1350/762 1092/1349/762 1094/1351/762 401/501/762
f 1093/1350/763 401/501/763 398/498/763 396/496/763
f 1094/1351/764 1092/1349/764 1095/1352/764 1096/1353/764
f 1094/1351/765 1096/1353/765 1097/1354/765 404/504/765
f 1094/1351/766 404/504/766 402/502/766 401/501/766
f 1097/1354/767 1096/1353/767 1098/1355/767 1099/1356/767
f 1097/1354/768 1099/1356/768 1100/1357/768 407/508/768
f 1097/1354/769 407/508/769 405/505/769 404/504/769
f 1100/1357/770 1099/1356/770 1101/1358/770 1102/1359/770
f 1100/1357/771 1102/1359/771 1103/1360/771 1104/1361/771
f 1100/1357/772 1104/1361/772 408/509/772 407/508/772
f 1104/1362/773 1103/1363/773 1105/1364/773 1106/1365/773
f 1104/1362/774 1106/1365/774 409/512/774 408/511/774
f 1106/1365/775 1105/1364/775 1107/1366/775 1108/1367/775
f 1106/1365/776 1108/1367/776 411/514/776 409/512/776
f 1108/1367/777 1107/1366/777 1109/1368/777 1110/1369/777
f 1108/1367/778 1110/1369/778 413/516/778 411/514/778
f 1109/1368/779 1107/1366/779 261/330/779 1111/1370/779
f 1109/1368/780 1111/1370/780 1112/1371/780 1113/1372/780
f 1114/1373/781 1112/1371/781 1115/1374/781 1116/1375/781
f 1114/1373/782 1116/1375/782 1117/1376/782 1118/1377/782
f 1117/1376/783 1119/1378/783 1120/1379/783 1118/1377/783
f 1117/1376/784 1116/1375/784 1121/1380/784 1122/1381/784
f 1117/1376/785 1122/1381/785 1123/1382/785 1119/1378/785
f 1123/1382/786 1122/1381/786 1124/1383/786 1125/1384/786
f 1123/1385/787 1125/1386/787 1126/1387/787 1127/1388/787
f 1126/1387/788 1128/1389/788 1129/1390/788 1127/1388/788
f 1126/1387/789 1125/1386/789 1130/1391/789 1131/1392/789
f 1126/1387/790 1131/1392/790 1132/1393/790 1128/1389/790
f 1132/1393/791 1133/1394/791 1134/1395/791 1128/1389/791
f 1132/1393/792 1131/1392/792 1135/1396/792 1136/1397/792
f 1132/1393/793 1136/1397/793 1137/1398/793 1133/1394/793
f 1137/1398/794 1002/1238/794 1138/1399/794 1133/1394/794
f 1137/1398/795 1136/1397/795 1139/1400/795 1005/1241/795
f 1137/1398/796 1005/1241/796 1003/1239/796 1002/1238/796
f 1139/1400/797 1136/1397/797 1135/1396/797 1140/1401/797
f 1139/1400/798 1140/1401/798 1141/1402/798 1142/1403/798
f 1139/1400/799 1142/1403/799 1006/1242/799 1005/1241/799
f 1142/1403/800 1141/1402/800 1143/1404/800 1144/1405/800
f 1142/1403/801 1144/1405/801 1007/1243/801 1006/1242/801
f 1144/1405/802 1143/1404/802 1145/1406/802 1146/1407/802
f 1144/1405/803 1146/1407/803 1009/1408/803 1007/1243/803
f 1146/1409/804 1145/1410/804 1147/1411/804 1148/1412/804
f 1146/1409/805 1148/1412/805 1011/1249/805 1009/1247/805
f 1148/1412/806 1147/1411/806 1149/1413/806 1150/1414/806
f 1148/1412/807 1150/1414/807 1151/1415/807 1011/1249/807
f 1151/1415/808 1014/1253/808 1012/1250/808 1011/1249/808
f 1151/1415/809 1150/1414/809 1152/1416/809 1153/1417/809
f 1151/1415/810 1153/1417/810 1154/1418/810 1014/1253/810
f 1154/1418/811 1017/1257/811 1015/1254/811 1014/1253/811
f 1154/1418/812 1153/1417/812 1155/1419/812 1156/1420/812
f 1154/1418/813 1156/1420/813 1157/1421/813 1017/1257/813
f 1157/1421/814 1020/1422/814 1018/1258/814 1017/1257/814
f 1157/1421/815 1156/1420/815 1158/1423/815 1159/1424/815
f 1157/1421/816 1159/1424/816 1160/1425/816 1020/1422/816
f 1160/1426/817 1023/1264/817 1021/1262/817 1020/1261/817
f 1160/1425/818 1159/1424/818 1161/1427/818 1162/1428/818
f 1160/1426/819 1162/1429/819 1163/1430/819 1023/1264/819
f 1163/1430/820 1026/1267/820 1024/1265/820 1023/1264/820
f 1163/1430/821 1162/1429/821 1164/1431/821 1165/1432/821
f 1163/1430/822 1165/1432/822 1166/1433/822 1026/1267/822
f 1166/1433/823 1029/1270/823 1027/1268/823 1026/1267/823
f 1166/1433/824 1165/1432/824 1167/1434/824 1168/1435/824
f 1166/1433/825 1168/1435/825 1169/1436/825 1029/1270/825
f 1169/1436/826 1032/1273/826 1030/1271/826 1029/1270/826
f 1169/1436/827 1168/1435/827 1170/1437/827 1171/1438/827
f 1169/1436/828 1171/1438/828 1172/1439/828 1032/1273/828
f 1172/1439/829 1035/1277/829 1033/1274/829 1032/1273/829
f 1172/1439/830 1171/1438/830 1173/1440/830 1040/1441/830
f 1172/1439/831 1040/1441/831 1037/1280/831 1035/1277/831
f 1173/1440/832 1171/1438/832 1170/1437/832 1174/1442/832
f 1173/1443/833 1174/1444/833 1175/1445/833 1176/1446/833
f 1176/1446/834 1175/1445/834 1177/1447/834 1178/1448/834
f 1178/1448/835 1177/1447/835 1179/1449/835 1180/1450/835
f 1178/1448/836 1180/1450/836 1046/1292/836 1042/1287/836
f 1180/1450/837 1179/1449/837 1181/1451/837 1182/1452/837
f 1180/1450/838 1182/1452/838 1047/1293/838 1046/1292/838
f 1182/1452/839 1181/1451/839 1183/1453/839 1184/1454/839
f 1182/1452/840 1184/1454/840 1049/1295/840 1047/1293/840
f 1184/1454/841 1183/1453/841 1185/1455/841 1186/1456/841
f 1184/1454/842 1186/1456/842 1051/1297/842 1049/1295/842
f 1186/1456/843 1185/1455/843 1187/1457/843 1188/1458/843
f 1186/1456/844 1188/1458/844 1189/1459/844 1051/1297/844
f 1189/1459/845 1054/1301/845 1052/1298/845 1051/1297/845
f 1189/1459/846 1188/1458/846 1068/1320/846 1066/1318/846
f 1189/1459/847 1066/1318/847 1065/1317/847 1054/1301/847
f 1188/1458/848 1187/1457/848 1070/1322/848 1068/1320/848
f 1187/1457/849 1185/1455/849 1190/1460/849 1191/1461/849
f 1187/1457/850 1191/1461/850 1072/1324/850 1070/1322/850
f 1191/1461/851 1190/1460/851 1192/1462/851 1193/1463/851
f 1191/1461/852 1193/1463/852 1074/1326/852 1072/1324/852
f 1192/1462/853 1190/1460/853 1194/1464/853 1195/1465/853
f 1195/1465/854 1194/1464/854 1196/1466/854 1197/1467/854
f 1198/1468/855 1199/1469/855 1200/1470/855 1201/1471/855
f 1198/1468/856 1201/1471/856 1202/1472/856 1203/1473/856
f 1203/1473/857 1202/1472/857 1204/1474/857 1205/1475/857
f 1205/1475/858 1204/1474/858 1206/1476/858 1207/1477/858
f 1207/1477/859 1206/1476/859 1078/1330/859 1077/1329/859
f 1206/1476/860 1204/1474/860 1208/1478/860 1209/1479/860
f 1206/1476/861 1209/1479/861 1080/1334/861 1078/1330/861
f 1209/1479/862 1208/1478/862 1210/1480/862 1211/1481/862
f 1209/1479/863 1211/1481/863 1082/1337/863 1080/1334/863
f 1211/1481/864 1210/1480/864 1212/1482/864 1213/1483/864
f 1211/1481/865 1213/1483/865 1214/1484/865 1082/1337/865
f 1214/1484/866 1213/1483/866 1215/1485/866 1216/1486/866
f 1214/1484/867 1216/1486/867 1217/1487/867 1085/1340/867
f 1214/1484/868 1085/1340/868 1083/1338/868 1082/1337/868
f 1217/1487/869 1216/1486/869 1218/1488/869 1219/1489/869
f 1217/1487/870 1219/1489/870 1220/1490/870 1088/1491/870
f 1217/1487/871 1088/1491/871 1086/1341/871 1085/1340/871
f 1220/1490/872 1219/1489/872 1221/1492/872 1222/1493/872
f 1220/1490/873 1222/1493/873 1223/1494/873 1224/1495/873
f 1220/1496/874 1224/1497/874 1089/1346/874 1088/1345/874
f 1224/1497/875 1223/1498/875 1225/1499/875 1226/1500/875
f 1224/1497/876 1226/1500/876 1090/1347/876 1089/1346/876
f 1226/1500/877 1225/1499/877 1227/1501/877 1095/1352/877
f 1226/1500/878 1095/1352/878 1092/1349/878 1090/1347/878
f 1227/1501/879 1225/1499/879 1228/1502/879 1229/1503/879
f 1227/1501/880 1229/1503/880 1230/1504/880 1098/1355/880
f 1227/1501/881 1098/1355/881 1096/1353/881 1095/1352/881
f 1230/1504/882 1229/1503/882 1231/1505/882 1232/1506/882
f 1230/1504/883 1232/1506/883 1233/1507/883 1101/1358/883
f 1230/1504/884 1101/1358/884 1099/1356/884 1098/1355/884
f 1233/1507/885 1232/1506/885 1234/1508/885 1235/1509/885
f 1233/1507/886 1235/1509/886 1236/1510/886 1237/1511/886
f 1233/1507/887 1237/1511/887 1102/1359/887 1101/1358/887
f 1237/1511/888 1236/1510/888 1238/1512/888 1239/1513/888
f 1237/1511/889 1239/1513/889 1103/1360/889 1102/1359/889
f 1239/1513/890 1238/1512/890 263/1514/890 262/1515/890
f 1239/1513/891 262/1515/891 1105/1516/891 1103/1360/891
f 1238/1517/892 1236/1518/892 1240/1519/892 1241/1520/892
f 1238/1517/893 1241/1520/893 264/335/893 263/334/893
f 1241/1520/894 1242/1521/894 1243/1522/894 264/335/894
f 1241/1520/895 1240/1519/895 1244/1523/895 1242/1521/895
f 1244/1523/896 1245/1524/896 1246/1525/896 1242/1521/896
f 1244/1523/897 1240/1519/897 1247/1526/897 1248/1527/897
f 1244/1523/898 1248/1527/898 1249/1528/898 1245/1524/898
f 1249/1528/899 1250/1529/899 1251/1530/899 1245/1524/899
f 1249/1528/900 1248/1527/900 1252/1531/900 1253/1532/900
f 1249/1528/901 1253/1532/901 1254/1533/901 1250/1529/901
f 1254/1533/902 1255/1534/902 1256/1535/902 1250/1529/902
f 1254/1533/903 1253/1532/903 1257/1536/903 1258/1537/903
f 1254/1533/904 1258/1537/904 1259/1538/904 1255/1534/904
f 1259/1538/905 1141/1402/905 1140/1401/905 1255/1534/905
f 1259/1538/906 1258/1537/906 1260/1539/906 1261/1540/906
f 1259/1538/907 1261/1540/907 1143/1404/907 1141/1402/907
f 1261/1540/908 1260/1539/908 1262/1541/908 1263/1542/908
f 1261/1540/909 1263/1542/909 1145/1406/909 1143/1404/909
f 1263/1543/910 1262/1544/910 1264/1545/910 1265/1546/910
f 1263/1543/911 1265/1546/911 1147/1411/911 1145/1410/911
f 1265/1546/912 1264/1545/912 1266/1547/912 1267/1548/912
f 1265/1546/913 1267/1548/913 1149/1413/913 1147/1411/913
f 1267/1548/914 1266/1547/914 1268/1549/914 1269/1550/914
f 1267/1548/915 1269/1550/915 1270/1551/915 1149/1413/915
f 1270/1551/916 1152/1416/916 1150/1414/916 1149/1413/916
f 1270/1551/917 1269/1550/917 1271/1552/917 1272/1553/917
f 1270/1551/917 1272/1553/917 1273/1554/917 1152/1416/917
f 1273/1554/918 1155/1419/918 1153/1417/918 1152/1416/918
f 1273/1554/919 1272/1553/919 1274/1555/919 1275/1556/919
f 1273/1554/920 1275/1556/920 1276/1557/920 1155/1419/920
f 1276/1557/921 1158/1423/921 1156/1420/921 1155/1419/921
f 1276/1557/922 1275/1556/922 1277/1558/922 1278/1559/922
f 1276/1557/923 1278/1559/923 1279/1560/923 1158/1423/923
f 1279/1560/924 1161/1427/924 1159/1424/924 1158/1423/924
f 1279/1560/925 1278/1559/925 1280/1561/925 1281/1562/925
f 1279/1560/926 1281/1562/926 1282/1563/926 1161/1427/926
f 1282/1563/927 1164/1564/927 1162/1428/927 1161/1427/927
f 1282/1563/928 1281/1562/928 1283/1565/928 1284/1566/928
f 1282/1563/929 1284/1566/929 1285/1567/929 1164/1564/929
f 1285/1568/930 1167/1434/930 1165/1432/930 1164/1431/930
f 1285/1567/931 1284/1566/931 1286/1569/931 1287/1570/931
f 1285/1568/932 1287/1571/932 1288/1572/932 1167/1434/932
f 1288/1572/933 1170/1437/933 1168/1435/933 1167/1434/933
f 1288/1572/934 1287/1571/934 1289/1573/934 1290/1574/934
f 1288/1572/935 1290/1574/935 1174/1442/935 1170/1437/935
f 1290/1575/936 280/360/936 1175/1445/936 1174/1444/936
f 1289/1576/937 1287/1570/937 1286/1569/937 1291/1577/937
f 1291/1577/938 1286/1569/938 1292/1578/938 1293/1579/938
f 1293/1579/939 1292/1578/939 1200/1470/939 1199/1469/939
f 1292/1578/940 1286/1569/940 1284/1566/940 1283/1565/940
f 1292/1578/941 1283/1565/941 1294/1580/941 1200/1470/941
f 1294/1580/942 1283/1565/942 1281/1562/942 1280/1561/942
f 1294/1580/943 1280/1561/943 1295/1581/943 1296/1582/943
f 1294/1580/944 1296/1582/944 1201/1471/944 1200/1470/944
f 1296/1582/945 1295/1581/945 1297/1583/945 1298/1584/945
f 1296/1582/946 1298/1584/946 1202/1472/946 1201/1471/946
f 1298/1584/947 1297/1583/947 1210/1480/947 1208/1478/947
f 1298/1584/948 1208/1478/948 1204/1474/948 1202/1472/948
f 1297/1583/949 1295/1581/949 1277/1558/949 1299/1585/949
f 1297/1583/950 1299/1585/950 1212/1482/950 1210/1480/950
f 1299/1585/919 1277/1558/919 1275/1556/919 1274/1555/919
f 1299/1585/919 1274/1555/919 1300/1586/919 1212/1482/919
f 1300/1586/919 1274/1555/919 1272/1553/919 1271/1552/919
f 1300/1586/951 1271/1552/951 1301/1587/951 1215/1485/951
f 1300/1586/952 1215/1485/952 1213/1483/952 1212/1482/952
f 1301/1587/918 1271/1552/918 1269/1550/918 1268/1549/918
f 1301/1587/953 1268/1549/953 1302/1588/953 1218/1488/953
f 1301/1587/954 1218/1488/954 1216/1486/954 1215/1485/954
f 1302/1588/955 1268/1549/955 1266/1547/955 1303/1589/955
f 1302/1588/956 1303/1589/956 1304/1590/956 1221/1492/956
f 1302/1588/957 1221/1492/957 1219/1489/957 1218/1488/957
f 1304/1590/958 1303/1589/958 1305/1591/958 1306/1592/958
f 1304/1590/959 1306/1592/959 274/351/959 1307/1593/959
f 1304/1590/960 1307/1593/960 1222/1493/960 1221/1492/960
f 1307/1593/961 274/351/961 273/350/961 1308/1594/961
f 1307/1593/962 1308/1594/962 1223/1494/962 1222/1493/962
f 1308/1595/963 273/348/963 272/347/963 1228/1502/963
f 1308/1595/964 1228/1502/964 1225/1499/964 1223/1498/964
f 1306/1592/965 1305/1591/965 1309/1596/965 1310/1597/965
f 1306/1592/966 1310/1597/966 269/352/966 274/351/966
f 1310/1598/967 1309/1599/967 1311/1600/967 1312/1601/967
f 1310/1598/968 1312/1601/968 270/343/968 269/342/968
f 1312/1601/969 1311/1600/969 1257/1536/969 1313/1602/969
f 1312/1601/970 1313/1602/970 1314/1603/970 270/343/970
f 1314/1603/971 1313/1602/971 1252/1531/971 1315/1604/971
f 1314/1603/972 1315/1604/972 1234/1605/972 1316/1606/972
f 1314/1603/973 1316/1606/973 271/344/973 270/343/973
f 1316/1607/974 1234/1508/974 1232/1506/974 1231/1505/974
f 1316/1607/975 1231/1505/975 272/347/975 271/346/975
f 1315/1604/976 1252/1531/976 1248/1527/976 1247/1526/976
f 1315/1604/977 1247/1526/977 1235/1608/977 1234/1605/977
f 1313/1602/978 1257/1536/978 1253/1532/978 1252/1531/978
f 1311/1600/979 1260/1539/979 1258/1537/979 1257/1536/979
f 1311/1600/980 1309/1599/980 1262/1541/980 1260/1539/980
f 1309/1596/981 1305/1591/981 1264/1545/981 1262/1544/981
f 1305/1591/982 1303/1589/982 1266/1547/982 1264/1545/982
f 1295/1581/983 1280/1561/983 1278/1559/983 1277/1558/983
f 1256/1535/984 1135/1396/984 1131/1392/984 1130/1391/984
f 1256/1535/985 1130/1391/985 1251/1530/985 1250/1529/985
f 1256/1535/986 1255/1534/986 1140/1401/986 1135/1396/986
f 1251/1530/987 1130/1391/987 1125/1386/987 1124/1609/987
f 1251/1530/988 1124/1609/988 1246/1525/988 1245/1524/988
f 1247/1526/989 1240/1519/989 1236/1518/989 1235/1608/989
f 1246/1525/990 1124/1609/990 1122/1610/990 1121/1611/990
f 1246/1525/991 1121/1611/991 1243/1522/991 1242/1521/991
f 1243/1612/992 1121/1380/992 1116/1375/992 1115/1374/992
f 1243/1612/993 1115/1374/993 265/1613/993 264/1614/993
f 1231/1505/994 1229/1503/994 1228/1502/994 272/347/994
f 1197/1467/995 1196/1466/995 1317/1615/995 1318/1616/995
f 1197/1617/996 1318/1618/996 1293/1579/996 1199/1469/996
f 1318/1616/997 1317/1615/997 279/359/997 278/358/997
f 1318/1618/998 278/1619/998 1291/1577/998 1293/1579/998
f 1317/1615/999 1179/1449/999 1177/1447/999 279/359/999
f 1317/1615/1000 1196/1466/1000 1181/1451/1000 1179/1449/1000
f 1196/1466/1001 1194/1464/1001 1183/1453/1001 1181/1451/1001
f 1194/1464/1002 1190/1460/1002 1185/1455/1002 1183/1453/1002
f 1177/1447/1003 1175/1445/1003 280/360/1003 279/359/1003
f 1138/1399/1004 999/1235/1004 1319/1620/1004 1320/1621/1004
f 1138/1399/1005 1320/1621/1005 1134/1395/1005 1133/1394/1005
f 1138/1399/1006 1002/1238/1006 1000/1236/1006 999/1235/1006
f 1320/1621/1007 1319/1620/1007 1321/1622/1007 1322/1623/1007
f 1320/1621/1008 1322/1623/1008 1323/1624/1008 1134/1395/1008
f 1323/1624/1009 1129/1390/1009 1128/1389/1009 1134/1395/1009
f 1324/1625/1010 1325/1626/1010 1326/1627/1010 1327/1628/1010
f 1324/1625/1011 259/327/1011 256/324/1011 1325/1626/1011
f 1327/1628/1012 1326/1627/1012 1120/1379/1012 1119/1378/1012
f 1326/1627/1013 1328/1629/1013 1329/1630/1013 1120/1379/1013
f 1326/1627/1014 1325/1626/1014 1330/1631/1014 1328/1629/1014
f 1330/1631/1015 1331/1632/1015 1332/1633/1015 1328/1629/1015
f 1330/1631/1016 1325/1626/1016 256/324/1016 255/323/1016
f 1330/1631/1017 255/323/1017 1333/1634/1017 1331/1632/1017
f 1333/1634/1018 1334/1635/1018 1335/1636/1018 1331/1632/1018
f 1333/1634/1019 255/323/1019 254/322/1019 1336/1637/1019
f 1333/1634/1020 1336/1637/1020 1337/1638/1020 1334/1635/1020
f 1337/1638/1021 1338/1639/1021 1339/1640/1021 1334/1635/1021
f 1337/1638/1022 1336/1637/1022 1340/1641/1022 1341/1642/1022
f 1337/1638/1023 1341/1642/1023 1342/1643/1023 1338/1639/1023
f 1342/1644/1024 1343/1645/1024 1344/1646/1024 1338/1647/1024
f 1342/1643/1025 1341/1642/1025 1345/1648/1025 1346/1649/1025
f 1342/1644/1026 1346/1650/1026 1347/1651/1026 1343/1645/1026
f 1347/1651/1027 1348/1652/1027 1349/1653/1027 1343/1645/1027
f 1347/1651/1028 1346/1650/1028 1350/1654/1028 1351/1655/1028
f 1347/1651/1029 1351/1655/1029 1352/1656/1029 1348/1652/1029
f 1352/1656/1030 1353/1657/1030 1354/1658/1030 1348/1652/1030
f 1352/1656/1031 1351/1655/1031 1355/1659/1031 1356/1660/1031
f 1352/1656/1032 1356/1660/1032 1357/1661/1032 1353/1657/1032
f 1357/1661/1033 1358/1662/1033 1359/1663/1033 1353/1657/1033
f 1357/1661/1034 1356/1660/1034 1360/1664/1034 1361/1665/1034
f 1357/1661/1035 1361/1665/1035 1362/1666/1035 1358/1662/1035
f 1362/1666/1036 1363/1667/1036 1364/1668/1036 1358/1662/1036
f 1362/1669/1037 1361/1670/1037 1365/1671/1037 1366/1672/1037
f 1362/1669/1038 1366/1672/1038 1367/1673/1038 1363/1674/1038
f 1367/1673/1039 1368/1675/1039 1369/1676/1039 1363/1674/1039
f 1367/1673/1040 1366/1672/1040 1370/1677/1040 1371/1678/1040
f 1367/1673/1041 1371/1678/1041 1372/1679/1041 1368/1675/1041
f 1372/1679/1042 1373/1680/1042 1374/1681/1042 1368/1675/1042
f 1372/1679/1043 1371/1678/1043 1375/1682/1043 1376/1683/1043
f 1372/1679/1044 1376/1683/1044 1377/1684/1044 1373/1680/1044
f 1377/1684/1045 1378/1685/1045 1379/1686/1045 1373/1680/1045
f 1377/1684/1046 1376/1683/1046 1380/1687/1046 1381/1688/1046
f 1377/1684/1047 1381/1688/1047 1382/1689/1047 1378/1685/1047
f 1382/1689/1048 1383/1690/1048 1384/1691/1048 1378/1685/1048
f 1382/1689/1049 1381/1688/1049 1385/1692/1049 1386/1693/1049
f 1382/1689/1050 1386/1693/1050 1387/1694/1050 1383/1690/1050
f 1387/1694/1051 1388/1695/1051 1389/1696/1051 1383/1690/1051
f 1387/1697/1052 1386/1698/1052 1390/1699/1052 1391/1700/1052
f 1387/1697/1053 1391/1700/1053 1392/1701/1053 1388/1702/1053
f 1392/1701/1054 1393/1703/1054 1394/1704/1054 1388/1702/1054
f 1392/1701/1055 1391/1700/1055 1395/1705/1055 1396/1706/1055
f 1392/1701/1056 1396/1706/1056 1397/1707/1056 1393/1703/1056
f 1397/1707/1057 1398/1708/1057 1399/1709/1057 1393/1703/1057
f 1397/1707/1058 1396/1706/1058 1400/1710/1058 1401/1711/1058
f 1397/1707/1059 1401/1711/1059 1402/1712/1059 1398/1708/1059
f 1402/1712/1060 1403/1713/1060 1404/1714/1060 1398/1708/1060
f 1402/1712/1061 1401/1711/1061 1405/1715/1061 1406/1716/1061
f 1402/1712/1062 1406/1716/1062 1407/1717/1062 1403/1713/1062
f 1407/1717/1063 1408/1718/1063 1409/1719/1063 1403/1713/1063
f 1407/1717/1064 1406/1716/1064 1410/1720/1064 1411/1721/1064
f 1407/1717/1065 1411/1721/1065 1412/1722/1065 1408/1718/1065
f 1412/1722/1066 1413/1723/1066 1414/1724/1066 1408/1718/1066
f 1412/1725/1067 1411/1726/1067 1415/1727/1067 1416/1728/1067
f 1412/1722/1068 1416/1729/1068 1417/1730/1068 1413/1723/1068
f 1417/1730/1069 1418/1731/1069 1419/1732/1069 1413/1723/1069
f 1417/1733/1070 1416/1728/1070 1420/1734/1070 1421/1735/1070
f 1417/1733/1071 1421/1735/1071 1422/1736/1071 1418/1737/1071
f 1422/1736/1072 1423/1738/1072 1424/1739/1072 1418/1737/1072
f 1422/1736/1073 1421/1735/1073 1425/1740/1073 1426/1741/1073
f 1422/1736/1074 1426/1741/1074 1427/1742/1074 1423/1738/1074
f 1427/1742/1075 1428/1743/1075 1429/1744/1075 1423/1738/1075
f 1427/1742/1076 1426/1741/1076 1430/1745/1076 1431/1746/1076
f 1427/1742/1077 1431/1746/1077 1432/1747/1077 1428/1743/1077
f 1432/1747/1078 1433/1748/1078 1434/1749/1078 1428/1743/1078
f 1432/1747/1079 1431/1746/1079 1435/1750/1079 1436/1751/1079
f 1432/1747/1080 1436/1751/1080 1437/1752/1080 1433/1748/1080
f 1437/1752/1081 1438/1753/1081 1439/1754/1081 1433/1748/1081
f 1437/1752/1082 1436/1751/1082 1440/1755/1082 1441/1756/1082
f 1437/1752/1083 1441/1756/1083 1442/1757/1083 1438/1753/1083
f 1442/1757/1084 1443/1758/1084 1444/1759/1084 1438/1753/1084
f 1442/1757/1085 1441/1756/1085 1445/1760/1085 1446/1761/1085
f 1442/1757/1086 1446/1761/1086 1447/1762/1086 1443/1758/1086
f 1447/1762/1087 1448/1763/1087 1449/1764/1087 1443/1758/1087
f 1447/1765/1088 1446/1766/1088 1450/1767/1088 1451/1768/1088
f 1447/1765/1089 1451/1768/1089 1452/1769/1089 1448/1770/1089
f 1452/1769/1090 1453/1771/1090 1454/1772/1090 1448/1770/1090
f 1452/1769/1091 1451/1768/1091 1455/1773/1091 1456/1774/1091
f 1452/1769/1092 1456/1774/1092 1457/1775/1092 1453/1771/1092
f 1457/1775/1093 1458/1776/1093 1459/1777/1093 1453/1771/1093
f 1457/1775/1094 1456/1774/1094 1460/1778/1094 1461/1779/1094
f 1457/1775/1095 1461/1779/1095 1462/1780/1095 1458/1776/1095
f 1462/1780/1096 1463/1781/1096 1464/1782/1096 1458/1776/1096
f 1462/1780/1097 1461/1779/1097 1465/1783/1097 1466/1784/1097
f 1462/1780/1098 1466/1784/1098 1467/1785/1098 1463/1781/1098
f 1467/1785/1099 1468/1786/1099 1469/1787/1099 1463/1781/1099
f 1467/1788/1100 1466/1789/1100 1470/1790/1100 1471/1791/1100
f 1467/1788/1101 1471/1791/1101 1472/1792/1101 1468/1793/1101
f 1472/1792/1102 1473/1794/1102 1474/1795/1102 1468/1793/1102
f 1472/1792/1103 1471/1791/1103 1475/1796/1103 1476/1797/1103
f 1472/1792/1104 1476/1797/1104 1477/1798/1104 1473/1794/1104
f 1477/1798/1105 1478/1799/1105 1479/1800/1105 1473/1794/1105
f 1477/1798/1106 1476/1797/1106 1480/1801/1106 1481/1802/1106
f 1477/1798/1107 1481/1802/1107 1482/1803/1107 1478/1799/1107
f 1482/1803/1108 1483/1804/1108 1484/1805/1108 1478/1799/1108
f 1482/1803/1109 1481/1802/1109 1485/1806/1109 1486/1807/1109
f 1482/1803/1110 1486/1807/1110 1487/1808/1110 1483/1804/1110
f 1487/1808/1111 1488/1809/1111 1489/1810/1111 1483/1804/1111
f 1487/1808/1112 1486/1807/1112 1490/1811/1112 1491/1812/1112
f 1487/1808/1113 1491/1812/1113 1492/1813/1113 1488/1809/1113
f 1492/1813/1114 1493/1814/1114 1494/1815/1114 1488/1809/1114
f 1492/1813/1115 1491/1812/1115 1495/1816/1115 1496/1817/1115
f 1492/1813/1116 1496/1817/1116 1497/1818/1116 1493/1814/1116
f 1497/1818/1117 1498/1819/1117 1499/1820/1117 1493/1814/1117
f 1497/1821/1118 1496/1822/1118 1500/1823/1118 1501/1824/1118
f 1497/1821/1119 1501/1824/1119 1502/1825/1119 1498/1826/1119
f 1502/1825/1120 1503/1827/1120 1504/1828/1120 1498/1826/1120
f 1502/1825/1121 1501/1824/1121 1505/1829/1121 1506/1830/1121
f 1502/1825/1122 1506/1830/1122 1507/1831/1122 1503/1827/1122
f 1507/1831/1123 1508/1832/1123 1509/1833/1123 1503/1827/1123
f 1507/1831/1124 1506/1830/1124 1510/1834/1124 1511/1835/1124
f 1507/1831/1125 1511/1835/1125 1512/1836/1125 1508/1832/1125
f 1512/1836/1126 1513/1837/1126 1514/1838/1126 1508/1832/1126
f 1512/1836/1127 1511/1835/1127 1515/1839/1127 1516/1840/1127
f 1512/1836/1128 1516/1840/1128 1517/1841/1128 1513/1837/1128
f 1517/1841/1129 1518/1842/1129 1519/1843/1129 1513/1837/1129
f 1517/1841/1130 1516/1840/1130 1520/1844/1130 1521/1845/1130
f 1517/1841/1131 1521/1845/1131 1522/1846/1131 1518/1842/1131
f 1522/1846/1132 1523/1847/1132 1524/1848/1132 1518/1842/1132
f 1522/1849/1133 1521/1850/1133 1525/1851/1133 1526/1852/1133
f 1522/1849/1134 1526/1852/1134 1527/1853/1134 1523/1854/1134
f 1527/1853/1135 1528/1855/1135 1529/1856/1135 1523/1854/1135
f 1527/1853/1136 1526/1852/1136 1530/1857/1136 1531/1858/1136
f 1527/1853/1137 1531/1858/1137 1532/1859/1137 1528/1855/1137
f 1532/1859/1138 1533/1860/1138 1534/1861/1138 1528/1855/1138
f 1532/1859/1139 1531/1858/1139 1535/1862/1139 1536/1863/1139
f 1532/1859/1140 1536/1863/1140 1537/1864/1140 1533/1860/1140
f 1537/1864/1141 1538/1865/1141 1539/1866/1141 1533/1860/1141
f 1537/1864/1142 1536/1863/1142 1540/1867/1142 1541/1868/1142
f 1537/1864/1143 1541/1868/1143 1542/1869/1143 1538/1865/1143
f 1542/1869/1144 1543/1870/1144 1544/1871/1144 1538/1865/1144
f 1542/1869/1145 1541/1868/1145 1545/1872/1145 1546/1873/1145
f 1542/1869/1146 1546/1873/1146 1547/1874/1146 1543/1870/1146
f 1547/1874/1147 1548/1875/1147 1549/1876/1147 1543/1870/1147
f 1547/1877/1148 1546/1878/1148 1550/1879/1148 1551/1880/1148
f 1547/1877/1149 1551/1880/1149 1552/1881/1149 1548/1882/1149
f 1552/1881/1150 1553/1883/1150 1554/1884/1150 1548/1882/1150
f 1552/1881/1151 1551/1880/1151 1555/1885/1151 1556/1886/1151
f 1552/1881/1152 1556/1886/1152 1557/1887/1152 1553/1883/1152
f 1557/1888/1153 1558/1889/1153 1559/1890/1153 1553/1891/1153
f 1557/1887/1154 1556/1886/1154 1560/1892/1154 1561/1893/1154
f 1557/1888/1155 1561/1894/1155 1562/1895/1155 1558/1889/1155
f 1562/1895/1156 1563/1896/1156 1564/1897/1156 1558/1889/1156
f 1562/1895/1157 1561/1894/1157 1565/1898/1157 1566/1899/1157
f 1562/1895/1158 1566/1899/1158 1567/1900/1158 1563/1896/1158
f 1567/1901/1159 1568/1902/1159 1569/1903/1159 1563/1904/1159
f 1567/1900/1160 1566/1899/1160 1570/1905/1160 1571/1906/1160
f 1567/1901/1161 1571/1907/1161 1572/1908/1161 1568/1902/1161
f 1572/1908/1162 1573/1909/1162 1574/1910/1162 1568/1902/1162
f 1572/1911/1163 1571/1912/1163 1575/1913/1163 1576/1914/1163
f 1572/1911/1164 1576/1914/1164 1577/1915/1164 1573/1916/1164
f 1577/1917/1165 1578/1918/1165 1579/1919/1165 1573/1909/1165
f 1577/1915/1166 1576/1914/1166 1580/1920/1166 1581/1921/1166
f 1577/1915/1167 1581/1921/1167 1582/1922/1167 1578/1923/1167
f 1582/1924/1168 1583/1925/1168 1584/1926/1168 1578/1918/1168
f 1582/1922/1169 1581/1921/1169 1585/1927/1169 1586/1928/1169
f 1582/1922/1170 1586/1928/1170 1587/1929/1170 1583/1930/1170
f 1587/1929/1171 1588/1931/1171 1589/1932/1171 1583/1930/1171
f 1587/1929/1172 1586/1928/1172 1590/1933/1172 1591/1934/1172
f 1587/1929/1173 1591/1934/1173 1592/1935/1173 1588/1931/1173
f 1592/1935/1174 1593/1936/1174 1594/1937/1174 1588/1931/1174
f 1592/1938/1175 1591/1939/1175 1595/1940/1175 1596/1941/1175
f 1592/1938/1176 1596/1941/1176 1597/1942/1176 1593/1943/1176
f 1597/1942/1177 1598/1944/1177 1599/1945/1177 1593/1943/1177
f 1597/1942/1178 1596/1941/1178 1600/1946/1178 1601/1947/1178
f 1597/1942/1179 1601/1947/1179 1602/1948/1179 1598/1944/1179
f 1602/1948/1180 1603/1949/1180 1604/1950/1180 1598/1944/1180
f 1602/1948/1181 1601/1947/1181 51/1951/1181 1605/1952/1181
f 1602/1948/1182 1605/1952/1182 1606/1953/1182 1603/1949/1182
f 1606/1953/1183 1607/1954/1183 1608/1955/1183 1603/1949/1183
f 1606/1956/1184 1605/1957/1184 1609/1958/1184 1610/1959/1184
f 1606/1956/1185 1610/1959/1185 1611/1960/1185 1607/1961/1185
f 1611/1960/1186 1612/1962/1186 1613/1963/1186 1607/1961/1186
f 1611/1960/1187 1610/1959/1187 1614/1964/1187 1615/1965/1187
f 1611/1960/1188 1615/1965/1188 1616/1966/1188 1612/1962/1188
f 1616/1966/1189 1617/1967/1189 1618/1968/1189 1612/1962/1189
f 1616/1969/1190 1615/1970/1190 1619/1971/1190 1620/1972/1190
f 1616/1969/1191 1620/1972/1191 1621/1973/1191 1617/1974/1191
f 1621/1973/1192 1622/1975/1192 1623/1976/1192 1624/1977/1192
f 1621/1973/1193 1624/1977/1193 1625/1978/1193 1617/1974/1193
f 1621/1973/1194 1620/1972/1194 1626/1979/1194 1622/1975/1194
f 1626/1979/1195 1627/1980/1195 1628/1981/1195 1622/1975/1195
f 1626/1979/1196 1620/1972/1196 1619/1971/1196 1629/1982/1196
f 1626/1979/1197 1629/1982/1197 1630/1983/1197 1627/1980/1197
f 1630/1983/1198 1629/1982/1198 1631/1984/1198 1632/1985/1198
f 1630/1986/1199 1632/1987/1199 1633/1988/1199 1634/1989/1199
f 1630/1986/1200 1634/1989/1200 1635/1990/1200 1627/1991/1200
f 1635/1990/1201 1636/1992/1201 1637/1993/1201 1638/1994/1201
f 1635/1990/1202 1638/1994/1202 1628/1995/1202 1627/1991/1202
f 1635/1990/1203 1634/1989/1203 1639/1996/1203 1636/1992/1203
f 1639/1996/1204 1634/1989/1204 1633/1988/1204 1640/1997/1204
f 1639/1998/1205 1640/1999/1205 1641/2000/1205 1642/2001/1205
f 1639/1998/1206 1642/2001/1206 1643/2002/1206 1636/2003/1206
f 1643/2002/1207 1644/2004/1207 1645/2005/1207 1646/2006/1207
f 1643/2002/1208 1646/2006/1208 1637/2007/1208 1636/2003/1208
f 1643/2002/1209 1642/2001/1209 1647/2008/1209 1644/2004/1209
f 1647/2008/1210 1642/2001/1210 1641/2000/1210 1608/1955/1210
f 1647/2008/1211 1608/1955/1211 1607/1954/1211 1613/2009/1211
f 1647/2008/1212 1613/2009/1212 1648/2010/1212 1644/2004/1212
f 1648/2011/1213 1618/1968/1213 1649/2012/1213 1650/2013/1213
f 1648/2010/1214 1650/2014/1214 1645/2005/1214 1644/2004/1214
f 1648/2011/1215 1613/1963/1215 1612/1962/1215 1618/1968/1215
f 1650/2013/1216 1649/2012/1216 1651/2015/1216 1652/2016/1216
f 1650/2014/1217 1652/2017/1217 1653/2018/1217 1645/2005/1217
f 1653/2018/1218 1652/2017/1218 1654/2019/1218 1655/2020/1218
f 1653/2018/1219 1655/2020/1219 1656/2021/1219 1657/2022/1219
f 1653/2018/1220 1657/2022/1220 1646/2006/1220 1645/2005/1220
f 1657/2022/1221 1656/2021/1221 1658/2023/1221 1659/2024/1221
f 1657/2022/1222 1659/2024/1222 1637/2007/1222 1646/2006/1222
f 1659/2025/1223 1658/2026/1223 1660/2027/1223 1661/2028/1223
f 1659/2025/1224 1661/2028/1224 1638/1994/1224 1637/1993/1224
f 1661/2028/1225 1660/2027/1225 1662/2029/1225 1663/2030/1225
f 1661/2028/1226 1663/2030/1226 1628/1995/1226 1638/1994/1226
f 1663/2031/1227 1662/2032/1227 1664/2033/1227 1623/1976/1227
f 1663/2031/1228 1623/1976/1228 1622/1975/1228 1628/1981/1228
f 1664/2033/1229 1662/2032/1229 1665/2034/1229 1666/2035/1229
f 1664/2033/1230 1666/2035/1230 1667/2036/1230 1668/2037/1230
f 1664/2033/1231 1668/2037/1231 1624/1977/1231 1623/1976/1231
f 1668/2037/1232 1667/2036/1232 1669/2038/1232 1670/2039/1232
f 1668/2037/1233 1670/2039/1233 1625/1978/1233 1624/1977/1233
f 1670/2040/1234 1669/2041/1234 1671/2042/1234 1651/2015/1234
f 1670/2040/1235 1651/2015/1235 1649/2012/1235 1625/2043/1235
f 1671/2044/1236 1669/2045/1236 75/2046/1236 68/2047/1236
f 1671/2042/1237 68/50/1237 7/49/1237 1654/2048/1237
f 1671/2042/1238 1654/2048/1238 1652/2016/1238 1651/2015/1238
f 1669/2038/1239 1667/2036/1239 1672/2049/1239 75/61/1239
f 1672/2049/1240 1673/2050/1240 1674/2051/1240 87/75/1240
f 1672/2049/1241 87/75/1241 76/62/1241 75/61/1241
f 1672/2049/1242 1667/2036/1242 1666/2035/1242 1673/2050/1242
f 1674/2052/1243 1675/2053/1243 1676/2054/1243 1677/2055/1243
f 1674/2051/1244 1677/2056/1244 88/76/1244 87/75/1244
f 1674/2051/1245 1673/2050/1245 1678/2057/1245 1675/2058/1245
f 1678/2059/1246 1679/2060/1246 1680/2061/1246 1675/2053/1246
f 1678/2057/1247 1673/2050/1247 1666/2035/1247 1665/2034/1247
f 1678/2059/1248 1665/2062/1248 1681/2063/1248 1679/2060/1248
f 1681/2063/1249 1682/2064/1249 1683/2065/1249 1679/2060/1249
f 1681/2063/1250 1665/2062/1250 1662/2066/1250 1660/2067/1250
f 1681/2063/1251 1660/2067/1251 1658/2068/1251 1682/2064/1251
f 1683/2069/1252 80/67/1252 79/66/1252 1684/2070/1252
f 1683/2065/1253 1684/2071/1253 1680/2061/1253 1679/2060/1253
f 1683/2069/1254 1682/2072/1254 1685/2073/1254 80/67/1254
f 1685/2073/1255 73/56/1255 72/55/1255 80/67/1255
f 1685/2073/1256 1682/2072/1256 1658/2023/1256 1656/2021/1256
f 1685/2073/1257 1656/2021/1257 1655/2020/1257 73/56/1257
f 1684/2070/1258 79/66/1258 86/73/1258 1686/2074/1258
f 1684/2071/1259 1686/2075/1259 1687/2076/1259 1680/2061/1259
f 1687/2076/1260 1686/2075/1260 1688/2077/1260 1689/2078/1260
f 1687/2076/1261 1689/2078/1261 1690/2079/1261 1676/2054/1261
f 1687/2076/1262 1676/2054/1262 1675/2053/1262 1680/2061/1262
f 1690/2079/1263 1689/2078/1263 1691/2080/1263 1692/2081/1263
f 1690/2079/1264 1692/2081/1264 1693/2082/1264 1694/2083/1264
f 1690/2079/1265 1694/2083/1265 1677/2055/1265 1676/2054/1265
f 1694/2084/1266 1693/2085/1266 1695/2086/1266 1696/2087/1266
f 1694/2084/1267 1696/2087/1267 88/76/1267 1677/2056/1267
f 1696/2087/1268 1695/2086/1268 1697/2088/1268 89/77/1268
f 1696/2087/1269 89/77/1269 10/74/1269 88/76/1269
f 1697/2088/1270 1695/2086/1270 1698/2089/1270 1699/2090/1270
f 1697/2088/1271 1699/2090/1271 1700/2091/1271 1701/2092/1271
f 1697/2088/1272 1701/2092/1272 90/78/1272 89/77/1272
f 1701/2092/1273 1700/2091/1273 1702/2093/1273 1703/2094/1273
f 1701/2092/1274 1703/2094/1274 1704/2095/1274 90/78/1274
f 1704/2096/1275 1703/2097/1275 1705/2098/1275 1706/2099/1275
f 1704/2096/1276 1706/2099/1276 1707/2100/1276 1708/2101/1276
f 1704/2095/1277 1708/2102/1277 91/79/1277 90/78/1277
f 1708/2101/1278 1707/2100/1278 1709/2103/1278 1710/2104/1278
f 1708/2102/1279 1710/2105/1279 93/81/1279 91/79/1279
f 1710/2104/1280 1709/2103/1280 1711/2106/1280 1712/2107/1280
f 1710/2105/1281 1712/2108/1281 774/948/1281 93/81/1281
f 1712/2108/1282 1711/2109/1282 1713/2110/1282 777/951/1282
f 1712/2108/1283 777/951/1283 775/949/1283 774/948/1283
f 1713/2111/1284 1711/2106/1284 1714/2112/1284 1715/2113/1284
f 1713/2111/1285 1715/2113/1285 1716/2114/1285 1717/2115/1285
f 1713/2110/1286 1717/2116/1286 778/952/1286 777/951/1286
f 1717/2115/1287 1716/2114/1287 1718/2117/1287 1719/2118/1287
f 1717/2116/1288 1719/2119/1288 779/953/1288 778/952/1288
f 1719/2118/1289 1718/2117/1289 1720/2120/1289 1721/2121/1289
f 1719/2119/1290 1721/2122/1290 781/955/1290 779/953/1290
f 1721/2123/1291 1720/2124/1291 745/2125/1291 743/2126/1291
f 1721/2122/1292 743/906/1292 742/905/1292 781/955/1292
f 1720/2120/1293 1718/2117/1293 1722/2127/1293 1723/2128/1293
f 1720/2124/1294 1723/2129/1294 747/2130/1294 745/2125/1294
f 1723/2128/1295 1722/2127/1295 1724/2131/1295 1725/2132/1295
f 1723/2129/1296 1725/2133/1296 751/2134/1296 747/2130/1296
f 1725/2132/1297 1724/2131/1297 1726/2135/1297 1727/2136/1297
f 1725/2133/1298 1727/2137/1298 752/2138/1298 751/2134/1298
f 1727/2139/1299 1726/2140/1299 759/928/1299 757/925/1299
f 1727/2139/1300 757/925/1300 754/922/1300 752/921/1300
f 1726/2140/1301 1724/2141/1301 1728/2142/1301 1729/2143/1301
f 1726/2140/1302 1729/2143/1302 761/931/1302 759/928/1302
f 1729/2143/1303 1728/2142/1303 1730/2144/1303 1731/2145/1303
f 1729/2143/1304 1731/2145/1304 1732/2146/1304 761/931/1304
f 1732/2146/1305 1731/2145/1305 1733/2147/1305 1734/2148/1305
f 1732/2146/1306 1734/2148/1306 74/58/1306 764/934/1306
f 1732/2146/1307 764/934/1307 762/932/1307 761/931/1307
f 1734/2148/1308 1733/2147/1308 82/69/1308 81/68/1308
f 1734/2148/1309 81/68/1309 71/54/1309 74/58/1309
f 1733/2147/1310 1735/2149/1310 1736/2150/1310 82/69/1310
f 1733/2147/1311 1731/2145/1311 1730/2144/1311 1735/2149/1311
f 1736/2150/1312 1737/2151/1312 1738/2152/1312 1739/2153/1312
f 1736/2150/1313 1739/2153/1313 83/70/1313 82/69/1313
f 1736/2154/1314 1735/2155/1314 1740/2156/1314 1737/2157/1314
f 1740/2156/1315 1714/2112/1315 1741/2158/1315 1737/2157/1315
f 1740/2156/1316 1735/2155/1316 1730/2159/1316 1742/2160/1316
f 1740/2156/1317 1742/2160/1317 1715/2113/1317 1714/2112/1317
f 1742/2160/1318 1730/2159/1318 1728/2161/1318 1743/2162/1318
f 1742/2160/1319 1743/2162/1319 1716/2114/1319 1715/2113/1319
f 1743/2162/1320 1728/2161/1320 1724/2131/1320 1722/2127/1320
f 1743/2162/1321 1722/2127/1321 1718/2117/1321 1716/2114/1321
f 1741/2158/1322 1709/2103/1322 1707/2100/1322 1744/2163/1322
f 1741/2158/1323 1744/2163/1323 1738/2164/1323 1737/2157/1323
f 1741/2158/1324 1714/2112/1324 1711/2106/1324 1709/2103/1324
f 1744/2163/1325 1707/2100/1325 1706/2099/1325 1745/2165/1325
f 1744/2163/1326 1745/2165/1326 1746/2166/1326 1738/2164/1326
f 1746/2166/1327 1745/2165/1327 1747/2167/1327 1748/2168/1327
f 1746/2166/1328 1748/2168/1328 1749/2169/1328 1750/2170/1328
f 1746/2171/1329 1750/2172/1329 1739/2153/1329 1738/2152/1329
f 1750/2172/1330 1749/2173/1330 1751/2174/1330 84/71/1330
f 1750/2172/1331 84/71/1331 83/70/1331 1739/2153/1331
f 1751/2174/1332 1749/2173/1332 1752/2175/1332 1753/2176/1332
f 1751/2174/1333 1753/2176/1333 1754/2177/1333 1755/2178/1333
f 1751/2174/1334 1755/2178/1334 85/72/1334 84/71/1334
f 1755/2178/1335 1754/2177/1335 1756/2179/1335 1757/2180/1335
f 1755/2178/1336 1757/2180/1336 86/73/1336 85/72/1336
f 1757/2180/1337 1756/2179/1337 1758/2181/1337 1688/2182/1337
f 1757/2180/1338 1688/2182/1338 1686/2074/1338 86/73/1338
f 1758/2181/1339 1756/2179/1339 1759/2183/1339 1760/2184/1339
f 1758/2185/1340 1760/2186/1340 1761/2187/1340 1691/2080/1340
f 1758/2185/1341 1691/2080/1341 1689/2078/1341 1688/2077/1341
f 1761/2187/1342 1760/2186/1342 1762/2188/1342 1763/2189/1342
f 1761/2187/1343 1763/2189/1343 1764/2190/1343 1765/2191/1343
f 1761/2187/1344 1765/2191/1344 1692/2081/1344 1691/2080/1344
f 1765/2191/1345 1764/2190/1345 1766/2192/1345 1767/2193/1345
f 1765/2191/1346 1767/2193/1346 1693/2082/1346 1692/2081/1346
f 1767/2194/1347 1766/2195/1347 1768/2196/1347 1698/2089/1347
f 1767/2194/1348 1698/2089/1348 1695/2086/1348 1693/2085/1348
f 1768/2196/1349 1766/2195/1349 1769/2197/1349 1770/2198/1349
f 1768/2196/1350 1770/2198/1350 1771/2199/1350 1772/2200/1350
f 1768/2196/1351 1772/2200/1351 1699/2090/1351 1698/2089/1351
f 1772/2200/1352 1771/2199/1352 1773/2201/1352 1774/2202/1352
f 1772/2200/1353 1774/2202/1353 1700/2091/1353 1699/2090/1353
f 1774/2202/1354 1773/2201/1354 1775/2203/1354 1776/2204/1354
f 1774/2202/1355 1776/2204/1355 1702/2093/1355 1700/2091/1355
f 1776/2205/1356 1775/2206/1356 1777/2207/1356 1778/2208/1356
f 1776/2205/1357 1778/2208/1357 1779/2209/1357 1702/2210/1357
f 1779/2209/1358 1778/2208/1358 1780/2211/1358 1781/2212/1358
f 1779/2209/1359 1781/2212/1359 1747/2167/1359 1705/2098/1359
f 1779/2209/1360 1705/2098/1360 1703/2097/1360 1702/2210/1360
f 1781/2212/1361 1780/2211/1361 1782/2213/1361 1783/2214/1361
f 1781/2212/1362 1783/2214/1362 1748/2168/1362 1747/2167/1362
f 1783/2214/1363 1782/2213/1363 1784/2215/1363 1752/2216/1363
f 1783/2214/1364 1752/2216/1364 1749/2169/1364 1748/2168/1364
f 1784/2215/1365 1782/2213/1365 1785/2217/1365 1786/2218/1365
f 1784/2219/1366 1786/2220/1366 1787/2221/1366 1788/2222/1366
f 1784/2219/1367 1788/2222/1367 1753/2176/1367 1752/2175/1367
f 1788/2222/1368 1787/2221/1368 1789/2223/1368 1790/2224/1368
f 1788/2222/1369 1790/2224/1369 1754/2177/1369 1753/2176/1369
f 1790/2224/1370 1789/2223/1370 1791/2225/1370 1759/2183/1370
f 1790/2224/1371 1759/2183/1371 1756/2179/1371 1754/2177/1371
f 1791/2225/1372 1789/2223/1372 1792/2226/1372 1793/2227/1372
f 1791/2225/1373 1793/2227/1373 1794/2228/1373 1762/2229/1373
f 1791/2225/1374 1762/2229/1374 1760/2184/1374 1759/2183/1374
f 1794/2228/1375 1793/2227/1375 1795/2230/1375 1796/2231/1375
f 1794/2232/1376 1796/2233/1376 1797/2234/1376 1798/2235/1376
f 1794/2232/1377 1798/2235/1377 1763/2189/1377 1762/2188/1377
f 1798/2235/1378 1797/2234/1378 1799/2236/1378 1800/2237/1378
f 1798/2235/1379 1800/2237/1379 1764/2190/1379 1763/2189/1379
f 1800/2237/1380 1799/2236/1380 1801/2238/1380 1769/2239/1380
f 1800/2237/1381 1769/2239/1381 1766/2192/1381 1764/2190/1381
f 1801/2238/1382 1799/2236/1382 1802/2240/1382 1803/2241/1382
f 1801/2238/1383 1803/2241/1383 1804/2242/1383 1805/2243/1383
f 1801/2244/1384 1805/2245/1384 1770/2198/1384 1769/2197/1384
f 1805/2245/1385 1804/2246/1385 1806/2247/1385 1807/2248/1385
f 1805/2245/1386 1807/2248/1386 1771/2199/1386 1770/2198/1386
f 1807/2248/1387 1806/2247/1387 1808/2249/1387 1809/2250/1387
f 1807/2248/1388 1809/2250/1388 1773/2201/1388 1771/2199/1388
f 1809/2250/1389 1808/2249/1389 1810/2251/1389 1811/2252/1389
f 1809/2250/1390 1811/2252/1390 1775/2203/1390 1773/2201/1390
f 1811/2253/1391 1810/2254/1391 1812/2255/1391 1813/2256/1391
f 1811/2253/1392 1813/2256/1392 1777/2207/1392 1775/2206/1392
f 1813/2256/1393 1812/2255/1393 1814/2257/1393 1815/2258/1393
f 1813/2256/1394 1815/2258/1394 1816/2259/1394 1777/2207/1394
f 1816/2259/1395 1815/2258/1395 1817/2260/1395 1785/2217/1395
f 1816/2259/1396 1785/2217/1396 1782/2213/1396 1780/2211/1396
f 1816/2259/1397 1780/2211/1397 1778/2208/1397 1777/2207/1397
f 1817/2260/1398 1815/2258/1398 1814/2257/1398 1818/2261/1398
f 1817/2260/1399 1818/2261/1399 1819/2262/1399 1820/2263/1399
f 1817/2260/1400 1820/2263/1400 1786/2218/1400 1785/2217/1400
f 1820/2264/1401 1819/2265/1401 1821/2266/1401 1822/2267/1401
f 1820/2264/1402 1822/2267/1402 1787/2221/1402 1786/2220/1402
f 1822/2267/1403 1821/2266/1403 1823/2268/1403 1792/2226/1403
f 1822/2267/1404 1792/2226/1404 1789/2223/1404 1787/2221/1404
f 1823/2268/1405 1821/2266/1405 1824/2269/1405 1825/2270/1405
f 1823/2268/1406 1825/2270/1406 1826/2271/1406 1795/2230/1406
f 1823/2268/1407 1795/2230/1407 1793/2227/1407 1792/2226/1407
f 1826/2271/1408 1825/2270/1408 1827/2272/1408 1828/2273/1408
f 1826/2271/1409 1828/2273/1409 1829/2274/1409 1830/2275/1409
f 1826/2271/1410 1830/2275/1410 1796/2231/1410 1795/2230/1410
f 1830/2276/1411 1829/2277/1411 1831/2278/1411 1832/2279/1411
f 1830/2276/1412 1832/2279/1412 1797/2234/1412 1796/2233/1412
f 1832/2279/1413 1831/2278/1413 1833/2280/1413 1802/2240/1413
f 1832/2279/1414 1802/2240/1414 1799/2236/1414 1797/2234/1414
f 1833/2280/1415 1831/2278/1415 1834/2281/1415 1835/2282/1415
f 1833/2280/1416 1835/2282/1416 1836/2283/1416 1837/2284/1416
f 1833/2280/1417 1837/2284/1417 1803/2241/1417 1802/2240/1417
f 1837/2285/1418 1836/2286/1418 1838/2287/1418 1839/2288/1418
f 1837/2284/1419 1839/2289/1419 1804/2242/1419 1803/2241/1419
f 1839/2288/1420 1838/2287/1420 1840/2290/1420 1841/2291/1420
f 1839/2288/1421 1841/2291/1421 1806/2247/1421 1804/2246/1421
f 1841/2291/1422 1840/2290/1422 1842/2292/1422 1843/2293/1422
f 1841/2291/1423 1843/2293/1423 1808/2249/1423 1806/2247/1423
f 1843/2293/1424 1842/2292/1424 1844/2294/1424 1845/2295/1424
f 1843/2293/1425 1845/2295/1425 1810/2251/1425 1808/2249/1425
f 1845/2296/1426 1844/2297/1426 1846/2298/1426 1847/2299/1426
f 1845/2296/1427 1847/2299/1427 1812/2255/1427 1810/2254/1427
f 1847/2299/1428 1846/2298/1428 1848/2300/1428 1849/2301/1428
f 1847/2299/1429 1849/2301/1429 1814/2257/1429 1812/2255/1429
f 1849/2301/1430 1848/2300/1430 1850/2302/1430 1851/2303/1430
f 1849/2301/1431 1851/2303/1431 1818/2261/1431 1814/2257/1431
f 1851/2303/1432 1850/2302/1432 1852/2304/1432 1853/2305/1432
f 1851/2303/1433 1853/2305/1433 1819/2262/1433 1818/2261/1433
f 1853/2306/1434 1852/2307/1434 1854/2308/1434 1824/2269/1434
f 1853/2306/1435 1824/2269/1435 1821/2266/1435 1819/2265/1435
f 1854/2308/1436 1852/2307/1436 1855/2309/1436 1856/2310/1436
f 1854/2308/1437 1856/2310/1437 1857/2311/1437 1827/2272/1437
f 1854/2308/1438 1827/2272/1438 1825/2270/1438 1824/2269/1438
f 1857/2311/1439 1856/2310/1439 1858/2312/1439 1859/2313/1439
f 1857/2311/1440 1859/2313/1440 1860/2314/1440 1861/2315/1440
f 1857/2311/1441 1861/2315/1441 1828/2273/1441 1827/2272/1441
f 1861/2315/1442 1860/2314/1442 1862/2316/1442 1863/2317/1442
f 1861/2315/1443 1863/2317/1443 1829/2274/1443 1828/2273/1443
f 1863/2318/1444 1862/2319/1444 1864/2320/1444 1834/2281/1444
f 1863/2318/1445 1834/2281/1445 1831/2278/1445 1829/2277/1445
f 1864/2320/1446 1862/2319/1446 1865/2321/1446 1866/2322/1446
f 1864/2320/1447 1866/2322/1447 1867/2323/1447 1868/2324/1447
f 1864/2320/1448 1868/2324/1448 1835/2282/1448 1834/2281/1448
f 1868/2324/1449 1867/2323/1449 1869/2325/1449 1870/2326/1449
f 1868/2324/1450 1870/2326/1450 1836/2283/1450 1835/2282/1450
f 1870/2327/1451 1869/2328/1451 1871/2329/1451 1872/2330/1451
f 1870/2327/1452 1872/2330/1452 1838/2287/1452 1836/2286/1452
f 1872/2330/1453 1871/2329/1453 1873/2331/1453 1874/2332/1453
f 1872/2330/1454 1874/2332/1454 1840/2290/1454 1838/2287/1454
f 1874/2332/1455 1873/2331/1455 1875/2333/1455 1876/2334/1455
f 1874/2332/1456 1876/2334/1456 1842/2292/1456 1840/2290/1456
f 1876/2334/1457 1875/2333/1457 1877/2335/1457 1878/2336/1457
f 1876/2334/1458 1878/2336/1458 1844/2294/1458 1842/2292/1458
f 1878/2337/1459 1877/2338/1459 1879/2339/1459 1880/2340/1459
f 1878/2337/1460 1880/2340/1460 1846/2298/1460 1844/2297/1460
f 1880/2340/1461 1879/2339/1461 1881/2341/1461 1882/2342/1461
f 1880/2340/1462 1882/2342/1462 1848/2300/1462 1846/2298/1462
f 1882/2342/1463 1881/2341/1463 1883/2343/1463 1884/2344/1463
f 1882/2342/1464 1884/2344/1464 1850/2302/1464 1848/2300/1464
f 1884/2344/1465 1883/2343/1465 1885/2345/1465 1855/2346/1465
f 1884/2344/1466 1855/2346/1466 1852/2304/1466 1850/2302/1466
f 1885/2345/1467 1883/2343/1467 1886/2347/1467 1887/2348/1467
f 1885/2349/1468 1887/2350/1468 1888/2351/1468 1858/2312/1468
f 1885/2349/1469 1858/2312/1469 1856/2310/1469 1855/2309/1469
f 1888/2351/1470 1887/2350/1470 1889/2352/1470 1890/2353/1470
f 1888/2351/1471 1890/2353/1471 1891/2354/1471 1892/2355/1471
f 1888/2351/1472 1892/2355/1472 1859/2313/1472 1858/2312/1472
f 1892/2355/1473 1891/2354/1473 1893/2356/1473 1894/2357/1473
f 1892/2355/1474 1894/2357/1474 1860/2314/1474 1859/2313/1474
f 1894/2357/1475 1893/2356/1475 1895/2358/1475 1865/2359/1475
f 1894/2357/1476 1865/2359/1476 1862/2316/1476 1860/2314/1476
f 1895/2358/1477 1893/2356/1477 1896/2360/1477 1897/2361/1477
f 1895/2362/1478 1897/2363/1478 1898/2364/1478 1899/2365/1478
f 1895/2362/1479 1899/2365/1479 1866/2322/1479 1865/2321/1479
f 1899/2365/1480 1898/2364/1480 1900/2366/1480 1901/2367/1480
f 1899/2365/1481 1901/2367/1481 1867/2323/1481 1866/2322/1481
f 1901/2367/1482 1900/2366/1482 1902/2368/1482 1903/2369/1482
f 1901/2367/1483 1903/2369/1483 1869/2325/1483 1867/2323/1483
f 1903/2370/1484 1902/2371/1484 1904/2372/1484 1905/2373/1484
f 1903/2370/1485 1905/2373/1485 1871/2329/1485 1869/2328/1485
f 1905/2373/1486 1904/2372/1486 1906/2374/1486 1907/2375/1486
f 1905/2373/1487 1907/2375/1487 1873/2331/1487 1871/2329/1487
f 1907/2375/1488 1906/2374/1488 1908/2376/1488 1909/2377/1488
f 1907/2375/1489 1909/2377/1489 1875/2333/1489 1873/2331/1489
f 1909/2377/1490 1908/2376/1490 1910/2378/1490 1911/2379/1490
f 1909/2377/1491 1911/2379/1491 1877/2335/1491 1875/2333/1491
f 1911/2379/1492 1910/2378/1492 1912/2380/1492 1913/2381/1492
f 1911/2382/1493 1913/2383/1493 1879/2339/1493 1877/2338/1493
f 1913/2383/1494 1912/2384/1494 1914/2385/1494 1915/2386/1494
f 1913/2383/1495 1915/2386/1495 1881/2341/1495 1879/2339/1495
f 1915/2386/1496 1914/2385/1496 1916/2387/1496 1886/2347/1496
f 1915/2386/1497 1886/2347/1497 1883/2343/1497 1881/2341/1497
f 1916/2387/1498 1914/2385/1498 1917/2388/1498 1918/2389/1498
f 1916/2387/1499 1918/2389/1499 1919/2390/1499 1889/2391/1499
f 1916/2387/1500 1889/2391/1500 1887/2348/1500 1886/2347/1500
f 1919/2390/1501 1918/2389/1501 1920/2392/1501 1921/2393/1501
f 1919/2394/1502 1921/2395/1502 1922/2396/1502 1923/2397/1502
f 1919/2394/1503 1923/2397/1503 1890/2353/1503 1889/2352/1503
f 1923/2397/1504 1922/2396/1504 1924/2398/1504 1925/2399/1504
f 1923/2397/1505 1925/2399/1505 1891/2354/1505 1890/2353/1505
f 1925/2399/1506 1924/2398/1506 1926/2400/1506 1896/2360/1506
f 1925/2399/1507 1896/2360/1507 1893/2356/1507 1891/2354/1507
f 1926/2400/1508 1924/2398/1508 1927/2401/1508 1928/2402/1508
f 1926/2400/1509 1928/2402/1509 1929/2403/1509 1930/2404/1509
f 1926/2400/1510 1930/2404/1510 1897/2361/1510 1896/2360/1510
f 1930/2405/1511 1929/2406/1511 1931/2407/1511 1932/2408/1511
f 1930/2409/1512 1932/2410/1512 1898/2364/1512 1897/2363/1512
f 1932/2408/1513 1931/2407/1513 1933/2411/1513 1934/2412/1513
f 1932/2410/1514 1934/2413/1514 1900/2366/1514 1898/2364/1514
f 1934/2412/1515 1933/2411/1515 1935/2414/1515 1936/2415/1515
f 1934/2413/1516 1936/2416/1516 1902/2368/1516 1900/2366/1516
f 1936/2417/1517 1935/2418/1517 1937/2419/1517 1938/2420/1517
f 1936/2417/1518 1938/2420/1518 1904/2372/1518 1902/2371/1518
f 1938/2420/1519 1937/2419/1519 1939/2421/1519 1940/2422/1519
f 1938/2420/1520 1940/2422/1520 1906/2374/1520 1904/2372/1520
f 1940/2422/1521 1939/2421/1521 1941/2423/1521 1942/2424/1521
f 1940/2422/1522 1942/2424/1522 1908/2376/1522 1906/2374/1522
f 1942/2424/1523 1941/2423/1523 1943/2425/1523 1944/2426/1523
f 1942/2424/1524 1944/2426/1524 1910/2378/1524 1908/2376/1524
f 1944/2426/1525 1943/2425/1525 1945/2427/1525 1946/2428/1525
f 1944/2426/1526 1946/2428/1526 1912/2380/1526 1910/2378/1526
f 1946/2429/1527 1945/2430/1527 1947/2431/1527 1917/2388/1527
f 1946/2429/1528 1917/2388/1528 1914/2385/1528 1912/2384/1528
f 1947/2432/1529 1945/2433/1529 1948/2434/1529 1949/2435/1529
f 1947/2432/1530 1949/2435/1530 1950/2436/1530 1920/2437/1530
f 1947/2431/1531 1920/2392/1531 1918/2389/1531 1917/2388/1531
f 1950/2436/1532 1949/2435/1532 1951/2438/1532 1952/2439/1532
f 1950/2436/1533 1952/2439/1533 1953/2440/1533 1954/2441/1533
f 1950/2436/1534 1954/2441/1534 1921/2442/1534 1920/2437/1534
f 1954/2443/1535 1953/2444/1535 1955/2445/1535 1956/2446/1535
f 1954/2443/1536 1956/2446/1536 1922/2396/1536 1921/2395/1536
f 1956/2446/1537 1955/2445/1537 1957/2447/1537 1927/2401/1537
f 1956/2446/1538 1927/2401/1538 1924/2398/1538 1922/2396/1538
f 1957/2447/1539 1955/2445/1539 1958/2448/1539 1959/2449/1539
f 1957/2447/1540 1959/2449/1540 1960/2450/1540 1961/2451/1540
f 1957/2447/1541 1961/2451/1541 1928/2402/1541 1927/2401/1541
f 1961/2451/1542 1960/2450/1542 1962/2452/1542 1963/2453/1542
f 1961/2451/1543 1963/2453/1543 1929/2403/1543 1928/2402/1543
f 1963/2454/1544 1962/2455/1544 1964/2456/1544 1965/2457/1544
f 1963/2454/1545 1965/2457/1545 1931/2407/1545 1929/2406/1545
f 1965/2457/1546 1964/2456/1546 1966/2458/1546 1967/2459/1546
f 1965/2457/1547 1967/2459/1547 1933/2411/1547 1931/2407/1547
f 1967/2459/1548 1966/2458/1548 1968/2460/1548 1969/2461/1548
f 1967/2459/1549 1969/2461/1549 1935/2414/1549 1933/2411/1549
f 1969/2462/1550 1968/2463/1550 1970/2464/1550 1971/2465/1550
f 1969/2462/1551 1971/2465/1551 1937/2419/1551 1935/2418/1551
f 1971/2465/1552 1970/2464/1552 1972/2466/1552 1973/2467/1552
f 1971/2465/1553 1973/2467/1553 1939/2421/1553 1937/2419/1553
f 1973/2467/1554 1972/2466/1554 1974/2468/1554 1975/2469/1554
f 1973/2467/1555 1975/2469/1555 1941/2423/1555 1939/2421/1555
f 1975/2469/1556 1974/2468/1556 1976/2470/1556 1977/2471/1556
f 1975/2469/1557 1977/2471/1557 1943/2425/1557 1941/2423/1557
f 1977/2471/1558 1976/2470/1558 1978/2472/1558 1948/2473/1558
f 1977/2471/1559 1948/2473/1559 1945/2427/1559 1943/2425/1559
f 1978/2474/1560 1976/2475/1560 1979/2476/1560 1980/2477/1560
f 1978/2474/1561 1980/2477/1561 1981/2478/1561 1951/2438/1561
f 1978/2474/1562 1951/2438/1562 1949/2435/1562 1948/2434/1562
f 1981/2478/1563 1980/2477/1563 1982/2479/1563 1983/2480/1563
f 1981/2478/1564 1983/2480/1564 1984/2481/1564 1985/2482/1564
f 1981/2478/1565 1985/2482/1565 1952/2439/1565 1951/2438/1565
f 1985/2482/1566 1984/2481/1566 1986/2483/1566 1987/2484/1566
f 1985/2482/1567 1987/2484/1567 1953/2440/1567 1952/2439/1567
f 1987/2485/1568 1986/2486/1568 1988/2487/1568 1958/2448/1568
f 1987/2485/1569 1958/2448/1569 1955/2445/1569 1953/2444/1569
f 1988/2487/1570 1986/2486/1570 1989/2488/1570 1990/2489/1570
f 1988/2487/1571 1990/2489/1571 1991/2490/1571 1992/2491/1571
f 1988/2487/1572 1992/2491/1572 1959/2449/1572 1958/2448/1572
f 1992/2491/1573 1991/2490/1573 1993/2492/1573 1994/2493/1573
f 1992/2491/1574 1994/2493/1574 1960/2450/1574 1959/2449/1574
f 1994/2493/1575 1993/2492/1575 1995/2494/1575 1996/2495/1575
f 1994/2493/1576 1996/2495/1576 1962/2452/1576 1960/2450/1576
f 1996/2496/1577 1995/2497/1577 1997/2498/1577 1998/2499/1577
f 1996/2496/1578 1998/2499/1578 1964/2456/1578 1962/2455/1578
f 1998/2499/1579 1997/2498/1579 1999/2500/1579 2000/2501/1579
f 1998/2499/1580 2000/2501/1580 1966/2458/1580 1964/2456/1580
f 2000/2501/1581 1999/2500/1581 2001/2502/1581 2002/2503/1581
f 2000/2501/1582 2002/2503/1582 1968/2460/1582 1966/2458/1582
f 2002/2503/1583 2001/2502/1583 2003/2504/1583 2004/2505/1583
f 2002/2506/1584 2004/2507/1584 1970/2464/1584 1968/2463/1584
f 2004/2507/1585 2003/2508/1585 2005/2509/1585 2006/2510/1585
f 2004/2507/1586 2006/2510/1586 1972/2466/1586 1970/2464/1586
f 2006/2510/1587 2005/2509/1587 2007/2511/1587 2008/2512/1587
f 2006/2510/1588 2008/2512/1588 1974/2468/1588 1972/2466/1588
f 2008/2512/1589 2007/2511/1589 2009/2513/1589 1979/2514/1589
f 2008/2512/1590 1979/2514/1590 1976/2470/1590 1974/2468/1590
f 2009/2513/1591 2007/2511/1591 2010/2515/1591 2011/2516/1591
f 2009/2517/1592 2011/2518/1592 2012/2519/1592 1982/2479/1592
f 2009/2517/1593 1982/2479/1593 1980/2477/1593 1979/2476/1593
f 2012/2520/1594 2011/2516/1594 2013/2521/1594 2014/2522/1594
f 2012/2519/1595 2014/2523/1595 2015/2524/1595 2016/2525/1595
f 2012/2519/1596 2016/2525/1596 1983/2480/1596 1982/2479/1596
f 2016/2525/1597 2015/2524/1597 2017/2526/1597 2018/2527/1597
f 2016/2525/1598 2018/2527/1598 1984/2481/1598 1983/2480/1598
f 2018/2527/1599 2017/2526/1599 2019/2528/1599 1989/2529/1599
f 2018/2527/1600 1989/2529/1600 1986/2483/1600 1984/2481/1600
f 2019/2528/1601 2017/2526/1601 2020/2530/1601 2021/2531/1601
f 2019/2532/1602 2021/2533/1602 2022/2534/1602 2023/2535/1602
f 2019/2532/1603 2023/2535/1603 1990/2489/1603 1989/2488/1603
f 2023/2535/1604 2022/2534/1604 2024/2536/1604 2025/2537/1604
f 2023/2535/1605 2025/2537/1605 1991/2490/1605 1990/2489/1605
f 2025/2537/1606 2024/2536/1606 2026/2538/1606 2027/2539/1606
f 2025/2537/1607 2027/2539/1607 1993/2492/1607 1991/2490/1607
f 2027/2539/1608 2026/2538/1608 2028/2540/1608 2029/2541/1608
f 2027/2539/1609 2029/2541/1609 1995/2494/1609 1993/2492/1609
f 2029/2542/1610 2028/2543/1610 2030/2544/1610 2031/2545/1610
f 2029/2542/1611 2031/2545/1611 1997/2498/1611 1995/2497/1611
f 2031/2545/1612 2030/2544/1612 2032/2546/1612 2033/2547/1612
f 2031/2545/1613 2033/2547/1613 1999/2500/1613 1997/2498/1613
f 2033/2547/1614 2032/2546/1614 2034/2548/1614 2035/2549/1614
f 2033/2547/1615 2035/2549/1615 2001/2502/1615 1999/2500/1615
f 2035/2549/1616 2034/2548/1616 2036/2550/1616 2037/2551/1616
f 2035/2549/1617 2037/2551/1617 2003/2504/1617 2001/2502/1617
f 2037/2552/1618 2036/2553/1618 2038/2554/1618 2039/2555/1618
f 2037/2552/1619 2039/2555/1619 2005/2509/1619 2003/2508/1619
f 2039/2555/1620 2038/2554/1620 2040/2556/1620 2010/2515/1620
f 2039/2555/1621 2010/2515/1621 2007/2511/1621 2005/2509/1621
f 2040/2556/1622 2038/2554/1622 2041/2557/1622 2042/2558/1622
f 2040/2556/1623 2042/2558/1623 2043/2559/1623 2013/2521/1623
f 2040/2556/1624 2013/2521/1624 2011/2516/1624 2010/2515/1624
f 2043/2559/1625 2042/2558/1625 2044/2560/1625 2045/2561/1625
f 2043/2559/1626 2045/2561/1626 2046/2562/1626 2047/2563/1626
f 2043/2559/1627 2047/2563/1627 2014/2522/1627 2013/2521/1627
f 2047/2564/1628 2046/2565/1628 2048/2566/1628 2049/2567/1628
f 2047/2564/1629 2049/2567/1629 2015/2524/1629 2014/2523/1629
f 2049/2567/1630 2048/2566/1630 2050/2568/1630 2020/2530/1630
f 2049/2567/1631 2020/2530/1631 2017/2526/1631 2015/2524/1631
f 2050/2568/1632 2048/2566/1632 2051/2569/1632 2052/2570/1632
f 2050/2568/1633 2052/2570/1633 2053/2571/1633 2054/2572/1633
f 2050/2568/1634 2054/2572/1634 2021/2531/1634 2020/2530/1634
f 2054/2573/1635 2053/2574/1635 2055/2575/1635 2056/2576/1635
f 2054/2573/1636 2056/2576/1636 2022/2534/1636 2021/2533/1636
f 2056/2576/1637 2055/2575/1637 2057/2577/1637 2058/2578/1637
f 2056/2576/1638 2058/2578/1638 2024/2536/1638 2022/2534/1638
f 2058/2578/1639 2057/2577/1639 2059/2579/1639 2060/2580/1639
f 2058/2578/1640 2060/2580/1640 2026/2538/1640 2024/2536/1640
f 2060/2580/1641 2059/2579/1641 2061/2581/1641 2062/2582/1641
f 2060/2580/1642 2062/2582/1642 2028/2540/1642 2026/2538/1642
f 2062/2583/1643 2061/2584/1643 2063/2585/1643 2064/2586/1643
f 2062/2583/1644 2064/2586/1644 2030/2544/1644 2028/2543/1644
f 2064/2586/1645 2063/2585/1645 2065/2587/1645 2066/2588/1645
f 2064/2586/1646 2066/2588/1646 2032/2546/1646 2030/2544/1646
f 2066/2588/1647 2065/2587/1647 2067/2589/1647 2068/2590/1647
f 2066/2588/1648 2068/2590/1648 2034/2548/1648 2032/2546/1648
f 2068/2590/1649 2067/2589/1649 2069/2591/1649 2070/2592/1649
f 2068/2590/1650 2070/2592/1650 2036/2550/1650 2034/2548/1650
f 2070/2593/1651 2069/2594/1651 2071/2595/1651 2041/2557/1651
f 2070/2593/1652 2041/2557/1652 2038/2554/1652 2036/2553/1652
f 2071/2595/1653 2069/2594/1653 2072/2596/1653 2073/2597/1653
f 2071/2595/1654 2073/2597/1654 2074/2598/1654 2044/2560/1654
f 2071/2595/1655 2044/2560/1655 2042/2558/1655 2041/2557/1655
f 2074/2598/1656 2073/2597/1656 2075/2599/1656 2076/2600/1656
f 2074/2598/1657 2076/2600/1657 2077/2601/1657 2078/2602/1657
f 2074/2598/1658 2078/2602/1658 2045/2561/1658 2044/2560/1658
f 2078/2602/1659 2077/2601/1659 2079/2603/1659 2080/2604/1659
f 2078/2602/1660 2080/2604/1660 2046/2562/1660 2045/2561/1660
f 2080/2605/1661 2079/2606/1661 2081/2607/1661 2051/2569/1661
f 2080/2605/1662 2051/2569/1662 2048/2566/1662 2046/2565/1662
f 2081/2607/1663 2079/2606/1663 2082/2608/1663 2083/2609/1663
f 2081/2607/1664 2083/2609/1664 2084/2610/1664 2085/2611/1664
f 2081/2607/1665 2085/2611/1665 2052/2570/1665 2051/2569/1665
f 2085/2611/1666 2084/2610/1666 2086/2612/1666 2087/2613/1666
f 2085/2611/1667 2087/2613/1667 2053/2571/1667 2052/2570/1667
f 2087/2614/1668 2086/2615/1668 2088/2616/1668 2089/2617/1668
f 2087/2614/1669 2089/2617/1669 2055/2575/1669 2053/2574/1669
f 2089/2617/1670 2088/2616/1670 2090/2618/1670 2091/2619/1670
f 2089/2617/1671 2091/2619/1671 2057/2577/1671 2055/2575/1671
f 2091/2619/1672 2090/2618/1672 2092/2620/1672 2093/2621/1672
f 2091/2619/1673 2093/2621/1673 2059/2579/1673 2057/2577/1673
f 2093/2621/1674 2092/2620/1674 2094/2622/1674 2095/2623/1674
f 2093/2621/1675 2095/2623/1675 2061/2581/1675 2059/2579/1675
f 2095/2624/1676 2094/2625/1676 2096/2626/1676 2097/2627/1676
f 2095/2624/1677 2097/2627/1677 2063/2585/1677 2061/2584/1677
f 2097/2627/1678 2096/2626/1678 2098/2628/1678 2099/2629/1678
f 2097/2627/1679 2099/2629/1679 2065/2587/1679 2063/2585/1679
f 2099/2629/1680 2098/2628/1680 2100/2630/1680 2101/2631/1680
f 2099/2629/1681 2101/2631/1681 2067/2589/1681 2065/2587/1681
f 2101/2631/1682 2100/2630/1682 2102/2632/1682 2072/2633/1682
f 2101/2631/1683 2072/2633/1683 2069/2591/1683 2067/2589/1683
f 2102/2632/1684 2100/2630/1684 2103/2634/1684 2104/2635/1684
f 2102/2636/1685 2104/2637/1685 2105/2638/1685 2075/2599/1685
f 2102/2636/1686 2075/2599/1686 2073/2597/1686 2072/2596/1686
f 2105/2638/1687 2104/2637/1687 2106/2639/1687 2107/2640/1687
f 2105/2638/1688 2107/2640/1688 2108/2641/1688 2109/2642/1688
f 2105/2638/1689 2109/2642/1689 2076/2600/1689 2075/2599/1689
f 2109/2642/1690 2108/2641/1690 2110/2643/1690 2111/2644/1690
f 2109/2642/1691 2111/2644/1691 2077/2601/1691 2076/2600/1691
f 2111/2644/1692 2110/2643/1692 2112/2645/1692 2082/2646/1692
f 2111/2647/1693 2082/2608/1693 2079/2606/1693 2077/2648/1693
f 2112/2649/1694 2110/2650/1694 2113/2651/1694 2114/2652/1694
f 2112/2649/1695 2114/2652/1695 2115/2653/1695 2116/2654/1695
f 2112/2655/1696 2116/2656/1696 2083/2609/1696 2082/2608/1696
f 2116/2654/1697 2115/2653/1697 2117/2657/1697 2118/2658/1697
f 2116/2656/1698 2118/2659/1698 2084/2610/1698 2083/2609/1698
f 2118/2658/1699 2117/2657/1699 2119/2660/1699 2120/2661/1699
f 2118/2659/1700 2120/2662/1700 2086/2612/1700 2084/2610/1700
f 2120/2661/1701 2119/2660/1701 2121/2663/1701 2122/2664/1701
f 2120/2662/1702 2122/2665/1702 2088/2666/1702 2086/2612/1702
f 2122/2664/1703 2121/2663/1703 2123/2667/1703 2124/2668/1703
f 2122/2669/1704 2124/2670/1704 2090/2618/1704 2088/2616/1704
f 2124/2668/1705 2123/2667/1705 2125/2671/1705 2126/2672/1705
f 2124/2670/1706 2126/2673/1706 2092/2620/1706 2090/2618/1706
f 2126/2672/1707 2125/2671/1707 2127/2674/1707 2128/2675/1707
f 2126/2673/1708 2128/2676/1708 2094/2622/1708 2092/2620/1708
f 2128/2677/1709 2127/2678/1709 2129/2679/1709 2130/2680/1709
f 2128/2677/1710 2130/2680/1710 2096/2626/1710 2094/2625/1710
f 2130/2680/1711 2129/2679/1711 2131/2681/1711 2132/2682/1711
f 2130/2680/1712 2132/2682/1712 2098/2628/1712 2096/2626/1712
f 2132/2682/1713 2131/2681/1713 2133/2683/1713 2103/2634/1713
f 2132/2682/1714 2103/2634/1714 2100/2630/1714 2098/2628/1714
f 2133/2684/1715 2131/2685/1715 2134/2686/1715 2135/2687/1715
f 2133/2684/1716 2135/2687/1716 2136/2688/1716 2106/2689/1716
f 2133/2683/1717 2106/2690/1717 2104/2635/1717 2103/2634/1717
f 2136/2688/1718 2135/2687/1718 2137/2691/1718 2138/2692/1718
f 2136/2688/1719 2138/2692/1719 2139/2693/1719 2140/2694/1719
f 2136/2688/1720 2140/2694/1720 2107/2695/1720 2106/2689/1720
f 2140/2694/1721 2139/2693/1721 2141/2696/1721 2142/2697/1721
f 2140/2694/1722 2142/2697/1722 2108/2698/1722 2107/2695/1722
f 2142/2697/1723 2141/2696/1723 2143/2699/1723 2113/2651/1723
f 2142/2697/1724 2113/2651/1724 2110/2650/1724 2108/2698/1724
f 2143/2699/1725 2141/2696/1725 2144/2700/1725 2145/2701/1725
f 2143/2699/1726 2145/2701/1726 2146/2702/1726 2147/2703/1726
f 2143/2699/1727 2147/2703/1727 2114/2652/1727 2113/2651/1727
f 2147/2703/1728 2146/2702/1728 2148/2704/1728 2149/2705/1728
f 2147/2703/1729 2149/2705/1729 2115/2653/1729 2114/2652/1729
f 2149/2705/1730 2148/2704/1730 2150/2706/1730 2151/2707/1730
f 2149/2705/1731 2151/2707/1731 2117/2657/1731 2115/2653/1731
f 2151/2707/1732 2150/2706/1732 2152/2708/1732 2153/2709/1732
f 2151/2707/1733 2153/2709/1733 2119/2660/1733 2117/2657/1733
f 2153/2709/1734 2152/2708/1734 2154/2710/1734 2155/2711/1734
f 2153/2709/1735 2155/2711/1735 2121/2663/1735 2119/2660/1735
f 2155/2711/1736 2154/2710/1736 2156/2712/1736 2157/2713/1736
f 2155/2711/1737 2157/2713/1737 2123/2667/1737 2121/2663/1737
f 2157/2713/1738 2156/2712/1738 2158/2714/1738 2159/2715/1738
f 2157/2713/1739 2159/2715/1739 2125/2671/1739 2123/2667/1739
f 2159/2715/1740 2158/2714/1740 2160/2716/1740 2161/2717/1740
f 2159/2715/1741 2161/2717/1741 2127/2674/1741 2125/2671/1741
f 2161/2717/1742 2160/2716/1742 2162/2718/1742 2163/2719/1742
f 2161/2717/1743 2163/2719/1743 2129/2720/1743 2127/2674/1743
f 2163/2719/1744 2162/2718/1744 2164/2721/1744 2134/2686/1744
f 2163/2719/1745 2134/2686/1745 2131/2685/1745 2129/2720/1745
f 2164/2721/1746 2162/2718/1746 2165/2722/1746 2166/2723/1746
f 2164/2721/1747 2166/2723/1747 2167/2724/1747 2137/2691/1747
f 2164/2721/1748 2137/2691/1748 2135/2687/1748 2134/2686/1748
f 2167/2725/1749 2166/2726/1749 2168/2727/1749 2169/2728/1749
f 2167/2725/1750 2169/2728/1750 2170/2729/1750 2171/2730/1750
f 2167/2724/1751 2171/2731/1751 2138/2692/1751 2137/2691/1751
f 2171/2732/1752 2170/2733/1752 2172/2734/1752 2173/2735/1752
f 2171/2731/1753 2173/2736/1753 2139/2693/1753 2138/2692/1753
f 2173/2735/1754 2172/2734/1754 2174/2737/1754 2144/2738/1754
f 2173/2736/1755 2144/2700/1755 2141/2696/1755 2139/2693/1755
f 2174/2737/1756 2172/2734/1756 2175/2739/1756 2176/2740/1756
f 2174/2737/1757 2176/2740/1757 2177/2741/1757 2178/2742/1757
f 2174/2737/1758 2178/2742/1758 2145/2743/1758 2144/2738/1758
f 2178/2742/1759 2177/2741/1759 2179/2744/1759 2180/2745/1759
f 2178/2742/1760 2180/2745/1760 2146/2746/1760 2145/2743/1760
f 2180/2747/1761 2179/2748/1761 2181/2749/1761 2182/2750/1761
f 2180/2747/1762 2182/2750/1762 2148/2751/1762 2146/2752/1762
f 2182/2750/1763 2181/2749/1763 2183/2753/1763 2184/2754/1763
f 2182/2750/1764 2184/2754/1764 2150/2755/1764 2148/2751/1764
f 2184/2754/1765 2183/2753/1765 2185/2756/1765 2186/2757/1765
f 2184/2754/1766 2186/2757/1766 2152/2758/1766 2150/2755/1766
f 2186/2757/1767 2185/2756/1767 2187/2759/1767 2188/2760/1767
f 2186/2761/1768 2188/2762/1768 2154/2710/1768 2152/2708/1768
f 2188/2763/1769 2187/2764/1769 2189/2765/1769 2190/2766/1769
f 2188/2762/1770 2190/2767/1770 2156/2712/1770 2154/2710/1770
f 2190/2766/1771 2189/2765/1771 2191/2768/1771 2192/2769/1771
f 2190/2767/1772 2192/2770/1772 2158/2714/1772 2156/2712/1772
f 2192/2769/1773 2191/2768/1773 2193/2771/1773 2194/2772/1773
f 2192/2770/1774 2194/2773/1774 2160/2716/1774 2158/2714/1774
f 2194/2774/1775 2193/2775/1775 2195/2776/1775 2165/2777/1775
f 2194/2773/1776 2165/2722/1776 2162/2718/1776 2160/2716/1776
f 2195/2776/1777 2193/2775/1777 2196/2778/1777 2197/2779/1777
f 2195/2776/1778 2197/2779/1778 2198/2780/1778 2168/2727/1778
f 2195/2776/1779 2168/2727/1779 2166/2726/1779 2165/2777/1779
f 2198/2780/1780 2197/2779/1780 2199/2781/1780 2200/2782/1780
f 2198/2780/1781 2200/2782/1781 2201/2783/1781 2202/2784/1781
f 2198/2780/1782 2202/2784/1782 2169/2728/1782 2168/2727/1782
f 2202/2784/1783 2201/2783/1783 2203/2785/1783 2204/2786/1783
f 2202/2784/1784 2204/2786/1784 2170/2729/1784 2169/2728/1784
f 2204/2787/1785 2203/2788/1785 2205/2789/1785 2175/2739/1785
f 2204/2787/1786 2175/2739/1786 2172/2734/1786 2170/2733/1786
f 2205/2789/1787 2203/2788/1787 2206/2790/1787 2207/2791/1787
f 2205/2789/1788 2207/2791/1788 2208/2792/1788 2209/2793/1788
f 2205/2789/1789 2209/2793/1789 2176/2740/1789 2175/2739/1789
f 2209/2793/1790 2208/2792/1790 2210/2794/1790 2211/2795/1790
f 2209/2793/1791 2211/2795/1791 2177/2741/1791 2176/2740/1791
f 2211/2795/1792 2210/2794/1792 2212/2796/1792 2213/2797/1792
f 2211/2795/1793 2213/2797/1793 2179/2744/1793 2177/2741/1793
f 2213/2798/1794 2212/2799/1794 2214/2800/1794 2215/2801/1794
f 2213/2798/1795 2215/2801/1795 2181/2749/1795 2179/2748/1795
f 2215/2801/1796 2214/2800/1796 2216/2802/1796 2217/2803/1796
f 2215/2801/1797 2217/2803/1797 2183/2753/1797 2181/2749/1797
f 2217/2803/1798 2216/2802/1798 2218/2804/1798 2219/2805/1798
f 2217/2803/1799 2219/2805/1799 2185/2756/1799 2183/2753/1799
f 2219/2805/1800 2218/2804/1800 2220/2806/1800 2221/2807/1800
f 2219/2805/1801 2221/2807/1801 2187/2759/1801 2185/2756/1801
f 2221/2808/1802 2220/2809/1802 2222/2810/1802 2223/2811/1802
f 2221/2808/1803 2223/2811/1803 2189/2765/1803 2187/2764/1803
f 2223/2811/1804 2222/2810/1804 2224/2812/1804 2225/2813/1804
f 2223/2811/1805 2225/2813/1805 2191/2768/1805 2189/2765/1805
f 2225/2813/1806 2224/2812/1806 2226/2814/1806 2196/2815/1806
f 2225/2813/1807 2196/2815/1807 2193/2771/1807 2191/2768/1807
f 2226/2814/1808 2224/2812/1808 2227/2816/1808 2228/2817/1808
f 2226/2818/1809 2228/2819/1809 2229/2820/1809 2199/2781/1809
f 2226/2818/1810 2199/2781/1810 2197/2779/1810 2196/2778/1810
f 2229/2820/1811 2228/2819/1811 2230/2821/1811 2231/2822/1811
f 2229/2820/1812 2231/2822/1812 2232/2823/1812 2233/2824/1812
f 2229/2820/1813 2233/2824/1813 2200/2782/1813 2199/2781/1813
f 2233/2824/1814 2232/2823/1814 2234/2825/1814 2235/2826/1814
f 2233/2824/1815 2235/2826/1815 2201/2783/1815 2200/2782/1815
f 2235/2826/1816 2234/2825/1816 2236/2827/1816 2206/2828/1816
f 2235/2826/1817 2206/2828/1817 2203/2785/1817 2201/2783/1817
f 2236/2827/1818 2234/2825/1818 2237/2829/1818 2238/2830/1818
f 2236/2831/1819 2238/2832/1819 2239/2833/1819 2240/2834/1819
f 2236/2831/1820 2240/2834/1820 2207/2791/1820 2206/2790/1820
f 2240/2834/1821 2239/2833/1821 2241/2835/1821 2242/2836/1821
f 2240/2834/1822 2242/2836/1822 2208/2792/1822 2207/2791/1822
f 2242/2836/1823 2241/2835/1823 2243/2837/1823 2244/2838/1823
f 2242/2836/1824 2244/2838/1824 2210/2794/1824 2208/2792/1824
f 2244/2838/1825 2243/2837/1825 2245/2839/1825 2246/2840/1825
f 2244/2838/1826 2246/2840/1826 2212/2796/1826 2210/2794/1826
f 2246/2841/1827 2245/2842/1827 2247/2843/1827 2248/2844/1827
f 2246/2841/1828 2248/2844/1828 2214/2800/1828 2212/2799/1828
f 2248/2844/1829 2247/2843/1829 2249/2845/1829 2250/2846/1829
f 2248/2844/1830 2250/2846/1830 2216/2802/1830 2214/2800/1830
f 2250/2846/1831 2249/2845/1831 2251/2847/1831 2252/2848/1831
f 2250/2846/1832 2252/2848/1832 2218/2804/1832 2216/2802/1832
f 2252/2848/1833 2251/2847/1833 2253/2849/1833 2254/2850/1833
f 2252/2848/1834 2254/2850/1834 2220/2806/1834 2218/2804/1834
f 2254/2851/1835 2253/2852/1835 2255/2853/1835 2256/2854/1835
f 2254/2851/1836 2256/2854/1836 2222/2810/1836 2220/2809/1836
f 2256/2854/1837 2255/2853/1837 2257/2855/1837 2227/2816/1837
f 2256/2854/1838 2227/2816/1838 2224/2812/1838 2222/2810/1838
f 2257/2855/1839 2255/2853/1839 2258/2856/1839 2259/2857/1839
f 2257/2855/1840 2259/2857/1840 2260/2858/1840 2230/2859/1840
f 2257/2855/1841 2230/2859/1841 2228/2817/1841 2227/2816/1841
f 2260/2858/1842 2259/2857/1842 2261/2860/1842 2262/2861/1842
f 2260/2862/1843 2262/2863/1843 2263/2864/1843 2264/2865/1843
f 2260/2862/1844 2264/2865/1844 2231/2822/1844 2230/2821/1844
f 2264/2865/1845 2263/2864/1845 2265/2866/1845 2266/2867/1845
f 2264/2865/1846 2266/2867/1846 2232/2823/1846 2231/2822/1846
f 2266/2867/1847 2265/2866/1847 2267/2868/1847 2237/2829/1847
f 2266/2867/1848 2237/2829/1848 2234/2825/1848 2232/2823/1848
f 2267/2869/1849 2265/2870/1849 2268/2871/1849 2269/2872/1849
f 2267/2869/1850 2269/2872/1850 2270/2873/1850 2271/2874/1850
f 2267/2868/1851 2271/2875/1851 2238/2830/1851 2237/2829/1851
f 2271/2874/1852 2270/2873/1852 2272/2876/1852 2273/2877/1852
f 2271/2878/1853 2273/2879/1853 2239/2833/1853 2238/2832/1853
f 2273/2877/1854 2272/2876/1854 2274/2880/1854 2275/2881/1854
f 2273/2879/1855 2275/2882/1855 2241/2835/1855 2239/2833/1855
f 2275/2881/1856 2274/2880/1856 2276/2883/1856 2277/2884/1856
f 2275/2882/1857 2277/2885/1857 2243/2837/1857 2241/2835/1857
f 2277/2884/1858 2276/2883/1858 2278/2886/1858 2279/2887/1858
f 2277/2885/1859 2279/2888/1859 2245/2839/1859 2243/2837/1859
f 2279/2887/1860 2278/2886/1860 2280/2889/1860 2281/2890/1860
f 2279/2891/1861 2281/2892/1861 2247/2843/1861 2245/2842/1861
f 2281/2890/1862 2280/2889/1862 2282/2893/1862 2283/2894/1862
f 2281/2892/1863 2283/2895/1863 2249/2845/1863 2247/2843/1863
f 2283/2894/1864 2282/2893/1864 2284/2896/1864 2285/2897/1864
f 2283/2895/1865 2285/2898/1865 2251/2847/1865 2249/2845/1865
f 2285/2897/1866 2284/2896/1866 2286/2899/1866 2287/2900/1866
f 2285/2898/1867 2287/2901/1867 2253/2849/1867 2251/2847/1867
f 2287/2900/1868 2286/2899/1868 2288/2902/1868 2258/2903/1868
f 2287/2904/1869 2258/2856/1869 2255/2853/1869 2253/2852/1869
f 2288/2902/1870 2286/2899/1870 2289/2905/1870 2290/2906/1870
f 2288/2902/1871 2290/2906/1871 2291/2907/1871 2261/2908/1871
f 2288/2909/1872 2261/2860/1872 2259/2857/1872 2258/2856/1872
f 2291/2907/1873 2290/2906/1873 2292/2910/1873 2293/2911/1873
f 2291/2907/1874 2293/2911/1874 2294/2912/1874 2295/2913/1874
f 2291/2907/1875 2295/2913/1875 2262/2914/1875 2261/2908/1875
f 2295/2913/1876 2294/2912/1876 2296/2915/1876 2297/2916/1876
f 2295/2913/1877 2297/2916/1877 2263/2917/1877 2262/2914/1877
f 2297/2916/1878 2296/2915/1878 2298/2918/1878 2268/2871/1878
f 2297/2916/1879 2268/2871/1879 2265/2870/1879 2263/2917/1879
f 2298/2918/1880 2296/2915/1880 118/118/1880 2299/2919/1880
f 2298/2918/1881 2299/2919/1881 2300/2920/1881 2301/2921/1881
f 2298/2918/1882 2301/2921/1882 2269/2872/1882 2268/2871/1882
f 2301/2921/1883 2300/2920/1883 2302/2922/1883 2303/2923/1883
f 2301/2921/1884 2303/2923/1884 2270/2873/1884 2269/2872/1884
f 2303/2923/1885 2302/2922/1885 2304/2924/1885 2305/2925/1885
f 2303/2923/1886 2305/2925/1886 2272/2876/1886 2270/2873/1886
f 2305/2925/1887 2304/2924/1887 2306/2926/1887 2307/2927/1887
f 2305/2925/1888 2307/2927/1888 2274/2880/1888 2272/2876/1888
f 2307/2927/1889 2306/2926/1889 2308/2928/1889 2309/2929/1889
f 2307/2927/1890 2309/2929/1890 2276/2883/1890 2274/2880/1890
f 2309/2929/1891 2308/2928/1891 2310/2930/1891 2311/2931/1891
f 2309/2929/1892 2311/2931/1892 2278/2886/1892 2276/2883/1892
f 2311/2931/1893 2310/2930/1893 2312/2932/1893 2313/2933/1893
f 2311/2931/1894 2313/2933/1894 2280/2889/1894 2278/2886/1894
f 2313/2933/1895 2312/2932/1895 2314/2934/1895 2315/2935/1895
f 2313/2933/1896 2315/2935/1896 2282/2893/1896 2280/2889/1896
f 2315/2935/1897 2314/2934/1897 135/137/1897 2316/2936/1897
f 2315/2935/1898 2316/2936/1898 2284/2896/1898 2282/2893/1898
f 2316/2936/1899 135/137/1899 134/136/1899 2289/2905/1899
f 2316/2936/1900 2289/2905/1900 2286/2899/1900 2284/2896/1900
f 2314/2934/1901 2312/2932/1901 128/129/1901 2317/2937/1901
f 2314/2934/1902 2317/2937/1902 129/131/1902 135/137/1902
f 2317/2937/1903 128/129/1903 127/128/1903 2318/2938/1903
f 2317/2937/1904 2318/2938/1904 130/132/1904 129/131/1904
f 2318/2938/1905 127/128/1905 2319/2939/1905 2320/2940/1905
f 2318/2938/1906 2320/2940/1906 2321/2941/1906 130/132/1906
f 2321/2941/1907 2320/2940/1907 2322/2942/1907 2323/2943/1907
f 2321/2941/1908 2323/2943/1908 2324/2944/1908 2325/2945/1908
f 2321/2941/1909 2325/2945/1909 131/133/1909 130/132/1909
f 2325/2945/1910 2324/2944/1910 2326/2946/1910 2327/2947/1910
f 2325/2945/1911 2327/2947/1911 132/134/1911 131/133/1911
f 2327/2947/1912 2326/2946/1912 2328/2948/1912 2329/2949/1912
f 2327/2947/1913 2329/2949/1913 2330/2950/1913 132/134/1913
f 2330/2950/1914 2329/2949/1914 2331/2951/1914 2332/2952/1914
f 2330/2950/1915 2332/2952/1915 2333/2953/1915 2334/2954/1915
f 2330/2950/1916 2334/2954/1916 133/135/1916 132/134/1916
f 2334/2954/1917 2333/2953/1917 2335/2955/1917 2336/2956/1917
f 2334/2954/1918 2336/2956/1918 2337/2957/1918 133/135/1918
f 2337/2957/1919 2336/2956/1919 115/115/1919 114/114/1919
f 2337/2957/1920 114/114/1920 113/113/1920 2338/2958/1920
f 2337/2957/1921 2338/2958/1921 16/130/1921 133/135/1921
f 2338/2958/1922 113/113/1922 2293/2911/1922 2292/2910/1922
f 2338/2958/1923 2292/2910/1923 134/136/1923 16/130/1923
f 2336/2956/1924 2335/2955/1924 2339/2959/1924 115/115/1924
f 2339/2959/1925 2335/2955/1925 2340/2960/1925 2341/2961/1925
f 2339/2959/1926 2341/2961/1926 2342/2962/1926 2343/2963/1926
f 2339/2959/1927 2343/2963/1927 116/116/1927 115/115/1927
f 2343/2963/1928 2342/2962/1928 2344/2964/1928 2345/2965/1928
f 2343/2963/1929 2345/2965/1929 121/121/1929 116/116/1929
f 2345/2965/1930 2344/2964/1930 152/163/1930 151/162/1930
f 2345/2965/1931 151/162/1931 2346/2966/1931 121/121/1931
f 2346/2966/1932 151/162/1932 150/161/1932 2347/2967/1932
f 2346/2966/1933 2347/2967/1933 2348/2968/1933 2349/2969/1933
f 2346/2966/1934 2349/2969/1934 119/119/1934 121/121/1934
f 2349/2969/1935 2348/2968/1935 2350/2970/1935 2351/2971/1935
f 2349/2969/1936 2351/2971/1936 120/120/1936 119/119/1936
f 2351/2971/1937 2350/2970/1937 2352/2972/1937 2353/2973/1937
f 2351/2971/1938 2353/2973/1938 2354/2974/1938 120/120/1938
f 2354/2974/1939 2353/2973/1939 2355/2975/1939 109/110/1939
f 2354/2974/1940 109/110/1940 108/107/1940 2356/2976/1940
f 2354/2974/1941 2356/2976/1941 117/117/1941 120/120/1941
f 2356/2976/1942 108/107/1942 2300/2920/1942 2299/2919/1942
f 2356/2976/1943 2299/2919/1943 118/118/1943 117/117/1943
f 2355/2975/1944 2353/2973/1944 2352/2972/1944 2357/2977/1944
f 2355/2975/1945 2357/2977/1945 2358/2978/1945 2359/2979/1945
f 2355/2975/1946 2359/2979/1946 110/108/1946 109/110/1946
f 2359/2979/1947 2358/2978/1947 2360/2980/1947 2361/2981/1947
f 2359/2979/1948 2361/2981/1948 2362/2982/1948 110/108/1948
f 2362/2982/1949 2361/2981/1949 2363/2983/1949 2364/2984/1949
f 2362/2982/1950 2364/2984/1950 2365/2985/1950 2366/2986/1950
f 2362/2982/1951 2366/2986/1951 111/109/1951 110/108/1951
f 2366/2986/1952 2365/2985/1952 2367/2987/1952 2368/2988/1952
f 2366/2986/1953 2368/2988/1953 2369/2989/1953 111/109/1953
f 2369/2989/1954 2368/2988/1954 2370/2990/1954 2371/2991/1954
f 2369/2989/1955 2371/2991/1955 2372/2992/1955 2373/2993/1955
f 2369/2989/1956 2373/2993/1956 106/105/1956 111/109/1956
f 2373/2993/1957 2372/2992/1957 2374/2994/1957 2375/2995/1957
f 2373/2993/1958 2375/2995/1958 107/106/1958 106/105/1958
f 2375/2995/1959 2374/2994/1959 2306/2926/1959 2304/2924/1959
f 2375/2995/1960 2304/2924/1960 2302/2922/1960 107/106/1960
f 2374/2994/1961 2372/2992/1961 124/125/1961 123/124/1961
f 2374/2994/1962 123/124/1962 2308/2928/1962 2306/2926/1962
f 2372/2992/1963 2371/2991/1963 125/126/1963 124/125/1963
f 2371/2991/1964 2370/2990/1964 2376/2996/1964 125/126/1964
f 2376/2996/1965 2370/2990/1965 2377/2997/1965 2378/2998/1965
f 2376/2996/1966 2378/2998/1966 2379/2999/1966 2380/3000/1966
f 2376/2996/1967 2380/3000/1967 126/127/1967 125/126/1967
f 2380/3000/1968 2379/2999/1968 2381/3001/1968 2382/3002/1968
f 2380/3000/1969 2382/3002/1969 2383/3003/1969 126/127/1969
f 2383/3003/1970 2382/3002/1970 2384/3004/1970 2385/3005/1970
f 2383/3003/1971 2385/3005/1971 2386/3006/1971 2387/3007/1971
f 2383/3003/1972 2387/3007/1972 15/122/1972 126/127/1972
f 2387/3007/1973 2386/3006/1973 2388/3008/1973 2319/2939/1973
f 2387/3007/1974 2319/2939/1974 127/128/1974 15/122/1974
f 2388/3008/1975 2386/3006/1975 2389/3009/1975 2390/3010/1975
f 2388/3008/1976 2390/3010/1976 2391/3011/1976 2322/2942/1976
f 2388/3008/1977 2322/2942/1977 2320/2940/1977 2319/2939/1977
f 2391/3011/1978 2390/3010/1978 2392/3012/1978 2393/3013/1978
f 2391/3011/1979 2393/3013/1979 2394/3014/1979 2395/3015/1979
f 2391/3011/1980 2395/3015/1980 2323/2943/1980 2322/2942/1980
f 2395/3015/1981 2394/3014/1981 2396/3016/1981 2397/3017/1981
f 2395/3015/1982 2397/3017/1982 2324/2944/1982 2323/2943/1982
f 2397/3017/1983 2396/3016/1983 2398/3018/1983 2399/3019/1983
f 2397/3017/1984 2399/3019/1984 2326/2946/1984 2324/2944/1984
f 2399/3019/1985 2398/3018/1985 2400/3020/1985 2401/3021/1985
f 2399/3019/1986 2401/3021/1986 2328/2948/1986 2326/2946/1986
f 2401/3021/1987 2400/3020/1987 2402/3022/1987 2403/3023/1987
f 2401/3021/1988 2403/3023/1988 2404/3024/1988 2328/2948/1988
f 2404/3024/1989 2403/3023/1989 160/173/1989 2405/3025/1989
f 2404/3024/1990 2405/3025/1990 2406/3026/1990 2331/2951/1990
f 2404/3024/1991 2331/2951/1991 2329/2949/1991 2328/2948/1991
f 2406/3026/1992 2405/3025/1992 2407/3027/1992 2408/3028/1992
f 2406/3026/1993 2408/3028/1993 2409/3029/1993 2410/3030/1993
f 2406/3026/1994 2410/3030/1994 2332/2952/1994 2331/2951/1994
f 2410/3030/1995 2409/3029/1995 2411/3031/1995 2412/3032/1995
f 2410/3030/1996 2412/3032/1996 2333/2953/1996 2332/2952/1996
f 2412/3032/1997 2411/3031/1997 2413/3033/1997 2340/2960/1997
f 2412/3032/1998 2340/2960/1998 2335/2955/1998 2333/2953/1998
f 2413/3034/1999 2411/3035/1999 2414/3036/1999 2415/3037/1999
f 2413/3033/2000 2415/3038/2000 2416/3039/2000 2417/3040/2000
f 2413/3033/2001 2417/3040/2001 2341/2961/2001 2340/2960/2001
f 2417/3040/2002 2416/3039/2002 2418/3041/2002 2419/3042/2002
f 2417/3040/2003 2419/3042/2003 2342/2962/2003 2341/2961/2003
f 2419/3042/2004 2418/3041/2004 2420/3043/2004 2421/3044/2004
f 2419/3042/2005 2421/3044/2005 2344/2964/2005 2342/2962/2005
f 2421/3045/2006 2420/3046/2006 2422/3047/2006 153/3048/2006
f 2421/3044/2007 153/164/2007 152/163/2007 2344/2964/2007
f 2422/3047/2008 2420/3046/2008 2423/3049/2008 2424/3050/2008
f 2422/3047/2009 2424/3050/2009 2425/3051/2009 2426/3052/2009
f 2422/3047/2010 2426/3052/2010 154/3053/2010 153/3048/2010
f 2426/3054/2011 2425/3055/2011 2427/3056/2011 2428/3057/2011
f 2426/3054/2012 2428/3057/2012 155/3058/2012 154/3059/2012
f 2428/3057/2013 2427/3056/2013 2429/3060/2013 2430/3061/2013
f 2428/3057/2014 2430/3061/2014 2431/3062/2014 155/3058/2014
f 2431/3062/2015 2430/3061/2015 2432/3063/2015 2433/3064/2015
f 2431/3065/2016 2433/3066/2016 2348/2968/2016 2347/2967/2016
f 2431/3065/2017 2347/2967/2017 150/161/2017 155/166/2017
f 2433/3064/2018 2432/3063/2018 2434/3067/2018 2435/3068/2018
f 2433/3066/2019 2435/3069/2019 2350/2970/2019 2348/2968/2019
f 2435/3069/2020 2434/3070/2020 2436/3071/2020 2437/3072/2020
f 2435/3069/2021 2437/3072/2021 2352/2972/2021 2350/2970/2021
f 2437/3072/2022 2436/3071/2022 2438/3073/2022 2439/3074/2022
f 2437/3072/2023 2439/3074/2023 2357/2977/2023 2352/2972/2023
f 2439/3074/2024 2438/3073/2024 2440/3075/2024 2441/3076/2024
f 2439/3074/2025 2441/3076/2025 2358/2978/2025 2357/2977/2025
f 2441/3076/2026 2440/3075/2026 2442/3077/2026 2443/3078/2026
f 2441/3076/2027 2443/3078/2027 2360/2980/2027 2358/2978/2027
f 2443/3079/2028 2442/3080/2028 2444/3081/2028 2445/3082/2028
f 2443/3078/2029 2445/3083/2029 2446/3084/2029 2360/2980/2029
f 2446/3084/2030 2445/3083/2030 2447/3085/2030 149/158/2030
f 2446/3084/2031 149/158/2031 146/153/2031 2363/2983/2031
f 2446/3084/2032 2363/2983/2032 2361/2981/2032 2360/2980/2032
f 2447/3086/2033 2445/3082/2033 2444/3081/2033 2448/3087/2033
f 2447/3088/2034 2448/3089/2034 2449/3090/2034 2450/3091/2034
f 2447/3088/2035 2450/3091/2035 147/155/2035 149/3092/2035
f 2450/3091/2036 2449/3090/2036 2451/3093/2036 2452/3094/2036
f 2450/3091/2037 2452/3094/2037 148/156/2037 147/155/2037
f 2452/3094/2038 2451/3093/2038 2453/3095/2038 2454/3096/2038
f 2452/3094/2039 2454/3096/2039 2455/3097/2039 148/156/2039
f 2455/3097/2040 2454/3096/2040 2456/3098/2040 2457/3099/2040
f 2455/3097/2041 2457/3099/2041 2458/3100/2041 2459/3101/2041
f 2455/3097/2042 2459/3101/2042 144/157/2042 148/156/2042
f 2459/3102/2043 2458/3103/2043 2460/3104/2043 2461/3105/2043
f 2459/3102/2044 2461/3105/2044 145/152/2044 144/151/2044
f 2461/3105/2045 2460/3104/2045 2367/2987/2045 2365/2985/2045
f 2461/3105/2046 2365/2985/2046 2364/2984/2046 145/152/2046
f 2460/3104/2047 2458/3103/2047 136/147/2047 142/146/2047
f 2460/3104/2048 142/146/2048 2377/2997/2048 2367/2987/2048
f 2458/3100/2049 2457/3099/2049 137/140/2049 136/139/2049
f 2457/3099/2050 2456/3098/2050 2462/3106/2050 137/140/2050
f 2462/3106/2051 2456/3098/2051 2463/3107/2051 2464/3108/2051
f 2462/3106/2052 2464/3108/2052 2465/3109/2052 2466/3110/2052
f 2462/3106/2053 2466/3110/2053 138/141/2053 137/140/2053
f 2466/3110/2054 2465/3109/2054 2467/3111/2054 2468/3112/2054
f 2466/3110/2055 2468/3112/2055 139/142/2055 138/141/2055
f 2468/3112/2056 2467/3111/2056 2469/3113/2056 2470/3114/2056
f 2468/3112/2057 2470/3114/2057 2471/3115/2057 139/142/2057
f 2471/3115/2058 2470/3114/2058 2472/3116/2058 2473/3117/2058
f 2471/3115/2059 2473/3117/2059 2474/3118/2059 2475/3119/2059
f 2471/3115/2060 2475/3119/2060 140/143/2060 139/142/2060
f 2475/3120/2061 2474/3121/2061 2476/3122/2061 2477/3123/2061
f 2475/3120/2062 2477/3123/2062 143/149/2062 140/148/2062
f 2477/3123/2063 2476/3122/2063 2478/3124/2063 2381/3001/2063
f 2477/3123/2064 2381/3001/2064 2379/2999/2064 143/149/2064
f 2478/3124/2065 2476/3122/2065 164/182/2065 163/181/2065
f 2478/3124/2066 163/181/2066 2479/3125/2066 2384/3004/2066
f 2478/3124/2067 2384/3004/2067 2382/3002/2067 2381/3001/2067
f 2479/3125/2068 163/181/2068 162/180/2068 2480/3126/2068
f 2479/3125/2069 2480/3126/2069 2481/3127/2069 2482/3128/2069
f 2479/3125/2070 2482/3128/2070 2385/3005/2070 2384/3004/2070
f 2482/3128/2071 2481/3127/2071 2483/3129/2071 2389/3009/2071
f 2482/3128/2072 2389/3009/2072 2386/3006/2072 2385/3005/2072
f 2483/3129/2073 2481/3127/2073 2484/3130/2073 2485/3131/2073
f 2483/3129/2074 2485/3131/2074 2486/3132/2074 2392/3012/2074
f 2483/3129/2075 2392/3012/2075 2390/3010/2075 2389/3009/2075
f 2486/3133/2076 2485/3134/2076 2487/3135/2076 2488/3136/2076
f 2486/3133/2077 2488/3136/2077 2489/3137/2077 2490/3138/2077
f 2486/3132/2078 2490/3139/2078 2393/3013/2078 2392/3012/2078
f 2490/3138/2079 2489/3137/2079 2491/3140/2079 2492/3141/2079
f 2490/3138/2080 2492/3141/2080 2394/3142/2080 2393/3143/2080
f 2492/3141/2081 2491/3140/2081 2493/3144/2081 2494/3145/2081
f 2492/3141/2082 2494/3145/2082 2396/3146/2082 2394/3142/2082
f 2494/3145/2083 2493/3144/2083 2495/3147/2083 2496/3148/2083
f 2494/3145/2084 2496/3148/2084 2398/3149/2084 2396/3146/2084
f 2496/3148/2085 2495/3147/2085 2497/3150/2085 2498/3151/2085
f 2496/3148/2086 2498/3151/2086 2400/3152/2086 2398/3149/2086
f 2498/3151/2087 2497/3150/2087 2499/3153/2087 2500/3154/2087
f 2498/3151/2088 2500/3154/2088 2402/3155/2088 2400/3152/2088
f 2500/3154/2089 2499/3153/2089 2501/3156/2089 157/169/2089
f 2500/3154/2090 157/169/2090 156/168/2090 2402/3155/2090
f 2501/3156/2091 2499/3153/2091 2502/3157/2091 2503/3158/2091
f 2501/3156/2092 2503/3158/2092 2504/3159/2092 2505/3160/2092
f 2501/3156/2093 2505/3160/2093 158/170/2093 157/169/2093
f 2505/3161/2094 2504/3162/2094 2506/3163/2094 2507/3164/2094
f 2505/3161/2095 2507/3164/2095 161/177/2095 158/176/2095
f 2507/3164/2096 2506/3163/2096 2508/3165/2096 2509/3166/2096
f 2507/3164/2097 2509/3166/2097 2510/3167/2097 161/177/2097
f 2510/3167/2098 2509/3166/2098 2511/3168/2098 2512/3169/2098
f 2510/3170/2099 2512/3171/2099 2408/3028/2099 2407/3027/2099
f 2510/3170/2100 2407/3027/2100 159/172/2100 161/3172/2100
f 2512/3169/2101 2511/3168/2101 2513/3173/2101 2514/3174/2101
f 2512/3171/2102 2514/3175/2102 2409/3029/2102 2408/3028/2102
f 2514/3174/2103 2513/3173/2103 2515/3176/2103 2414/3036/2103
f 2514/3174/2104 2414/3036/2104 2411/3035/2104 2409/3177/2104
f 2515/3176/2105 2513/3173/2105 2516/3178/2105 2517/3179/2105
f 2515/3176/2106 2517/3179/2106 2518/3180/2106 2519/3181/2106
f 2515/3176/2107 2519/3181/2107 2415/3037/2107 2414/3036/2107
f 2519/3181/2108 2518/3180/2108 2520/3182/2108 2521/3183/2108
f 2519/3181/2109 2521/3183/2109 2416/3184/2109 2415/3037/2109
f 2521/3183/2110 2520/3182/2110 2522/3185/2110 2523/3186/2110
f 2521/3183/2111 2523/3186/2111 2418/3187/2111 2416/3184/2111
f 2523/3186/2112 2522/3185/2112 2524/3188/2112 2423/3049/2112
f 2523/3186/2113 2423/3049/2113 2420/3046/2113 2418/3187/2113
f 2524/3188/763 2522/3185/763 2525/3189/763 2526/3190/763
f 2524/3188/2114 2526/3190/2114 2527/3191/2114 2528/3192/2114
f 2524/3188/2115 2528/3192/2115 2424/3050/2115 2423/3049/2115
f 2528/3192/2116 2527/3191/2116 2529/3193/2116 2530/3194/2116
f 2528/3192/2117 2530/3194/2117 2425/3051/2117 2424/3050/2117
f 2530/3195/2118 2529/3196/2118 2531/3197/2118 2532/3198/2118
f 2530/3195/2119 2532/3198/2119 2427/3056/2119 2425/3055/2119
f 2532/3198/2120 2531/3197/2120 2533/3199/2120 2534/3200/2120
f 2532/3198/2121 2534/3200/2121 2429/3060/2121 2427/3056/2121
f 2534/3200/2122 2533/3199/2122 2535/3201/2122 2536/3202/2122
f 2534/3200/2123 2536/3202/2123 2537/3203/2123 2429/3060/2123
f 2537/3203/2124 2536/3202/2124 2538/3204/2124 2539/3205/2124
f 2537/3203/2125 2539/3205/2125 2434/3067/2125 2432/3063/2125
f 2537/3203/2126 2432/3063/2126 2430/3061/2126 2429/3060/2126
f 2539/3205/2127 2538/3204/2127 2540/3206/2127 2541/3207/2127
f 2539/3205/2128 2541/3207/2128 2436/3208/2128 2434/3067/2128
f 2541/3207/2129 2540/3206/2129 2542/3209/2129 2543/3210/2129
f 2541/3207/2130 2543/3210/2130 2438/3211/2130 2436/3208/2130
f 2543/3210/2131 2542/3209/2131 2544/3212/2131 2545/3213/2131
f 2543/3210/2132 2545/3213/2132 2440/3214/2132 2438/3211/2132
f 2545/3213/2133 2544/3212/2133 2546/3215/2133 2547/3216/2133
f 2545/3213/2134 2547/3216/2134 2442/3080/2134 2440/3214/2134
f 2547/3216/2135 2546/3215/2135 2548/3217/2135 2549/3218/2135
f 2547/3216/2136 2549/3218/2136 2444/3081/2136 2442/3080/2136
f 2549/3218/2137 2548/3217/2137 2550/3219/2137 2551/3220/2137
f 2549/3218/2138 2551/3220/2138 2448/3087/2138 2444/3081/2138
f 2551/3221/2139 2550/3222/2139 2552/3223/2139 2553/3224/2139
f 2551/3221/2140 2553/3224/2140 2449/3090/2140 2448/3089/2140
f 2553/3224/2141 2552/3223/2141 2554/3225/2141 2555/3226/2141
f 2553/3224/2142 2555/3226/2142 2451/3093/2142 2449/3090/2142
f 2555/3226/2143 2554/3225/2143 2556/3227/2143 2557/3228/2143
f 2555/3226/2144 2557/3228/2144 2453/3095/2144 2451/3093/2144
f 2557/3228/2145 2556/3227/2145 2558/3229/2145 2559/3230/2145
f 2557/3228/2146 2559/3230/2146 2463/3107/2146 2453/3095/2146
f 2559/3230/2147 2558/3229/2147 2560/3231/2147 2561/3232/2147
f 2559/3230/2148 2561/3232/2148 2464/3108/2148 2463/3107/2148
f 2561/3232/2149 2560/3231/2149 2562/3233/2149 2563/3234/2149
f 2561/3232/2150 2563/3234/2150 2465/3109/2150 2464/3108/2150
f 2563/3234/2151 2562/3233/2151 2564/3235/2151 2565/3236/2151
f 2563/3234/2152 2565/3236/2152 2467/3111/2152 2465/3109/2152
f 2565/3236/2153 2564/3235/2153 2566/3237/2153 2567/3238/2153
f 2565/3236/2154 2567/3238/2154 2469/3113/2154 2467/3111/2154
f 2567/3238/2155 2566/3237/2155 2568/3239/2155 2569/3240/2155
f 2567/3238/2156 2569/3240/2156 2570/3241/2156 2469/3113/2156
f 2570/3241/2157 2569/3240/2157 2571/3242/2157 2572/3243/2157
f 2570/3241/2158 2572/3243/2158 2573/3244/2158 2472/3116/2158
f 2570/3241/2159 2472/3116/2159 2470/3114/2159 2469/3113/2159
f 2573/3244/2160 2572/3243/2160 2574/3245/2160 2575/3246/2160
f 2573/3244/2161 2575/3246/2161 2576/3247/2161 2577/3248/2161
f 2573/3244/2162 2577/3248/2162 2473/3117/2162 2472/3116/2162
f 2577/3248/2163 2576/3247/2163 166/186/2163 165/185/2163
f 2577/3248/2164 165/185/2164 2474/3118/2164 2473/3117/2164
f 2576/3249/2165 2575/3250/2165 2578/3251/2165 2579/3252/2165
f 2576/3249/2166 2579/3252/2166 167/189/2166 166/188/2166
f 2579/3252/2167 2578/3251/2167 2580/3253/2167 2581/3254/2167
f 2579/3252/2168 2581/3254/2168 2582/3255/2168 167/189/2168
f 2582/3255/2169 2581/3254/2169 2583/3256/2169 2484/3257/2169
f 2582/3258/2170 2484/3130/2170 2481/3127/2170 2480/3126/2170
f 2582/3258/2171 2480/3126/2171 162/180/2171 167/3259/2171
f 2583/3256/2172 2581/3254/2172 2580/3253/2172 2584/3260/2172
f 2583/3256/2173 2584/3260/2173 2585/3261/2173 2487/3135/2173
f 2583/3256/2174 2487/3135/2174 2485/3134/2174 2484/3257/2174
f 2585/3261/2175 2584/3260/2175 2586/3262/2175 2587/3263/2175
f 2585/3261/2176 2587/3263/2176 2588/3264/2176 2589/3265/2176
f 2585/3261/2177 2589/3265/2177 2488/3136/2177 2487/3135/2177
f 2589/3265/2178 2588/3264/2178 2590/3266/2178 2591/3267/2178
f 2589/3265/2179 2591/3267/2179 2489/3137/2179 2488/3136/2179
f 2591/3267/2180 2590/3266/2180 2592/3268/2180 2593/3269/2180
f 2591/3267/2181 2593/3269/2181 2491/3140/2181 2489/3137/2181
f 2593/3269/2182 2592/3268/2182 2594/3270/2182 2595/3271/2182
f 2593/3269/2183 2595/3271/2183 2493/3144/2183 2491/3140/2183
f 2595/3271/2184 2594/3270/2184 2596/3272/2184 2597/3273/2184
f 2595/3271/2185 2597/3273/2185 2495/3147/2185 2493/3144/2185
f 2597/3273/2186 2596/3272/2186 2598/3274/2186 2599/3275/2186
f 2597/3273/2187 2599/3275/2187 2497/3150/2187 2495/3147/2187
f 2599/3275/2188 2598/3274/2188 2600/3276/2188 2502/3157/2188
f 2599/3275/2189 2502/3157/2189 2499/3153/2189 2497/3150/2189
f 2600/3276/2190 2598/3274/2190 2601/3277/2190 2602/3278/2190
f 2600/3276/2191 2602/3278/2191 204/241/2191 2603/3279/2191
f 2600/3276/2192 2603/3279/2192 2503/3158/2192 2502/3157/2192
f 2603/3279/2193 204/241/2193 203/240/2193 2604/3280/2193
f 2603/3279/2194 2604/3280/2194 2504/3159/2194 2503/3158/2194
f 2604/3281/2195 203/246/2195 205/245/2195 2605/3282/2195
f 2604/3281/2196 2605/3282/2196 2506/3163/2196 2504/3162/2196
f 2605/3282/2197 205/245/2197 2606/3283/2197 2607/3284/2197
f 2605/3282/2198 2607/3284/2198 2508/3165/2198 2506/3163/2198
f 2607/3284/2199 2606/3283/2199 2608/3285/2199 2609/3286/2199
f 2607/3284/2200 2609/3286/2200 2610/3287/2200 2508/3165/2200
f 2610/3287/2201 2609/3286/2201 2611/3288/2201 2516/3178/2201
f 2610/3287/2202 2516/3178/2202 2513/3173/2202 2511/3168/2202
f 2610/3287/2203 2511/3168/2203 2509/3166/2203 2508/3165/2203
f 2611/3288/2204 2609/3286/2204 2608/3285/2204 2612/3289/2204
f 2611/3288/2205 2612/3289/2205 2613/3290/2205 2614/3291/2205
f 2611/3288/2206 2614/3291/2206 2517/3179/2206 2516/3178/2206
f 2614/3291/2207 2613/3290/2207 2615/3292/2207 2616/3293/2207
f 2614/3291/2208 2616/3293/2208 2518/3180/2208 2517/3179/2208
f 2616/3293/2209 2615/3292/2209 2617/3294/2209 2618/3295/2209
f 2616/3293/2210 2618/3295/2210 2520/3182/2210 2518/3180/2210
f 2618/3295/2211 2617/3294/2211 2619/3296/2211 2525/3189/2211
f 2618/3295/2212 2525/3189/2212 2522/3185/2212 2520/3182/2212
f 2619/3296/2213 2617/3294/2213 2620/3297/2213 2621/3298/2213
f 2619/3296/2214 2621/3298/2214 2622/3299/2214 2623/3300/2214
f 2619/3296/2215 2623/3300/2215 2526/3190/2215 2525/3189/2215
f 2623/3300/2216 2622/3299/2216 179/3301/2216 2624/3302/2216
f 2623/3300/2217 2624/3302/2217 2527/3191/2217 2526/3190/2217
f 2624/3302/2218 179/3301/2218 178/3303/2218 2625/3304/2218
f 2624/3302/2219 2625/3304/2219 2529/3193/2219 2527/3191/2219
f 2625/3305/2220 178/3306/2220 186/3307/2220 2626/3308/2220
f 2625/3305/2221 2626/3308/2221 2531/3197/2221 2529/3196/2221
f 2626/3309/2222 186/216/2222 2627/3310/2222 2628/3311/2222
f 2626/3308/2223 2628/3312/2223 2533/3199/2223 2531/3197/2223
f 2628/3311/2224 2627/3310/2224 2629/3313/2224 2630/3314/2224
f 2628/3312/2225 2630/3315/2225 2535/3201/2225 2533/3199/2225
f 2630/3314/2226 2629/3313/2226 2631/3316/2226 2632/3317/2226
f 2630/3315/2227 2632/3318/2227 2633/3319/2227 2535/3201/2227
f 2633/3319/2228 2632/3318/2228 2634/3320/2228 2635/3321/2228
f 2633/3319/2229 2635/3321/2229 2540/3206/2229 2538/3204/2229
f 2633/3319/2230 2538/3204/2230 2536/3202/2230 2535/3201/2230
f 2635/3321/2231 2634/3320/2231 2636/3322/2231 2637/3323/2231
f 2635/3321/2232 2637/3323/2232 2542/3209/2232 2540/3206/2232
f 2637/3323/2233 2636/3322/2233 2638/3324/2233 2639/3325/2233
f 2637/3323/2234 2639/3325/2234 2544/3212/2234 2542/3209/2234
f 2639/3325/2235 2638/3324/2235 2640/3326/2235 2641/3327/2235
f 2639/3325/2236 2641/3327/2236 2546/3215/2236 2544/3212/2236
f 2641/3327/2237 2640/3326/2237 2642/3328/2237 2643/3329/2237
f 2641/3327/2238 2643/3329/2238 2548/3217/2238 2546/3215/2238
f 2643/3329/2239 2642/3328/2239 2644/3330/2239 2645/3331/2239
f 2643/3329/2240 2645/3331/2240 2550/3219/2240 2548/3217/2240
f 2645/3332/2241 2644/3333/2241 2646/3334/2241 2647/3335/2241
f 2645/3332/2242 2647/3335/2242 2552/3223/2242 2550/3222/2242
f 2647/3335/2243 2646/3334/2243 2648/3336/2243 2649/3337/2243
f 2647/3335/2244 2649/3337/2244 2554/3225/2244 2552/3223/2244
f 2649/3337/2245 2648/3336/2245 2650/3338/2245 2651/3339/2245
f 2649/3337/2246 2651/3339/2246 2556/3227/2246 2554/3225/2246
f 2651/3340/2247 2650/3341/2247 2652/3342/2247 2653/3343/2247
f 2651/3339/2248 2653/3344/2248 2558/3229/2248 2556/3227/2248
f 2653/3343/2249 2652/3342/2249 2654/3345/2249 2655/3346/2249
f 2653/3344/2250 2655/3347/2250 2560/3231/2250 2558/3229/2250
f 2655/3346/2251 2654/3345/2251 2656/3348/2251 2657/3349/2251
f 2655/3347/2252 2657/3350/2252 2562/3233/2252 2560/3231/2252
f 2657/3349/2253 2656/3348/2253 2658/3351/2253 2659/3352/2253
f 2657/3350/2254 2659/3353/2254 2564/3235/2254 2562/3233/2254
f 2659/3352/2255 2658/3351/2255 2660/3354/2255 2661/3355/2255
f 2659/3353/2256 2661/3356/2256 2566/3237/2256 2564/3235/2256
f 2661/3355/2257 2660/3354/2257 2662/3357/2257 2663/3358/2257
f 2661/3356/2258 2663/3359/2258 2568/3239/2258 2566/3237/2258
f 2663/3358/2259 2662/3357/2259 188/219/2259 197/229/2259
f 2663/3359/2260 197/233/2260 199/232/2260 2568/3239/2260
f 2662/3357/2261 2664/3360/2261 189/220/2261 188/219/2261
f 2662/3357/2262 2660/3354/2262 2665/3361/2262 2664/3360/2262
f 2665/3361/2263 2666/3362/2263 2667/3363/2263 2668/3364/2263
f 2665/3361/2264 2668/3364/2264 2669/3365/2264 2664/3360/2264
f 2665/3361/2265 2660/3354/2265 2658/3351/2265 2666/3362/2265
f 2669/3366/2266 2668/3367/2266 2670/3368/2266 2671/3369/2266
f 2669/3366/2267 2671/3369/2267 2672/3370/2267 196/3371/2267
f 2669/3365/2268 196/227/2268 189/220/2268 2664/3360/2268
f 2672/3370/2269 2671/3369/2269 2673/3372/2269 2674/3373/2269
f 2672/3374/2270 2674/3375/2270 2675/3376/2270 2676/3377/2270
f 2672/3374/2271 2676/3377/2271 192/3378/2271 196/3379/2271
f 2676/3377/2272 2675/3376/2272 2677/3380/2272 2678/3381/2272
f 2676/3377/2273 2678/3381/2273 193/3382/2273 192/3378/2273
f 2678/3381/2274 2677/3380/2274 2679/3383/2274 2680/3384/2274
f 2678/3381/2275 2680/3384/2275 2681/3385/2275 193/3382/2275
f 2681/3385/2276 2680/3384/2276 2682/3386/2276 2683/3387/2276
f 2681/3388/2277 2683/3389/2277 2684/3390/2277 2685/3391/2277
f 2681/3388/2278 2685/3391/2278 194/225/2278 193/224/2278
f 2685/3391/2279 2684/3390/2279 2686/3392/2279 2687/3393/2279
f 2685/3391/2280 2687/3393/2280 195/226/2280 194/225/2280
f 2687/3393/2281 2686/3392/2281 2688/3394/2281 2689/3395/2281
f 2687/3393/2282 2689/3395/2282 2690/3396/2282 195/226/2282
f 2690/3396/2283 2691/3397/2283 190/221/2283 195/226/2283
f 2690/3398/2284 2689/3399/2284 2587/3263/2284 2586/3262/2284
f 2690/3398/2285 2586/3262/2285 2692/3400/2285 2691/3401/2285
f 2692/3400/2286 2693/3402/2286 2694/3403/2286 2691/3401/2286
f 2692/3400/2287 2586/3262/2287 2584/3260/2287 2580/3253/2287
f 2692/3400/2288 2580/3253/2288 2578/3251/2288 2693/3402/2288
f 2694/3403/2289 2695/3404/2289 198/3405/2289 191/3406/2289
f 2694/3403/2290 191/3406/2290 190/3407/2290 2691/3401/2290
f 2694/3403/2291 2693/3402/2291 2574/3408/2291 2695/3404/2291
f 2695/3409/2292 2571/3242/2292 199/232/2292 198/231/2292
f 2695/3409/2293 2574/3245/2293 2572/3243/2293 2571/3242/2293
f 2693/3402/2294 2578/3251/2294 2575/3250/2294 2574/3408/2294
f 2689/3399/2295 2688/3410/2295 2588/3264/2295 2587/3263/2295
f 2688/3394/2296 2686/3392/2296 2696/3411/2296 2697/3412/2296
f 2688/3410/2297 2697/3413/2297 2590/3266/2297 2588/3264/2297
f 2697/3412/2298 2696/3411/2298 2698/3414/2298 2699/3415/2298
f 2697/3413/2299 2699/3416/2299 2592/3268/2299 2590/3266/2299
f 2699/3415/2300 2698/3414/2300 2700/3417/2300 2701/3418/2300
f 2699/3416/2301 2701/3419/2301 2594/3270/2301 2592/3268/2301
f 2701/3418/2302 2700/3417/2302 2702/3420/2302 2703/3421/2302
f 2701/3419/2303 2703/3422/2303 2596/3272/2303 2594/3270/2303
f 2703/3421/2304 2702/3420/2304 210/252/2304 2601/3423/2304
f 2703/3422/2305 2601/3277/2305 2598/3274/2305 2596/3272/2305
f 2702/3420/2306 2700/3417/2306 2704/3424/2306 2705/3425/2306
f 2702/3420/2307 2705/3425/2307 206/248/2307 210/252/2307
f 2705/3425/2308 2704/3424/2308 2706/3426/2308 2707/3427/2308
f 2705/3425/2309 2707/3427/2309 207/249/2309 206/248/2309
f 2707/3428/2310 2706/3429/2310 2708/3430/2310 2709/3431/2310
f 2707/3428/2311 2709/3431/2311 2710/3432/2311 207/3433/2311
f 2710/3432/2312 2709/3431/2312 2711/3434/2312 2712/3435/2312
f 2710/3432/2313 2712/3435/2313 2713/3436/2313 2714/3437/2313
f 2710/3432/2314 2714/3437/2314 208/3438/2314 207/3433/2314
f 2714/3439/2315 2713/3440/2315 2715/3441/2315 2716/3442/2315
f 2714/3439/2316 2716/3442/2316 213/3443/2316 208/3444/2316
f 2716/3442/2317 2715/3441/2317 2717/3445/2317 2718/3446/2317
f 2716/3442/2318 2718/3446/2318 2719/3447/2318 213/3443/2318
f 2719/3447/2319 2718/3446/2319 2720/3448/2319 2721/3449/2319
f 2719/3447/2320 2721/3449/2320 2722/3450/2320 2723/3451/2320
f 2719/3452/2321 2723/3453/2321 211/253/2321 213/255/2321
f 2723/3453/2322 2722/3454/2322 2724/3455/2322 2725/3456/2322
f 2723/3453/2323 2725/3456/2323 212/254/2323 211/253/2323
f 2725/3456/2324 2724/3455/2324 2726/3457/2324 2727/3458/2324
f 2725/3456/2325 2727/3458/2325 2728/3459/2325 212/254/2325
f 2728/3459/2326 202/238/2326 201/237/2326 212/254/2326
f 2728/3460/2327 2727/3461/2327 2608/3285/2327 2606/3283/2327
f 2728/3460/2328 2606/3283/2328 205/245/2328 202/244/2328
f 2727/3461/2329 2726/3462/2329 2612/3289/2329 2608/3285/2329
f 2726/3457/2330 2724/3455/2330 2729/3463/2330 2730/3464/2330
f 2726/3462/2331 2730/3465/2331 2613/3290/2331 2612/3289/2331
f 2730/3464/2332 2729/3463/2332 2731/3466/2332 2732/3467/2332
f 2730/3465/2333 2732/3468/2333 2615/3292/2333 2613/3290/2333
f 2732/3467/2334 2731/3466/2334 2733/3469/2334 2620/3470/2334
f 2732/3468/2335 2620/3297/2335 2617/3294/2335 2615/3292/2335
f 2733/3469/2336 2731/3466/2336 2734/3471/2336 2735/3472/2336
f 2733/3469/2337 2735/3472/2337 2736/3473/2337 2737/3474/2337
f 2733/3469/2338 2737/3474/2338 2621/3475/2338 2620/3470/2338
f 2737/3474/2339 2736/3473/2339 180/210/2339 185/215/2339
f 2737/3474/2340 185/215/2340 2622/3476/2340 2621/3475/2340
f 2736/3477/2341 2735/3478/2341 2738/3479/2341 2739/3480/2341
f 2736/3477/2342 2739/3480/2342 181/3481/2342 180/3482/2342
f 2739/3480/2343 2738/3479/2343 2740/3483/2343 2741/3484/2343
f 2739/3480/2344 2741/3484/2344 2742/3485/2344 181/3481/2344
f 2742/3485/2345 2741/3484/2345 2743/3486/2345 2744/3487/2345
f 2742/3485/2346 2744/3487/2346 2745/3488/2346 2746/3489/2346
f 2742/3485/2347 2746/3489/2347 182/3490/2347 181/3481/2347
f 2746/3489/2348 2745/3488/2348 2747/3491/2348 2748/3492/2348
f 2746/3493/2349 2748/3494/2349 183/3495/2349 182/3496/2349
f 2748/3494/2350 2747/3497/2350 2749/3498/2350 2750/3499/2350
f 2748/3494/2351 2750/3499/2351 2751/3500/2351 183/3495/2351
f 2751/3500/2352 2750/3499/2352 2752/3501/2352 2753/3502/2352
f 2751/3500/2353 2753/3502/2353 2754/3503/2353 2755/3504/2353
f 2751/3500/2354 2755/3504/2354 184/3505/2354 183/3495/2354
f 2755/3504/2355 2754/3503/2355 2629/3506/2355 2627/3507/2355
f 2755/3508/2356 2627/3310/2356 186/216/2356 184/214/2356
f 2754/3503/2357 2753/3502/2357 2756/3509/2357 2757/3510/2357
f 2754/3503/2358 2757/3510/2358 2631/3511/2358 2629/3506/2358
f 2757/3510/2359 2756/3509/2359 2758/3512/2359 2759/3513/2359
f 2757/3510/2360 2759/3513/2360 2760/3514/2360 2631/3511/2360
f 2760/3514/2361 2759/3513/2361 2761/3515/2361 2762/3516/2361
f 2760/3517/2362 2762/3518/2362 2636/3519/2362 2634/3520/2362
f 2760/3517/2363 2634/3520/2363 2632/3317/2363 2631/3316/2363
f 2762/3516/2364 2761/3515/2364 2763/3521/2364 2764/3522/2364
f 2762/3518/2365 2764/3523/2365 2638/3524/2365 2636/3519/2365
f 2764/3522/2366 2763/3521/2366 2765/3525/2366 2766/3526/2366
f 2764/3523/2367 2766/3527/2367 2640/3528/2367 2638/3524/2367
f 2766/3527/2368 2765/3529/2368 170/194/2368 169/193/2368
f 2766/3527/2369 169/193/2369 2642/3530/2369 2640/3528/2369
f 2765/3525/2370 2763/3521/2370 2767/3531/2370 2768/3532/2370
f 2765/3525/2371 2768/3532/2371 172/203/2371 170/3533/2371
f 2768/3532/2372 2767/3531/2372 2769/3534/2372 2770/3535/2372
f 2768/3532/2373 2770/3535/2373 176/204/2373 172/203/2373
f 2770/3535/2374 2769/3534/2374 2771/3536/2374 2772/3537/2374
f 2770/3535/2375 2772/3537/2375 2773/3538/2375 176/204/2375
f 2773/3538/2376 2772/3537/2376 2774/3539/2376 2775/3540/2376
f 2773/3541/2377 2775/3542/2377 2776/3543/2377 2777/3544/2377
f 2773/3541/2378 2777/3544/2378 173/199/2378 176/3545/2378
f 2777/3544/2379 2776/3543/2379 2778/3546/2379 2779/3547/2379
f 2777/3544/2380 2779/3547/2380 174/200/2380 173/199/2380
f 2779/3547/2381 2778/3546/2381 2780/3548/2381 2781/3549/2381
f 2779/3547/2382 2781/3549/2382 2782/3550/2382 174/200/2382
f 2782/3550/2383 2781/3549/2383 2783/3551/2383 2784/3552/2383
f 2782/3550/2384 2784/3552/2384 2785/3553/2384 2786/3554/2384
f 2782/3550/2385 2786/3554/2385 175/201/2385 174/200/2385
f 2786/3555/2386 2785/3556/2386 2787/3557/2386 2788/3558/2386
f 2786/3555/2387 2788/3558/2387 2789/3559/2387 175/3560/2387
f 2789/3559/2388 171/196/2388 23/195/2388 175/3560/2388
f 2789/3559/2389 2788/3558/2389 2650/3341/2389 2648/3561/2389
f 2789/3559/2390 2648/3561/2390 2646/3562/2390 171/196/2390
f 2788/3558/2391 2787/3557/2391 2652/3342/2391 2650/3341/2391
f 2787/3557/2392 2785/3556/2392 2790/3563/2392 2791/3564/2392
f 2787/3557/2393 2791/3564/2393 2654/3345/2393 2652/3342/2393
f 2791/3565/2394 2790/3566/2394 2792/3567/2394 2793/3568/2394
f 2791/3564/2395 2793/3569/2395 2656/3348/2395 2654/3345/2395
f 2793/3569/2396 2792/3570/2396 2667/3363/2396 2666/3362/2396
f 2793/3569/2397 2666/3362/2397 2658/3351/2397 2656/3348/2397
f 2792/3567/2398 2790/3566/2398 2794/3571/2398 2795/3572/2398
f 2792/3567/2399 2795/3572/2399 2796/3573/2399 2667/3574/2399
f 2796/3573/2400 2795/3572/2400 2797/3575/2400 2798/3576/2400
f 2796/3573/2401 2798/3576/2401 2799/3577/2401 2670/3368/2401
f 2796/3573/2402 2670/3368/2402 2668/3367/2402 2667/3574/2402
f 2799/3577/2403 2798/3576/2403 2800/3578/2403 2801/3579/2403
f 2799/3577/2404 2801/3579/2404 2802/3580/2404 2673/3372/2404
f 2799/3577/2405 2673/3372/2405 2671/3369/2405 2670/3368/2405
f 2802/3580/2406 2801/3579/2406 2803/3581/2406 2804/3582/2406
f 2802/3580/2407 2804/3582/2407 2805/3583/2407 2806/3584/2407
f 2802/3580/2408 2806/3584/2408 2674/3373/2408 2673/3372/2408
f 2806/3585/2409 2805/3586/2409 2807/3587/2409 2808/3588/2409
f 2806/3585/2410 2808/3588/2410 2675/3376/2410 2674/3375/2410
f 2808/3588/2411 2807/3587/2411 2809/3589/2411 2810/3590/2411
f 2808/3588/2412 2810/3590/2412 2677/3380/2412 2675/3376/2412
f 2810/3590/2413 2809/3589/2413 2811/3591/2413 2812/3592/2413
f 2810/3590/2414 2812/3592/2414 2679/3383/2414 2677/3380/2414
f 2812/3592/2415 2811/3591/2415 2813/3593/2415 2814/3594/2415
f 2812/3592/2416 2814/3594/2416 2815/3595/2416 2679/3383/2416
f 2815/3595/2417 2814/3594/2417 2816/3596/2417 2817/3597/2417
f 2815/3595/2418 2817/3597/2418 2818/3598/2418 2682/3386/2418
f 2815/3595/2419 2682/3386/2419 2680/3384/2419 2679/3383/2419
f 2818/3598/2420 2817/3597/2420 2819/3599/2420 2820/3600/2420
f 2818/3598/2421 2820/3600/2421 2821/3601/2421 2822/3602/2421
f 2818/3598/2422 2822/3602/2422 2683/3387/2422 2682/3386/2422
f 2822/3603/2423 2821/3604/2423 2823/3605/2423 2824/3606/2423
f 2822/3603/2424 2824/3606/2424 2684/3390/2424 2683/3389/2424
f 2824/3606/2425 2823/3605/2425 2698/3414/2425 2696/3411/2425
f 2824/3606/2426 2696/3411/2426 2686/3392/2426 2684/3390/2426
f 2823/3605/2427 2821/3604/2427 2706/3426/2427 2704/3424/2427
f 2823/3605/2428 2704/3424/2428 2700/3417/2428 2698/3414/2428
f 2821/3601/2429 2820/3600/2429 2708/3430/2429 2706/3429/2429
f 2820/3600/2430 2819/3599/2430 2825/3607/2430 2708/3430/2430
f 2825/3607/2416 2819/3599/2416 2826/3608/2416 2827/3609/2416
f 2825/3607/2431 2827/3609/2431 2828/3610/2431 2711/3434/2431
f 2825/3607/2432 2711/3434/2432 2709/3431/2432 2708/3430/2432
f 2828/3610/2433 2827/3609/2433 2829/3611/2433 2830/3612/2433
f 2828/3610/2434 2830/3612/2434 2831/3613/2434 2832/3614/2434
f 2828/3610/2435 2832/3614/2435 2712/3435/2435 2711/3434/2435
f 2832/3614/2436 2831/3613/2436 2833/3615/2436 2834/3616/2436
f 2832/3614/2437 2834/3616/2437 2713/3436/2437 2712/3435/2437
f 2834/3617/2438 2833/3618/2438 2835/3619/2438 2836/3620/2438
f 2834/3617/2439 2836/3620/2439 2715/3441/2439 2713/3440/2439
f 2836/3620/2440 2835/3619/2440 2837/3621/2440 2838/3622/2440
f 2836/3620/2441 2838/3622/2441 2717/3445/2441 2715/3441/2441
f 2838/3622/2442 2837/3621/2442 2839/3623/2442 2840/3624/2442
f 2838/3622/2443 2840/3624/2443 2841/3625/2443 2717/3445/2443
f 2841/3625/2444 2840/3624/2444 2842/3626/2444 2843/3627/2444
f 2841/3625/2445 2843/3627/2445 2844/3628/2445 2720/3448/2445
f 2841/3625/2446 2720/3448/2446 2718/3446/2446 2717/3445/2446
f 2844/3628/2447 2843/3627/2447 2845/3629/2447 2846/3630/2447
f 2844/3628/2448 2846/3630/2448 2847/3631/2448 2848/3632/2448
f 2844/3628/2449 2848/3632/2449 2721/3449/2449 2720/3448/2449
f 2848/3632/2450 2847/3631/2450 2734/3633/2450 2849/3634/2450
f 2848/3632/2451 2849/3634/2451 2722/3450/2451 2721/3449/2451
f 2849/3635/2452 2734/3471/2452 2731/3466/2452 2729/3463/2452
f 2849/3635/2453 2729/3463/2453 2724/3455/2453 2722/3454/2453
f 2847/3631/2454 2846/3630/2454 2740/3483/2454 2738/3479/2454
f 2847/3631/2455 2738/3479/2455 2735/3478/2455 2734/3633/2455
f 2846/3630/2456 2845/3629/2456 2850/3636/2456 2740/3483/2456
f 2850/3636/2457 2845/3629/2457 2851/3637/2457 2852/3638/2457
f 2850/3636/2458 2852/3638/2458 2853/3639/2458 2743/3486/2458
f 2850/3636/2459 2743/3486/2459 2741/3484/2459 2740/3483/2459
f 2853/3639/2460 2852/3638/2460 2854/3640/2460 2855/3641/2460
f 2853/3639/2461 2855/3641/2461 2856/3642/2461 2857/3643/2461
f 2853/3639/2462 2857/3643/2462 2744/3487/2462 2743/3486/2462
f 2857/3643/2463 2856/3642/2463 2858/3644/2463 2859/3645/2463
f 2857/3643/2464 2859/3645/2464 2745/3488/2464 2744/3487/2464
f 2859/3645/2465 2858/3644/2465 2860/3646/2465 2861/3647/2465
f 2859/3645/2466 2861/3647/2466 2747/3491/2466 2745/3488/2466
f 2861/3648/2467 2860/3649/2467 2862/3650/2467 2863/3651/2467
f 2861/3648/2468 2863/3651/2468 2749/3498/2468 2747/3497/2468
f 2863/3651/2469 2862/3650/2469 2864/3652/2469 2865/3653/2469
f 2863/3651/2470 2865/3653/2470 2866/3654/2470 2749/3498/2470
f 2866/3654/2471 2865/3653/2471 2867/3655/2471 2868/3656/2471
f 2866/3654/2472 2868/3656/2472 2869/3657/2472 2752/3501/2472
f 2866/3654/2473 2752/3501/2473 2750/3499/2473 2749/3498/2473
f 2869/3657/2474 2868/3656/2474 2870/3658/2474 2871/3659/2474
f 2869/3657/2475 2871/3659/2475 2758/3512/2475 2756/3509/2475
f 2869/3657/2476 2756/3509/2476 2753/3502/2476 2752/3501/2476
f 2871/3659/2477 2870/3658/2477 2872/3660/2477 2873/3661/2477
f 2871/3659/2478 2873/3661/2478 2874/3662/2478 2758/3512/2478
f 2874/3662/2479 2873/3661/2479 2769/3534/2479 2767/3531/2479
f 2874/3662/2480 2767/3531/2480 2763/3521/2480 2761/3515/2480
f 2874/3662/2481 2761/3515/2481 2759/3513/2481 2758/3512/2481
f 2873/3661/2482 2872/3660/2482 2771/3536/2482 2769/3534/2482
f 2872/3660/2483 2870/3658/2483 2875/3663/2483 2876/3664/2483
f 2872/3660/2484 2876/3664/2484 2877/3665/2484 2771/3536/2484
f 2877/3665/2485 2876/3664/2485 2878/3666/2485 2879/3667/2485
f 2877/3665/2486 2879/3667/2486 2880/3668/2486 2774/3539/2486
f 2877/3665/2487 2774/3539/2487 2772/3537/2487 2771/3536/2487
f 2880/3668/2488 2879/3667/2488 2881/3669/2488 2882/3670/2488
f 2880/3668/2489 2882/3670/2489 2883/3671/2489 2884/3672/2489
f 2880/3668/2490 2884/3672/2490 2775/3540/2490 2774/3539/2490
f 2884/3673/2491 2883/3674/2491 2885/3675/2491 2886/3676/2491
f 2884/3673/2492 2886/3676/2492 2776/3543/2492 2775/3542/2492
f 2886/3676/2493 2885/3675/2493 2887/3677/2493 2888/3678/2493
f 2886/3676/2494 2888/3678/2494 2778/3546/2494 2776/3543/2494
f 2888/3678/2495 2887/3677/2495 2889/3679/2495 2890/3680/2495
f 2888/3678/2496 2890/3680/2496 2780/3548/2496 2778/3546/2496
f 2890/3680/2497 2889/3679/2497 2891/3681/2497 2892/3682/2497
f 2890/3680/2498 2892/3682/2498 2893/3683/2498 2780/3548/2498
f 2893/3683/2497 2892/3682/2497 2894/3684/2497 2895/3685/2497
f 2893/3683/2499 2895/3685/2499 2896/3686/2499 2783/3551/2499
f 2893/3683/2500 2783/3551/2500 2781/3549/2500 2780/3548/2500
f 2896/3686/2501 2895/3685/2501 2897/3687/2501 2797/3575/2501
f 2896/3686/2502 2797/3575/2502 2795/3572/2502 2794/3571/2502
f 2896/3686/2503 2794/3571/2503 2784/3552/2503 2783/3551/2503
f 2897/3687/2497 2895/3685/2497 2894/3684/2497 2898/3688/2497
f 2897/3687/2504 2898/3688/2504 2899/3689/2504 2800/3578/2504
f 2897/3687/2505 2800/3578/2505 2798/3576/2505 2797/3575/2505
f 2899/3689/2504 2898/3688/2504 2900/3690/2504 2901/3691/2504
f 2899/3689/2506 2901/3691/2506 2902/3692/2506 2803/3581/2506
f 2899/3689/2507 2803/3581/2507 2801/3579/2507 2800/3578/2507
f 2902/3692/2506 2901/3691/2506 2903/3693/2506 2904/3694/2506
f 2902/3692/2508 2904/3694/2508 2905/3695/2508 2906/3696/2508
f 2902/3692/2509 2906/3696/2509 2804/3582/2509 2803/3581/2509
f 2906/3696/2510 2905/3695/2510 2907/3697/2510 2908/3698/2510
f 2906/3696/2511 2908/3698/2511 2805/3583/2511 2804/3582/2511
f 2908/3699/2512 2907/3700/2512 2909/3701/2512 2910/3702/2512
f 2908/3699/2513 2910/3702/2513 2807/3587/2513 2805/3586/2513
f 2910/3702/2514 2909/3701/2514 2911/3703/2514 2912/3704/2514
f 2910/3702/2515 2912/3704/2515 2809/3589/2515 2807/3587/2515
f 2912/3704/2413 2911/3703/2413 2913/3705/2413 2914/3706/2413
f 2912/3704/2413 2914/3706/2413 2811/3591/2413 2809/3589/2413
f 2914/3706/2415 2913/3705/2415 2915/3707/2415 2916/3708/2415
f 2914/3706/2415 2916/3708/2415 2813/3593/2415 2811/3591/2415
f 2916/3708/2516 2915/3707/2516 2917/3709/2516 2918/3710/2516
f 2916/3708/2516 2918/3710/2516 2919/3711/2516 2813/3593/2516
f 2919/3711/2516 2918/3710/2516 2920/3712/2516 2921/3713/2516
f 2919/3711/2516 2921/3713/2516 2826/3608/2516 2816/3596/2516
f 2919/3711/2516 2816/3596/2516 2814/3594/2516 2813/3593/2516
f 2921/3713/2517 2920/3712/2517 2922/3714/2517 2829/3611/2517
f 2921/3713/2415 2829/3611/2415 2827/3609/2415 2826/3608/2415
f 2922/3714/2517 2920/3712/2517 2923/3715/2517 2924/3716/2517
f 2922/3714/2518 2924/3716/2518 2925/3717/2518 2926/3718/2518
f 2922/3714/2519 2926/3718/2519 2830/3612/2519 2829/3611/2519
f 2926/3718/2520 2925/3717/2520 2927/3719/2520 2928/3720/2520
f 2926/3718/2521 2928/3720/2521 2831/3613/2521 2830/3612/2521
f 2928/3720/2522 2927/3719/2522 2929/3721/2522 2930/3722/2522
f 2928/3720/2523 2930/3722/2523 2833/3615/2523 2831/3613/2523
f 2930/3723/2524 2929/3724/2524 2931/3725/2524 2932/3726/2524
f 2930/3723/2525 2932/3726/2525 2835/3619/2525 2833/3618/2525
f 2932/3726/2526 2931/3725/2526 2933/3727/2526 2934/3728/2526
f 2932/3726/2527 2934/3728/2527 2837/3621/2527 2835/3619/2527
f 2934/3728/2528 2933/3727/2528 2935/3729/2528 2936/3730/2528
f 2934/3728/2529 2936/3730/2529 2839/3623/2529 2837/3621/2529
f 2936/3730/2530 2935/3729/2530 2937/3731/2530 2938/3732/2530
f 2936/3730/2530 2938/3732/2530 2939/3733/2530 2839/3623/2530
f 2939/3733/2531 2938/3732/2531 2940/3734/2531 2941/3735/2531
f 2939/3733/2531 2941/3735/2531 2851/3637/2531 2842/3626/2531
f 2939/3733/2530 2842/3626/2530 2840/3624/2530 2839/3623/2530
f 2941/3735/2531 2940/3734/2531 2942/3736/2531 2854/3640/2531
f 2941/3735/2531 2854/3640/2531 2852/3638/2531 2851/3637/2531
f 2942/3736/2531 2940/3734/2531 2943/3737/2531 2944/3738/2531
f 2942/3736/2532 2944/3738/2532 2945/3739/2532 2946/3740/2532
f 2942/3736/2460 2946/3740/2460 2855/3641/2460 2854/3640/2460
f 2946/3740/2533 2945/3739/2533 2947/3741/2533 2948/3742/2533
f 2946/3740/2534 2948/3742/2534 2856/3642/2534 2855/3641/2534
f 2948/3742/2535 2947/3741/2535 2949/3743/2535 2950/3744/2535
f 2948/3742/2536 2950/3744/2536 2858/3644/2536 2856/3642/2536
f 2950/3744/2537 2949/3743/2537 2951/3745/2537 2952/3746/2537
f 2950/3744/2538 2952/3746/2538 2860/3646/2538 2858/3644/2538
f 2952/3747/2539 2951/3748/2539 2953/3749/2539 2954/3750/2539
f 2952/3747/2540 2954/3750/2540 2862/3650/2540 2860/3649/2540
f 2954/3750/2541 2953/3749/2541 2955/3751/2541 2956/3752/2541
f 2954/3750/2542 2956/3752/2542 2864/3652/2542 2862/3650/2542
f 2956/3752/2543 2955/3751/2543 2957/3753/2543 2958/3754/2543
f 2956/3752/2544 2958/3754/2544 2959/3755/2544 2864/3652/2544
f 2959/3755/2545 2958/3754/2545 2960/3756/2545 2961/3757/2545
f 2959/3755/2545 2961/3757/2545 2875/3663/2545 2867/3655/2545
f 2959/3755/2544 2867/3655/2544 2865/3653/2544 2864/3652/2544
f 2961/3757/2545 2960/3756/2545 2962/3758/2545 2878/3666/2545
f 2961/3757/2545 2878/3666/2545 2876/3664/2545 2875/3663/2545
f 2962/3758/2545 2960/3756/2545 2963/3759/2545 2964/3760/2545
f 2962/3758/2546 2964/3760/2546 2965/3761/2546 2881/3669/2546
f 2962/3758/2485 2881/3669/2485 2879/3667/2485 2878/3666/2485
f 2965/3761/2547 2964/3760/2547 2966/3762/2547 2967/3763/2547
f 2965/3761/2548 2967/3763/2548 2968/3764/2548 2969/3765/2548
f 2965/3761/2549 2969/3765/2549 2882/3670/2549 2881/3669/2549
f 2969/3765/2550 2968/3764/2550 2970/3766/2550 2971/3767/2550
f 2969/3765/2551 2971/3767/2551 2883/3671/2551 2882/3670/2551
f 2971/3768/2552 2970/3769/2552 2972/3770/2552 2973/3771/2552
f 2971/3768/2553 2973/3771/2553 2885/3675/2553 2883/3674/2553
f 2973/3771/2554 2972/3770/2554 2974/3772/2554 2975/3773/2554
f 2973/3771/2555 2975/3773/2555 2887/3677/2555 2885/3675/2555
f 2975/3773/2556 2974/3772/2556 2976/3774/2556 2977/3775/2556
f 2975/3773/2557 2977/3775/2557 2889/3679/2557 2887/3677/2557
f 2977/3775/2558 2976/3774/2558 2978/3776/2558 2979/3777/2558
f 2977/3775/2497 2979/3777/2497 2891/3681/2497 2889/3679/2497
f 2979/3777/2559 2978/3776/2559 2980/3778/2559 2981/3779/2559
f 2979/3777/2497 2981/3779/2497 2982/3780/2497 2891/3681/2497
f 2982/3780/2497 2981/3779/2497 2983/3781/2497 2900/3690/2497
f 2982/3780/2497 2900/3690/2497 2898/3688/2497 2894/3684/2497
f 2982/3780/2497 2894/3684/2497 2892/3682/2497 2891/3681/2497
f 2983/3781/2560 2981/3779/2560 2980/3778/2560 2984/3782/2560
f 2983/3781/2561 2984/3782/2561 2985/3783/2561 2903/3693/2561
f 2983/3781/2504 2903/3693/2504 2901/3691/2504 2900/3690/2504
f 2985/3783/2562 2984/3782/2562 2986/3784/2562 2987/3785/2562
f 2985/3783/2563 2987/3785/2563 2988/3786/2563 2989/3787/2563
f 2985/3783/2564 2989/3787/2564 2904/3694/2564 2903/3693/2564
f 2989/3787/2565 2988/3786/2565 2990/3788/2565 2991/3789/2565
f 2989/3787/2566 2991/3789/2566 2905/3695/2566 2904/3694/2566
f 2991/3789/2567 2990/3788/2567 2992/3790/2567 2993/3791/2567
f 2991/3789/2568 2993/3791/2568 2907/3697/2568 2905/3695/2568
f 2993/3792/2569 2992/3793/2569 2994/3794/2569 2995/3795/2569
f 2993/3792/2570 2995/3795/2570 2909/3701/2570 2907/3700/2570
f 2995/3795/2571 2994/3794/2571 2996/3796/2571 2997/3797/2571
f 2995/3795/2572 2997/3797/2572 2911/3703/2572 2909/3701/2572
f 2997/3797/2573 2996/3796/2573 2998/3798/2573 2999/3799/2573
f 2997/3797/2574 2999/3799/2574 2913/3705/2574 2911/3703/2574
f 2999/3799/2575 2998/3798/2575 3000/3800/2575 3001/3801/2575
f 2999/3799/2576 3001/3801/2576 2915/3707/2576 2913/3705/2576
f 3001/3801/2577 3000/3800/2577 3002/3802/2577 3003/3803/2577
f 3001/3801/2578 3003/3803/2578 2917/3709/2578 2915/3707/2578
f 3003/3803/2579 3002/3802/2579 3004/3804/2579 3005/3805/2579
f 3003/3803/2580 3005/3805/2580 2923/3715/2580 2917/3709/2580
f 3005/3805/2581 3004/3804/2581 3006/3806/2581 3007/3807/2581
f 3005/3805/2582 3007/3807/2582 2924/3716/2582 2923/3715/2582
f 3007/3807/2583 3006/3806/2583 3008/3808/2583 3009/3809/2583
f 3007/3807/2584 3009/3809/2584 2925/3717/2584 2924/3716/2584
f 3009/3809/2585 3008/3808/2585 3010/3810/2585 3011/3811/2585
f 3009/3809/2586 3011/3811/2586 2927/3719/2586 2925/3717/2586
f 3011/3811/2587 3010/3810/2587 3012/3812/2587 3013/3813/2587
f 3011/3811/2588 3013/3813/2588 2929/3721/2588 2927/3719/2588
f 3013/3814/2589 3012/3815/2589 3014/3816/2589 3015/3817/2589
f 3013/3814/2590 3015/3817/2590 2931/3725/2590 2929/3724/2590
f 3015/3817/2591 3014/3816/2591 3016/3818/2591 3017/3819/2591
f 3015/3817/2592 3017/3819/2592 2933/3727/2592 2931/3725/2592
f 3017/3819/2593 3016/3818/2593 3018/3820/2593 3019/3821/2593
f 3017/3819/2594 3019/3821/2594 2935/3729/2594 2933/3727/2594
f 3019/3821/2595 3018/3820/2595 3020/3822/2595 3021/3823/2595
f 3019/3821/2596 3021/3823/2596 2937/3731/2596 2935/3729/2596
f 3021/3823/2597 3020/3822/2597 3022/3824/2597 3023/3825/2597
f 3021/3823/2598 3023/3825/2598 2943/3737/2598 2937/3731/2598
f 3023/3825/2599 3022/3824/2599 3024/3826/2599 3025/3827/2599
f 3023/3825/2600 3025/3827/2600 2944/3738/2600 2943/3737/2600
f 3025/3827/2601 3024/3826/2601 3026/3828/2601 3027/3829/2601
f 3025/3827/2602 3027/3829/2602 2945/3739/2602 2944/3738/2602
f 3027/3829/2603 3026/3828/2603 3028/3830/2603 3029/3831/2603
f 3027/3829/2604 3029/3831/2604 2947/3741/2604 2945/3739/2604
f 3029/3831/2605 3028/3830/2605 3030/3832/2605 3031/3833/2605
f 3029/3831/2606 3031/3833/2606 2949/3743/2606 2947/3741/2606
f 3031/3833/2607 3030/3832/2607 3032/3834/2607 3033/3835/2607
f 3031/3833/2608 3033/3835/2608 2951/3745/2608 2949/3743/2608
f 3033/3836/2609 3032/3837/2609 3034/3838/2609 3035/3839/2609
f 3033/3836/2610 3035/3839/2610 2953/3749/2610 2951/3748/2610
f 3035/3839/2611 3034/3838/2611 3036/3840/2611 3037/3841/2611
f 3035/3839/2612 3037/3841/2612 2955/3751/2612 2953/3749/2612
f 3037/3841/2613 3036/3840/2613 3038/3842/2613 3039/3843/2613
f 3037/3841/2614 3039/3843/2614 2957/3753/2614 2955/3751/2614
f 3039/3843/2615 3038/3842/2615 3040/3844/2615 3041/3845/2615
f 3039/3843/2616 3041/3845/2616 2963/3759/2616 2957/3753/2616
f 3041/3845/2617 3040/3844/2617 3042/3846/2617 2966/3762/2617
f 3041/3845/2618 2966/3762/2618 2964/3760/2618 2963/3759/2618
f 3042/3846/2619 3040/3844/2619 3043/3847/2619 3044/3848/2619
f 3042/3846/2620 3044/3848/2620 3045/3849/2620 3046/3850/2620
f 3042/3846/2621 3046/3850/2621 2967/3763/2621 2966/3762/2621
f 3046/3850/2622 3045/3849/2622 3047/3851/2622 3048/3852/2622
f 3046/3850/2623 3048/3852/2623 2968/3764/2623 2967/3763/2623
f 3048/3852/2624 3047/3851/2624 3049/3853/2624 3050/3854/2624
f 3048/3852/2625 3050/3854/2625 2970/3766/2625 2968/3764/2625
f 3050/3855/2626 3049/3856/2626 3051/3857/2626 3052/3858/2626
f 3050/3855/2627 3052/3858/2627 2972/3770/2627 2970/3769/2627
f 3052/3858/2628 3051/3857/2628 3053/3859/2628 3054/3860/2628
f 3052/3858/2629 3054/3860/2629 2974/3772/2629 2972/3770/2629
f 3054/3860/2630 3053/3859/2630 3055/3861/2630 3056/3862/2630
f 3054/3860/2631 3056/3862/2631 2976/3774/2631 2974/3772/2631
f 3056/3862/2632 3055/3861/2632 3057/3863/2632 3058/3864/2632
f 3056/3862/2633 3058/3864/2633 2978/3776/2633 2976/3774/2633
f 3058/3864/2634 3057/3863/2634 3059/3865/2634 3060/3866/2634
f 3058/3864/2635 3060/3866/2635 2980/3778/2635 2978/3776/2635
f 3060/3866/2636 3059/3865/2636 3061/3867/2636 2986/3784/2636
f 3060/3866/2637 2986/3784/2637 2984/3782/2637 2980/3778/2637
f 3061/3867/2638 3059/3865/2638 3062/3868/2638 3063/3869/2638
f 3061/3867/2639 3063/3869/2639 3064/3870/2639 3065/3871/2639
f 3061/3867/2640 3065/3871/2640 2987/3785/2640 2986/3784/2640
f 3065/3871/2641 3064/3870/2641 3066/3872/2641 3067/3873/2641
f 3065/3871/2642 3067/3873/2642 2988/3786/2642 2987/3785/2642
f 3067/3873/2643 3066/3872/2643 234/293/2643 233/292/2643
f 3067/3873/2644 233/292/2644 2990/3788/2644 2988/3786/2644
f 3066/3874/2645 3064/3875/2645 3068/3876/2645 3069/3877/2645
f 3066/3874/2646 3069/3877/2646 237/300/2646 234/299/2646
f 3069/3877/2647 3068/3876/2647 3070/3878/2647 3071/3879/2647
f 3069/3877/2648 3071/3879/2648 3072/3880/2648 237/300/2648
f 3072/3880/2649 3071/3879/2649 3073/3881/2649 3074/3882/2649
f 3072/3880/2650 3074/3882/2650 3075/3883/2650 3076/3884/2650
f 3072/3880/2651 3076/3884/2651 235/301/2651 237/300/2651
f 3076/3885/2652 3075/3886/2652 3077/3887/2652 3078/3888/2652
f 3076/3885/2653 3078/3888/2653 236/296/2653 235/295/2653
f 3078/3888/2654 3077/3887/2654 2998/3798/2654 2996/3796/2654
f 3078/3888/2655 2996/3796/2655 2994/3794/2655 236/296/2655
f 3077/3887/2656 3075/3886/2656 3079/3889/2656 3080/3890/2656
f 3077/3887/2657 3080/3890/2657 3000/3800/2657 2998/3798/2657
f 3080/3890/2658 3079/3889/2658 3081/3891/2658 3082/3892/2658
f 3080/3890/2659 3082/3892/2659 3002/3802/2659 3000/3800/2659
f 3082/3892/2660 3081/3891/2660 3083/3893/2660 3084/3894/2660
f 3082/3892/2661 3084/3894/2661 3004/3804/2661 3002/3802/2661
f 3084/3894/2662 3083/3893/2662 3085/3895/2662 3086/3896/2662
f 3084/3894/2663 3086/3896/2663 3006/3806/2663 3004/3804/2663
f 3086/3896/2664 3085/3895/2664 228/281/2664 227/280/2664
f 3086/3896/2665 227/280/2665 3008/3808/2665 3006/3806/2665
f 3085/3897/2666 3083/3898/2666 3087/3899/2666 3088/3900/2666
f 3085/3897/2667 3088/3900/2667 231/288/2667 228/287/2667
f 3088/3900/2668 3089/3901/2668 3090/3902/2668 231/288/2668
f 3088/3900/2669 3087/3899/2669 3091/3903/2669 3089/3901/2669
f 3091/3903/2670 3092/3904/2670 3093/3905/2670 3089/3901/2670
f 3091/3903/2671 3087/3899/2671 3094/3906/2671 3095/3907/2671
f 3091/3903/2672 3095/3907/2672 3096/3908/2672 3092/3904/2672
f 3096/3908/2673 3097/3909/2673 3098/3910/2673 3092/3904/2673
f 3096/3908/2674 3095/3907/2674 3099/3911/2674 3100/3912/2674
f 3096/3908/2675 3100/3912/2675 3101/3913/2675 3097/3909/2675
f 3101/3913/919 3102/3914/919 3103/3915/919 3097/3909/919
f 3101/3913/2676 3100/3912/2676 3104/3916/2676 3105/3917/2676
f 3101/3913/2677 3105/3917/2677 3106/3918/2677 3102/3914/2677
f 3106/3918/2678 3107/3919/2678 3108/3920/2678 3102/3914/2678
f 3106/3918/2679 3105/3917/2679 3109/3921/2679 3110/3922/2679
f 3106/3918/2680 3110/3922/2680 3111/3923/2680 3107/3919/2680
f 3111/3923/2681 3112/3924/2681 3113/3925/2681 3107/3919/2681
f 3111/3923/2682 3110/3922/2682 3114/3926/2682 3115/3927/2682
f 3111/3923/2683 3115/3927/2683 3116/3928/2683 3112/3924/2683
f 3116/3928/2684 3117/3929/2684 3118/3930/2684 3112/3924/2684
f 3116/3928/2685 3115/3927/2685 3119/3931/2685 3120/3932/2685
f 3116/3928/2686 3120/3932/2686 3121/3933/2686 3117/3929/2686
f 3121/3933/2687 219/264/2687 218/263/2687 3117/3929/2687
f 3121/3934/2688 3120/3935/2688 3055/3861/2688 3053/3859/2688
f 3121/3934/2689 3053/3859/2689 3051/3857/2689 219/3936/2689
f 3120/3935/2690 3119/3937/2690 3057/3863/2690 3055/3861/2690
f 3119/3931/2691 3115/3927/2691 3114/3926/2691 3062/3938/2691
f 3119/3937/2692 3062/3868/2692 3059/3865/2692 3057/3863/2692
f 3118/3930/2693 217/262/2693 3122/3939/2693 3123/3940/2693
f 3118/3930/2694 3123/3940/2694 3113/3925/2694 3112/3924/2694
f 3118/3930/2695 3117/3929/2695 218/263/2695 217/262/2695
f 3123/3940/2696 3122/3939/2696 3124/3941/2696 3125/3942/2696
f 3123/3940/2697 3125/3942/2697 3126/3943/2697 3113/3925/2697
f 3126/3943/2698 3125/3942/2698 3127/3944/2698 3128/3945/2698
f 3126/3943/919 3128/3945/919 3129/3946/919 3108/3920/919
f 3126/3943/2699 3108/3920/2699 3107/3919/2699 3113/3925/2699
f 3129/3946/919 3128/3945/919 3130/3947/919 3131/3948/919
f 3129/3946/919 3131/3948/919 3132/3949/919 3103/3915/919
f 3129/3946/919 3103/3915/919 3102/3914/919 3108/3920/919
f 3132/3949/952 3131/3948/952 3133/3950/952 3134/3951/952
f 3132/3949/2700 3134/3951/2700 3135/3952/2700 3098/3910/2700
f 3132/3949/919 3098/3910/919 3097/3909/919 3103/3915/919
f 3135/3952/2701 3134/3951/2701 3136/3953/2701 3137/3954/2701
f 3135/3952/2702 3137/3954/2702 3138/3955/2702 3093/3905/2702
f 3135/3952/2703 3093/3905/2703 3092/3904/2703 3098/3910/2703
f 3138/3955/2704 3137/3954/2704 3139/3956/2704 3140/3957/2704
f 3138/3955/2705 3140/3957/2705 3141/3958/2705 3090/3902/2705
f 3138/3955/2706 3090/3902/2706 3089/3901/2706 3093/3905/2706
f 3141/3959/2707 3140/3960/2707 3142/3961/2707 3143/3962/2707
f 3141/3959/2708 3143/3962/2708 230/284/2708 229/283/2708
f 3141/3958/2709 229/289/2709 231/288/2709 3090/3902/2709
f 3143/3962/2710 3142/3961/2710 3016/3818/2710 3014/3816/2710
f 3143/3962/2711 3014/3816/2711 3012/3815/2711 230/284/2711
f 3142/3963/2712 3140/3957/2712 3139/3956/2712 3144/3964/2712
f 3142/3961/2713 3144/3965/2713 3018/3820/2713 3016/3818/2713
f 3144/3964/2714 3139/3956/2714 3145/3966/2714 3146/3967/2714
f 3144/3965/2715 3146/3968/2715 3020/3822/2715 3018/3820/2715
f 3146/3967/2716 3145/3966/2716 3147/3969/2716 3148/3970/2716
f 3146/3968/2717 3148/3971/2717 3022/3824/2717 3020/3822/2717
f 3148/3970/2718 3147/3969/2718 3149/3972/2718 3150/3973/2718
f 3148/3971/2719 3150/3974/2719 3024/3826/2719 3022/3824/2719
f 3150/3973/2720 3149/3972/2720 3151/3975/2720 3152/3976/2720
f 3150/3974/2721 3152/3977/2721 3026/3828/2721 3024/3826/2721
f 3152/3976/2722 3151/3975/2722 3153/3978/2722 3154/3979/2722
f 3152/3977/2723 3154/3980/2723 3028/3830/2723 3026/3828/2723
f 3154/3980/2724 3153/3981/2724 222/269/2724 221/268/2724
f 3154/3980/2725 221/268/2725 3030/3832/2725 3028/3830/2725
f 3153/3978/2726 3151/3975/2726 3155/3982/2726 3156/3983/2726
f 3153/3978/2727 3156/3983/2727 223/272/2727 222/271/2727
f 3156/3983/2728 3155/3982/2728 3157/3984/2728 3158/3985/2728
f 3156/3983/2729 3158/3985/2729 3159/3986/2729 223/272/2729
f 3159/3986/2730 3160/3987/2730 224/273/2730 223/272/2730
f 3159/3986/2731 3158/3985/2731 3161/3988/2731 3162/3989/2731
f 3159/3986/2732 3162/3989/2732 3163/3990/2732 3160/3987/2732
f 3163/3990/2733 3162/3989/2733 3164/3991/2733 3165/3992/2733
f 3163/3993/2734 3165/3994/2734 3043/3847/2734 3166/3995/2734
f 3163/3993/2735 3166/3995/2735 3167/3996/2735 3160/3997/2735
f 3167/3996/2736 225/276/2736 224/275/2736 3160/3997/2736
f 3167/3996/2737 3166/3995/2737 3038/3842/2737 3036/3840/2737
f 3167/3996/2738 3036/3840/2738 3034/3838/2738 225/276/2738
f 3166/3995/2739 3043/3847/2739 3040/3844/2739 3038/3842/2739
f 3165/3992/2740 3164/3991/2740 3168/3998/2740 3169/3999/2740
f 3165/3994/2741 3169/4000/2741 3044/3848/2741 3043/3847/2741
f 3169/3999/2742 3168/3998/2742 3170/4001/2742 3171/4002/2742
f 3169/4000/2743 3171/4003/2743 3045/3849/2743 3044/3848/2743
f 3171/4002/2744 3170/4001/2744 216/261/2744 215/4004/2744
f 3171/4003/2745 215/258/2745 3047/3851/2745 3045/3849/2745
f 3170/4001/2746 3168/3998/2746 3124/3941/2746 3122/3939/2746
f 3170/4001/2747 3122/3939/2747 217/262/2747 216/261/2747
f 3168/3998/2748 3164/3991/2748 3172/4005/2748 3124/3941/2748
f 3172/4005/2749 3164/3991/2749 3162/3989/2749 3161/3988/2749
f 3172/4005/2750 3161/3988/2750 3173/4006/2750 3127/3944/2750
f 3172/4005/2751 3127/3944/2751 3125/3942/2751 3124/3941/2751
f 3173/4006/2752 3161/3988/2752 3158/3985/2752 3157/3984/2752
f 3173/4006/2753 3157/3984/2753 3174/4007/2753 3130/3947/2753
f 3173/4006/2754 3130/3947/2754 3128/3945/2754 3127/3944/2754
f 3174/4007/2755 3157/3984/2755 3155/3982/2755 3175/4008/2755
f 3174/4007/2756 3175/4008/2756 3176/4009/2756 3133/3950/2756
f 3174/4007/952 3133/3950/952 3131/3948/952 3130/3947/952
f 3176/4009/2757 3175/4008/2757 3149/3972/2757 3147/3969/2757
f 3176/4009/2758 3147/3969/2758 3145/3966/2758 3136/3953/2758
f 3176/4009/2759 3136/3953/2759 3134/3951/2759 3133/3950/2759
f 3175/4008/2760 3155/3982/2760 3151/3975/2760 3149/3972/2760
f 3145/3966/2761 3139/3956/2761 3137/3954/2761 3136/3953/2761
f 3114/3926/2762 3110/3922/2762 3109/3921/2762 3177/4010/2762
f 3114/3926/2763 3177/4010/2763 3063/4011/2763 3062/3938/2763
f 3177/4010/2764 3109/3921/2764 3070/3878/2764 3068/3876/2764
f 3177/4010/2765 3068/3876/2765 3064/3875/2765 3063/4011/2765
f 3109/3921/2766 3105/3917/2766 3104/3916/2766 3070/3878/2766
f 3104/3916/2767 3100/3912/2767 3099/3911/2767 3073/3881/2767
f 3104/3916/2768 3073/3881/2768 3071/3879/2768 3070/3878/2768
f 3099/3911/2769 3095/3907/2769 3094/3906/2769 3178/4012/2769
f 3099/3911/2770 3178/4012/2770 3074/3882/2770 3073/3881/2770
f 3178/4012/2771 3094/3906/2771 3081/4013/2771 3079/4014/2771
f 3178/4012/2772 3079/4014/2772 3075/3883/2772 3074/3882/2772
f 3094/3906/2773 3087/3899/2773 3083/3898/2773 3081/4013/2773
f 3051/3857/2774 3049/3856/2774 214/4015/2774 219/3936/2774
f 3049/3853/2775 3047/3851/2775 215/258/2775 214/257/2775
f 3034/3838/2776 3032/3837/2776 220/277/2776 225/276/2776
f 3032/3834/2777 3030/3832/2777 221/268/2777 220/267/2777
f 3012/3815/2778 3010/4016/2778 226/285/2778 230/284/2778
f 3010/3810/2779 3008/3808/2779 227/280/2779 226/279/2779
f 2994/3794/2780 2992/3793/2780 232/297/2780 236/296/2780
f 2992/3790/2781 2990/3788/2781 233/292/2781 232/291/2781
f 2963/3759/2545 2960/3756/2545 2958/3754/2545 2957/3753/2545
f 2943/3737/2531 2940/3734/2531 2938/3732/2531 2937/3731/2531
f 2923/3715/2516 2920/3712/2516 2918/3710/2516 2917/3709/2516
f 2875/3663/2483 2870/3658/2483 2868/3656/2483 2867/3655/2483
f 2851/3637/2457 2845/3629/2457 2843/3627/2457 2842/3626/2457
f 2826/3608/2782 2819/3599/2782 2817/3597/2782 2816/3596/2782
f 2794/3571/2783 2790/3566/2783 2785/3553/2783 2784/3552/2783
f 2646/3562/2784 2644/4017/2784 168/192/2784 171/196/2784
f 2644/3330/2785 2642/3328/2785 169/4018/2785 168/4019/2785
f 2622/3476/2786 185/215/2786 177/206/2786 179/209/2786
f 2602/4020/2787 2601/3423/2787 210/252/2787 209/251/2787
f 2602/3278/2788 209/4021/2788 200/242/2788 204/241/2788
f 2571/3242/2789 2569/3240/2789 2568/3239/2789 199/232/2789
f 2476/3122/2790 2474/3121/2790 165/4022/2790 164/182/2790
f 2463/3107/2791 2456/3098/2791 2454/3096/2791 2453/3095/2791
f 2407/3027/2792 2405/3025/2792 160/173/2792 159/172/2792
f 2403/3023/2793 2402/3022/2793 156/174/2793 160/173/2793
f 2379/2999/2794 2378/2998/2794 141/145/2794 143/149/2794
f 2378/2998/2795 2377/2997/2795 142/146/2795 141/145/2795
f 2377/2997/2796 2370/2990/2796 2368/2988/2796 2367/2987/2796
f 2364/2984/2797 2363/2983/2797 146/153/2797 145/152/2797
f 2312/2932/2798 2310/2930/2798 122/123/2798 128/129/2798
f 2310/2930/2799 2308/2928/2799 123/124/2799 122/123/2799
f 2302/2922/2800 2300/2920/2800 108/107/2800 107/106/2800
f 2296/2915/2801 2294/2912/2801 112/112/2801 118/118/2801
f 2294/2912/2802 2293/2911/2802 113/113/2802 112/112/2802
f 2292/2910/2803 2290/2906/2803 2289/2905/2803 134/136/2803
f 1747/2167/2804 1745/2165/2804 1706/2099/2804 1705/2098/2804
f 1655/2020/2805 1654/2019/2805 7/53/2805 73/56/2805
f 1649/2012/2806 1618/1968/2806 1617/1967/2806 1625/2043/2806
f 1641/2000/2807 1640/1999/2807 3179/4023/2807 1604/1950/2807
f 1641/2000/2808 1604/1950/2808 1603/1949/2808 1608/1955/2808
f 3179/4024/2809 1640/1997/2809 1633/1988/2809 3180/4025/2809
f 3179/4024/2810 3180/4025/2810 3181/4026/2810 1599/4027/2810
f 3179/4023/2811 1599/1945/2811 1598/1944/2811 1604/1950/2811
f 3181/4026/2812 3180/4025/2812 3182/4028/2812 3183/4029/2812
f 3181/4026/2813 3183/4029/2813 3184/4030/2813 1594/1937/2813
f 3181/4026/2814 1594/1937/2814 1593/1936/2814 1599/4027/2814
f 3184/4031/2815 3183/4032/2815 3185/4033/2815 3186/4034/2815
f 3184/4031/2816 3186/4034/2816 3187/4035/2816 1589/4036/2816
f 3184/4030/2817 1589/1932/2817 1588/1931/2817 1594/1937/2817
f 3187/4035/2818 3186/4034/2818 46/4/2818 45/3/2818
f 3187/4035/2819 45/3/2819 3188/4037/2819 1584/1926/2819
f 3187/4035/2820 1584/1926/2820 1583/1925/2820 1589/4036/2820
f 3188/4037/2821 45/3/2821 44/2/2821 3189/4038/2821
f 3188/4037/2822 3189/4038/2822 3190/4039/2822 1579/1919/2822
f 3188/4037/2823 1579/1919/2823 1578/1918/2823 1584/1926/2823
f 3190/4039/2824 3189/4038/2824 3191/4040/2824 3192/4041/2824
f 3190/4039/2825 3192/4041/2825 3193/4042/2825 1574/1910/2825
f 3190/4039/2826 1574/1910/2826 1573/1909/2826 1579/1919/2826
f 3193/4042/2827 3192/4041/2827 3194/4043/2827 3195/4044/2827
f 3193/4042/2828 3195/4044/2828 3196/4045/2828 1569/1903/2828
f 3193/4042/2829 1569/1903/2829 1568/1902/2829 1574/1910/2829
f 3196/4045/2830 3195/4044/2830 3197/4046/2830 3198/4047/2830
f 3196/4045/2831 3198/4047/2831 3199/4048/2831 1564/4049/2831
f 3196/4045/2832 1564/4049/2832 1563/1904/2832 1569/1903/2832
f 3199/4048/2833 3198/4047/2833 3200/4050/2833 3201/4051/2833
f 3199/4052/2834 3201/4053/2834 3202/4054/2834 1559/1890/2834
f 3199/4052/2835 1559/1890/2835 1558/1889/2835 1564/1897/2835
f 3202/4054/2836 3201/4053/2836 3203/4055/2836 3204/4056/2836
f 3202/4054/2837 3204/4056/2837 3205/4057/2837 1554/4058/2837
f 3202/4054/2838 1554/4058/2838 1553/1891/2838 1559/1890/2838
f 3205/4059/2839 3204/4060/2839 3206/4061/2839 3207/4062/2839
f 3205/4059/2840 3207/4062/2840 3208/4063/2840 1549/1876/2840
f 3205/4059/2841 1549/1876/2841 1548/1875/2841 1554/4064/2841
f 3208/4063/2842 3207/4062/2842 3209/4065/2842 3210/4066/2842
f 3208/4063/2843 3210/4066/2843 3211/4067/2843 1544/1871/2843
f 3208/4063/2844 1544/1871/2844 1543/1870/2844 1549/1876/2844
f 3211/4067/2845 3210/4066/2845 3212/4068/2845 3213/4069/2845
f 3211/4067/2846 3213/4069/2846 3214/4070/2846 1539/1866/2846
f 3211/4067/2847 1539/1866/2847 1538/1865/2847 1544/1871/2847
f 3214/4070/2848 3213/4069/2848 3215/4071/2848 3216/4072/2848
f 3214/4070/2849 3216/4072/2849 3217/4073/2849 1534/1861/2849
f 3214/4070/2850 1534/1861/2850 1533/1860/2850 1539/1866/2850
f 3217/4074/2851 3216/4075/2851 3218/4076/2851 3219/4077/2851
f 3217/4074/2852 3219/4077/2852 3220/4078/2852 1529/4079/2852
f 3217/4073/2853 1529/1856/2853 1528/1855/2853 1534/1861/2853
f 3220/4078/2854 3219/4077/2854 3221/4080/2854 3222/4081/2854
f 3220/4078/2855 3222/4081/2855 3223/4082/2855 1524/1848/2855
f 3220/4078/2856 1524/1848/2856 1523/1847/2856 1529/4079/2856
f 3223/4082/2857 3222/4081/2857 3224/4083/2857 3225/4084/2857
f 3223/4082/2858 3225/4084/2858 3226/4085/2858 1519/1843/2858
f 3223/4082/2859 1519/1843/2859 1518/1842/2859 1524/1848/2859
f 3226/4085/2860 3225/4084/2860 3227/4086/2860 3228/4087/2860
f 3226/4085/2861 3228/4087/2861 3229/4088/2861 1514/1838/2861
f 3226/4085/2862 1514/1838/2862 1513/1837/2862 1519/1843/2862
f 3229/4088/2863 3228/4087/2863 3230/4089/2863 3231/4090/2863
f 3229/4091/2864 3231/4092/2864 3232/4093/2864 1509/4094/2864
f 3229/4088/2865 1509/1833/2865 1508/1832/2865 1514/1838/2865
f 3232/4093/2866 3231/4092/2866 3233/4095/2866 3234/4096/2866
f 3232/4097/2867 3234/4098/2867 3235/4099/2867 1504/4100/2867
f 3232/4101/2868 1504/1828/2868 1503/1827/2868 1509/1833/2868
f 3235/4099/2869 3234/4098/2869 3236/4102/2869 3237/4103/2869
f 3235/4099/2870 3237/4103/2870 3238/4104/2870 1499/1820/2870
f 3235/4099/2871 1499/1820/2871 1498/1819/2871 1504/4100/2871
f 3238/4104/2872 3237/4103/2872 3239/4105/2872 3240/4106/2872
f 3238/4104/2873 3240/4106/2873 3241/4107/2873 1494/1815/2873
f 3238/4104/2874 1494/1815/2874 1493/1814/2874 1499/1820/2874
f 3241/4107/2875 3240/4106/2875 3242/4108/2875 3243/4109/2875
f 3241/4107/2876 3243/4109/2876 3244/4110/2876 1489/1810/2876
f 3241/4107/2877 1489/1810/2877 1488/1809/2877 1494/1815/2877
f 3244/4110/2878 3243/4109/2878 3245/4111/2878 3246/4112/2878
f 3244/4110/2879 3246/4112/2879 3247/4113/2879 1484/1805/2879
f 3244/4110/2880 1484/1805/2880 1483/1804/2880 1489/1810/2880
f 3247/4113/2881 3246/4112/2881 3248/4114/2881 3249/4115/2881
f 3247/4113/2882 3249/4115/2882 3250/4116/2882 1479/1800/2882
f 3247/4113/2883 1479/1800/2883 1478/1799/2883 1484/1805/2883
f 3250/4117/2884 3249/4118/2884 3251/4119/2884 3252/4120/2884
f 3250/4117/2885 3252/4120/2885 3253/4121/2885 1474/4122/2885
f 3250/4116/2886 1474/1795/2886 1473/1794/2886 1479/1800/2886
f 3253/4121/2887 3252/4120/2887 3254/4123/2887 3255/4124/2887
f 3253/4121/2888 3255/4124/2888 3256/4125/2888 1469/1787/2888
f 3253/4121/2889 1469/1787/2889 1468/1786/2889 1474/4122/2889
f 3256/4125/2890 3255/4124/2890 3257/4126/2890 3258/4127/2890
f 3256/4125/2891 3258/4127/2891 3259/4128/2891 1464/1782/2891
f 3256/4125/2892 1464/1782/2892 1463/1781/2892 1469/1787/2892
f 3259/4128/2893 3258/4127/2893 3260/4129/2893 3261/4130/2893
f 3259/4128/2894 3261/4130/2894 3262/4131/2894 1459/1777/2894
f 3259/4128/2895 1459/1777/2895 1458/1776/2895 1464/1782/2895
f 3262/4131/2896 3261/4130/2896 3263/4132/2896 3264/4133/2896
f 3262/4134/2897 3264/4135/2897 3265/4136/2897 1454/4137/2897
f 3262/4131/2898 1454/1772/2898 1453/1771/2898 1459/1777/2898
f 3265/4136/2899 3264/4135/2899 3266/4138/2899 3267/4139/2899
f 3265/4136/2900 3267/4139/2900 3268/4140/2900 1449/1764/2900
f 3265/4136/2901 1449/1764/2901 1448/1763/2901 1454/4137/2901
f 3268/4140/2902 3267/4139/2902 3269/4141/2902 3270/4142/2902
f 3268/4140/2903 3270/4142/2903 3271/4143/2903 1444/1759/2903
f 3268/4140/2904 1444/1759/2904 1443/1758/2904 1449/1764/2904
f 3271/4143/2905 3270/4142/2905 3272/4144/2905 3273/4145/2905
f 3271/4143/2906 3273/4145/2906 3274/4146/2906 1439/1754/2906
f 3271/4143/2907 1439/1754/2907 1438/1753/2907 1444/1759/2907
f 3274/4146/2908 3273/4145/2908 3275/4147/2908 3276/4148/2908
f 3274/4146/2909 3276/4148/2909 3277/4149/2909 1434/1749/2909
f 3274/4146/2910 1434/1749/2910 1433/1748/2910 1439/1754/2910
f 3277/4149/2911 3276/4148/2911 3278/4150/2911 3279/4151/2911
f 3277/4149/2912 3279/4151/2912 3280/4152/2912 1429/1744/2912
f 3277/4149/2913 1429/1744/2913 1428/1743/2913 1434/1749/2913
f 3280/4153/2914 3279/4154/2914 3281/4155/2914 3282/4156/2914
f 3280/4153/2915 3282/4156/2915 3283/4157/2915 1424/4158/2915
f 3280/4152/2916 1424/1739/2916 1423/1738/2916 1429/1744/2916
f 3283/4157/2917 3282/4156/2917 3284/4159/2917 3285/4160/2917
f 3283/4157/2918 3285/4160/2918 3286/4161/2918 1419/1732/2918
f 3283/4157/2919 1419/1732/2919 1418/1731/2919 1424/4158/2919
f 3286/4161/2920 3285/4160/2920 3287/4162/2920 3288/4163/2920
f 3286/4161/2921 3288/4163/2921 3289/4164/2921 1414/1724/2921
f 3286/4161/2922 1414/1724/2922 1413/1723/2922 1419/1732/2922
f 3289/4164/2923 3288/4163/2923 3290/4165/2923 3291/4166/2923
f 3289/4164/2924 3291/4166/2924 3292/4167/2924 1409/1719/2924
f 3289/4164/2925 1409/1719/2925 1408/1718/2925 1414/1724/2925
f 3292/4167/2926 3291/4166/2926 3293/4168/2926 3294/4169/2926
f 3292/4167/2927 3294/4169/2927 3295/4170/2927 1404/1714/2927
f 3292/4167/2928 1404/1714/2928 1403/1713/2928 1409/1719/2928
f 3295/4170/2929 3294/4169/2929 3296/4171/2929 3297/4172/2929
f 3295/4170/2930 3297/4172/2930 3298/4173/2930 1399/1709/2930
f 3295/4170/2931 1399/1709/2931 1398/1708/2931 1404/1714/2931
f 3298/4174/2932 3297/4175/2932 3299/4176/2932 3300/4177/2932
f 3298/4174/2933 3300/4177/2933 3301/4178/2933 1394/4179/2933
f 3298/4173/2934 1394/1704/2934 1393/1703/2934 1399/1709/2934
f 3301/4178/2935 3300/4177/2935 3302/4180/2935 3303/4181/2935
f 3301/4178/2936 3303/4181/2936 3304/4182/2936 1389/1696/2936
f 3301/4178/2937 1389/1696/2937 1388/1695/2937 1394/4179/2937
f 3304/4182/2938 3303/4181/2938 3305/4183/2938 3306/4184/2938
f 3304/4182/2939 3306/4184/2939 3307/4185/2939 1384/1691/2939
f 3304/4182/2940 1384/1691/2940 1383/1690/2940 1389/1696/2940
f 3307/4185/2941 3306/4184/2941 3308/4186/2941 3309/4187/2941
f 3307/4185/2942 3309/4187/2942 3310/4188/2942 1379/1686/2942
f 3307/4185/2943 1379/1686/2943 1378/1685/2943 1384/1691/2943
f 3310/4188/2944 3309/4187/2944 3311/4189/2944 3312/4190/2944
f 3310/4188/2945 3312/4190/2945 3313/4191/2945 1374/1681/2945
f 3310/4188/2946 1374/1681/2946 1373/1680/2946 1379/1686/2946
f 3313/4192/2947 3312/4193/2947 3314/4194/2947 3315/4195/2947
f 3313/4192/2948 3315/4195/2948 3316/4196/2948 1369/4197/2948
f 3313/4191/2949 1369/1676/2949 1368/1675/2949 1374/1681/2949
f 3316/4196/2950 3315/4195/2950 3317/4198/2950 3318/4199/2950
f 3316/4196/2951 3318/4199/2951 3319/4200/2951 1364/1668/2951
f 3316/4196/2952 1364/1668/2952 1363/1667/2952 1369/4197/2952
f 3319/4200/2953 3318/4199/2953 3320/4201/2953 3321/4202/2953
f 3319/4200/2954 3321/4202/2954 3322/4203/2954 1359/1663/2954
f 3319/4200/2955 1359/1663/2955 1358/1662/2955 1364/1668/2955
f 3322/4203/2956 3321/4202/2956 3323/4204/2956 3324/4205/2956
f 3322/4203/2957 3324/4205/2957 3325/4206/2957 1354/1658/2957
f 3322/4203/2958 1354/1658/2958 1353/1657/2958 1359/1663/2958
f 3325/4206/2959 3324/4205/2959 3326/4207/2959 3327/4208/2959
f 3325/4206/2960 3327/4208/2960 3328/4209/2960 1349/1653/2960
f 3325/4206/2961 1349/1653/2961 1348/1652/2961 1354/1658/2961
f 3328/4210/2962 3327/4211/2962 3329/4212/2962 3330/4213/2962
f 3328/4210/2963 3330/4213/2963 3331/4214/2963 1344/4215/2963
f 3328/4209/2964 1344/1646/2964 1343/1645/2964 1349/1653/2964
f 3331/4214/2965 3330/4213/2965 3332/4216/2965 3333/4217/2965
f 3331/4214/2966 3333/4217/2966 3334/4218/2966 1339/4219/2966
f 3331/4214/2967 1339/4219/2967 1338/4220/2967 1344/4215/2967
f 3334/4218/2968 3333/4217/2968 3335/4221/2968 3336/4222/2968
f 3334/4223/2969 3336/4224/2969 3337/4225/2969 1335/1636/2969
f 3334/4223/2970 1335/1636/2970 1334/1635/2970 1339/1640/2970
f 3337/4225/2971 3336/4224/2971 3338/4226/2971 3339/4227/2971
f 3337/4225/2972 3339/4227/2972 3340/4228/2972 1332/1633/2972
f 3337/4225/2973 1332/1633/2973 1331/1632/2973 1335/1636/2973
f 3340/4228/2974 3339/4227/2974 3341/4229/2974 242/308/2974
f 3340/4228/2975 242/308/2975 241/307/2975 1329/1630/2975
f 3340/4228/2976 1329/1630/2976 1328/1629/2976 1332/1633/2976
f 3341/4229/2977 3342/4230/2977 430/537/2977 3343/4231/2977
f 3341/4229/2978 3343/4231/2978 243/309/2978 242/308/2978
f 3341/4229/2979 3339/4227/2979 3338/4226/2979 3342/4230/2979
f 3343/4231/2980 430/537/2980 426/531/2980 425/530/2980
f 3343/4231/2981 425/530/2981 3344/4232/2981 243/309/2981
f 3342/4230/2982 435/4233/2982 431/538/2982 430/537/2982
f 3342/4234/2983 3338/4235/2983 3345/4236/2983 435/545/2983
f 3345/4236/2984 440/551/2984 436/546/2984 435/545/2984
f 3345/4236/2985 3338/4235/2985 3336/4222/2985 3335/4221/2985
f 3345/4236/2986 3335/4221/2986 3346/4237/2986 440/551/2986
f 3346/4237/2987 445/556/2987 441/552/2987 440/551/2987
f 3346/4237/2988 3335/4221/2988 3333/4217/2988 3332/4216/2988
f 3346/4237/2989 3332/4216/2989 3347/4238/2989 445/556/2989
f 3347/4238/2990 450/561/2990 446/557/2990 445/556/2990
f 3347/4238/2991 3332/4216/2991 3330/4213/2991 3329/4212/2991
f 3347/4238/2992 3329/4212/2992 3348/4239/2992 450/561/2992
f 3348/4239/2993 455/566/2993 451/562/2993 450/561/2993
f 3348/4239/2994 3329/4212/2994 3327/4211/2994 3326/4240/2994
f 3348/4239/2995 3326/4240/2995 3349/4241/2995 455/566/2995
f 3349/4241/2996 460/571/2996 456/567/2996 455/566/2996
f 3349/4242/2997 3326/4207/2997 3324/4205/2997 3323/4204/2997
f 3349/4242/2998 3323/4204/2998 3350/4243/2998 460/4244/2998
f 3350/4243/2999 465/578/2999 461/577/2999 460/4244/2999
f 3350/4243/3000 3323/4204/3000 3321/4202/3000 3320/4201/3000
f 3350/4243/3001 3320/4201/3001 3351/4245/3001 465/578/3001
f 3351/4245/3002 470/584/3002 466/579/3002 465/578/3002
f 3351/4245/3003 3320/4201/3003 3318/4199/3003 3317/4198/3003
f 3351/4245/3004 3317/4198/3004 3352/4246/3004 470/584/3004
f 3352/4246/3005 475/589/3005 471/585/3005 470/584/3005
f 3352/4246/3006 3317/4198/3006 3315/4195/3006 3314/4194/3006
f 3352/4246/3007 3314/4194/3007 3353/4247/3007 475/589/3007
f 3353/4247/3008 480/594/3008 476/590/3008 475/589/3008
f 3353/4247/3009 3314/4194/3009 3312/4193/3009 3311/4248/3009
f 3353/4247/3010 3311/4248/3010 3354/4249/3010 480/594/3010
f 3354/4249/3011 485/599/3011 481/595/3011 480/594/3011
f 3354/4250/3012 3311/4189/3012 3309/4187/3012 3308/4186/3012
f 3354/4250/3013 3308/4186/3013 3355/4251/3013 485/4252/3013
f 3355/4251/3014 490/606/3014 486/605/3014 485/4252/3014
f 3355/4251/3015 3308/4186/3015 3306/4184/3015 3305/4183/3015
f 3355/4251/3016 3305/4183/3016 3356/4253/3016 490/606/3016
f 3356/4253/3017 495/612/3017 491/607/3017 490/606/3017
f 3356/4253/3018 3305/4183/3018 3303/4181/3018 3302/4180/3018
f 3356/4253/3019 3302/4180/3019 3357/4254/3019 495/612/3019
f 3357/4254/3020 500/617/3020 496/613/3020 495/612/3020
f 3357/4254/3021 3302/4180/3021 3300/4177/3021 3299/4176/3021
f 3357/4254/3022 3299/4176/3022 3358/4255/3022 500/617/3022
f 3358/4255/3023 505/622/3023 501/618/3023 500/617/3023
f 3358/4255/3024 3299/4176/3024 3297/4175/3024 3296/4256/3024
f 3358/4255/3025 3296/4256/3025 3359/4257/3025 505/622/3025
f 3359/4257/3026 510/627/3026 506/623/3026 505/622/3026
f 3359/4258/3027 3296/4171/3027 3294/4169/3027 3293/4168/3027
f 3359/4258/3028 3293/4168/3028 3360/4259/3028 510/4260/3028
f 3360/4259/3029 515/634/3029 511/633/3029 510/4260/3029
f 3360/4259/3030 3293/4168/3030 3291/4166/3030 3290/4165/3030
f 3360/4259/3031 3290/4165/3031 3361/4261/3031 515/634/3031
f 3361/4261/3032 520/640/3032 516/635/3032 515/634/3032
f 3361/4261/3033 3290/4165/3033 3288/4163/3033 3287/4162/3033
f 3361/4261/3034 3287/4162/3034 3362/4262/3034 520/640/3034
f 3362/4262/3035 525/645/3035 521/641/3035 520/640/3035
f 3362/4262/3036 3287/4162/3036 3285/4160/3036 3284/4159/3036
f 3362/4262/3037 3284/4159/3037 3363/4263/3037 525/645/3037
f 3363/4263/3038 530/650/3038 526/646/3038 525/645/3038
f 3363/4263/3039 3284/4159/3039 3282/4156/3039 3281/4155/3039
f 3363/4263/3040 3281/4155/3040 3364/4264/3040 530/650/3040
f 3364/4264/3041 535/655/3041 531/651/3041 530/650/3041
f 3364/4264/3042 3281/4155/3042 3279/4154/3042 3278/4265/3042
f 3364/4264/3043 3278/4265/3043 3365/4266/3043 535/655/3043
f 3365/4266/3044 540/660/3044 536/656/3044 535/655/3044
f 3365/4267/3045 3278/4150/3045 3276/4148/3045 3275/4147/3045
f 3365/4267/3046 3275/4147/3046 3366/4268/3046 540/4269/3046
f 3366/4268/3047 545/667/3047 541/666/3047 540/4269/3047
f 3366/4268/3048 3275/4147/3048 3273/4145/3048 3272/4144/3048
f 3366/4268/3049 3272/4144/3049 3367/4270/3049 545/667/3049
f 3367/4270/3050 550/673/3050 546/668/3050 545/667/3050
f 3367/4270/3051 3272/4144/3051 3270/4142/3051 3269/4141/3051
f 3367/4270/3052 3269/4141/3052 3368/4271/3052 550/673/3052
f 3368/4271/3053 555/678/3053 551/674/3053 550/673/3053
f 3368/4271/3054 3269/4141/3054 3267/4139/3054 3266/4138/3054
f 3368/4271/3055 3266/4138/3055 3369/4272/3055 555/678/3055
f 3369/4272/3056 560/683/3056 556/679/3056 555/678/3056
f 3369/4272/3057 3266/4138/3057 3264/4135/3057 3263/4273/3057
f 3369/4272/3058 3263/4273/3058 3370/4274/3058 560/683/3058
f 3370/4274/3059 565/688/3059 561/684/3059 560/683/3059
f 3370/4275/3060 3263/4132/3060 3261/4130/3060 3260/4129/3060
f 3370/4275/3061 3260/4129/3061 3371/4276/3061 565/4277/3061
f 3371/4276/3062 570/695/3062 566/694/3062 565/4277/3062
f 3371/4276/3063 3260/4129/3063 3258/4127/3063 3257/4126/3063
f 3371/4276/3064 3257/4126/3064 3372/4278/3064 570/695/3064
f 3372/4278/3065 575/701/3065 571/696/3065 570/695/3065
f 3372/4278/3066 3257/4126/3066 3255/4124/3066 3254/4123/3066
f 3372/4278/3067 3254/4123/3067 3373/4279/3067 575/701/3067
f 3373/4279/3068 580/706/3068 576/702/3068 575/701/3068
f 3373/4279/3069 3254/4123/3069 3252/4120/3069 3251/4119/3069
f 3373/4279/3070 3251/4119/3070 3374/4280/3070 580/706/3070
f 3374/4280/3071 585/711/3071 581/707/3071 580/706/3071
f 3374/4280/3072 3251/4119/3072 3249/4118/3072 3248/4281/3072
f 3374/4280/3073 3248/4281/3073 3375/4282/3073 585/711/3073
f 3375/4282/3074 590/716/3074 586/712/3074 585/711/3074
f 3375/4283/3075 3248/4114/3075 3246/4112/3075 3245/4111/3075
f 3375/4283/3076 3245/4111/3076 3376/4284/3076 590/4285/3076
f 3376/4284/3077 595/725/3077 591/724/3077 590/4285/3077
f 3376/4284/3078 3245/4111/3078 3243/4109/3078 3242/4108/3078
f 3376/4284/3079 3242/4108/3079 3377/4286/3079 595/725/3079
f 3377/4286/3080 600/4287/3080 596/726/3080 595/725/3080
f 3377/4286/3081 3242/4108/3081 3240/4106/3081 3239/4105/3081
f 3377/4286/3082 3239/4105/3082 3378/4288/3082 600/4287/3082
f 3378/4288/3083 605/739/3083 601/735/3083 600/4287/3083
f 3378/4288/3084 3239/4105/3084 3237/4103/3084 3236/4102/3084
f 3378/4288/3085 3236/4102/3085 3379/4289/3085 605/739/3085
f 3379/4289/3086 610/744/3086 606/740/3086 605/739/3086
f 3379/4290/3087 3236/4291/3087 3234/4096/3087 3233/4095/3087
f 3379/4289/3088 3233/4292/3088 3380/4293/3088 610/744/3088
f 3380/4293/3089 615/749/3089 611/745/3089 610/744/3089
f 3380/4293/3090 3233/4292/3090 3231/4294/3090 3230/4295/3090
f 3380/4293/3091 3230/4295/3091 3381/4296/3091 615/749/3091
f 3381/4296/3092 620/754/3092 616/750/3092 615/749/3092
f 3381/4297/3093 3230/4089/3093 3228/4087/3093 3227/4086/3093
f 3381/4297/3094 3227/4086/3094 3382/4298/3094 620/4299/3094
f 3382/4298/3095 625/761/3095 621/760/3095 620/4299/3095
f 3382/4298/3096 3227/4086/3096 3225/4084/3096 3224/4083/3096
f 3382/4298/3097 3224/4083/3097 3383/4300/3097 625/761/3097
f 3383/4300/3098 630/767/3098 626/762/3098 625/761/3098
f 3383/4300/3099 3224/4083/3099 3222/4081/3099 3221/4080/3099
f 3383/4300/3100 3221/4080/3100 3384/4301/3100 630/767/3100
f 3384/4301/3101 635/772/3101 631/768/3101 630/767/3101
f 3384/4301/3102 3221/4080/3102 3219/4077/3102 3218/4076/3102
f 3384/4301/3103 3218/4076/3103 3385/4302/3103 635/772/3103
f 3385/4302/3104 640/777/3104 636/773/3104 635/772/3104
f 3385/4302/3105 3218/4076/3105 3216/4075/3105 3215/4303/3105
f 3385/4302/3106 3215/4303/3106 3386/4304/3106 640/777/3106
f 3386/4304/3107 645/4305/3107 641/778/3107 640/777/3107
f 3386/4306/3108 3215/4071/3108 3213/4069/3108 3212/4068/3108
f 3386/4306/3109 3212/4068/3109 3387/4307/3109 645/4308/3109
f 3387/4309/3110 650/790/3110 646/786/3110 645/785/3110
f 3387/4307/3111 3212/4068/3111 3210/4066/3111 3209/4065/3111
f 3387/4307/3112 3209/4065/3112 3388/4310/3112 650/4311/3112
f 3388/4312/3113 655/4313/3113 651/791/3113 650/790/3113
f 3388/4310/3114 3209/4065/3114 3207/4062/3114 3206/4061/3114
f 3388/4312/3115 3206/4314/3115 3389/4315/3115 655/4313/3115
f 3389/4316/3116 660/803/3116 656/799/3116 655/798/3116
f 3389/4315/3117 3206/4314/3117 3204/4056/3117 3203/4055/3117
f 3389/4316/3118 3203/4317/3118 3390/4318/3118 660/803/3118
f 3390/4318/3119 665/808/3119 661/804/3119 660/803/3119
f 3390/4318/3120 3203/4317/3120 3201/4319/3120 3200/4320/3120
f 3390/4318/3121 3200/4320/3121 3391/4321/3121 665/808/3121
f 3391/4321/3122 670/813/3122 666/809/3122 665/808/3122
f 3391/4322/3123 3200/4050/3123 3198/4047/3123 3197/4046/3123
f 3391/4322/3124 3197/4046/3124 3392/4323/3124 670/4324/3124
f 3392/4323/3125 675/820/3125 671/819/3125 670/4324/3125
f 3392/4323/3126 3197/4046/3126 3195/4044/3126 3194/4043/3126
f 3392/4323/3127 3194/4043/3127 3393/4325/3127 675/820/3127
f 3393/4325/3128 680/826/3128 676/821/3128 675/820/3128
f 3393/4325/3129 3194/4043/3129 3192/4041/3129 3191/4040/3129
f 3393/4325/3130 3191/4040/3130 3394/4326/3130 680/826/3130
f 3394/4326/3131 685/831/3131 681/827/3131 680/826/3131
f 3394/4326/3132 3191/4040/3132 3189/4038/3132 44/2/3132
f 3394/4327/3133 44/4328/3133 43/12/3133 685/4329/3133
f 3186/4034/3134 3185/4033/3134 3395/4330/3134 46/4/3134
f 3395/4330/3135 3396/4331/3135 3397/4332/3135 52/4333/3135
f 3395/4330/3136 52/4333/3136 3/4334/3136 46/4/3136
f 3395/4330/3137 3185/4033/3137 3398/4335/3137 3396/4331/3137
f 3398/4335/3138 1631/1984/3138 3399/4336/3138 3396/4331/3138
f 3398/4335/3139 3185/4033/3139 3183/4032/3139 3182/4337/3139
f 3398/4335/3140 3182/4337/3140 1632/1985/3140 1631/1984/3140
f 3399/4336/3141 1619/1971/3141 1615/1970/3141 1614/4338/3141
f 3399/4336/3142 1614/4338/3142 3397/4332/3142 3396/4331/3142
f 3399/4336/3143 1631/1984/3143 1629/1982/3143 1619/1971/3143
f 3397/4339/3144 1614/1964/3144 1610/1959/3144 1609/1958/3144
f 3397/4339/3145 1609/1958/3145 50/16/3145 52/22/3145
f 3182/4028/3146 3180/4025/3146 1633/1988/3146 1632/1987/3146
f 1609/1958/3147 1605/1957/3147 51/17/3147 50/16/3147
f 1601/1947/3148 1600/1946/3148 4/4340/3148 51/1951/3148
f 1600/1946/3149 1596/1941/3149 1595/1940/3149 3400/4341/3149
f 1600/1946/3150 3400/4341/3150 53/4342/3150 4/4340/3150
f 3400/4341/3151 1595/1940/3151 3401/4343/3151 3402/4344/3151
f 3400/4341/3152 3402/4344/3152 3403/4345/3152 53/4342/3152
f 3403/4345/3153 3402/4344/3153 3404/4346/3153 3405/4347/3153
f 3403/4345/3154 3405/4347/3154 3406/4348/3154 3407/4349/3154
f 3403/4345/3155 3407/4349/3155 54/4350/3155 53/4342/3155
f 3407/4349/3156 3406/4348/3156 820/1007/3156 3408/4351/3156
f 3407/4349/3157 3408/4351/3157 3409/4352/3157 54/4350/3157
f 3409/4353/3158 3410/4354/3158 55/25/3158 54/24/3158
f 3409/4352/3159 3408/4351/3159 817/1002/3159 3411/4355/3159
f 3409/4352/3160 3411/4355/3160 3412/4356/3160 3410/4357/3160
f 3412/4356/3161 3413/4358/3161 3414/4359/3161 3410/4357/3161
f 3412/4356/3162 3411/4355/3162 814/998/3162 3415/4360/3162
f 3412/4356/3163 3415/4360/3163 3416/4361/3163 3413/4358/3163
f 3416/4361/3164 3417/4362/3164 3418/4363/3164 3413/4358/3164
f 3416/4361/3165 3415/4360/3165 811/4364/3165 3419/4365/3165
f 3416/4361/3166 3419/4365/3166 3420/4366/3166 3417/4362/3166
f 3420/4366/3167 3421/4367/3167 3422/4368/3167 3417/4362/3167
f 3420/4369/3168 3419/4370/3168 808/990/3168 3423/4371/3168
f 3420/4369/3169 3423/4371/3169 3424/4372/3169 3421/4373/3169
f 3424/4372/3170 3425/4374/3170 3426/4375/3170 3421/4373/3170
f 3424/4372/3171 3423/4371/3171 805/987/3171 3427/4376/3171
f 3424/4372/3172 3427/4376/3172 3428/4377/3172 3425/4374/3172
f 3428/4377/3173 3429/4378/3173 3430/4379/3173 3425/4374/3173
f 3428/4377/3174 3427/4376/3174 802/983/3174 3431/4380/3174
f 3428/4377/3175 3431/4380/3175 3432/4381/3175 3429/4378/3175
f 3432/4381/3176 3433/4382/3176 3434/4383/3176 3429/4378/3176
f 3432/4381/3177 3431/4380/3177 799/4384/3177 3435/4385/3177
f 3432/4381/3178 3435/4385/3178 3436/4386/3178 3433/4382/3178
f 3436/4386/3179 3437/4387/3179 3438/4388/3179 3433/4382/3179
f 3436/4389/3180 3435/4390/3180 796/975/3180 3439/4391/3180
f 3436/4389/3181 3439/4391/3181 3440/4392/3181 3437/4393/3181
f 3440/4392/3182 3441/4394/3182 3442/4395/3182 3437/4393/3182
f 3440/4392/3183 3439/4391/3183 793/972/3183 786/960/3183
f 3440/4392/3184 786/960/3184 784/958/3184 3441/4394/3184
f 3442/4396/3185 734/894/3185 733/893/3185 3443/4397/3185
f 3442/4396/3186 3443/4397/3186 3438/4388/3186 3437/4387/3186
f 3442/4395/3187 3441/4394/3187 736/899/3187 734/898/3187
f 3443/4397/3188 733/893/3188 728/886/3188 3444/4398/3188
f 3443/4397/3189 3444/4398/3189 3445/4399/3189 3438/4388/3189
f 3445/4399/3190 3444/4398/3190 3446/4400/3190 3447/4401/3190
f 3445/4399/3191 3447/4401/3191 3448/4402/3191 3434/4383/3191
f 3445/4399/3192 3434/4383/3192 3433/4382/3192 3438/4388/3192
f 3448/4402/3193 3447/4401/3193 3449/4403/3193 3450/4404/3193
f 3448/4402/3194 3450/4404/3194 3451/4405/3194 3430/4379/3194
f 3448/4402/3195 3430/4379/3195 3429/4378/3195 3434/4383/3195
f 3451/4406/3196 3450/4407/3196 3452/4408/3196 3453/4409/3196
f 3451/4406/3197 3453/4409/3197 3454/4410/3197 3426/4411/3197
f 3451/4405/3198 3426/4375/3198 3425/4374/3198 3430/4379/3198
f 3454/4410/3199 3453/4409/3199 3455/4412/3199 3456/4413/3199
f 3454/4410/3200 3456/4413/3200 3457/4414/3200 3422/4368/3200
f 3454/4410/3201 3422/4368/3201 3421/4367/3201 3426/4411/3201
f 3457/4414/3202 3456/4413/3202 3458/4415/3202 3459/4416/3202
f 3457/4414/3203 3459/4416/3203 3460/4417/3203 3418/4363/3203
f 3457/4414/3204 3418/4363/3204 3417/4362/3204 3422/4368/3204
f 3460/4417/3205 3459/4416/3205 3461/4418/3205 3462/4419/3205
f 3460/4417/3206 3462/4419/3206 56/4420/3206 3414/4359/3206
f 3460/4417/3207 3414/4359/3207 3413/4358/3207 3418/4363/3207
f 3462/4421/3208 3461/4422/3208 699/850/3208 3463/4423/3208
f 3462/4421/3209 3463/4423/3209 49/14/3209 56/26/3209
f 3463/4423/3210 699/850/3210 695/845/3210 694/844/3210
f 3463/4423/3211 694/844/3211 47/10/3211 49/14/3211
f 3461/4422/3212 704/855/3212 700/851/3212 699/850/3212
f 3461/4418/3213 3459/4416/3213 3458/4415/3213 704/4424/3213
f 3458/4415/3214 709/862/3214 705/861/3214 704/4424/3214
f 3458/4415/3215 3456/4413/3215 3455/4412/3215 709/862/3215
f 3455/4412/3216 713/868/3216 710/863/3216 709/862/3216
f 3455/4412/3217 3453/4409/3217 3452/4408/3217 713/868/3217
f 3452/4408/3218 718/874/3218 714/869/3218 713/868/3218
f 3452/4408/3219 3450/4407/3219 3449/4425/3219 718/874/3219
f 3449/4425/3220 723/879/3220 719/875/3220 718/874/3220
f 3449/4403/3221 3447/4401/3221 3446/4400/3221 723/4426/3221
f 3446/4400/3222 726/884/3222 724/883/3222 723/4426/3222
f 3446/4400/3223 3444/4398/3223 728/886/3223 726/884/3223
f 3441/4394/3224 784/958/3224 738/901/3224 736/899/3224
f 3439/4391/3225 796/975/3225 794/973/3225 793/972/3225
f 3435/4390/3226 799/978/3226 797/976/3226 796/975/3226
f 3431/4380/3227 802/983/3227 800/982/3227 799/4384/3227
f 3427/4376/3228 805/987/3228 803/984/3228 802/983/3228
f 3423/4371/3229 808/990/3229 806/988/3229 805/987/3229
f 3419/4370/3230 811/993/3230 809/991/3230 808/990/3230
f 3415/4360/3231 814/998/3231 812/997/3231 811/4364/3231
f 3414/4427/3232 56/26/3232 55/25/3232 3410/4354/3232
f 3411/4355/3233 817/1002/3233 815/999/3233 814/998/3233
f 3408/4351/3234 820/1007/3234 818/1003/3234 817/1002/3234
f 3406/4348/3235 3405/4347/3235 3464/4428/3235 823/1012/3235
f 3406/4348/3236 823/1012/3236 821/1008/3236 820/1007/3236
f 3464/4428/3237 3405/4347/3237 3404/4346/3237 3465/4429/3237
f 3464/4428/3238 3465/4429/3238 3466/4430/3238 826/4431/3238
f 3464/4428/3239 826/4431/3239 824/1013/3239 823/1012/3239
f 3466/4432/3240 3465/4433/3240 3467/4434/3240 3468/4435/3240
f 3466/4436/3241 3468/4437/3241 3469/4438/3241 829/1023/3241
f 3466/4436/3242 829/1023/3242 827/1020/3242 826/1019/3242
f 3469/4438/3243 3468/4437/3243 3470/4439/3243 3471/4440/3243
f 3469/4438/3244 3471/4440/3244 3472/4441/3244 832/4442/3244
f 3469/4438/3245 832/4442/3245 830/1024/3245 829/1023/3245
f 3472/4441/3246 3471/4440/3246 3473/4443/3246 3474/4444/3246
f 3472/4445/3247 3474/4446/3247 3475/4447/3247 835/1034/3247
f 3472/4445/3248 835/1034/3248 833/1031/3248 832/1030/3248
f 3475/4447/3249 3474/4446/3249 3476/4448/3249 3477/4449/3249
f 3475/4447/3250 3477/4449/3250 3478/4450/3250 838/1037/3250
f 3475/4447/3251 838/1037/3251 836/1035/3251 835/1034/3251
f 3478/4450/3252 3477/4449/3252 3479/4451/3252 3480/4452/3252
f 3478/4450/3253 3480/4452/3253 3481/4453/3253 841/1040/3253
f 3478/4450/3254 841/1040/3254 839/1038/3254 838/1037/3254
f 3481/4453/3255 3480/4452/3255 3482/4454/3255 3483/4455/3255
f 3481/4453/3256 3483/4455/3256 3484/4456/3256 844/4457/3256
f 3481/4453/3257 844/4457/3257 842/1041/3257 841/1040/3257
f 3484/4458/3258 3483/4459/3258 3485/4460/3258 3486/4461/3258
f 3484/4458/3259 3486/4461/3259 3487/4462/3259 847/4463/3259
f 3484/4464/3260 847/4465/3260 845/1046/3260 844/1045/3260
f 3487/4462/3261 3486/4461/3261 3488/4466/3261 3489/4467/3261
f 3487/4462/3262 3489/4467/3262 3490/4468/3262 850/1054/3262
f 3487/4462/3263 850/1054/3263 848/1053/3263 847/4463/3263
f 3490/4468/3264 3489/4467/3264 3491/4469/3264 3492/4470/3264
f 3490/4468/3265 3492/4470/3265 3493/4471/3265 853/1058/3265
f 3490/4468/3266 853/1058/3266 851/1055/3266 850/1054/3266
f 3493/4471/3267 3492/4470/3267 3494/4472/3267 3495/4473/3267
f 3493/4471/3268 3495/4473/3268 3496/4474/3268 856/1063/3268
f 3493/4471/3269 856/1063/3269 854/1059/3269 853/1058/3269
f 3496/4474/3270 3495/4473/3270 3497/4475/3270 3498/4476/3270
f 3496/4474/3271 3498/4476/3271 3499/4477/3271 859/1066/3271
f 3496/4474/3272 859/1066/3272 857/1064/3272 856/1063/3272
f 3499/4478/3273 3498/4479/3273 3500/4480/3273 3501/4481/3273
f 3499/4478/3274 3501/4481/3274 3502/4482/3274 862/4483/3274
f 3499/4477/3275 862/1069/3275 860/1067/3275 859/1066/3275
f 3502/4482/3276 3501/4481/3276 3503/4484/3276 3504/4485/3276
f 3502/4482/3277 3504/4485/3277 3505/4486/3277 865/1074/3277
f 3502/4482/3278 865/1074/3278 863/1073/3278 862/4483/3278
f 3505/4486/3279 3504/4485/3279 3506/4487/3279 3507/4488/3279
f 3505/4486/3280 3507/4488/3280 3508/4489/3280 868/1078/3280
f 3505/4486/3281 868/1078/3281 866/1075/3281 865/1074/3281
f 3508/4489/3282 3507/4488/3282 3509/4490/3282 3510/4491/3282
f 3508/4489/3283 3510/4491/3283 3511/4492/3283 871/1081/3283
f 3508/4489/3284 871/1081/3284 869/1079/3284 868/1078/3284
f 3511/4492/3285 3510/4491/3285 3512/4493/3285 3513/4494/3285
f 3511/4492/3286 3513/4494/3286 3514/4495/3286 874/1084/3286
f 3511/4492/3287 874/1084/3287 872/1082/3287 871/1081/3287
f 3514/4496/3288 3513/4497/3288 3515/4498/3288 3516/4499/3288
f 3514/4496/3289 3516/4499/3289 3517/4500/3289 877/4501/3289
f 3514/4495/3290 877/1087/3290 875/1085/3290 874/1084/3290
f 3517/4500/3291 3516/4499/3291 3518/4502/3291 3519/4503/3291
f 3517/4500/3292 3519/4503/3292 3520/4504/3292 880/1092/3292
f 3517/4500/3293 880/1092/3293 878/1091/3293 877/4501/3293
f 3520/4504/3294 3519/4503/3294 3521/4505/3294 3522/4506/3294
f 3520/4504/3295 3522/4506/3295 3523/4507/3295 883/1097/3295
f 3520/4504/3296 883/1097/3296 881/1093/3296 880/1092/3296
f 3523/4507/3297 3522/4506/3297 3524/4508/3297 3525/4509/3297
f 3523/4507/3298 3525/4509/3298 3526/4510/3298 886/1101/3298
f 3523/4507/3299 886/1101/3299 884/1098/3299 883/1097/3299
f 3526/4510/3300 3525/4509/3300 3527/4511/3300 3528/4512/3300
f 3526/4510/3301 3528/4512/3301 3529/4513/3301 889/1104/3301
f 3526/4510/3302 889/1104/3302 887/1102/3302 886/1101/3302
f 3529/4513/3303 3528/4512/3303 3530/4514/3303 3531/4515/3303
f 3529/4513/3304 3531/4515/3304 3532/4516/3304 892/1107/3304
f 3529/4513/3305 892/1107/3305 890/1105/3305 889/1104/3305
f 3532/4517/3306 3531/4518/3306 3533/4519/3306 3534/4520/3306
f 3532/4517/3307 3534/4520/3307 3535/4521/3307 895/4522/3307
f 3532/4516/3308 895/1110/3308 893/1108/3308 892/1107/3308
f 3535/4521/3309 3534/4520/3309 3536/4523/3309 3537/4524/3309
f 3535/4521/3310 3537/4524/3310 3538/4525/3310 898/1115/3310
f 3535/4521/3311 898/1115/3311 896/1114/3311 895/4522/3311
f 3538/4525/3312 3537/4524/3312 3539/4526/3312 3540/4527/3312
f 3538/4525/3313 3540/4527/3313 3541/4528/3313 901/1119/3313
f 3538/4525/3314 901/1119/3314 899/1116/3314 898/1115/3314
f 3541/4528/3315 3540/4527/3315 3542/4529/3315 3543/4530/3315
f 3541/4528/3316 3543/4530/3316 3544/4531/3316 904/1122/3316
f 3541/4528/3317 904/1122/3317 902/1120/3317 901/1119/3317
f 3544/4531/3318 3543/4530/3318 3545/4532/3318 3546/4533/3318
f 3544/4531/3319 3546/4533/3319 3547/4534/3319 907/1125/3319
f 3544/4531/3320 907/1125/3320 905/1123/3320 904/1122/3320
f 3547/4535/3321 3546/4536/3321 3548/4537/3321 3549/4538/3321
f 3547/4535/3322 3549/4538/3322 3550/4539/3322 910/4540/3322
f 3547/4534/3323 910/1128/3323 908/1126/3323 907/1125/3323
f 3550/4539/3324 3549/4538/3324 3551/4541/3324 3552/4542/3324
f 3550/4539/3325 3552/4542/3325 3553/4543/3325 913/1133/3325
f 3550/4539/3326 913/1133/3326 911/1132/3326 910/4540/3326
f 3553/4543/3327 3552/4542/3327 3554/4544/3327 3555/4545/3327
f 3553/4543/3328 3555/4545/3328 3556/4546/3328 916/1137/3328
f 3553/4543/3329 916/1137/3329 914/1134/3329 913/1133/3329
f 3556/4546/3330 3555/4545/3330 3557/4547/3330 3558/4548/3330
f 3556/4546/3331 3558/4548/3331 3559/4549/3331 919/1140/3331
f 3556/4546/3332 919/1140/3332 917/1138/3332 916/1137/3332
f 3559/4549/3333 3558/4548/3333 3560/4550/3333 3561/4551/3333
f 3559/4549/3334 3561/4551/3334 3562/4552/3334 922/1143/3334
f 3559/4549/3335 922/1143/3335 920/1141/3335 919/1140/3335
f 3562/4553/3336 3561/4554/3336 3563/4555/3336 3564/4556/3336
f 3562/4553/3337 3564/4556/3337 3565/4557/3337 925/4558/3337
f 3562/4552/3338 925/1146/3338 923/1144/3338 922/1143/3338
f 3565/4557/3339 3564/4556/3339 3566/4559/3339 3567/4560/3339
f 3565/4557/3340 3567/4560/3340 3568/4561/3340 928/1151/3340
f 3565/4557/3341 928/1151/3341 926/1150/3341 925/4558/3341
f 3568/4561/3342 3567/4560/3342 3569/4562/3342 3570/4563/3342
f 3568/4561/3343 3570/4563/3343 3571/4564/3343 931/1155/3343
f 3568/4561/3344 931/1155/3344 929/1152/3344 928/1151/3344
f 3571/4564/3345 3570/4563/3345 3572/4565/3345 3573/4566/3345
f 3571/4564/3346 3573/4566/3346 3574/4567/3346 934/1158/3346
f 3571/4564/3347 934/1158/3347 932/1156/3347 931/1155/3347
f 3574/4567/3348 3573/4566/3348 3575/4568/3348 3576/4569/3348
f 3574/4567/3349 3576/4569/3349 3577/4570/3349 937/1161/3349
f 3574/4567/3350 937/1161/3350 935/1159/3350 934/1158/3350
f 3577/4571/3351 3576/4572/3351 3578/4573/3351 3579/4574/3351
f 3577/4570/3352 3579/4575/3352 3580/4576/3352 940/1164/3352
f 3577/4570/3353 940/1164/3353 938/1162/3353 937/1161/3353
f 3580/4577/3354 3579/4574/3354 3581/4578/3354 3582/4579/3354
f 3580/4577/3355 3582/4579/3355 3583/4580/3355 943/4581/3355
f 3580/4576/3356 943/1167/3356 941/1165/3356 940/1164/3356
f 3583/4580/3357 3582/4579/3357 3584/4582/3357 3585/4583/3357
f 3583/4580/3358 3585/4583/3358 3586/4584/3358 946/1172/3358
f 3583/4580/3359 946/1172/3359 944/1171/3359 943/4581/3359
f 3586/4584/3360 3585/4583/3360 3587/4585/3360 3588/4586/3360
f 3586/4584/3361 3588/4586/3361 3589/4587/3361 949/1176/3361
f 3586/4584/3362 949/1176/3362 947/1173/3362 946/1172/3362
f 3589/4587/3363 3588/4586/3363 3590/4588/3363 3591/4589/3363
f 3589/4587/3364 3591/4589/3364 3592/4590/3364 952/1179/3364
f 3589/4587/3365 952/1179/3365 950/1177/3365 949/1176/3365
f 3592/4590/3366 3591/4589/3366 3593/4591/3366 3594/4592/3366
f 3592/4590/3367 3594/4592/3367 3595/4593/3367 955/1182/3367
f 3592/4590/3368 955/1182/3368 953/1180/3368 952/1179/3368
f 3595/4594/3369 3594/4595/3369 3596/4596/3369 3597/4597/3369
f 3595/4594/3370 3597/4597/3370 3598/4598/3370 958/4599/3370
f 3595/4593/3371 958/1185/3371 956/1183/3371 955/1182/3371
f 3598/4598/3372 3597/4597/3372 3599/4600/3372 3600/4601/3372
f 3598/4598/3373 3600/4601/3373 3601/4602/3373 961/4603/3373
f 3598/4598/3374 961/4603/3374 959/4604/3374 958/4599/3374
f 3601/4602/3375 3600/4601/3375 3602/4605/3375 3603/4606/3375
f 3601/4602/3376 3603/4606/3376 3604/4607/3376 3605/4608/3376
f 3601/4602/3377 3605/4608/3377 962/4609/3377 961/4603/3377
f 3605/4610/3378 3604/4611/3378 968/1198/3378 966/1196/3378
f 3605/4610/3379 966/1196/3379 963/1193/3379 962/1192/3379
f 3604/4611/3380 3603/4612/3380 3606/4613/3380 3607/4614/3380
f 3604/4611/3381 3607/4614/3381 970/1200/3381 968/1198/3381
f 3607/4614/3382 3606/4613/3382 3608/4615/3382 3609/4616/3382
f 3607/4614/3383 3609/4616/3383 972/1202/3383 970/1200/3383
f 3609/4617/3384 3608/4618/3384 3610/4619/3384 3611/4620/3384
f 3609/4616/3385 3611/4621/3385 974/1204/3385 972/1202/3385
f 3611/4620/3386 3610/4619/3386 1350/1654/3386 3612/4622/3386
f 3611/4621/3387 3612/4623/3387 3613/4624/3387 974/1204/3387
f 3613/4624/3388 3612/4623/3388 1345/1648/3388 3614/4625/3388
f 3613/4624/3389 3614/4625/3389 3615/4626/3389 977/1207/3389
f 3613/4624/3390 977/1207/3390 975/1205/3390 974/1204/3390
f 3615/4626/3391 3614/4625/3391 1340/1641/3391 258/326/3391
f 3615/4626/3392 258/326/3392 257/325/3392 3616/4627/3392
f 3615/4626/3393 3616/4627/3393 978/1208/3393 977/1207/3393
f 3616/4627/3394 257/325/3394 3617/4628/3394 982/1212/3394
f 3616/4627/3395 982/1212/3395 979/1209/3395 978/1208/3395
f 3617/4628/3396 257/325/3396 36/321/3396 3618/4629/3396
f 3617/4628/3397 3618/4629/3397 3619/4630/3397 985/1215/3397
f 3617/4628/3398 985/1215/3398 983/1213/3398 982/1212/3398
f 3619/4630/3399 3618/4629/3399 3620/4631/3399 3621/4632/3399
f 3619/4630/3400 3621/4632/3400 3622/4633/3400 988/1219/3400
f 3619/4630/3401 988/1219/3401 986/1216/3401 985/1215/3401
f 3622/4633/3402 3621/4632/3402 3623/4634/3402 993/4635/3402
f 3623/4636/3403 1321/1622/3403 1319/1620/3403 996/1231/3403
f 3623/4636/3404 996/1231/3404 994/1230/3404 993/4637/3404
f 3620/4631/3405 3618/4629/3405 36/321/3405 260/328/3405
f 3614/4625/3406 1345/1648/3406 1341/1642/3406 1340/1641/3406
f 3612/4622/3407 1350/1654/3407 1346/1650/3407 1345/4638/3407
f 3610/4619/3408 1355/1659/3408 1351/1655/3408 1350/1654/3408
f 3610/4619/3409 3608/4618/3409 3624/4639/3409 1355/1659/3409
f 3624/4639/3410 1360/1664/3410 1356/1660/3410 1355/1659/3410
f 3624/4640/3411 3608/4641/3411 3606/4642/3411 3625/4643/3411
f 3624/4640/3412 3625/4643/3412 3626/4644/3412 1360/4645/3412
f 3626/4644/3413 1365/1671/3413 1361/1670/3413 1360/4645/3413
f 3626/4644/3414 3625/4643/3414 3602/4605/3414 3627/4646/3414
f 3626/4644/3415 3627/4646/3415 3628/4647/3415 1365/1671/3415
f 3628/4647/3416 1370/1677/3416 1366/1672/3416 1365/1671/3416
f 3628/4647/3417 3627/4646/3417 3599/4600/3417 3629/4648/3417
f 3628/4647/3418 3629/4648/3418 3630/4649/3418 1370/1677/3418
f 3630/4649/3419 1375/1682/3419 1371/1678/3419 1370/1677/3419
f 3630/4649/3420 3629/4648/3420 3596/4596/3420 3631/4650/3420
f 3630/4649/3421 3631/4650/3421 3632/4651/3421 1375/1682/3421
f 3632/4651/3422 1380/1687/3422 1376/1683/3422 1375/1682/3422
f 3632/4651/3423 3631/4650/3423 3593/4652/3423 3633/4653/3423
f 3632/4651/3424 3633/4653/3424 3634/4654/3424 1380/1687/3424
f 3634/4654/3425 1385/1692/3425 1381/1688/3425 1380/1687/3425
f 3634/4655/3426 3633/4656/3426 3590/4588/3426 3635/4657/3426
f 3634/4655/3427 3635/4657/3427 3636/4658/3427 1385/4659/3427
f 3636/4658/3428 1390/1699/3428 1386/1698/3428 1385/4659/3428
f 3636/4658/3429 3635/4657/3429 3587/4585/3429 3637/4660/3429
f 3636/4658/3430 3637/4660/3430 3638/4661/3430 1390/1699/3430
f 3638/4661/3431 1395/1705/3431 1391/1700/3431 1390/1699/3431
f 3638/4661/3432 3637/4660/3432 3584/4582/3432 3639/4662/3432
f 3638/4661/3433 3639/4662/3433 3640/4663/3433 1395/1705/3433
f 3640/4663/3434 1400/1710/3434 1396/1706/3434 1395/1705/3434
f 3640/4663/3435 3639/4662/3435 3581/4578/3435 3641/4664/3435
f 3640/4663/3436 3641/4664/3436 3642/4665/3436 1400/1710/3436
f 3642/4665/3437 1405/1715/3437 1401/1711/3437 1400/1710/3437
f 3642/4665/3438 3641/4664/3438 3578/4573/3438 3643/4666/3438
f 3642/4665/3439 3643/4666/3439 3644/4667/3439 1405/1715/3439
f 3644/4667/3440 1410/1720/3440 1406/1716/3440 1405/1715/3440
f 3644/4668/3441 3643/4669/3441 3575/4568/3441 3645/4670/3441
f 3644/4668/3442 3645/4670/3442 3646/4671/3442 1410/4672/3442
f 3646/4671/3443 1415/1727/3443 1411/1726/3443 1410/4672/3443
f 3646/4671/3444 3645/4670/3444 3572/4565/3444 3647/4673/3444
f 3646/4671/3445 3647/4673/3445 3648/4674/3445 1415/1727/3445
f 3648/4674/3446 1420/1734/3446 1416/1728/3446 1415/1727/3446
f 3648/4674/3447 3647/4673/3447 3569/4562/3447 3649/4675/3447
f 3648/4674/3448 3649/4675/3448 3650/4676/3448 1420/1734/3448
f 3650/4676/3449 1425/1740/3449 1421/1735/3449 1420/1734/3449
f 3650/4676/3450 3649/4675/3450 3566/4559/3450 3651/4677/3450
f 3650/4676/3451 3651/4677/3451 3652/4678/3451 1425/1740/3451
f 3652/4678/3452 1430/1745/3452 1426/1741/3452 1425/1740/3452
f 3652/4678/3453 3651/4677/3453 3563/4555/3453 3653/4679/3453
f 3652/4678/3454 3653/4679/3454 3654/4680/3454 1430/1745/3454
f 3654/4680/3455 1435/1750/3455 1431/1746/3455 1430/1745/3455
f 3654/4680/3456 3653/4679/3456 3560/4681/3456 3655/4682/3456
f 3654/4680/3457 3655/4682/3457 3656/4683/3457 1435/1750/3457
f 3656/4683/3458 1440/1755/3458 1436/1751/3458 1435/1750/3458
f 3656/4683/3459 3655/4682/3459 3557/4684/3459 3657/4685/3459
f 3656/4683/3460 3657/4685/3460 3658/4686/3460 1440/1755/3460
f 3658/4686/3461 1445/1760/3461 1441/1756/3461 1440/1755/3461
f 3658/4687/3462 3657/4688/3462 3554/4544/3462 3659/4689/3462
f 3658/4687/3463 3659/4689/3463 3660/4690/3463 1445/4691/3463
f 3660/4690/3464 1450/1767/3464 1446/1766/3464 1445/4691/3464
f 3660/4690/3465 3659/4689/3465 3551/4541/3465 3661/4692/3465
f 3660/4690/3466 3661/4692/3466 3662/4693/3466 1450/1767/3466
f 3662/4693/3467 1455/1773/3467 1451/1768/3467 1450/1767/3467
f 3662/4693/3468 3661/4692/3468 3548/4537/3468 3663/4694/3468
f 3662/4693/3469 3663/4694/3469 3664/4695/3469 1455/1773/3469
f 3664/4695/3470 1460/1778/3470 1456/1774/3470 1455/1773/3470
f 3664/4695/3471 3663/4694/3471 3545/4696/3471 3665/4697/3471
f 3664/4695/3472 3665/4697/3472 3666/4698/3472 1460/1778/3472
f 3666/4698/3473 1465/1783/3473 1461/1779/3473 1460/1778/3473
f 3666/4699/3474 3665/4700/3474 3542/4529/3474 3667/4701/3474
f 3666/4699/3475 3667/4701/3475 3668/4702/3475 1465/4703/3475
f 3668/4702/3476 1470/1790/3476 1466/1789/3476 1465/4703/3476
f 3668/4702/3477 3667/4701/3477 3539/4526/3477 3669/4704/3477
f 3668/4702/3478 3669/4704/3478 3670/4705/3478 1470/1790/3478
f 3670/4705/3479 1475/1796/3479 1471/1791/3479 1470/1790/3479
f 3670/4705/3480 3669/4704/3480 3536/4523/3480 3671/4706/3480
f 3670/4705/3481 3671/4706/3481 3672/4707/3481 1475/1796/3481
f 3672/4707/3482 1480/1801/3482 1476/1797/3482 1475/1796/3482
f 3672/4707/3483 3671/4706/3483 3533/4519/3483 3673/4708/3483
f 3672/4707/3484 3673/4708/3484 3674/4709/3484 1480/1801/3484
f 3674/4709/3485 1485/1806/3485 1481/1802/3485 1480/1801/3485
f 3674/4709/3486 3673/4708/3486 3530/4710/3486 3675/4711/3486
f 3674/4709/3487 3675/4711/3487 3676/4712/3487 1485/1806/3487
f 3676/4712/3488 1490/1811/3488 1486/1807/3488 1485/1806/3488
f 3676/4712/3489 3675/4711/3489 3527/4713/3489 3677/4714/3489
f 3676/4712/3490 3677/4714/3490 3678/4715/3490 1490/1811/3490
f 3678/4715/3491 1495/1816/3491 1491/1812/3491 1490/1811/3491
f 3678/4716/3492 3677/4717/3492 3524/4508/3492 3679/4718/3492
f 3678/4716/3493 3679/4718/3493 3680/4719/3493 1495/4720/3493
f 3680/4719/3494 1500/1823/3494 1496/1822/3494 1495/4720/3494
f 3680/4719/3495 3679/4718/3495 3521/4505/3495 3681/4721/3495
f 3680/4719/3496 3681/4721/3496 3682/4722/3496 1500/1823/3496
f 3682/4722/3497 1505/1829/3497 1501/1824/3497 1500/1823/3497
f 3682/4722/3498 3681/4721/3498 3518/4502/3498 3683/4723/3498
f 3682/4722/3499 3683/4723/3499 3684/4724/3499 1505/1829/3499
f 3684/4724/3500 1510/1834/3500 1506/1830/3500 1505/1829/3500
f 3684/4724/3501 3683/4723/3501 3515/4498/3501 3685/4725/3501
f 3684/4724/3502 3685/4725/3502 3686/4726/3502 1510/1834/3502
f 3686/4726/3503 1515/1839/3503 1511/1835/3503 1510/1834/3503
f 3686/4726/3504 3685/4725/3504 3512/4727/3504 3687/4728/3504
f 3686/4726/3505 3687/4728/3505 3688/4729/3505 1515/1839/3505
f 3688/4729/3506 1520/1844/3506 1516/1840/3506 1515/1839/3506
f 3688/4730/3507 3687/4731/3507 3509/4490/3507 3689/4732/3507
f 3688/4730/3508 3689/4732/3508 3690/4733/3508 1520/4734/3508
f 3690/4733/3509 1525/1851/3509 1521/1850/3509 1520/4734/3509
f 3690/4733/3510 3689/4732/3510 3506/4487/3510 3691/4735/3510
f 3690/4733/3511 3691/4735/3511 3692/4736/3511 1525/1851/3511
f 3692/4736/3512 1530/1857/3512 1526/1852/3512 1525/1851/3512
f 3692/4736/3513 3691/4735/3513 3503/4484/3513 3693/4737/3513
f 3692/4736/3514 3693/4737/3514 3694/4738/3514 1530/1857/3514
f 3694/4738/3515 1535/1862/3515 1531/1858/3515 1530/1857/3515
f 3694/4738/3516 3693/4737/3516 3500/4480/3516 3695/4739/3516
f 3694/4738/3517 3695/4739/3517 3696/4740/3517 1535/1862/3517
f 3696/4740/3518 1540/1867/3518 1536/1863/3518 1535/1862/3518
f 3696/4740/3519 3695/4739/3519 3497/4741/3519 3697/4742/3519
f 3696/4740/3520 3697/4742/3520 3698/4743/3520 1540/1867/3520
f 3698/4743/3521 1545/1872/3521 1541/1868/3521 1540/1867/3521
f 3698/4744/3522 3697/4745/3522 3494/4472/3522 3699/4746/3522
f 3698/4744/3523 3699/4746/3523 3700/4747/3523 1545/4748/3523
f 3700/4747/3524 1550/1879/3524 1546/1878/3524 1545/4748/3524
f 3700/4747/3525 3699/4746/3525 3491/4469/3525 3701/4749/3525
f 3700/4747/3526 3701/4749/3526 3702/4750/3526 1550/1879/3526
f 3702/4750/3527 1555/1885/3527 1551/1880/3527 1550/1879/3527
f 3702/4750/3528 3701/4749/3528 3488/4466/3528 3703/4751/3528
f 3702/4750/3529 3703/4751/3529 3704/4752/3529 1555/1885/3529
f 3704/4752/3530 1560/1892/3530 1556/1886/3530 1555/1885/3530
f 3704/4752/3531 3703/4751/3531 3485/4460/3531 3705/4753/3531
f 3704/4752/3532 3705/4753/3532 3706/4754/3532 1560/1892/3532
f 3706/4754/3533 1565/4755/3533 1561/1893/3533 1560/1892/3533
f 3706/4754/3534 3705/4753/3534 3482/4756/3534 3707/4757/3534
f 3706/4754/3535 3707/4757/3535 3708/4758/3535 1565/4755/3535
f 3708/4759/3536 1570/1905/3536 1566/1899/3536 1565/1898/3536
f 3708/4760/3537 3707/4761/3537 3479/4451/3537 3709/4762/3537
f 3708/4759/3538 3709/4763/3538 3710/4764/3538 1570/1905/3538
f 3710/4764/3539 1575/4765/3539 1571/1906/3539 1570/1905/3539
f 3710/4764/3540 3709/4763/3540 3476/4766/3540 3711/4767/3540
f 3710/4764/3541 3711/4767/3541 3712/4768/3541 1575/4765/3541
f 3712/4769/3542 1580/1920/3542 1576/1914/3542 1575/1913/3542
f 3712/4768/3543 3711/4767/3543 3473/4443/3543 3713/4770/3543
f 3712/4769/3544 3713/4771/3544 3714/4772/3544 1580/1920/3544
f 3714/4772/3545 1585/1927/3545 1581/1921/3545 1580/1920/3545
f 3714/4772/3546 3713/4771/3546 3470/4773/3546 3715/4774/3546
f 3714/4772/3547 3715/4774/3547 3716/4775/3547 1585/1927/3547
f 3716/4775/3548 1590/1933/3548 1586/1928/3548 1585/1927/3548
f 3716/4775/3549 3715/4774/3549 3467/4434/3549 3717/4776/3549
f 3716/4775/3550 3717/4776/3550 3401/4777/3550 1590/1933/3550
f 3717/4778/3551 3467/4779/3551 3465/4429/3551 3404/4346/3551
f 3717/4778/3552 3404/4346/3552 3402/4344/3552 3401/4343/3552
f 3715/4774/3553 3470/4773/3553 3468/4435/3553 3467/4434/3553
f 3713/4770/3554 3473/4443/3554 3471/4440/3554 3470/4439/3554
f 3711/4767/3555 3476/4766/3555 3474/4444/3555 3473/4443/3555
f 3709/4762/3556 3479/4451/3556 3477/4449/3556 3476/4448/3556
f 3707/4761/3557 3482/4454/3557 3480/4452/3557 3479/4451/3557
f 3705/4753/3558 3485/4460/3558 3483/4459/3558 3482/4756/3558
f 3703/4751/3559 3488/4466/3559 3486/4461/3559 3485/4460/3559
f 3701/4749/3560 3491/4469/3560 3489/4467/3560 3488/4466/3560
f 3699/4746/3561 3494/4472/3561 3492/4470/3561 3491/4469/3561
f 3697/4745/3562 3497/4475/3562 3495/4473/3562 3494/4472/3562
f 3695/4739/3563 3500/4480/3563 3498/4479/3563 3497/4741/3563
f 3693/4737/3564 3503/4484/3564 3501/4481/3564 3500/4480/3564
f 3691/4735/3565 3506/4487/3565 3504/4485/3565 3503/4484/3565
f 3689/4732/3566 3509/4490/3566 3507/4488/3566 3506/4487/3566
f 3687/4731/3567 3512/4493/3567 3510/4491/3567 3509/4490/3567
f 3685/4725/3568 3515/4498/3568 3513/4497/3568 3512/4727/3568
f 3683/4723/3569 3518/4502/3569 3516/4499/3569 3515/4498/3569
f 3681/4721/3570 3521/4505/3570 3519/4503/3570 3518/4502/3570
f 3679/4718/3571 3524/4508/3571 3522/4506/3571 3521/4505/3571
f 3677/4717/3572 3527/4511/3572 3525/4509/3572 3524/4508/3572
f 3675/4780/3573 3530/4514/3573 3528/4512/3573 3527/4511/3573
f 3673/4708/3574 3533/4519/3574 3531/4518/3574 3530/4710/3574
f 3671/4706/3575 3536/4523/3575 3534/4520/3575 3533/4519/3575
f 3669/4704/3576 3539/4526/3576 3537/4524/3576 3536/4523/3576
f 3667/4701/3577 3542/4529/3577 3540/4527/3577 3539/4526/3577
f 3665/4700/3578 3545/4532/3578 3543/4530/3578 3542/4529/3578
f 3663/4694/3579 3548/4537/3579 3546/4536/3579 3545/4696/3579
f 3661/4692/3580 3551/4541/3580 3549/4538/3580 3548/4537/3580
f 3659/4689/3581 3554/4544/3581 3552/4542/3581 3551/4541/3581
f 3657/4688/3582 3557/4547/3582 3555/4545/3582 3554/4544/3582
f 3655/4682/3583 3560/4681/3583 3558/4781/3583 3557/4684/3583
f 3653/4679/3584 3563/4555/3584 3561/4554/3584 3560/4681/3584
f 3651/4677/3585 3566/4559/3585 3564/4556/3585 3563/4555/3585
f 3649/4675/3586 3569/4562/3586 3567/4560/3586 3566/4559/3586
f 3647/4673/3587 3572/4565/3587 3570/4563/3587 3569/4562/3587
f 3645/4670/3588 3575/4568/3588 3573/4566/3588 3572/4565/3588
f 3643/4666/3589 3578/4573/3589 3576/4572/3589 3575/4782/3589
f 3641/4664/3590 3581/4578/3590 3579/4574/3590 3578/4573/3590
f 3639/4662/3591 3584/4582/3591 3582/4579/3591 3581/4578/3591
f 3637/4660/3592 3587/4585/3592 3585/4583/3592 3584/4582/3592
f 3635/4657/3593 3590/4588/3593 3588/4586/3593 3587/4585/3593
f 3633/4656/3594 3593/4591/3594 3591/4589/3594 3590/4588/3594
f 3631/4650/3595 3596/4596/3595 3594/4595/3595 3593/4652/3595
f 3629/4648/3596 3599/4600/3596 3597/4597/3596 3596/4596/3596
f 3627/4646/3597 3602/4605/3597 3600/4601/3597 3599/4600/3597
f 3625/4643/3598 3606/4642/3598 3603/4606/3598 3602/4605/3598
f 3401/4343/3599 1595/1940/3599 1591/1939/3599 1590/4783/3599
f 1340/1641/3600 1336/1637/3600 254/322/3600 258/326/3600
f 1329/1630/3601 241/307/3601 1118/1377/3601 1120/1379/3601
f 1319/1620/3602 999/1235/3602 997/1232/3602 996/1231/3602
f 1115/1374/3603 1112/1371/3603 1111/1370/3603 265/1613/3603
f 1111/1370/3604 261/330/3604 37/329/3604 265/1613/3604
f 1107/1366/3605 1105/1364/3605 262/331/3605 261/330/3605
f 1065/1317/3606 1057/1305/3606 1055/1302/3606 1054/1301/3606
f 993/1226/3607 991/1224/3607 3718/4784/3607 3622/4785/3607
f 793/972/3608 789/963/3608 787/961/3608 786/960/3608
f 774/948/3609 772/946/3609 92/80/3609 93/81/3609
f 772/946/3610 770/945/3610 77/63/3610 92/80/3610
f 770/942/3611 768/940/3611 78/4786/3611 77/4787/3611
f 768/940/3612 766/938/3612 69/4788/3612 78/4786/3612
f 766/938/3613 765/937/3613 70/4789/3613 69/4788/3613
f 765/937/3614 764/4790/3614 74/4791/3614 70/4789/3614
f 717/873/3615 66/927/3615 65/4792/3615 712/871/3615
f 708/859/3616 707/858/3616 65/47/3616 57/46/3616
f 694/844/3617 690/838/3617 48/11/3617 47/10/3617
f 686/837/3618 685/4329/3618 43/12/3618 48/11/3618
f 425/530/3619 421/524/3619 415/518/3619 3344/4232/3619
f 1063/1315/3620 363/457/3620 355/449/3620 354/448/3620
f 347/441/3621 250/317/3621 249/316/3621 342/436/3621
f 1110/1369/3622 3344/4232/3622 415/518/3622 413/516/3622
f 358/452/3623 240/305/3623 349/443/3623 353/447/3623
f 209/251/3624 28/247/3624 201/237/3624 200/236/3624
f 78/64/3625 69/4793/3625 68/60/3625 8/59/3625
f 416/519/3626 415/518/3626 421/524/3626 417/520/3626
f 240/305/3627 358/452/3627 33/302/3627
f 358/452/3628 414/517/3628 416/519/3628 33/302/3628
f 416/519/3629 417/520/3629 238/303/3629 33/302/3629
f 417/520/3630 420/523/3630 238/303/3630
f 1114/1373/3631 1118/1377/3631 241/307/3631 34/306/3631
f 1113/1372/3632 1112/1371/3632 1114/1373/3632 34/306/3632
f 243/309/3633 3344/4232/3633 1113/1372/3633 34/306/3633
f 3344/4232/3634 1110/1369/3634 1109/1368/3634 1113/1372/3634
f 363/457/3635 359/453/3635 356/450/3635 355/449/3635
f 359/453/3636 362/456/3636 357/451/3636 356/450/3636
f 363/457/3637 1063/1315/3637 367/4794/3637 364/458/3637
f 1063/1315/3638 266/1314/3638 38/4795/3638 367/4794/3638
f 38/4796/3639 368/464/3639 367/463/3639
f 38/4796/3640 268/4797/3640 371/467/3640 368/464/3640
f 268/340/3641 267/339/3641 376/472/3641 371/4798/3641
f 376/472/3642 372/4799/3642 371/4798/3642
f 376/472/3643 375/471/3643 373/4800/3643 372/4799/3643
f 375/471/3644 380/476/3644 381/481/3644 373/4800/3644
f 388/488/3645 387/487/3645 275/486/3645 40/4801/3645
f 40/4802/3646 277/4803/3646 1076/1328/3646 388/1333/3646
f 277/4803/3647 1075/4804/3647 1077/1329/3647 1076/1328/3647
f 1075/4804/3648 1074/4805/3648 1207/1477/3648 1077/1329/3648
f 1074/4805/3649 1193/4806/3649 1205/1475/3649 1207/1477/3649
f 1193/4806/3650 1192/4807/3650 1203/1473/3650 1205/1475/3650
f 1192/4807/3651 1195/4808/3651 1198/1468/3651 1203/1473/3651
f 1195/4808/3652 1197/1617/3652 1199/1469/3652 1198/1468/3652
f 280/4809/3653 1290/1574/3653 1289/1573/3653 41/4810/3653
f 1289/1576/3654 1291/1577/3654 278/1619/3654 41/4811/3654
f 3621/4632/3655 3620/4631/3655 1321/4812/3655 3623/4634/3655
f 3620/4631/3656 260/328/3656 1322/4813/3656 1321/4812/3656
f 260/328/3657 259/327/3657 1323/4814/3657 1322/4813/3657
f 259/327/3658 1324/1625/3658 1129/4815/3658 1323/4814/3658
f 1324/1625/3659 1327/1628/3659 1127/4816/3659 1129/4815/3659
f 1327/1628/3660 1119/1378/3660 1123/1382/3660 1127/4816/3660
f 327/4817/3661 1038/4818/3661 3720/4819/3661 3719/4820/3661
f 1037/1284/3662 1039/1283/3662 3720/4819/3662 1038/4818/3662
f 328/419/3663 327/418/3663 3719/4821/3663 331/422/3663
f 3719/4820/3664 3720/4819/3664 1044/1289/3664 331/1291/3664
f 3720/4819/3665 1039/1283/3665 1043/1288/3665 1044/1289/3665
f 3622/4785/3666 3718/4784/3666 989/1222/3666 988/4822/3666
f 3718/4784/3667 991/1224/3667 990/1223/3667 989/1222/3667
f 1173/1443/3668 1176/1446/3668 1041/1286/3668 1040/1285/3668
f 1176/1446/3669 1178/1448/3669 1042/1287/3669 1041/1286/3669
