# Blender 4.4.0
# www.blender.org
mtllib Meshy_AI_Stylized_low_poly_par_0519051514_texture.mtl
o Meshy_AI_Stylized_low_poly_par_0519051514_texture
v 0.198377 -0.905928 0.473543
v 0.432863 -0.956350 0.290451
v 0.369188 -0.907394 0.421583
v 0.380604 -0.908985 0.411895
v -0.056862 -0.904635 0.479206
v 0.234357 -0.892265 0.211678
v -0.104901 -0.963046 0.334117
v 0.184017 -0.855054 0.094434
v -0.121231 -0.868645 0.162598
v -0.094611 -0.860855 0.133438
v 0.570565 -0.949534 0.155869
v 0.570705 -0.955264 0.152151
v 0.013199 -0.972198 -0.153415
v -0.097879 -0.984559 0.005029
v -0.026700 -1.000643 -0.075503
v -0.078197 -0.983636 -0.078362
v -0.055987 -0.812628 -0.117157
v 0.205598 -0.895329 -0.276334
v 0.373767 -0.963036 -0.175738
v 0.064277 -0.865456 -0.239530
v 0.112039 -0.394204 0.065692
v 0.080144 -0.224235 0.058319
v -0.047091 -0.351718 0.038166
v -0.036625 -0.138503 0.127583
v 0.250140 -0.233962 -0.033899
v -0.056353 -0.134686 0.051843
v 0.128345 -0.115540 -0.079214
v -0.008282 -0.135967 -0.034983
v 0.076998 -0.249589 -0.169465
v 0.274288 -0.137397 -0.041657
v 0.207082 -0.124680 -0.046690
v -0.023329 -0.067198 -0.134802
v 0.167314 -0.160875 -0.154220
v 0.007407 -0.028212 0.300830
v -0.105408 -0.176747 -0.135933
v -0.103674 -0.018697 0.294276
v -0.063289 -0.017781 0.291508
v -0.052814 -0.014102 0.314324
v -0.096333 -0.063604 -0.203054
v -0.170197 0.026504 -0.013941
v 0.422247 -0.050206 0.113346
v -0.191077 0.083238 -0.005894
v -0.141141 0.095910 0.244593
v -0.170631 0.091241 0.252932
v -0.176489 0.099839 0.298267
v 0.334074 -0.068374 -0.320505
v 0.469665 0.002751 -0.303991
v -0.234909 0.133752 0.038871
v 0.027362 0.178316 0.328381
v 0.040479 0.217142 0.362242
v 0.522868 0.037767 0.144639
v 0.271718 0.029478 -0.286565
v -0.178411 0.167139 0.022357
v -0.051534 0.052859 -0.329505
v 0.006043 0.044862 -0.315533
v -0.025850 0.042616 -0.324374
v 0.395746 0.084661 -0.248098
v -0.170430 0.184707 0.354071
v -0.002158 0.228907 0.347573
v 0.317785 0.125081 -0.283595
v -0.075109 0.103579 -0.394260
v -0.271618 0.118832 0.143847
v -0.078500 0.072850 -0.381243
v -0.189447 0.245884 0.361408
v -0.048484 0.219905 0.430782
v -0.066943 0.090525 -0.402254
v -0.295274 0.153562 -0.078744
v -0.056610 0.111461 -0.394280
v 0.083397 0.142823 0.271506
v 0.446433 0.061267 0.394267
v -0.187051 0.284321 0.374029
v -0.043699 0.264831 0.336488
v 0.557871 0.066475 -0.235256
v 0.516325 0.104162 0.227324
v -0.053743 0.128907 -0.400603
v -0.038037 0.130501 -0.410606
v -0.088345 0.260387 0.383627
v 0.471538 0.113082 -0.192754
v 0.309732 0.144127 -0.261100
v -0.079729 0.146810 -0.418653
v 0.447523 0.119810 -0.367592
v 0.511983 0.148824 -0.335578
v 0.400832 0.136904 -0.330300
v -0.243895 0.301585 0.355545
v 0.442852 0.154949 -0.222997
v 0.564195 0.092114 0.359235
v 0.161706 0.234618 0.432216
v 0.410221 0.180459 -0.319289
v 0.442806 0.143093 0.295502
v -0.368672 0.040338 0.197475
v -0.071033 0.344918 0.348688
v 0.546101 0.166012 0.157859
v 0.620430 0.122100 0.287855
v -0.033667 0.169140 -0.459426
v -0.201499 0.259786 -0.163069
v -0.064758 0.346919 0.349598
v 0.101883 0.046824 0.260175
v 0.510417 0.222428 -0.387642
v 0.255742 0.180417 -0.356781
v 0.385558 0.153515 0.243953
v -0.056464 0.303197 0.037121
v -0.398468 0.108661 0.165838
v -0.056344 0.406528 0.374369
v 0.247520 0.177436 0.351554
v 0.574486 -0.064040 -0.190673
v 0.462165 0.023249 -0.144915
v 0.391413 0.192921 -0.217850
v -0.120558 0.175208 -0.485762
v -0.447137 0.042688 0.258980
v -0.041672 0.202513 0.555685
v 0.128367 0.170045 0.573176
v 0.477586 0.192040 -0.109475
v 0.227452 0.127934 -0.440952
v -0.132837 0.199337 -0.456998
v -0.159355 0.195739 -0.401860
v -0.105829 0.232876 -0.184348
v -0.018773 0.243737 -0.079846
v 0.166404 0.209247 0.081191
v 0.381221 0.213755 0.317369
v 0.197109 0.134511 -0.316163
v 0.062560 0.047034 -0.512005
v 0.007802 0.258828 -0.146606
v -0.429135 0.345540 0.021878
v 0.675311 0.179353 -0.149824
v 0.376114 0.247735 -0.194728
v 0.376344 0.212309 0.240171
v 0.350673 0.194530 0.300978
v 0.009533 0.270949 -0.092502
v 0.013835 0.294097 -0.008342
v -0.055939 0.158901 -0.544616
v -0.158980 0.428817 0.390457
v 0.296887 0.142153 -0.475825
v -0.161340 0.285527 -0.473651
v -0.395050 0.235095 0.232630
v -0.113883 0.427635 0.328454
v -0.400710 -0.022836 0.168781
v -0.017049 0.451071 0.345303
v 0.284099 0.185558 0.423199
v 0.198163 0.125469 0.502292
v 0.484775 0.315161 -0.133965
v 0.260722 0.212030 -0.437373
v 0.349625 0.105909 -0.518737
v -0.131356 0.261556 -0.376224
v -0.297351 0.264640 -0.184022
v 0.305060 0.117686 0.414188
v -0.177916 0.278838 -0.455173
v -0.449937 0.300266 -0.167081
v -0.512328 0.315776 -0.001029
v 0.340698 0.340765 0.214023
v 0.391687 0.207464 0.136540
v 0.005626 0.330132 -0.198488
v -0.197700 0.190492 0.521218
v -0.070983 0.479825 0.393406
v 0.739896 0.020018 -0.139029
v 0.479503 0.297833 -0.095815
v 0.432505 0.148745 0.556639
v 0.262317 0.154554 -0.533957
v -0.125787 0.450083 0.263592
v 0.001360 0.453952 0.433186
v 0.342553 0.367955 0.321010
v 0.022155 0.174748 0.619138
v 0.311054 0.150831 -0.584554
v 0.451030 0.205714 -0.013677
v 0.186232 0.162014 -0.510897
v -0.182821 0.281174 -0.412078
v -0.101942 0.512219 0.414839
v 0.657945 0.114097 -0.069495
v 0.592528 0.091419 -0.024444
v 0.378146 0.221557 0.156728
v 0.301833 0.062707 0.528160
v -0.154139 0.359989 -0.251534
v 0.049912 0.215344 -0.121816
v 0.106233 0.288962 0.020177
v -0.513071 0.358463 -0.103534
v -0.318040 0.460224 0.392075
v 0.651910 0.233557 0.157520
v -0.280879 0.382792 0.560243
v 0.018013 0.502408 0.431733
v 0.147795 0.124905 0.692538
v 0.554835 0.355907 -0.249078
v 0.420520 0.319347 -0.273287
v 0.508299 0.393144 0.111580
v -0.311545 0.170822 -0.475880
v -0.392110 0.338792 -0.183128
v -0.248020 0.388233 -0.269951
v -0.324603 0.074794 0.016365
v 0.100103 0.463413 0.437467
v 0.506088 0.324077 -0.032825
v 0.079938 0.317589 -0.263388
v -0.390544 0.313864 0.498587
v 0.253210 0.067313 -0.622181
v 0.639312 0.387506 -0.209836
v 0.398612 0.389355 0.349630
v 0.426629 0.391356 0.270896
v -0.153860 0.343293 -0.387622
v -0.299821 0.296955 0.669102
v -0.046115 0.536839 0.476549
v -0.236516 0.631782 0.272789
v 0.647247 0.107319 -0.012423
v 0.456754 0.394614 -0.224965
v 0.277886 0.091668 -0.011598
v 0.266347 0.381710 -0.363100
v -0.295986 0.306662 -0.297806
v -0.372407 -0.053551 -0.028593
v 0.672695 0.371933 -0.098827
v 0.486952 0.313807 0.034010
v 0.621563 0.074293 0.047272
v 0.262176 0.383659 -0.309579
v -0.247061 0.368870 -0.383588
v 0.070227 0.493984 0.411237
v -0.484834 0.447887 0.128848
v 0.693690 0.033723 0.022534
v -0.486069 0.319164 -0.224754
v -0.296817 0.383606 -0.326627
v -0.508007 0.305800 0.312721
v 0.096802 0.495730 0.472325
v 0.325558 0.264825 0.143730
v 0.623613 0.050717 0.045298
v 0.122110 0.358733 -0.399155
v 0.021298 0.402826 -0.407544
v -0.508326 0.319146 0.189280
v -0.497243 0.246425 0.137395
v -0.508430 0.308464 0.465325
v -0.390157 0.094353 -0.036002
v -0.540221 0.155845 0.054440
v 0.089489 0.505092 0.480606
v -0.081154 0.575123 0.242404
v 0.350572 0.296356 0.103908
v 0.529101 0.417871 -0.006584
v -0.059905 0.392491 0.704696
v -0.159547 0.283580 0.697045
v 0.252353 0.038479 0.670055
v 0.341425 0.160623 0.692957
v -0.357079 0.229868 -0.643083
v -0.217057 0.507619 -0.191911
v -0.643642 0.417877 -0.179199
v -0.644188 0.400517 0.048058
v -0.463569 -0.038115 -0.022952
v -0.166950 0.438202 0.165816
v 0.271287 0.225231 -0.662285
v 0.630754 0.244746 0.038348
v 0.248949 0.063467 0.733544
v 0.010999 0.428597 -0.339620
v -0.617968 0.259989 0.087099
v 0.218638 0.474385 0.450321
v -0.196902 0.447215 -0.584294
v -0.378957 0.105913 -0.459348
v -0.411596 0.120014 -0.458524
v -0.338097 0.438109 -0.351991
v -0.081358 0.468111 0.629779
v 0.416462 0.468838 0.197936
v 0.239435 0.473798 -0.260866
v -0.420177 0.200478 -0.337888
v 0.025797 0.672640 0.417010
v 0.263152 0.537356 0.304083
v 0.307526 0.195015 0.734710
v -0.526089 0.344570 -0.319859
v -0.188884 0.495277 -0.261162
v 0.409452 0.371572 0.092533
v 0.287033 0.433229 0.085049
v 0.725504 0.505352 -0.182494
v 0.310733 0.499841 -0.309886
v 0.443488 0.480331 0.148606
v 0.298319 0.331924 0.667992
v -0.139168 0.482325 -0.576128
v -0.165309 0.577933 -0.209406
v -0.480600 0.586734 0.065463
v -0.021854 0.027647 0.439797
v 0.410002 0.315391 -0.631389
v 0.491509 0.515025 0.253641
v 0.532632 0.512563 0.204133
v -0.037268 0.489938 -0.588773
v -0.632507 0.402401 -0.260230
v -0.639737 0.315176 0.146634
v -0.105457 0.665637 0.293749
v -0.526140 0.013971 -0.045602
v -0.196658 0.204656 -0.756241
v -0.622022 0.058360 -0.015916
v 0.308189 0.297393 -0.709182
v -0.067745 0.358229 -0.746193
v -0.402328 0.112777 -0.348375
v -0.573673 0.434682 -0.343432
v -0.444865 0.433828 -0.335671
v -0.363903 0.639996 -0.262310
v -0.691260 0.496558 0.046395
v 0.361348 0.564107 -0.403609
v -0.489292 0.044692 -0.438620
v -0.452449 0.615283 0.287517
v -0.608947 0.163752 -0.140841
v -0.551187 0.602636 -0.012309
v -0.551196 0.158834 -0.251990
v 0.523498 0.551694 0.009822
v 0.391259 0.588341 -0.373583
v -0.319190 0.079364 -0.520342
v -0.484128 0.430155 -0.365895
v -0.538872 0.172346 -0.356152
v -0.057798 0.761021 0.156619
v 0.314148 0.601382 0.159777
v 0.436705 0.612108 -0.321566
v 0.465890 0.574597 0.005235
v -0.371341 -0.040882 -0.526491
v -0.740262 0.223133 -0.206393
v -0.239864 0.663262 0.057773
v 0.224748 0.532672 0.576527
v -0.124699 0.033785 0.397271
v -0.138488 0.109675 0.600376
v 0.502267 0.612759 -0.043073
v 0.316358 0.600639 -0.348283
v -0.524197 0.122057 -0.594992
v 0.324525 0.460688 -0.045750
v -0.104411 0.543103 -0.574493
v -0.352837 0.047030 -0.257427
v -0.269900 0.050657 -0.507555
v -0.352342 0.613514 0.057530
v 0.299191 0.472996 -0.085187
v 0.224189 0.484363 -0.649981
v 0.488719 0.525532 -0.001939
v 0.052899 0.559691 -0.615138
v -0.322174 -0.049560 -0.512248
v -0.074535 0.801404 0.177233
v 0.521510 0.547418 0.000372
v 0.379402 0.553177 0.005693
v 0.457839 0.630643 -0.052348
v 0.327217 0.640676 -0.256384
v -0.188030 0.741095 -0.224337
v -0.043394 0.813592 0.168942
v 0.186755 0.630282 -0.483321
v -0.303492 0.106472 -0.256738
v -0.281909 0.091384 -0.263488
v -0.678150 0.206600 -0.308545
v -0.657247 0.534381 -0.307614
v -0.200123 0.752008 0.022856
v 0.395407 0.569172 -0.002726
v 0.246611 0.644117 -0.192372
v -0.394471 -0.058601 -0.401998
v -0.147084 0.900909 0.118170
v 0.280102 0.594045 -0.015871
v 0.408895 0.643278 -0.053571
v 0.428088 0.499950 -0.020845
v -0.224048 0.071614 0.452405
v 0.390695 0.604935 -0.021090
v 0.438415 0.638996 -0.081910
v -0.650492 0.267811 -0.509654
v -0.016448 0.851185 0.101674
v 0.449540 0.511915 -0.041399
v 0.143622 0.697210 -0.242608
v -0.213388 -0.043993 0.587247
v 0.368773 0.634673 -0.028905
v -0.035812 0.675841 -0.466904
v 0.443226 0.550973 -0.090562
v -0.319543 -0.057212 -0.310851
v -0.593139 -0.030295 -0.369192
v -0.382357 0.798600 -0.084158
v 0.030466 0.738288 0.117018
v 0.049678 0.744231 0.208814
v 0.377097 0.711776 -0.017909
v 0.281112 0.802294 -0.158495
v -0.057006 0.880710 0.005588
v 0.201449 0.909269 0.001575
v 0.103406 -0.927408 0.494265
v 0.222532 -0.908311 0.466873
v 0.249458 -0.905465 0.480576
v 0.296002 -0.907496 0.424316
v 0.180068 -0.899554 0.444625
v -0.041557 -0.903396 0.456811
v 0.190967 -0.943548 0.447062
v 0.246535 -0.962285 0.379109
v 0.443154 -0.963021 0.102784
v 0.362579 -0.916853 0.392124
v 0.395390 -0.917814 0.378608
v 0.281778 -0.900260 0.400277
v -0.012493 -0.939607 0.524584
v -0.180716 -0.952603 0.507157
v -0.357786 -0.902804 0.274292
v -0.388790 -0.904522 0.281434
v -0.429916 -0.957357 0.283357
v 0.105178 -0.887256 0.260445
v 0.141351 -0.895806 0.372837
v 0.270026 -0.897466 0.353799
v 0.365515 -0.900492 0.302919
v 0.395721 -0.897481 0.043156
v 0.253837 -0.893790 0.010446
v 0.180824 -0.860268 -0.015173
v 0.086145 -0.834524 0.185299
v 0.221899 -0.963036 0.240811
v 0.254789 -0.963037 0.039236
v 0.424040 -0.963035 0.054667
v 0.275028 -0.963006 0.324511
v 0.037399 -0.963043 0.330115
v 0.051062 -0.962929 0.420347
v -0.137546 -0.962983 0.425705
v -0.340288 -0.963011 0.246400
v -0.180983 -0.963270 0.189304
v 0.007690 -0.968280 0.087376
v 0.158707 -0.718246 0.003316
v 0.138301 -0.694197 0.090079
v -0.022858 -0.885311 0.236816
v 0.001852 -0.847980 0.169745
v -0.104718 -0.861510 -0.010084
v -0.181993 -0.892167 -0.021130
v -0.288317 -0.899185 0.240062
v -0.052101 -0.900105 0.388942
v 0.000978 -0.704179 0.121785
v -0.072327 -0.675332 0.079070
v -0.090595 -0.714172 -0.001699
v 0.258281 -0.963036 -0.241866
v -0.080138 -0.710510 -0.072984
v -0.117168 -0.883376 -0.165382
v 0.080348 -0.819255 -0.174473
v 0.015626 -0.698065 -0.129049
v 0.091522 -0.709444 -0.120286
v 0.205653 -0.871379 -0.119754
v 0.327016 -0.892035 -0.166968
v 0.429998 -0.901706 -0.216650
v 0.241920 -0.901204 -0.397527
v -0.006378 -0.897766 -0.388649
v 0.280069 -0.963007 -0.388118
v 0.431037 -0.962976 -0.221276
v 0.167955 -0.838036 -0.115726
v -0.241214 -0.898781 -0.279942
v 0.182359 -0.253613 0.032382
v 0.042682 -0.255968 0.118360
v 0.166651 -0.442256 -0.004244
v 0.010813 -0.259983 0.135349
v 0.057430 -0.418809 0.093268
v 0.262919 -0.184713 0.060204
v 0.232993 -0.161985 0.043947
v 0.065221 -0.201803 0.047148
v -0.003629 -0.140912 0.158555
v 0.002080 -0.161090 0.186245
v 0.009292 -0.404111 0.084989
v -0.030808 -0.245745 0.126892
v -0.056971 -0.204496 0.102982
v -0.075192 -0.164951 -0.004284
v -0.113365 -0.178602 -0.068481
v -0.069644 -0.420429 -0.030267
v 0.041742 -0.182142 0.023328
v -0.072451 -0.165211 0.163130
v 0.332590 -0.175313 0.022315
v 0.306225 -0.198207 0.053523
v 0.224446 -0.255857 -0.083671
v 0.304992 -0.124902 -0.139042
v 0.318901 -0.096549 -0.116513
v 0.308417 -0.027506 -0.136416
v 0.332450 -0.129336 0.042063
v -0.097347 -0.018543 -0.043066
v -0.108455 -0.039315 -0.000784
v 0.180497 -0.114244 -0.133348
v 0.006031 -0.057747 -0.184939
v 0.215199 -0.150643 0.009509
v -0.097127 0.002889 -0.098712
v 0.057781 -0.473456 -0.128227
v -0.012153 -0.467672 -0.112562
v -0.035916 -0.224324 -0.182931
v 0.182330 -0.266213 -0.128818
v 0.120861 -0.471541 -0.106833
v 0.243118 -0.150303 -0.160597
v 0.281773 0.000268 -0.189159
v 0.335751 -0.124542 0.066862
v -0.113202 -0.035525 0.016310
v -0.118035 -0.030550 0.038017
v 0.010392 -0.067137 -0.232507
v 0.014461 -0.062120 -0.212146
v 0.183754 -0.118424 -0.143674
v -0.017530 -0.091120 -0.251773
v -0.028853 0.010114 0.303361
v 0.009936 0.018455 0.309474
v -0.015255 -0.086565 0.272422
v -0.046016 -0.067776 0.248972
v -0.013572 -0.029821 0.332797
v -0.026709 -0.111892 0.307335
v 0.005965 0.032459 0.342061
v -0.155199 -0.065746 -0.058460
v -0.167995 -0.055933 -0.114516
v -0.075252 -0.100586 -0.258592
v -0.147146 -0.021112 -0.141184
v -0.121271 0.093304 0.287119
v -0.134367 0.088296 0.308011
v -0.102834 -0.109727 0.286199
v -0.068244 -0.113596 0.303070
v -0.156419 0.000339 0.272125
v -0.119996 -0.098896 0.252258
v -0.020960 0.059699 0.343904
v -0.013282 0.080912 0.324184
v -0.023696 0.040194 -0.283769
v -0.057429 0.036261 -0.274911
v -0.092044 0.026478 -0.289322
v -0.080088 -0.042530 -0.184979
v -0.121359 0.002588 -0.142623
v -0.088094 -0.076032 0.234040
v -0.121949 -0.009037 0.263504
v -0.107778 0.003117 -0.307358
v -0.126486 -0.049621 -0.015281
v -0.153191 0.066962 -0.040576
v -0.290561 0.114589 0.009372
v 0.370035 -0.027753 0.150762
v 0.437053 0.073046 0.267317
v 0.466620 0.065631 0.201559
v 0.529702 -0.058939 0.110828
v 0.504259 -0.117454 0.166575
v 0.414803 -0.119139 0.114517
v -0.179903 0.114999 -0.025076
v -0.179346 0.118570 0.151143
v -0.120702 0.154129 0.158673
v -0.092843 0.157127 0.246729
v -0.094174 0.166963 0.294434
v -0.231077 0.095812 0.274304
v -0.341751 0.120725 0.166603
v -0.118097 0.175149 0.329750
v -0.223938 0.186376 0.342621
v 0.400525 -0.037016 -0.260586
v 0.313785 -0.043465 -0.312450
v 0.359237 -0.067620 -0.432097
v 0.379059 -0.017195 -0.487507
v 0.485503 0.050930 -0.349241
v 0.462687 0.065671 -0.246758
v 0.423360 0.011367 -0.223593
v 0.569522 0.109235 -0.300012
v -0.319403 0.186252 0.085272
v -0.384141 0.210665 0.048077
v 0.017931 0.096540 0.323636
v -0.005752 0.154964 0.340838
v 0.030036 0.176813 0.343955
v 0.019941 0.114112 0.348102
v -0.001058 0.194265 0.349290
v 0.006052 0.202929 0.315636
v 0.009539 0.196473 0.254439
v 0.043819 0.175820 0.262219
v 0.063218 0.193646 0.310571
v 0.045161 0.199746 0.342210
v 0.030696 0.203486 0.358981
v 0.084195 0.218467 0.344784
v 0.064413 0.239310 0.375355
v 0.001821 0.241200 0.372541
v 0.539521 0.077065 0.206372
v 0.621763 0.034753 0.222934
v 0.282729 0.099111 -0.361204
v 0.133974 0.081923 -0.419282
v 0.115478 0.009713 -0.433855
v 0.292324 -0.007435 -0.300498
v -0.226898 0.135423 -0.048683
v -0.237117 0.170545 -0.053352
v -0.224759 0.200067 -0.088868
v -0.175366 0.201970 -0.026176
v -0.102166 0.259897 0.022581
v -0.106930 0.247860 0.065203
v -0.086192 0.213418 0.171216
v -0.088256 0.076988 -0.359487
v -0.007289 0.020498 -0.316981
v -0.051103 -0.001827 -0.331514
v -0.076886 0.041803 -0.374837
v 0.001966 0.035175 -0.298091
v 0.441521 0.109904 -0.272585
v -0.087959 0.228273 0.335444
v -0.132105 0.234876 0.372221
v 0.016164 0.182348 0.360724
v -0.010004 0.227301 0.307391
v -0.053631 0.280318 0.356197
v -0.038847 0.240365 0.300005
v 0.216827 0.101173 -0.180934
v -0.099560 0.099355 -0.391381
v -0.092404 0.079410 -0.417896
v -0.087039 0.127692 -0.415580
v -0.100891 0.113984 -0.414618
v 0.330514 0.116051 -0.423706
v -0.110796 0.064403 -0.421496
v -0.126744 0.048725 -0.408133
v -0.134483 0.075833 -0.398318
v -0.125998 0.088447 -0.430355
v 0.056584 0.248077 0.411128
v 0.077720 0.209447 0.471401
v -0.167664 0.076679 -0.076359
v -0.197920 0.068818 -0.106342
v -0.227119 0.039798 -0.095047
v -0.322086 0.121567 -0.062658
v -0.295071 0.207443 -0.122123
v 0.081819 0.171197 0.184425
v 0.101006 0.133688 0.181565
v 0.126150 0.135465 0.324653
v 0.108489 0.192003 0.316608
v 0.451516 0.075173 0.346719
v 0.419405 0.044256 0.316636
v 0.449619 0.014149 0.360783
v 0.403505 0.084273 0.490824
v 0.436140 0.079865 0.353106
v -0.209592 0.332904 0.431907
v -0.063978 0.217648 0.300038
v 0.629094 0.205773 -0.251762
v 0.645154 0.004730 -0.230475
v 0.485245 -0.032478 -0.164691
v 0.702659 0.093637 -0.165344
v 0.499736 0.092295 0.253399
v 0.481656 0.116326 0.250462
v 0.419779 0.132730 0.222806
v 0.448075 0.138591 0.164457
v -0.044506 0.139853 -0.429172
v -0.043469 0.148661 -0.406724
v -0.080614 0.163594 -0.410549
v -0.265846 0.233129 0.527467
v 0.490152 0.081364 -0.197743
v 0.494806 0.098897 -0.109593
v 0.491786 0.136689 -0.109933
v -0.120466 0.192220 -0.437981
v -0.092335 0.172000 -0.454550
v 0.351030 0.081025 -0.486424
v 0.447000 0.181925 -0.395149
v 0.371287 0.183393 -0.276279
v 0.614231 -0.026966 0.307356
v 0.521296 0.245108 0.447742
v 0.523491 0.173083 0.530784
v 0.542180 -0.040866 0.365663
v 0.163878 0.262914 0.396464
v 0.258104 0.259760 0.371412
v 0.265211 0.257839 0.383667
v 0.276344 0.232863 0.403329
v 0.191503 0.194866 0.476589
v 0.342210 0.200889 -0.395761
v 0.395381 0.158344 -0.429364
v 0.480388 0.098396 0.310379
v -0.368918 0.023751 0.283190
v -0.349079 0.053674 0.137606
v -0.300419 0.043367 0.291442
v -0.079439 0.374923 0.349717
v -0.075475 0.384941 0.335333
v -0.048249 0.396947 0.364287
v -0.042196 0.399761 0.346106
v 0.373943 0.086264 0.362003
v 0.382123 0.137734 0.297719
v 0.466367 0.207854 0.132035
v 0.547153 0.300550 0.112001
v 0.730499 0.263077 0.246112
v 0.553770 0.347728 0.374164
v 0.496088 0.359444 0.424261
v 0.624924 0.395645 0.310412
v -0.027647 0.165183 -0.407491
v -0.045872 0.181173 -0.509329
v -0.134032 0.204362 -0.062988
v -0.302353 0.254338 -0.143510
v -0.037294 0.214441 -0.128904
v -0.195742 0.306709 -0.225457
v -0.109422 0.271229 -0.226322
v 0.153222 0.035327 0.155280
v 0.230154 -0.006289 0.184188
v 0.154709 0.022822 0.292388
v 0.534911 0.309412 -0.364174
v 0.655847 0.305729 -0.228125
v 0.428950 0.396177 -0.577065
v 0.232579 0.208919 -0.368672
v 0.146587 0.154420 -0.319711
v 0.348896 0.078163 0.341669
v 0.376408 0.102830 0.236992
v -0.054017 0.272027 0.083228
v 0.005163 0.275694 0.085007
v -0.063559 0.251081 -0.020287
v -0.436826 0.149651 0.230754
v -0.393918 0.204354 0.196713
v -0.113542 0.416379 0.349900
v 0.015036 0.432973 0.405264
v 0.274869 0.198629 0.340024
v 0.261816 0.213637 0.332051
v 0.195731 0.189367 0.330344
v 0.201792 0.128745 0.357385
v 0.277108 0.144992 0.386786
v 0.285987 0.186897 0.367322
v 0.694479 -0.052692 -0.144868
v 0.593022 -0.084582 -0.095949
v 0.494335 -0.045316 -0.045029
v 0.460861 0.042731 -0.050208
v 0.454238 0.267560 -0.173950
v 0.345039 0.178935 -0.097591
v -0.134685 0.126206 -0.518714
v -0.460413 0.091312 0.264515
v -0.513413 0.073549 0.218048
v -0.534579 0.020777 0.228256
v -0.588514 -0.033894 0.185476
v -0.207809 0.182970 0.614546
v -0.017257 0.179805 0.702131
v -0.076838 0.237342 0.653814
v -0.178737 0.224820 0.670409
v 0.155821 0.111319 0.578306
v 0.577391 0.129331 -0.074600
v 0.565328 0.171102 -0.044605
v 0.542095 0.239982 0.033766
v 0.442393 0.213700 0.072223
v 0.236588 0.160247 -0.539636
v -0.179705 0.183148 -0.432493
v -0.200071 0.175348 -0.467886
v -0.090097 0.183124 -0.392603
v -0.188816 0.264238 -0.383029
v 0.038821 0.195783 0.179172
v 0.102340 0.244382 0.088309
v 0.180462 0.149622 0.044716
v 0.431838 0.284427 0.282707
v 0.416642 0.295077 0.212584
v 0.353895 0.256764 0.344044
v 0.401697 0.301246 0.340291
v 0.104198 0.122467 -0.130345
v 0.086190 0.111618 -0.531074
v 0.119611 0.106763 -0.600065
v 0.074418 0.025338 -0.583007
v 0.127648 -0.041956 -0.483612
v 0.033317 0.201858 -0.179643
v -0.433586 0.344497 0.071359
v -0.478303 0.327251 -0.031908
v -0.469259 0.302738 -0.036146
v -0.410343 0.295185 0.047794
v 0.699642 0.284910 -0.149993
v 0.629587 0.173108 -0.056522
v 0.355771 0.314908 -0.265994
v 0.453308 0.302327 0.141496
v 0.338010 0.247106 0.170888
v 0.342735 0.229048 0.233502
v 0.324469 0.214828 0.289259
v 0.095941 0.257304 -0.059780
v 0.014202 0.163441 -0.572742
v 0.172491 0.216975 -0.502626
v 0.169263 0.265843 -0.433465
v 0.067263 0.252659 -0.476220
v -0.158708 0.431556 0.372475
v -0.198032 0.447756 0.470922
v 0.456382 0.162435 -0.474956
v -0.198556 0.318624 -0.479570
v -0.219316 0.315189 -0.436473
v -0.123854 0.330453 -0.545782
v -0.144663 0.325288 -0.554041
v -0.447517 0.200947 0.269945
v -0.464382 0.322978 0.238215
v -0.389770 0.306901 0.209436
v -0.365772 0.254475 0.155203
v -0.061438 0.421380 0.313597
v -0.148663 0.479496 0.293977
v -0.199897 0.489390 0.337403
v -0.190886 0.433991 0.360640
v -0.321915 -0.026251 0.050894
v -0.302690 0.033283 0.033519
v -0.462388 -0.068715 0.113777
v -0.402333 -0.055519 0.048276
v 0.007696 0.430463 0.380853
v -0.064828 0.471250 0.270863
v -0.016905 0.470238 0.344339
v -0.050351 0.517443 0.284070
v 0.098137 0.451483 0.412325
v 0.083733 0.456599 0.377153
v 0.075368 0.482172 0.377737
v 0.287746 0.163014 0.453042
v 0.237772 0.114601 0.485337
v 0.122115 -0.008755 0.456694
v 0.107163 0.026711 0.492785
v 0.095591 0.030741 0.558482
v 0.491889 0.323316 -0.169980
v 0.500940 0.357535 -0.064220
v 0.480659 0.346483 -0.100598
v 0.216825 0.255270 -0.361333
v 0.234558 0.269985 -0.396254
v -0.108194 0.305413 -0.367518
v -0.139518 0.331522 -0.445026
v -0.149914 0.311704 -0.449258
v -0.361629 0.311848 -0.256043
v 0.310385 0.135396 0.459500
v 0.353895 0.098282 0.468618
v -0.451737 0.333235 -0.152348
v -0.393235 0.298323 -0.168773
v -0.409641 0.249504 -0.164482
v -0.455068 0.232353 -0.105444
v -0.477718 0.306804 -0.105077
v -0.559875 0.233373 0.111752
v -0.480707 0.338241 -0.101474
v -0.595388 0.340313 -0.005094
v -0.589761 0.374650 -0.094267
v 0.310121 0.275106 0.308091
v 0.310594 0.251971 0.294179
v 0.334125 0.275992 0.233038
v 0.312259 0.315227 0.151114
v 0.316847 0.370656 0.134210
v 0.347162 0.406149 0.265132
v 0.319764 0.309888 0.324184
v 0.398924 0.141196 0.132574
v -0.172650 0.355121 -0.549878
v 0.094804 0.212525 -0.313967
v -0.298988 0.225215 0.627741
v -0.092553 0.566917 0.294949
v -0.025490 0.477204 0.359707
v 0.713926 0.043484 -0.061981
v 0.694904 -0.025781 -0.045796
v 0.425630 0.374832 -0.167822
v 0.454833 0.360693 -0.108382
v 0.450854 0.306383 0.593192
v 0.364005 0.201679 0.626350
v 0.366239 0.137127 0.563984
v 0.215079 0.204727 -0.569202
v 0.185588 0.087694 -0.640327
v -0.272270 0.252569 -0.367426
v 0.156868 0.259305 0.006690
v -0.138517 0.491265 0.219036
v -0.151859 0.540870 0.269572
v -0.153512 0.440152 0.205519
v 0.004975 0.494419 0.518158
v 0.058859 0.468325 0.459779
v 0.360542 0.335464 0.334539
v 0.329926 0.285927 0.348457
v 0.321047 0.455884 0.319411
v 0.341547 0.416601 0.348643
v 0.234980 -0.063387 -0.563212
v 0.172306 -0.069422 -0.530646
v 0.129038 0.002381 -0.633555
v 0.222178 -0.012176 -0.626788
v 0.363582 0.195436 -0.616017
v 0.387960 0.197604 -0.049221
v 0.368673 0.295478 -0.118980
v 0.381797 0.111813 0.080553
v 0.352045 0.093007 0.035583
v -0.139666 0.505955 0.555803
v -0.057091 0.676368 0.372795
v -0.061889 0.527693 0.309002
v 0.667092 0.283258 0.016220
v 0.690844 0.089571 0.021802
v 0.569927 0.059373 0.004996
v 0.643141 0.090791 0.053326
v 0.373268 0.124026 0.603877
v 0.317457 0.043803 0.589756
v 0.270957 0.096110 0.494487
v 0.188163 -0.112627 0.496857
v 0.163453 -0.060596 0.446410
v 0.185192 -0.113033 0.578359
v -0.217494 0.380036 -0.292484
v -0.185354 0.347519 -0.371423
v -0.130604 0.348156 -0.300938
v 0.108845 0.201039 -0.065112
v -0.595061 0.365388 -0.134404
v -0.536670 0.344860 -0.139188
v -0.461978 0.351342 -0.156325
v -0.499045 0.327302 -0.176421
v -0.209987 0.566952 0.325527
v -0.329636 0.584142 0.371409
v -0.469800 0.577956 0.350755
v -0.438813 0.449542 0.416717
v 0.621000 0.404012 0.141931
v -0.267845 0.522527 -0.229001
v -0.173526 0.484434 -0.224412
v -0.297372 0.311728 0.549959
v -0.324176 0.293737 0.627682
v -0.292179 0.374392 0.632624
v 0.005125 0.553414 0.483969
v 0.174578 0.068278 0.658651
v 0.291886 0.117554 0.759617
v 0.168105 0.181076 0.752496
v 0.447986 0.214626 -0.545423
v 0.515503 0.341789 -0.221372
v 0.484918 0.362859 -0.182564
v 0.582446 0.414807 -0.230522
v 0.516296 0.342685 -0.331111
v 0.479465 0.351653 -0.307492
v 0.369001 0.477982 -0.434492
v 0.331289 0.413039 -0.350420
v 0.313204 0.374982 -0.314211
v 0.469219 0.384147 0.132158
v 0.503198 0.499594 0.149053
v 0.337407 0.355943 -0.229425
v 0.350727 0.398810 -0.209134
v -0.280707 0.183613 -0.401115
v -0.332194 0.194875 -0.365376
v -0.274374 0.126693 -0.538194
v -0.204858 0.120151 -0.506248
v -0.317978 0.430177 -0.306636
v -0.332344 0.532312 -0.281830
v -0.347921 0.034641 -0.078602
v -0.555225 0.123824 0.019767
v 0.199145 0.508677 0.457100
v 0.134774 0.494623 0.431015
v 0.474419 0.361043 -0.048108
v 0.580111 0.311962 0.009572
v 0.622816 0.400984 -0.048206
v 0.188506 0.264571 -0.671984
v 0.108740 0.353990 -0.246087
v 0.201515 0.389181 -0.299383
v 0.193868 0.323209 -0.332917
v -0.462496 0.314897 0.511597
v -0.443269 0.223286 0.477456
v -0.374788 0.237543 0.460170
v 0.684476 0.532933 -0.207574
v 0.725342 0.513984 -0.114323
v 0.459587 0.398857 0.403014
v 0.472747 0.435187 0.350000
v 0.429384 0.509530 0.233446
v 0.434168 0.379415 0.194338
v -0.110794 0.340680 -0.348662
v -0.182307 0.357278 -0.458232
v -0.150144 0.348960 -0.440249
v -0.108682 0.334185 -0.365912
v -0.275664 0.252010 0.689887
v -0.206980 0.318149 0.714296
v -0.258583 0.355173 0.686079
v -0.156991 0.587431 0.238612
v -0.360409 0.647303 0.310861
v 0.393627 0.413229 -0.238329
v 0.496625 0.463322 -0.265814
v 0.302008 0.381658 -0.282533
v 0.207393 0.332235 -0.387338
v 0.238190 0.316963 -0.356613
v 0.266981 0.441743 -0.401023
v -0.678695 0.063924 0.163315
v -0.352857 -0.023246 -0.074190
v 0.320426 0.269777 0.160246
v 0.676055 0.522894 -0.035921
v 0.490093 0.399665 0.012526
v 0.572569 0.007230 0.013214
v 0.657390 0.041898 0.055921
v 0.319787 0.432498 -0.260404
v -0.270501 0.473027 -0.308063
v -0.003784 0.420235 -0.266871
v 0.161417 0.474965 -0.232000
v 0.097937 0.375139 -0.222323
v 0.144790 0.495874 -0.252637
v 0.171023 0.477896 0.382115
v 0.152225 0.489884 0.404175
v -0.649168 0.543178 0.078997
v -0.594711 0.436446 0.126196
v 0.626755 -0.034678 -0.014582
v -0.505515 0.242952 -0.165880
v -0.503047 0.246019 -0.238831
v -0.542816 0.262439 -0.291478
v -0.490496 0.329476 -0.274034
v -0.473720 0.161931 0.318072
v -0.465250 0.119486 0.378307
v -0.504805 0.233652 0.435202
v -0.497216 0.390807 0.369411
v 0.061583 0.505053 0.533980
v 0.076105 0.532948 0.523574
v 0.614189 0.448611 0.217710
v 0.189879 0.434066 -0.356213
v 0.056117 0.344631 -0.406711
v 0.057588 0.252945 -0.436260
v -0.021589 0.375674 -0.368754
v 0.009427 0.326925 -0.350457
v 0.065233 0.421367 -0.374222
v -0.576372 0.304963 0.190558
v -0.535006 0.055361 -0.035359
v -0.600210 -0.067164 0.116187
v -0.535109 -0.056165 0.029251
v -0.658266 0.090113 0.046690
v -0.650269 0.138024 0.136085
v -0.140765 0.470417 0.143610
v -0.090358 0.474853 0.200693
v -0.105967 0.522466 0.183533
v -0.116083 0.578398 0.202742
v -0.127351 0.663292 0.260330
v 0.332379 0.387443 0.100380
v 0.451622 0.522005 0.039025
v -0.093922 0.307869 0.678917
v -0.015326 0.245781 0.768914
v 0.055586 0.342929 0.766235
v 0.336347 0.100125 0.698795
v 0.369311 0.170723 0.635413
v -0.183004 0.039483 -0.591963
v -0.217804 0.028843 -0.636057
v -0.118286 0.031608 -0.678292
v -0.123145 0.031619 -0.609094
v -0.349550 0.154489 -0.584121
v -0.408951 0.168080 -0.542556
v -0.471829 0.178071 -0.593257
v -0.260270 0.035015 -0.694804
v -0.543403 0.218536 -0.600887
v -0.438787 0.324291 -0.617293
v -0.297623 0.621073 -0.215039
v -0.246109 0.660177 -0.190054
v -0.644518 0.425745 -0.064419
v -0.700806 0.337527 -0.196931
v -0.651411 0.295869 -0.109842
v -0.673604 0.509167 -0.044031
v -0.658974 0.516523 -0.187731
v -0.620217 -0.002688 -0.012858
v 0.191120 0.342495 -0.725452
v 0.153914 0.486088 -0.337756
v 0.143658 0.505763 -0.293696
v 0.192076 0.462980 0.403252
v 0.276309 0.474252 0.530668
v 0.379274 0.428188 0.513815
v 0.327142 0.441015 0.423703
v 0.292973 0.453320 0.384194
v 0.233127 0.526905 0.503064
v -0.135097 0.519647 0.182543
v -0.195575 0.425031 -0.571719
v -0.180071 0.367984 -0.616744
v -0.250044 0.347598 -0.658691
v -0.331100 0.423998 -0.623345
v -0.424827 0.095648 -0.465124
v -0.306391 0.121248 -0.318074
v -0.317632 0.117587 -0.428290
v -0.348121 0.041156 -0.561536
v -0.473859 0.094829 -0.527016
v -0.281402 0.529001 -0.362032
v 0.091005 0.517286 0.667531
v 0.061702 0.517302 0.609987
v 0.239800 0.588789 -0.196462
v 0.274379 0.584223 -0.260799
v -0.516337 0.278884 -0.342732
v 0.088175 0.563308 0.555028
v 0.127786 0.777439 0.201055
v 0.226682 0.515967 0.355961
v 0.255518 0.477920 0.347479
v 0.242178 0.569810 0.392426
v 0.217636 0.527073 0.408184
v 0.207091 0.247327 0.735850
v -0.545787 0.369207 -0.303899
v -0.543364 0.356118 -0.388686
v -0.154695 0.554520 -0.274445
v -0.107872 0.566692 -0.236262
v 0.358337 0.478688 0.019842
v 0.300609 0.448984 0.029818
v 0.252418 0.494299 0.007165
v 0.265622 0.468524 0.115012
v 0.697846 0.582706 -0.140512
v 0.346071 0.515483 -0.364123
v 0.365857 0.465318 -0.288427
v 0.429920 0.381302 0.580322
v 0.286128 0.409600 0.605846
v 0.158300 0.465313 0.701297
v -0.145313 0.401158 -0.515072
v -0.174072 0.390089 -0.529569
v -0.077058 0.465797 -0.547535
v -0.113239 0.390940 -0.509646
v -0.191234 0.664465 -0.212539
v -0.135712 0.661691 -0.254414
v -0.422726 0.592227 0.094795
v -0.317015 0.615799 0.081005
v -0.040996 -0.024657 0.430268
v -0.146401 0.085214 0.437174
v 0.182514 0.410695 -0.742843
v 0.061387 0.497707 -0.625453
v 0.005129 0.484893 -0.682139
v -0.091239 0.433053 -0.604995
v -0.118282 0.133529 -0.774848
v -0.134005 0.053718 -0.739306
v -0.602299 0.392213 -0.283644
v -0.688532 0.313767 -0.275972
v -0.634378 0.469287 -0.320518
v -0.040902 0.304831 -0.788302
v -0.003846 0.233396 -0.791205
v -0.161190 0.288076 -0.708248
v -0.684155 0.018410 0.069608
v -0.107160 0.359097 -0.640187
v -0.140000 0.322732 -0.633722
v -0.519308 0.091770 -0.255220
v -0.382527 0.087682 -0.277827
v -0.472716 0.499060 -0.357928
v -0.531122 0.580658 -0.377590
v -0.642135 0.569977 -0.022798
v 0.320273 0.548583 -0.387085
v 0.358274 0.600754 -0.378721
v 0.382140 0.543985 -0.378253
v -0.485066 -0.032307 -0.385735
v -0.559317 0.061379 -0.462984
v -0.479971 0.567283 0.195560
v -0.507982 0.505252 0.236935
v -0.419741 0.636387 0.162195
v -0.578553 0.136688 -0.193780
v -0.554972 0.262406 -0.105522
v -0.678473 0.175284 -0.169932
v -0.658797 0.143403 -0.232763
v -0.614073 0.159688 -0.290105
v 0.646857 0.583155 -0.060418
v 0.498860 0.565577 -0.002391
v 0.458811 0.563323 0.013240
v 0.473050 0.571868 0.010913
v 0.421119 0.517282 -0.319409
v -0.254293 0.072013 -0.410541
v -0.282109 -0.005671 -0.537144
v -0.429920 0.467277 -0.474207
v -0.505931 0.403369 -0.481985
v -0.643696 0.250943 -0.448671
v -0.603387 0.112874 -0.417871
v -0.599342 0.023550 -0.282342
v -0.137214 0.780560 0.192232
v -0.197368 0.703902 0.248616
v -0.015316 0.799135 0.127388
v -0.052079 0.863480 0.164380
v -0.121691 0.837611 0.160510
v -0.290913 0.663244 0.034304
v -0.388613 0.667617 0.013889
v 0.294653 0.584049 0.036335
v 0.310998 0.642314 0.203918
v 0.253198 0.593686 0.247278
v 0.261125 0.594645 0.161220
v 0.607798 0.570512 -0.274550
v 0.361130 0.720840 -0.189027
v 0.444575 0.699926 -0.236360
v 0.600589 0.641407 -0.212266
v 0.458618 0.583179 0.000875
v 0.459650 0.589934 -0.005826
v -0.316076 -0.059398 -0.390292
v -0.726066 0.200515 -0.266536
v -0.242542 0.739741 0.011534
v -0.242703 0.700310 0.158742
v -0.183306 0.759694 0.132713
v 0.147777 0.571172 0.591501
v -0.069029 -0.073043 0.456944
v -0.193958 -0.011075 0.426739
v -0.018715 0.025364 0.621206
v -0.010955 0.059649 0.542088
v -0.152318 0.130224 0.525547
v -0.241815 0.076649 0.520911
v -0.210473 0.057392 0.607730
v -0.057171 -0.043809 0.646809
v -0.597560 0.131212 -0.575616
v 0.289302 0.461085 -0.057952
v 0.344041 0.515475 -0.014970
v 0.313978 0.483992 -0.062822
v -0.212075 0.622754 -0.527823
v -0.114569 0.697834 -0.402849
v -0.471974 0.038391 -0.223380
v -0.375560 -0.049671 -0.282342
v -0.279474 0.017960 -0.297394
v -0.255437 0.083397 -0.301570
v -0.252555 -0.001779 -0.389185
v 0.269480 0.514007 -0.084788
v 0.259016 0.506952 -0.056003
v 0.293832 0.528873 -0.068219
v 0.256398 0.495766 -0.580382
v 0.413194 0.449869 -0.532882
v 0.172836 0.535219 -0.625998
v 0.215833 0.529053 -0.565166
v 0.487918 0.594736 -0.077740
v 0.461087 0.535860 0.021747
v 0.072756 0.672916 -0.481122
v 0.366244 0.575881 -0.012726
v 0.323893 0.549311 -0.032014
v 0.390927 0.563692 0.001829
v 0.388089 0.583440 -0.008554
v 0.455611 0.685672 -0.110544
v 0.393271 0.697665 -0.090644
v 0.438074 0.634763 -0.050662
v 0.436307 0.636947 -0.053938
v -0.218173 0.751547 -0.174802
v -0.238611 0.787385 -0.100170
v -0.209539 0.774745 -0.089232
v -0.193668 0.798021 -0.096497
v -0.145979 0.776317 -0.277111
v -0.177014 0.818809 0.104930
v -0.165451 0.855080 0.007252
v -0.151484 0.871979 -0.111311
v 0.223908 0.596878 -0.437897
v 0.233207 0.514308 -0.478255
v -0.618395 0.291342 -0.307573
v -0.622804 0.593013 -0.173357
v -0.593940 0.614009 -0.319918
v 0.213704 0.592613 -0.207487
v 0.177238 0.700210 -0.195575
v 0.213350 0.732242 -0.182752
v -0.501668 -0.048988 -0.258471
v -0.075707 0.926972 0.101229
v 0.244269 0.554759 -0.008279
v 0.238247 0.559770 -0.053119
v 0.255139 0.594440 -0.047403
v 0.244341 0.554847 0.064804
v 0.274022 0.573687 -0.071329
v 0.307977 0.580014 -0.047248
v 0.418770 0.550574 -0.066205
v -0.227367 -0.032237 0.511560
v 0.366299 0.598077 -0.025528
v 0.402038 0.626243 -0.036475
v 0.464339 0.607868 -0.100783
v -0.479377 0.380344 -0.569934
v -0.610516 0.262015 -0.558395
v -0.657946 0.187686 -0.520275
v -0.004846 0.828308 -0.007634
v 0.074752 0.728861 -0.268613
v 0.016483 0.837048 -0.111955
v 0.056453 0.800824 -0.110678
v 0.073474 0.799744 -0.110708
v 0.245452 0.549843 -0.086553
v -0.082906 -0.094786 0.592877
v -0.084929 -0.096341 0.519107
v -0.095386 0.791960 -0.303358
v -0.027782 0.781881 -0.287851
v -0.305166 0.824042 -0.154520
v -0.465767 0.704739 -0.230324
v -0.495721 0.679037 -0.098647
v -0.298453 0.770837 -0.004493
v 0.152605 0.807194 0.081546
v 0.108438 0.845296 -0.011324
v 0.050626 0.805464 -0.013635
v 0.010713 0.814912 -0.005831
v 0.317387 0.838051 0.041517
v 0.273443 0.711304 0.226368
v 0.225059 0.896440 -0.076573
v 0.111520 0.831477 -0.119078
v -0.050059 0.883705 -0.121547
v 0.243876 0.853482 0.073505
v 0.205872 0.758715 0.203894
v 0.131698 0.685930 0.396273
v 0.228906 0.633364 0.372399
v -0.248745 0.735665 -0.195255
v 0.137682 -0.068090 0.635108
v 0.109264 -0.012939 0.618261
v 0.218006 0.590381 -0.241679
v 0.221021 0.538020 -0.367921
v 0.221118 0.480958 -0.400183
v 0.270331 0.489970 -0.481890
v -0.387034 0.447632 -0.568889
v -0.247363 0.610288 -0.455273
v -0.148384 0.626262 -0.325457
v -0.148239 0.663818 -0.364914
v 0.396299 0.634105 -0.045325
v 0.398081 0.631664 -0.042577
v 0.276012 0.532882 0.183830
v 0.402580 0.592007 -0.002130
v 0.556649 0.637445 -0.094038
v -0.291588 0.644294 0.168509
v 0.456711 0.574812 0.006242
v 0.458422 0.581174 0.002731
v 0.453698 0.566750 0.012749
v 0.458530 0.566688 0.014305
v 0.444436 0.559848 0.016165
v -0.109766 0.360516 -0.529497
v 0.021943 0.179028 -0.739542
v 0.023591 0.150210 -0.649087
v 0.017111 0.219205 -0.368448
v -0.497178 0.400958 0.233606
v -0.391956 0.103789 0.409808
v -0.301734 0.165813 0.394844
v -0.488609 0.505256 0.136456
v 0.337233 0.248520 0.234232
v 0.314906 0.231770 0.287726
v 0.256155 0.233387 0.340015
v 0.255035 0.249839 0.353859
v 0.164709 0.249474 0.370681
v 0.170383 0.227569 0.349535
v 0.320327 0.031475 0.213464
v 0.250089 0.031257 0.323468
v -0.446649 0.400996 0.163330
v -0.383303 0.399485 0.109200
v -0.351881 0.291889 0.106842
v -0.455869 0.228688 -0.031002
v -0.326782 0.111832 -0.032389
v -0.233748 0.014931 -0.066150
v -0.016373 0.227553 0.175518
v -0.019397 0.220062 0.247077
v -0.043825 0.227805 0.248622
v -0.056604 0.238529 0.176333
v -0.065063 0.209605 0.249898
v 0.399029 -0.093707 0.219461
v 0.457836 -0.128536 0.211940
v 0.362788 -0.141015 0.121870
v 0.393790 -0.147257 0.127404
v 0.368745 -0.045498 0.192075
v 0.347050 -0.128401 0.099543
v -0.117359 0.100267 -0.422668
v -0.119306 0.092297 -0.393061
v -0.117137 0.046334 -0.366925
v -0.105982 0.065868 -0.357874
v -0.113063 0.028713 -0.383649
v -0.091554 -0.020090 -0.332673
v -0.000302 0.134412 0.355596
v -0.062156 -0.191040 0.191377
v -0.035797 -0.198256 0.205626
v -0.010532 -0.187562 0.205187
v -0.058314 -0.450124 -0.066176
v -0.023508 -0.651464 -0.094429
v 0.160647 -0.464805 -0.063280
v 0.153543 -0.716215 -0.076040
v 0.075499 -0.694324 0.142826
v -0.354942 -0.900905 -0.039129
v -0.029691 -0.901444 -0.449741
v -0.283759 -0.901717 -0.315423
v -0.419779 -0.903130 -0.047054
v -0.347912 -0.902126 0.262623
v -0.310434 -0.904178 -0.337063
v -0.451738 -0.904383 -0.052570
v -0.337802 -0.911195 -0.362221
v -0.490734 -0.906405 -0.062261
v -0.344178 -0.956569 -0.368356
v -0.507532 -0.961323 -0.070588
v -0.307685 -0.962900 -0.329929
v -0.458378 -0.962773 -0.060791
v -0.406747 -0.962036 0.268348
v -0.192159 -0.957946 0.482744
v -0.423672 -0.962982 -0.055362
v -0.377497 -0.962816 0.254427
v -0.171551 -0.962572 0.456068
v 0.033883 -0.962091 0.467372
v 0.013696 -0.947758 0.505162
v -0.332388 -0.963037 -0.046528
v -0.281151 -0.963022 -0.296668
v -0.205902 -0.963079 -0.186403
v -0.031319 -0.962793 -0.464967
v -0.016599 -0.963032 -0.386897
v 0.281864 -0.962827 -0.428480
v -0.045056 -0.960029 -0.513215
v 0.293658 -0.961052 -0.469691
v 0.496664 -0.960635 -0.236463
v 0.439918 -0.962979 -0.190536
v 0.308438 -0.934928 -0.500865
v 0.534654 -0.934097 -0.251534
v 0.279874 -0.905001 -0.466030
v 0.491589 -0.906420 -0.254947
v 0.538194 -0.906484 0.085911
v 0.263629 -0.903168 -0.435585
v 0.457036 -0.903226 -0.233524
v 0.450746 -0.901354 0.125150
v 0.466613 -0.901271 0.068223
v 0.411922 -0.903421 0.331607
v 0.417325 -0.905587 0.379292
v 0.403864 -0.905932 0.395832
v 0.417761 -0.906145 0.395538
v 0.369452 -0.903773 0.378344
v -0.037095 -0.903732 -0.482919
v -0.043909 -0.909250 -0.523975
v -0.050268 -0.902339 0.433995
v 0.165309 -0.897369 0.415436
v -0.289295 0.281237 0.396386
v -0.248190 0.417052 0.366834
v 0.285654 0.121681 -0.552318
v 0.320748 0.111893 -0.504417
v 0.420763 0.547063 0.016552
v 0.385265 0.525505 0.017139
vn 0.0434 0.5876 0.8080
vn 0.0500 0.9965 0.0674
vn 0.0002 0.9892 0.1467
vn 0.0892 -0.9886 0.1212
vn 0.0379 -0.9539 0.2978
vn 0.0411 0.9860 0.1616
vn -0.0397 0.7723 0.6340
vn -0.0300 0.9981 0.0529
vn -0.3781 0.7708 0.5127
vn 0.0372 0.9984 0.0434
vn 0.0402 0.9992 0.0076
vn 0.4914 0.8709 0.0069
vn 0.2953 0.9019 0.3152
vn 0.0001 -1.0000 0.0001
vn 0.0002 -1.0000 0.0010
vn -0.0006 -1.0000 0.0013
vn -0.0098 -0.9998 0.0168
vn 0.9750 0.2159 0.0533
vn -0.1749 0.9240 0.3400
vn -0.3462 0.9382 0.0057
vn -0.0497 0.9871 0.1524
vn -0.3799 0.2969 0.8761
vn -0.9871 0.1222 0.1034
vn 0.0315 -0.9995 0.0080
vn -0.9511 0.0266 -0.3078
vn -0.5699 0.8188 -0.0696
vn -0.2729 0.7563 -0.5947
vn -0.1956 0.2509 -0.9480
vn 0.1404 0.9787 -0.1497
vn 0.0431 0.9975 -0.0556
vn 0.0670 0.9867 -0.1479
vn 0.0004 -1.0000 -0.0003
vn -0.0000 -1.0000 -0.0000
vn 0.5153 0.6375 -0.5727
vn -0.0934 0.9895 -0.1101
vn 0.5178 0.1338 0.8449
vn 0.7101 -0.1907 0.6778
vn 0.4798 -0.0910 0.8726
vn -0.0972 0.4443 0.8906
vn 0.7998 0.5670 0.1971
vn -0.7968 -0.3112 0.5179
vn -0.9875 -0.0515 0.1488
vn -0.8914 -0.0650 0.4485
vn 0.4554 0.8854 0.0932
vn 0.4569 0.8820 -0.1156
vn -0.9487 0.3118 -0.0517
vn 0.4646 -0.8833 0.0632
vn 0.8466 -0.5227 -0.1005
vn 0.5334 0.7224 -0.4401
vn 0.3369 0.5527 0.7623
vn 0.9380 -0.2536 -0.2363
vn 0.7020 0.5826 0.4097
vn 0.0291 0.8703 0.4917
vn 0.2151 0.9400 0.2650
vn -0.0553 0.8319 0.5522
vn 0.7451 0.6053 0.2801
vn -0.0512 -0.2325 -0.9712
vn 0.3237 -0.1972 -0.9254
vn 0.1752 -0.2071 -0.9625
vn -0.1983 0.7861 0.5854
vn -0.2458 0.9288 0.2774
vn 0.5044 0.3074 -0.8069
vn 0.4132 -0.1590 -0.8966
vn 0.1405 0.1970 -0.9703
vn 0.3925 0.4901 -0.7783
vn 0.8925 -0.3409 0.2955
vn 0.8879 -0.2439 0.3900
vn -0.9131 -0.4077 -0.0027
vn -0.8263 -0.3644 -0.4294
vn -0.7667 -0.2259 -0.6010
vn -0.3609 0.9325 0.0153
vn 0.3906 0.1197 0.9128
vn -0.3954 -0.0627 0.9164
vn -0.3830 -0.2650 0.8849
vn -0.6674 -0.2345 0.7069
vn 0.7298 0.6832 0.0259
vn -0.2914 -0.1454 0.9455
vn -0.3275 -0.1429 0.9340
vn -0.8655 0.3924 -0.3114
vn 0.3504 0.7602 0.5472
vn -0.2923 0.7546 0.5875
vn 0.5700 0.7681 -0.2918
vn 0.3179 0.5938 -0.7391
vn 0.6722 0.1622 -0.7224
vn -0.8726 0.3588 0.3313
vn -0.3114 0.5738 -0.7575
vn 0.5669 0.4873 0.6642
vn -0.0019 -0.4427 0.8967
vn -0.3265 0.7443 -0.5826
vn -0.4187 0.7282 -0.5426
vn -0.1890 0.5138 -0.8368
vn 0.2039 -0.4426 -0.8732
vn 0.7035 0.1642 0.6915
vn 0.0327 -0.9646 -0.2618
vn 0.6528 -0.6902 -0.3124
vn 0.8684 -0.4756 -0.1403
vn -0.2652 -0.2275 -0.9370
vn -0.0973 -0.9849 -0.1436
vn 0.0472 -0.4162 0.9081
vn -0.2499 -0.5466 0.7992
vn 0.4936 -0.8496 -0.1856
vn -0.2062 -0.7525 -0.6254
vn 0.4594 -0.8869 0.0477
vn 0.7507 -0.5850 -0.3071
vn 0.7249 -0.5023 0.4713
vn 0.6895 -0.6334 -0.3513
vn 0.6672 -0.3262 0.6696
vn 0.4709 -0.8266 -0.3083
vn -0.3265 -0.9132 -0.2440
vn -0.3483 -0.7440 0.5702
vn -0.2884 0.1610 -0.9439
vn 0.9891 -0.1334 -0.0622
vn -0.6549 -0.2189 -0.7233
vn -0.6214 -0.7823 -0.0423
vn -0.1661 -0.9017 0.3991
vn 0.6426 -0.7137 0.2789
vn 0.3598 -0.6612 0.6583
vn -0.4035 -0.5671 0.7180
vn 0.1072 -0.5894 0.8007
vn 0.5635 0.4473 -0.6946
vn -0.8786 0.4161 0.2342
vn -0.6581 -0.2022 0.7253
vn 0.6779 0.3771 -0.6311
vn 0.5535 -0.7071 -0.4400
vn 0.7479 -0.6142 -0.2517
vn 0.8078 -0.4715 -0.3538
vn 0.3987 0.8886 0.2268
vn 0.1158 0.9731 0.1990
vn 0.5869 -0.2078 -0.7825
vn 0.7719 0.3648 -0.5207
vn 0.0666 0.9763 0.2059
vn 0.4761 0.3755 0.7952
vn 0.1033 0.4275 0.8981
vn 0.0553 0.8411 0.5380
vn -0.1461 0.6914 0.7075
vn 0.4193 -0.4587 0.7834
vn -0.2401 -0.1630 0.9570
vn -0.2224 -0.2271 0.9481
vn -0.3252 0.1363 0.9358
vn -0.9593 -0.2818 -0.0174
vn -0.6334 -0.6922 0.3460
vn -0.5968 -0.7523 0.2791
vn 0.1327 -0.9862 -0.0992
vn 0.4611 0.6121 0.6424
vn 0.8237 -0.5665 -0.0235
vn 0.0227 -0.0508 0.9985
vn -0.3847 0.4221 0.8209
vn -0.2555 0.6907 0.6766
vn -0.2828 0.9552 -0.0873
vn 0.7715 -0.3148 -0.5529
vn 0.1510 -0.9878 -0.0383
vn -0.2363 -0.7630 -0.6017
vn 0.0146 -0.9564 -0.2916
vn 0.1320 -0.2706 -0.9536
vn 0.4271 0.6908 -0.5834
vn -0.3623 -0.0840 -0.9283
vn 0.4611 -0.3808 -0.8015
vn -0.7447 -0.6384 -0.1945
vn -0.5386 -0.4035 0.7397
vn -0.9463 0.1003 0.3075
vn -0.6522 -0.7386 -0.1706
vn -0.0016 -0.8804 0.4742
vn -0.2251 -0.6303 0.7430
vn 0.5446 -0.6467 0.5341
vn 0.4519 -0.7406 0.4972
vn 0.5898 0.0789 0.8037
vn 0.8132 -0.4583 -0.3588
vn -0.2883 -0.3422 -0.8943
vn 0.3563 0.3404 -0.8702
vn -0.7070 -0.3553 -0.6115
vn -0.2750 -0.9514 -0.1389
vn 0.3703 0.6070 -0.7032
vn 0.9095 0.1933 0.3681
vn -0.3137 0.0291 0.9491
vn -0.3187 -0.7184 -0.6183
vn -0.8918 -0.2905 0.3469
vn -0.9209 -0.2525 0.2971
vn -0.7972 -0.5169 0.3119
vn -0.7584 -0.6470 0.0784
vn -0.0819 -0.6015 -0.7946
vn 0.1506 0.9145 -0.3754
vn 0.4840 -0.0088 -0.8750
vn -0.8061 -0.0249 -0.5912
vn 0.4747 -0.4399 -0.7623
vn 0.6385 -0.2341 -0.7331
vn -0.9115 -0.1513 0.3824
vn -0.6348 -0.1805 -0.7513
vn -0.7371 -0.5426 0.4028
vn -0.3944 -0.9181 0.0397
vn 0.9229 0.0120 0.3848
vn 0.8764 -0.1226 0.4657
vn 0.9312 0.0525 0.3606
vn -0.1083 -0.8463 -0.5216
vn 0.0101 -0.8194 -0.5731
vn -0.1735 -0.7459 -0.6431
vn -0.0951 -0.8963 -0.4331
vn -0.1751 -0.9604 0.2166
vn -0.4282 -0.5785 -0.6943
vn -0.7327 -0.6476 -0.2093
vn -0.3643 -0.8989 0.2435
vn 0.2193 -0.9234 0.3151
vn 0.7268 -0.4564 -0.5132
vn 0.9510 -0.0093 0.3091
vn -0.0905 -0.0432 -0.9950
vn 0.7278 0.1812 0.6614
vn -0.7424 0.4151 0.5259
vn -0.7346 0.4027 -0.5460
vn -0.0684 -0.7224 -0.6881
vn 0.0824 0.2503 -0.9646
vn -0.7997 -0.4865 0.3519
vn 0.0105 -0.4262 -0.9046
vn 0.1722 -0.3190 -0.9320
vn 0.5748 -0.6853 -0.4472
vn 0.8317 0.1248 0.5411
vn 0.5605 -0.0772 0.8246
vn -0.1816 -0.7615 -0.6222
vn 0.8494 -0.5257 -0.0463
vn -0.0149 -0.9840 -0.1774
vn 0.1594 -0.8982 -0.4098
vn -0.0572 -0.8458 -0.5304
vn -0.2041 -0.9414 -0.2686
vn -0.3234 -0.7294 -0.6028
vn -0.4204 -0.9040 -0.0779
vn -0.6885 -0.2938 0.6630
vn -0.9150 -0.2758 -0.2946
vn 0.7483 -0.0383 -0.6622
vn 0.9049 -0.0378 -0.4239
vn -0.1583 -0.9158 -0.3690
vn -0.1627 -0.5159 -0.8410
vn 0.0230 -0.7880 -0.6153
vn 0.8556 -0.5151 -0.0514
vn 0.8660 -0.2181 0.4499
vn 0.6049 -0.7220 -0.3358
vn -0.1527 -0.9290 -0.3371
vn 0.3692 -0.7104 0.5992
vn -0.4728 0.2909 -0.8318
vn 0.4187 0.3202 -0.8498
vn -0.0139 0.7753 -0.6314
vn -0.1633 0.5171 0.8402
vn -0.4267 0.5841 0.6904
vn -0.3471 0.4261 0.8355
vn 0.2571 -0.8480 -0.4634
vn -0.3844 -0.9184 -0.0935
vn -0.9281 -0.3696 0.0452
vn -0.9039 0.4222 -0.0689
vn 0.8934 0.3158 0.3195
vn -0.6213 0.0636 0.7810
vn 0.7524 -0.6216 0.2178
vn -0.5485 -0.7874 0.2814
vn 0.3723 -0.7047 0.6040
vn -0.4971 0.0785 0.8641
vn 0.0549 -0.7423 0.6678
vn -0.1522 -0.9479 -0.2799
vn 0.1008 -0.9887 -0.1113
vn -0.5438 -0.8383 -0.0393
vn 0.2280 -0.8679 0.4412
vn -0.7681 -0.3357 -0.5452
vn -0.5086 -0.3798 0.7727
vn 0.4230 -0.4797 0.7687
vn -0.1719 -0.9083 0.3814
vn 0.0480 0.9331 0.3563
vn 0.0696 0.9461 0.3162
vn -0.3113 0.7583 0.5728
vn 0.1522 -0.9883 0.0087
vn 0.2480 -0.8794 0.4064
vn -0.3713 -0.9264 0.0628
vn -0.1555 -0.3004 0.9411
vn 0.3684 -0.6583 -0.6565
vn 0.3483 -0.8595 0.3742
vn 0.5266 -0.7893 0.3158
vn -0.3946 -0.6885 -0.6085
vn -0.8195 -0.0492 -0.5710
vn -0.8239 0.5476 0.1465
vn -0.6533 0.3313 -0.6808
vn -0.2955 -0.9324 -0.2082
vn -0.8787 0.3284 -0.3465
vn -0.8095 0.2665 0.5232
vn -0.8205 -0.5463 0.1686
vn 0.7196 -0.6816 0.1324
vn 0.3714 -0.3123 -0.8744
vn -0.9213 -0.3861 -0.0458
vn 0.3337 -0.9426 0.0129
vn -0.7777 -0.1100 0.6189
vn 0.8653 -0.1609 -0.4747
vn 0.8788 0.2594 0.4007
vn -0.1886 0.7765 0.6012
vn -0.8258 0.5444 -0.1474
vn 0.5032 0.8512 0.1491
vn 0.3998 0.8342 0.3797
vn -0.6428 -0.1938 -0.7411
vn -0.3209 0.9412 -0.1057
vn 0.2732 0.8551 0.4406
vn -0.2426 -0.9374 0.2497
vn -0.1154 -0.9223 -0.3687
vn -0.0908 -0.7514 0.6536
vn 0.3151 -0.7937 0.5204
vn -0.2911 0.7733 -0.5633
vn -0.8411 0.2329 -0.4881
vn -0.9713 0.1854 -0.1489
vn 0.1095 -0.8808 0.4607
vn -0.3089 -0.6750 0.6701
vn 0.6235 0.6175 0.4796
vn -0.6341 0.7598 0.1437
vn -0.7546 0.3807 -0.5346
vn -0.4135 -0.2710 -0.8692
vn -0.9388 0.0795 -0.3351
vn 0.6671 0.6090 0.4290
vn -0.0107 0.5153 0.8570
vn 0.5130 0.8359 0.1951
vn 0.4725 0.5594 0.6811
vn 0.2402 0.9576 0.1593
vn 0.8301 -0.2555 0.4956
vn 0.3770 -0.8952 0.2377
vn -0.6779 0.3424 0.6506
vn -0.5088 0.5400 0.6705
vn -0.8341 0.0845 0.5452
vn -0.2691 0.8476 0.4573
vn -0.3157 -0.0500 0.9475
vn -0.9910 0.1220 0.0543
vn -0.2008 -0.5679 -0.7982
vn -0.4918 -0.3688 -0.7887
vn -0.3679 0.4792 -0.7969
vn -0.7252 0.6491 -0.2296
vn -0.7804 0.5003 0.3750
vn -0.9311 -0.3162 0.1820
vn -0.9130 0.4040 0.0573
vn -0.8917 -0.1620 -0.4226
vn -0.3932 -0.7106 0.5835
vn -0.8201 -0.4087 0.4005
vn -0.3909 0.7918 0.4693
vn -0.8253 0.3440 0.4477
vn 0.7250 0.6730 -0.1462
vn -0.3478 0.8518 0.3916
vn 0.5725 0.6514 0.4979
vn -0.1025 -0.9327 -0.3457
vn -0.6149 -0.7848 -0.0772
vn -0.7862 -0.5469 0.2876
vn -0.4819 -0.8676 0.1231
vn -0.4755 -0.8607 0.1817
vn -0.0251 0.1310 -0.9911
vn -0.7699 -0.3960 -0.5004
vn 0.5160 -0.7420 -0.4280
vn -0.2456 -0.9267 -0.2846
vn -0.1411 -0.7513 -0.6447
vn -0.2410 -0.8984 -0.3672
vn 0.9515 -0.0484 0.3038
vn 0.9214 -0.1873 -0.3405
vn 0.9650 -0.2342 0.1177
vn 0.9939 0.1070 0.0259
vn 0.6214 0.7738 -0.1234
vn 0.5986 0.6338 0.4899
vn -0.8244 -0.0740 -0.5612
vn -0.4795 -0.8598 -0.1757
vn -0.9377 -0.2825 -0.2023
vn 0.0578 -0.9527 0.2984
vn 0.5098 0.1147 -0.8526
vn 0.8048 0.5637 0.1858
vn 0.6993 -0.1373 -0.7015
vn 0.8905 -0.3867 0.2398
vn -0.9997 0.0197 -0.0124
vn 0.8696 0.2570 -0.4217
vn -0.9365 0.1522 0.3158
vn 0.5037 -0.1483 0.8510
vn 0.1994 -0.7111 0.6742
vn -0.5035 -0.8353 0.2206
vn -0.0012 0.8116 -0.5842
vn 0.1851 -0.0099 0.9827
vn -0.2561 -0.8870 0.3842
vn 0.9501 0.2617 0.1697
vn 0.9152 -0.1721 -0.3644
vn 0.4558 0.7959 -0.3984
vn -0.0602 0.8589 -0.5086
vn 0.4286 -0.3453 -0.8349
vn 0.8872 0.2416 -0.3930
vn 0.9969 -0.0062 0.0780
vn -0.2509 -0.9445 -0.2119
vn -0.1372 -0.8182 -0.5583
vn 0.1717 -0.6362 -0.7522
vn 0.2868 -0.6066 -0.7414
vn 0.5758 -0.6944 -0.4317
vn -0.3077 0.8945 -0.3244
vn -0.5009 0.8602 -0.0958
vn -0.7937 0.3452 0.5009
vn -0.5155 -0.7203 -0.4641
vn 0.7837 -0.5054 0.3612
vn 0.0077 -0.3895 0.9210
vn 0.6734 0.7379 -0.0444
vn -0.0534 0.9209 0.3860
vn -0.5722 0.7146 0.4023
vn -0.0934 0.9669 0.2372
vn 0.3087 -0.8942 0.3243
vn 0.7929 -0.5076 -0.3371
vn -0.2083 -0.6585 -0.7231
vn 0.6558 -0.2681 -0.7057
vn 0.8038 -0.5760 -0.1488
vn 0.5313 -0.4199 -0.7358
vn -0.0541 -0.4045 -0.9129
vn -0.3232 -0.9289 0.1808
vn -0.6902 -0.2480 0.6798
vn -0.2106 -0.9108 0.3551
vn -0.5909 -0.7155 -0.3727
vn 0.1728 -0.8932 0.4151
vn 0.3746 0.1870 0.9081
vn -0.0065 0.3237 0.9461
vn 0.5946 0.0344 -0.8033
vn 0.4310 0.4127 -0.8024
vn -0.9429 -0.2043 0.2632
vn -0.9314 0.3158 -0.1809
vn -0.7957 0.2645 -0.5448
vn -0.6575 0.7523 -0.0415
vn 0.3456 -0.4371 0.8304
vn -0.5067 -0.7316 0.4561
vn -0.9062 -0.4227 -0.0134
vn -0.4023 -0.4085 0.8193
vn 0.4793 -0.7306 -0.4863
vn -0.5890 0.4564 -0.6669
vn -0.0623 0.9980 0.0077
vn -0.0488 0.8266 -0.5606
vn -0.3362 0.9160 0.2191
vn 0.1033 0.7253 0.6807
vn 0.0557 0.6591 0.7500
vn -0.2531 0.2126 -0.9438
vn -0.3462 -0.0977 -0.9331
vn 0.2327 0.2274 -0.9456
vn 0.4467 -0.5429 -0.7112
vn 0.0372 -0.9853 0.1669
vn 0.3278 -0.9085 0.2590
vn -0.1555 -0.7278 0.6680
vn 0.1225 -0.9140 0.3867
vn -0.4086 -0.3299 -0.8510
vn 0.7514 0.0870 -0.6541
vn 0.6054 0.2933 -0.7399
vn 0.7188 0.5593 -0.4130
vn 0.1932 0.9302 -0.3120
vn -0.1914 0.9514 -0.2413
vn 0.0351 0.5769 -0.8161
vn -0.4563 0.6306 -0.6278
vn 0.7484 0.6614 0.0490
vn 0.2029 0.6598 0.7235
vn 0.0234 0.1618 0.9866
vn -0.4276 -0.7935 -0.4330
vn -0.5096 0.5213 -0.6845
vn 0.1341 0.5465 0.8266
vn 0.2289 -0.3455 0.9101
vn 0.1346 -0.0845 -0.9873
vn 0.7335 0.0094 -0.6796
vn 0.3739 -0.1018 -0.9219
vn 0.8888 0.3504 -0.2953
vn 0.8711 -0.4572 -0.1792
vn 0.1647 0.1564 -0.9739
vn -0.9206 -0.0441 -0.3880
vn -0.5243 0.8475 0.0827
vn -0.9954 -0.0593 0.0757
vn -0.9961 0.0722 0.0514
vn -0.4716 0.2789 -0.8366
vn -0.1173 -0.9893 0.0870
vn -0.1955 -0.9807 -0.0047
vn -0.1889 -0.9750 -0.1170
vn -0.4549 0.1080 0.8840
vn -0.8390 -0.2791 0.4671
vn -0.7807 0.3277 0.5321
vn 0.1840 0.8804 0.4372
vn -0.3491 0.5251 0.7761
vn 0.6337 0.5717 0.5211
vn 0.3141 0.7042 0.6367
vn -0.0645 -0.7170 -0.6941
vn -0.2554 -0.9272 -0.2740
vn 0.0692 -0.6413 -0.7642
vn 0.5155 -0.7074 -0.4836
vn 0.5630 -0.8203 -0.1006
vn -0.0116 -0.8931 -0.4497
vn 0.1610 0.9844 -0.0706
vn -0.8520 0.4039 0.3331
vn -0.4212 0.5966 0.6831
vn -0.4086 0.0089 0.9127
vn -0.2263 -0.6887 -0.6888
vn 0.5042 -0.8633 -0.0238
vn 0.6497 0.4918 0.5797
vn 0.7193 -0.2808 0.6354
vn 0.4572 0.5531 0.6965
vn 0.9076 0.0704 0.4140
vn 0.7023 0.0552 0.7098
vn -0.5971 0.0291 0.8016
vn -0.2810 -0.0550 0.9581
vn -0.2022 0.5431 -0.8149
vn 0.7301 -0.2048 -0.6519
vn -0.3687 -0.8458 0.3856
vn 0.7154 -0.1870 0.6733
vn 0.2749 -0.8157 -0.5090
vn -0.3200 0.1123 -0.9407
vn 0.3410 -0.5381 -0.7708
vn -0.7661 -0.6072 -0.2108
vn -0.0378 -0.9244 0.3797
vn -0.0131 -0.9971 0.0749
vn -0.1875 -0.9605 0.2059
vn -0.0438 0.4027 0.9143
vn 0.6154 0.1252 0.7782
vn 0.3793 -0.6997 0.6054
vn 0.9705 -0.0955 0.2213
vn 0.9801 -0.1489 0.1310
vn 0.8382 -0.3141 -0.4458
vn -0.9618 -0.2555 -0.0988
vn -0.7961 -0.2311 -0.5592
vn -0.9989 0.0467 -0.0036
vn -0.8770 0.1436 -0.4585
vn -0.2249 0.8765 -0.4256
vn -0.1717 -0.5698 0.8036
vn 0.8468 0.5319 0.0067
vn -0.1824 -0.3160 0.9311
vn -0.2789 -0.4541 0.8462
vn 0.4151 -0.5160 0.7493
vn 0.5310 0.4548 0.7150
vn -0.2310 -0.3559 0.9055
vn 0.4500 -0.8102 0.3756
vn 0.8471 -0.0297 0.5305
vn 0.0016 -0.6711 0.7414
vn -0.0692 0.4325 0.8990
vn -0.6014 -0.3583 0.7141
vn -0.7278 0.5151 0.4527
vn -0.1521 0.5513 -0.8203
vn 0.0060 -0.9884 -0.1519
vn -0.4155 0.7978 -0.4369
vn -0.4117 -0.7544 0.5113
vn -0.8171 -0.2136 0.5355
vn -0.9467 -0.3079 0.0946
vn -0.0439 0.1829 0.9822
vn 0.5347 -0.3284 0.7786
vn -0.5287 0.2004 0.8248
vn -0.1851 0.5956 0.7817
vn 0.2596 -0.3019 0.9173
vn 0.2648 -0.3620 0.8938
vn 0.0557 -0.4110 0.9099
vn 0.6481 -0.7166 0.2579
vn 0.4910 -0.7491 0.4447
vn 0.9236 -0.0985 0.3706
vn 0.7981 0.0144 0.6024
vn 0.0027 -0.9957 0.0929
vn -0.1158 -0.8184 -0.5628
vn -0.7110 -0.1723 -0.6818
vn -0.2130 -0.1114 -0.9707
vn 0.4823 0.1672 -0.8599
vn -0.7116 -0.6958 0.0973
vn -0.5400 0.4417 0.7165
vn -0.9707 -0.2331 -0.0578
vn -0.9153 -0.2569 -0.3101
vn -0.7861 -0.5868 -0.1940
vn -0.9159 -0.3732 -0.1478
vn -0.6900 -0.1763 0.7020
vn -0.2028 -0.7023 -0.6824
vn -0.0531 -0.9796 -0.1937
vn -0.5168 0.8063 0.2877
vn -0.1153 -0.5310 -0.8395
vn 0.0645 -0.7710 0.6336
vn -0.0057 0.3899 0.9208
vn 0.8250 0.1525 0.5442
vn 0.3115 -0.7914 0.5260
vn 0.4891 -0.8685 -0.0806
vn -0.4991 -0.7032 0.5064
vn -0.1229 0.9923 -0.0147
vn 0.3235 0.9362 -0.1372
vn 0.1762 0.9778 -0.1134
vn 0.7213 0.3815 -0.5781
vn 0.5597 0.4131 -0.7184
vn 0.2739 -0.2334 -0.9330
vn 0.2346 0.2318 -0.9440
vn 0.7435 0.6261 -0.2351
vn -0.1065 0.9929 -0.0531
vn -0.0999 0.8728 -0.4778
vn 0.2605 -0.7945 0.5485
vn 0.4900 -0.7632 -0.4211
vn -0.1088 0.4345 0.8941
vn -0.6146 0.2475 0.7490
vn -0.3266 0.7521 0.5724
vn -0.3384 0.7555 0.5610
vn -0.2876 0.9558 -0.0605
vn -0.4840 0.7996 -0.3556
vn -0.8551 -0.1464 -0.4973
vn -0.5715 0.4024 -0.7152
vn -0.1236 -0.1183 0.9853
vn -0.6395 0.3072 0.7047
vn -0.2358 0.9270 0.2917
vn 0.5548 0.4429 0.7043
vn 0.8315 -0.4551 0.3186
vn 0.0990 0.2415 0.9653
vn -0.6016 -0.5182 0.6079
vn -0.9312 0.2402 0.2740
vn -0.8164 -0.3603 -0.4514
vn -0.4123 -0.3005 0.8601
vn -0.6473 0.5504 0.5274
vn 0.0323 0.6562 0.7539
vn 0.5602 0.7020 0.4396
vn 0.8886 0.4568 -0.0422
vn 0.7540 0.6362 0.1637
vn 0.8464 0.4539 -0.2787
vn -0.2110 -0.7365 -0.6427
vn 0.3584 0.4734 0.8046
vn 0.3742 0.2263 0.8993
vn 0.6475 0.4995 0.5755
vn 0.5084 -0.5336 -0.6759
vn 0.1377 -0.5568 -0.8191
vn -0.3037 -0.0749 -0.9498
vn -0.5257 -0.2510 -0.8128
vn -0.4522 0.1799 -0.8736
vn -0.1894 0.9629 0.1924
vn 0.3697 0.4071 -0.8352
vn 0.2141 0.4424 -0.8709
vn 0.6274 -0.3330 -0.7039
vn 0.5087 0.4809 -0.7141
vn 0.4073 0.1861 -0.8941
vn 0.3447 0.6298 0.6961
vn -0.7067 0.4472 0.5482
vn 0.5240 0.7611 0.3823
vn 0.5779 0.7055 -0.4103
vn -0.0889 -0.3559 -0.9303
vn -0.6490 0.7004 -0.2969
vn -0.3034 0.6742 -0.6733
vn -0.3423 -0.2439 -0.9074
vn -0.7068 0.5300 -0.4687
vn -0.5777 -0.5353 -0.6162
vn -0.9364 0.2980 -0.1856
vn -0.7204 0.3667 0.5887
vn -0.4169 0.9057 0.0765
vn 0.1778 0.7778 0.6028
vn -0.1875 0.0502 -0.9810
vn -0.2794 0.0382 -0.9594
vn -0.1789 0.0036 -0.9839
vn -0.3955 0.4123 -0.8207
vn -0.5293 0.4897 -0.6929
vn -0.8163 0.0353 -0.5766
vn -0.2769 0.6621 -0.6964
vn -0.7451 0.5301 -0.4049
vn -0.6723 0.7105 -0.2077
vn 0.2241 0.8518 0.4735
vn -0.2365 0.9180 0.3182
vn 0.0605 0.1048 -0.9927
vn -0.3272 -0.5866 -0.7408
vn 0.4664 0.2210 -0.8565
vn 0.6203 0.3020 -0.7238
vn -0.8272 0.5619 0.0090
vn -0.4989 0.4792 -0.7221
vn 0.5844 0.2393 -0.7753
vn 0.0616 -0.6408 -0.7652
vn -0.0491 -0.4112 -0.9102
vn 0.3463 -0.8407 -0.4164
vn -0.0352 -0.6523 -0.7572
vn -0.8976 0.4399 0.0286
vn -0.2407 0.7406 0.6273
vn -0.5534 0.8329 -0.0042
vn 0.5656 -0.5423 0.6213
vn -0.2659 -0.9007 0.3436
vn -0.2658 -0.3004 0.9160
vn -0.2645 0.9130 0.3107
vn 0.8360 -0.5420 0.0859
vn 0.5942 -0.3280 -0.7344
vn 0.0908 -0.9606 -0.2628
vn -0.1923 -0.1701 -0.9665
vn -0.0167 -0.2367 -0.9714
vn 0.2718 0.6051 0.7483
vn 0.3004 0.8724 0.3856
vn 0.3664 0.0277 0.9300
vn 0.1201 0.9293 -0.3494
vn 0.7873 -0.1289 -0.6030
vn 0.5805 0.7600 -0.2922
vn 0.4964 0.3715 -0.7846
vn -0.7106 0.7030 -0.0288
vn -0.6501 0.1170 0.7507
vn -0.7308 0.5177 0.4449
vn 0.3279 0.4949 0.8047
vn -0.0388 0.2160 0.9756
vn 0.5993 -0.3347 0.7272
vn 0.1954 0.1135 0.9741
vn -0.1023 0.5821 0.8067
vn 0.9048 -0.4219 0.0584
vn 0.5191 -0.8037 0.2909
vn 0.2892 -0.2316 -0.9288
vn -0.2278 0.6851 -0.6919
vn 0.3449 0.6382 -0.6883
vn -0.1899 -0.5679 -0.8009
vn 0.0756 -0.4593 -0.8851
vn -0.9681 0.0610 -0.2431
vn -0.0504 -0.9922 -0.1144
vn -0.9105 0.3080 -0.2758
vn -0.7396 0.0102 0.6730
vn -0.6693 -0.7299 0.1391
vn -0.3613 0.4731 0.8035
vn -0.8406 0.5385 -0.0585
vn 0.8089 0.5493 0.2098
vn 0.3508 0.6907 0.6323
vn -0.0241 -0.4971 -0.8674
vn -0.3806 0.2834 -0.8803
vn 0.4593 0.8424 0.2819
vn -0.5121 0.7898 0.3376
vn -0.0208 0.2794 0.9600
vn -0.5476 0.7889 -0.2790
vn -0.8808 0.2625 -0.3942
vn 0.5176 -0.5405 -0.6633
vn -0.0920 -0.8952 -0.4360
vn -0.1084 -0.0821 -0.9907
vn -0.3014 0.9521 0.0521
vn -0.8790 0.0464 0.4746
vn -0.5138 0.6679 0.5385
vn -0.2623 0.5578 -0.7875
vn 0.0076 0.7430 -0.6693
vn 0.1663 0.5795 0.7978
vn 0.3675 -0.3285 0.8701
vn -0.1442 0.1083 0.9836
vn 0.4922 -0.3514 0.7964
vn 0.9824 -0.0680 -0.1741
vn 0.7443 0.5021 0.4404
vn -0.5730 -0.2880 0.7673
vn 0.4421 0.7495 -0.4927
vn 0.5485 0.7608 -0.3468
vn -0.8004 0.4385 0.4088
vn -0.2932 0.9105 -0.2916
vn 0.0204 0.7622 -0.6470
vn -0.0878 0.2468 -0.9651
vn 0.6834 -0.7223 -0.1062
vn -0.5615 0.1763 0.8085
vn -0.2633 0.4717 0.8415
vn 0.2640 0.6575 0.7057
vn 0.2190 0.9312 0.2914
vn -0.7592 -0.6505 0.0206
vn 0.1887 0.9429 -0.2746
vn -0.7330 -0.0735 -0.6763
vn -0.8081 0.5241 -0.2690
vn 0.8564 0.2211 0.4666
vn -0.9152 0.4021 0.0278
vn 0.9038 0.3513 -0.2446
vn 0.4259 0.7332 -0.5301
vn 0.5623 0.8052 0.1883
vn -0.3867 -0.7544 -0.5304
vn 0.1743 -0.1239 -0.9769
vn -0.4966 0.2080 -0.8427
vn -0.9695 -0.2235 -0.1001
vn -0.8431 0.5375 -0.0184
vn -0.5210 0.1491 -0.8405
vn -0.5195 0.8279 0.2116
vn 0.2292 0.1364 -0.9638
vn -0.6681 0.4041 -0.6248
vn -0.3914 -0.0474 -0.9190
vn -0.0543 -0.9967 0.0599
vn -0.1289 -0.9912 -0.0299
vn -0.1474 0.5983 0.7876
vn -0.9125 0.2854 0.2931
vn 0.7595 -0.5502 -0.3471
vn 0.5826 -0.8020 -0.1314
vn -0.2469 -0.9006 0.3577
vn 0.7221 -0.5886 0.3636
vn 0.8602 0.1447 0.4890
vn 0.3958 0.6980 0.5968
vn -0.9318 -0.1568 -0.3275
vn -0.3698 0.8676 -0.3326
vn -0.3051 0.4916 0.8156
vn 0.0598 0.2947 0.9537
vn -0.6681 -0.7416 0.0605
vn -0.5968 0.6756 -0.4329
vn -0.7192 0.6806 0.1400
vn -0.9531 0.1252 -0.2756
vn 0.7869 0.6156 0.0424
vn 0.8908 0.4544 -0.0006
vn 0.5771 0.8076 -0.1211
vn 0.5577 0.7778 -0.2898
vn 0.3744 0.8180 -0.4368
vn -0.4120 -0.0726 0.9083
vn -0.3316 -0.3630 0.8708
vn -0.9637 -0.0886 0.2519
vn -0.3870 -0.9218 -0.0215
vn 0.1203 -0.4335 0.8931
vn -0.3811 0.7072 -0.5956
vn 0.0670 0.8572 -0.5106
vn 0.6361 -0.0410 0.7705
vn -0.6382 0.4739 0.6067
vn 0.7588 -0.6154 0.2134
vn -0.3419 -0.9313 0.1252
vn -0.9579 -0.1515 -0.2440
vn -0.6250 0.7686 -0.1369
vn -0.5526 0.5162 0.6544
vn 0.1097 0.9383 0.3279
vn -0.4371 0.8950 0.0893
vn -0.4097 0.8075 0.4243
vn 0.3700 0.8138 0.4481
vn 0.6903 0.7230 -0.0261
vn 0.8829 0.2825 0.3752
vn 0.7853 0.5690 -0.2441
vn -0.0996 0.5453 -0.8323
vn 0.0037 0.5188 -0.8549
vn 0.6385 0.7608 0.1166
vn -0.1713 0.9831 0.0650
vn 0.4659 0.8644 0.1890
vn -0.4822 0.8548 -0.1918
vn -0.4202 0.6756 0.6057
vn -0.1337 0.9000 0.4148
vn 0.3596 0.7169 0.5972
vn 0.0678 0.9039 0.4223
vn 0.4550 0.7431 0.4906
vn -0.1573 0.8020 0.5763
vn 0.4931 0.7717 0.4016
vn 0.5177 0.7705 -0.3719
vn 0.0054 0.8922 -0.4516
vn -0.2727 0.3789 -0.8844
vn -0.5975 0.7876 -0.1508
vn 0.9088 -0.3963 0.1306
vn 0.1769 0.9836 -0.0364
vn 0.6484 0.7374 0.1891
vn -0.1462 0.3265 0.9338
vn 0.3248 0.8658 0.3807
vn -0.5759 0.8174 0.0154
vn 0.0713 0.4871 -0.8705
vn 0.0820 0.7439 -0.6632
vn 0.5060 0.7339 -0.4531
vn 0.4081 0.8819 -0.2360
vn -0.7255 0.5854 -0.3619
vn -0.3509 -0.8572 -0.3770
vn -0.0422 -0.8320 -0.5532
vn -0.0632 -0.9980 0.0070
vn -0.0328 -0.7585 0.6509
vn 0.5252 -0.5988 0.6047
vn -0.3143 -0.0783 0.9461
vn 0.1037 0.3139 0.9438
vn -0.7787 0.4366 0.4505
vn 0.2180 0.8550 0.4706
vn 0.8704 0.4369 0.2270
vn -0.4129 -0.1703 0.8947
vn 0.8319 0.4469 -0.3290
vn 0.9109 0.4106 0.0410
vn 0.6237 -0.7013 0.3452
vn 0.6709 -0.1185 0.7320
vn 0.9942 0.0110 0.1074
vn 0.4059 0.4764 0.7800
vn 0.5661 0.7097 0.4193
vn -0.1179 0.8323 0.5417
vn 0.2457 0.9667 -0.0718
vn 0.5940 0.8044 -0.0112
vn 0.7918 -0.6101 -0.0287
vn -0.5836 0.0489 -0.8106
vn -0.7609 -0.6407 -0.1026
vn -0.8095 -0.1076 0.5772
vn -0.4102 0.3253 -0.8520
vn -0.5551 0.7381 -0.3835
vn -0.4189 0.4786 -0.7717
vn -0.6016 0.7350 -0.3128
vn -0.1908 0.5157 -0.8353
vn -0.5255 0.8138 0.2480
vn -0.6440 0.6449 0.4116
vn -0.5521 0.8338 0.0062
vn -0.9119 -0.3991 0.0957
vn -0.8331 0.3506 -0.4278
vn -0.5549 0.5163 0.6523
vn -0.8888 0.0729 0.4524
vn -0.4707 0.2989 0.8302
vn -0.0742 0.7211 0.6888
vn -0.6515 -0.1265 0.7480
vn 0.3685 -0.9127 0.1764
vn 0.9646 0.1203 -0.2345
vn 0.9833 0.1761 -0.0472
vn 0.9601 0.2640 0.0922
vn 0.8450 0.5343 0.0228
vn 0.8914 0.2397 -0.3846
vn 0.9666 0.2519 0.0464
vn -0.2914 0.8735 -0.3899
vn 0.2255 -0.3594 0.9055
vn 0.5636 -0.0791 -0.8223
vn -0.2829 0.2639 -0.9221
vn 0.2810 -0.1032 -0.9542
vn -0.7503 0.4076 0.5206
vn -0.0668 0.1841 -0.9806
vn 0.2663 0.9578 0.1086
vn -0.2708 0.2417 0.9318
vn -0.7377 -0.1932 0.6469
vn 0.6029 0.7810 0.1630
vn 0.8435 0.5024 -0.1903
vn 0.7455 0.6610 0.0851
vn 0.9793 -0.1281 0.1567
vn 0.6035 0.7931 -0.0822
vn 0.3649 0.9235 0.1181
vn 0.4134 0.8851 0.2136
vn 0.2045 0.6307 0.7486
vn 0.2202 0.7347 0.6417
vn 0.2215 0.6632 0.7149
vn 0.4272 0.8344 -0.3482
vn 0.1823 0.9615 -0.2055
vn 0.0507 -0.1546 -0.9867
vn -0.4421 0.8262 0.3491
vn 0.9706 0.2010 0.1324
vn -0.6358 0.7228 0.2708
vn -0.6518 0.7371 -0.1782
vn -0.7063 0.5892 0.3924
vn -0.1348 0.9064 -0.4004
vn 0.0293 0.9995 -0.0070
vn -0.1165 -0.3957 -0.9110
vn -0.3773 0.6085 0.6982
vn 0.6907 0.5121 -0.5106
vn 0.3841 -0.3086 -0.8702
vn 0.1230 -0.6300 -0.7668
vn 0.3611 -0.7330 -0.5765
vn 0.7445 0.5007 0.4415
vn 0.3031 -0.1618 0.9391
vn 0.7561 0.0604 0.6517
vn 0.1102 0.3079 0.9450
vn 0.3542 0.1035 -0.9294
vn 0.3030 0.7479 -0.5906
vn 0.7451 0.6661 0.0328
vn -0.6125 0.7893 0.0431
vn -0.9570 0.2891 -0.0262
vn -0.8088 0.5784 -0.1060
vn -0.9375 0.2468 -0.2455
vn -0.9551 0.2802 -0.0966
vn -0.4922 -0.8068 -0.3268
vn -0.7409 -0.5708 0.3539
vn -0.9431 0.3191 -0.0935
vn 0.3589 -0.4895 -0.7947
vn 0.2635 -0.0139 -0.9646
vn 0.5180 -0.4747 -0.7116
vn 0.6198 -0.7196 -0.3130
vn 0.4759 -0.7710 -0.4232
vn 0.6446 -0.7531 0.1316
vn 0.1914 -0.9519 0.2393
vn 0.0036 -0.9728 -0.2315
vn 0.0810 0.8389 -0.5382
vn -0.0985 0.5240 -0.8460
vn -0.0725 0.9855 -0.1535
vn -0.8898 0.4529 -0.0559
vn -0.4187 -0.6611 -0.6226
vn 0.2847 -0.8395 -0.4628
vn 0.9612 -0.2543 0.1073
vn 0.9533 0.2707 -0.1342
vn -0.1572 0.5105 0.8454
vn 0.3275 0.8053 0.4942
vn 0.9006 0.2830 0.3300
vn 0.5966 0.7827 0.1773
vn -0.0074 -0.7655 -0.6434
vn -0.9339 0.1428 0.3278
vn 0.3513 -0.8394 -0.4147
vn 0.4536 -0.8322 0.3188
vn 0.7457 -0.6549 -0.1229
vn 0.4716 -0.0867 0.8775
vn 0.1711 0.8856 0.4318
vn 0.5561 0.7853 0.2721
vn 0.8979 -0.0775 0.4334
vn 0.9587 0.2598 0.1155
vn -0.8975 0.4353 -0.0708
vn 0.1469 0.0182 0.9890
vn -0.2276 0.1286 -0.9652
vn 0.9231 -0.3768 0.0766
vn 0.3777 -0.4080 0.8312
vn 0.9762 0.1571 0.1497
vn 0.4612 0.8660 -0.1932
vn 0.2704 0.9435 -0.1913
vn -0.1413 0.3646 0.9204
vn -0.0886 -0.4145 0.9057
vn 0.5312 -0.0810 -0.8434
vn -0.5541 -0.7392 0.3828
vn -0.2924 -0.9251 0.2422
vn -0.3775 -0.7393 0.5577
vn 0.1524 -0.6859 0.7115
vn 0.9823 0.1498 -0.1127
vn 0.6010 0.3824 0.7018
vn 0.8446 0.2778 0.4576
vn -0.7978 -0.3951 0.4554
vn -0.1851 -0.6912 0.6986
vn 0.0551 -0.8566 0.5130
vn 0.5180 -0.8434 0.1426
vn 0.4048 -0.6826 0.6084
vn -0.1182 0.1629 0.9795
vn -0.1043 -0.1622 0.9812
vn 0.8323 -0.0921 0.5466
vn -0.0785 -0.3830 0.9204
vn 0.7149 -0.6990 -0.0143
vn 0.6212 -0.7746 -0.1187
vn -0.9004 0.1717 0.3997
vn -1.0000 -0.0000 -0.0003
vn -0.4800 -0.5507 0.6829
vn 0.3745 -0.6760 0.6347
vn 0.3522 -0.3691 0.8601
vn -0.3551 -0.8140 0.4597
vn -0.9744 -0.2242 0.0141
vn -0.9072 0.1266 -0.4011
vn -0.0835 -0.7703 0.6322
vn 0.3574 -0.8818 0.3077
vn -0.7957 0.4405 0.4158
vn 0.8360 -0.0294 -0.5480
vn -0.5046 -0.0476 0.8621
vn 0.1315 -0.9013 0.4128
vn 0.9217 -0.2454 -0.3005
vn -0.1149 0.6785 0.7255
vn -0.5669 -0.3539 0.7439
vn -0.6782 0.2867 -0.6766
vn 0.7863 0.6117 -0.0871
vn -0.7207 -0.3855 -0.5761
vn -0.2767 -0.9477 0.1589
vn 0.1378 -0.7275 -0.6721
vn 0.1252 -0.0417 0.9913
vn -0.1329 -0.5684 0.8119
vn -0.2005 -0.8055 0.5576
vn -0.8954 -0.2648 0.3579
vn 0.7680 -0.6359 0.0762
vn -0.8799 0.1000 -0.4645
vn 0.5249 0.6728 0.5213
vn -0.5531 0.5235 -0.6481
vn -0.4284 0.3435 -0.8357
vn -0.4702 -0.8812 -0.0486
vn 0.1840 -0.5777 0.7953
vn 0.0679 -0.6325 0.7715
vn 0.9448 0.3252 -0.0399
vn 0.6011 0.4716 -0.6452
vn -0.9335 -0.2472 -0.2597
vn -0.8928 -0.2918 -0.3431
vn -0.6372 -0.3146 -0.7036
vn 0.6949 0.2432 0.6767
vn -0.7363 -0.4747 0.4822
vn -0.8516 -0.3471 0.3928
vn -0.8691 0.1274 0.4779
vn 0.1358 0.1597 -0.9778
vn -0.1646 -0.4892 -0.8565
vn 0.8770 0.4804 -0.0000
vn 0.9733 0.1231 -0.1937
vn 0.8385 0.3560 0.4125
vn 0.9115 0.0978 0.3994
vn 0.6596 -0.1040 0.7444
vn 0.4679 0.5395 0.7000
vn 0.1343 -0.6548 0.7438
vn 0.1203 -0.3677 0.9221
vn 0.6766 -0.4043 0.6154
vn 0.0772 -0.7495 0.6575
vn -0.0603 -0.6196 0.7826
vn 0.1443 -0.9242 0.3537
vn 0.0931 -0.8784 0.4687
vn 0.7093 -0.5415 0.4514
vn -0.3841 0.7657 0.5159
vn -0.4791 0.4046 0.7789
vn -0.7533 -0.6503 -0.0983
vn 0.5153 -0.8342 -0.1967
vn 0.1621 -0.9583 0.2351
vn 0.8110 -0.5851 -0.0057
vn 0.5698 -0.8048 0.1661
vn -0.3186 -0.3888 0.8645
vn -0.0687 -0.4728 0.8785
vn 0.8595 -0.5043 0.0837
vn 0.9622 -0.2236 -0.1554
vn 0.5016 -0.6722 -0.5446
vn -0.6107 -0.7578 -0.2297
vn -0.5394 0.2127 -0.8148
vn 0.0261 -0.9992 -0.0312
vn -0.3877 -0.8517 0.3527
vn -0.3660 -0.4644 -0.8065
vn 0.0947 -0.7906 -0.6050
vn -0.0887 -0.1120 -0.9897
vn -0.4668 -0.6004 -0.6494
vn -0.7780 -0.1566 0.6085
vn -0.9266 -0.2108 -0.3114
vn -0.6295 -0.2756 0.7265
vn -0.8834 -0.4426 -0.1539
vn -0.0173 -0.9349 0.3544
vn -0.3690 -0.1232 -0.9212
vn -0.6616 -0.6861 -0.3026
vn 0.3072 -0.9383 -0.1590
vn -0.8891 0.0630 -0.4534
vn -0.9747 -0.2170 0.0529
vn -0.9713 -0.2345 0.0392
vn -0.7815 -0.1746 0.5989
vn -0.6383 -0.7586 -0.1306
vn -0.5814 -0.6893 0.4323
vn -0.6916 -0.5579 -0.4587
vn -0.4427 -0.6881 0.5750
vn -0.6928 -0.2940 -0.6584
vn -0.6541 -0.5920 0.4709
vn -0.2307 -0.6977 -0.6782
vn 0.1663 -0.4372 -0.8839
vn 0.0766 -0.3729 -0.9247
vn -0.1826 -0.9828 0.0267
vn -0.8973 -0.0202 0.4409
vn -0.4093 0.9038 0.1254
vn -0.5185 0.8548 0.0218
vn 0.5621 -0.5283 0.6363
vn -0.1986 0.0025 0.9801
vn -0.4839 -0.1602 -0.8603
vn 0.6357 0.7467 0.1957
vn -0.2803 0.0572 -0.9582
vn 0.9807 -0.0374 0.1917
vn -0.5250 -0.6152 0.5881
vn -0.4972 -0.7319 -0.4660
vn -0.2967 -0.7778 -0.5540
vn -0.5288 -0.8345 -0.1550
vn -0.2801 -0.9546 -0.1019
vn -0.0628 -0.9089 -0.4123
vn 0.6428 -0.7352 -0.2152
vn 0.5502 -0.7737 -0.3141
vn 0.6593 -0.7436 0.1115
vn 0.8647 -0.4938 0.0924
vn 0.8595 -0.4432 -0.2547
vn -0.3756 -0.9031 0.2084
vn -0.7425 -0.6606 0.1105
vn -0.4745 -0.8620 -0.1786
vn -0.0395 -0.4242 0.9047
vn -0.6513 0.7031 -0.2853
vn 0.4024 -0.5738 0.7133
vn -0.2548 0.2297 0.9393
vn 0.3472 -0.8404 0.4161
vn 0.2966 -0.5830 -0.7564
vn 0.3132 -0.7574 -0.5730
vn 0.2303 0.9662 0.1162
vn 0.7912 0.5552 0.2564
vn -0.3324 0.9139 -0.2331
vn -0.6549 0.7492 0.0992
vn -0.0414 -0.7208 0.6919
vn -0.3900 -0.6754 0.6259
vn 0.4104 -0.8746 0.2583
vn -0.3548 -0.7992 0.4851
vn 0.3297 -0.9147 -0.2339
vn -0.1701 -0.6819 0.7114
vn 0.6418 -0.7468 -0.1744
vn -0.8499 -0.2766 0.4484
vn -0.5280 0.2148 0.8216
vn -0.9758 0.1355 0.1716
vn -0.3893 0.8476 0.3607
vn -0.8489 -0.2147 0.4829
vn -0.8804 0.4707 0.0577
vn 0.7342 0.0847 0.6736
vn 0.8084 -0.5271 -0.2620
vn 0.7205 0.2165 -0.6588
vn -0.1073 0.8794 -0.4637
vn 0.6759 -0.4559 0.5791
vn 0.1146 -0.8362 0.5364
vn -0.3601 0.1533 -0.9203
vn 0.5108 0.7281 -0.4571
vn 0.6593 0.6692 -0.3427
vn 0.7870 0.6110 0.0855
vn 0.3557 0.0346 -0.9340
vn -0.7795 0.6218 0.0757
vn -0.5348 0.7791 0.3270
vn -0.7415 0.3049 0.5977
vn -0.3393 0.6971 0.6316
vn -0.8751 0.3184 0.3644
vn -0.4236 0.7459 0.5141
vn -0.9145 -0.3558 0.1926
vn -0.9191 -0.3883 -0.0666
vn 0.3350 -0.5834 -0.7399
vn 0.2346 -0.6139 -0.7537
vn -0.9194 -0.3614 -0.1552
vn 0.3289 -0.6968 -0.6374
vn 0.3992 0.1832 -0.8984
vn 0.6496 -0.3853 0.6554
vn -0.7136 0.0645 0.6976
vn 0.5077 -0.1294 0.8517
vn -0.9783 0.1604 0.1311
vn 0.0677 -0.1272 0.9896
vn 0.4321 -0.8713 -0.2327
vn 0.6944 0.5681 0.4416
vn 0.9563 -0.0979 -0.2755
vn 0.6001 -0.4439 -0.6655
vn -0.8107 0.1128 -0.5745
vn -0.7665 0.6366 -0.0848
vn 0.9818 -0.1498 0.1167
vn -0.0010 0.2289 -0.9734
vn 0.8002 -0.5565 0.2234
vn -0.0660 -0.7960 0.6017
vn -0.6263 -0.1924 -0.7555
vn 0.7861 -0.3093 0.5352
vn 0.6528 0.0803 -0.7533
vn -0.7659 -0.3102 0.5631
vn -0.3912 0.1059 -0.9142
vn 0.2257 0.8492 -0.4773
vn -0.7255 0.3459 -0.5950
vn -0.8332 -0.5513 0.0429
vn -0.3983 -0.7638 0.5079
vn -0.8846 -0.4660 0.0190
vn -0.4025 -0.7949 0.4540
vn 0.1050 -0.7627 0.6382
vn 0.3707 -0.5858 0.7207
vn 0.9478 -0.1449 0.2842
vn 0.8492 -0.0143 0.5279
vn 0.0619 -0.4650 -0.8832
vn -0.6931 -0.2757 -0.6661
vn -0.9718 -0.1981 -0.1280
vn -0.5564 0.0204 -0.8307
vn -0.9745 0.0668 -0.2143
vn 0.8226 0.5412 -0.1743
vn 0.3432 0.9333 -0.1058
vn 0.5773 -0.5451 -0.6079
vn 0.7310 -0.2845 -0.6202
vn 0.6531 -0.0081 -0.7573
vn 0.2119 -0.0026 -0.9773
vn 0.9967 -0.0277 -0.0763
vn 0.9851 0.1536 -0.0780
vn 0.5741 0.3144 -0.7560
vn 0.9299 -0.3439 -0.1304
vn -0.4125 0.0154 -0.9108
vn -0.1457 0.8268 0.5432
vn 0.0699 -0.4427 0.8939
vn -0.9755 0.0953 0.1982
vn -0.2711 -0.3149 0.9096
vn -0.5051 0.1334 0.8527
vn -0.2249 0.1408 0.9641
vn 0.5370 0.1481 0.8305
vn -0.2547 0.2840 0.9244
vn 0.6642 0.2347 0.7098
vn 0.9098 0.0518 0.4117
vn -0.0776 0.9970 -0.0077
vn -0.0273 0.9984 -0.0497
vn -0.0424 0.9990 -0.0139
vn -0.0409 0.9992 0.0050
vn -0.0524 0.9984 -0.0234
vn -0.0450 0.9990 0.0077
vn -0.1037 0.9928 -0.0600
vn -0.0537 0.9985 0.0105
vn -0.8530 0.2622 -0.4514
vn -0.8648 0.4519 0.2188
vn -0.0655 -0.9969 -0.0444
vn -0.0828 -0.9963 0.0225
vn -0.1668 -0.9663 0.1960
vn -0.0150 -0.9999 0.0037
vn -0.0546 -0.9964 0.0656
vn 0.0017 -0.9591 0.2831
vn -0.0051 -1.0000 0.0062
vn 0.0011 -0.9999 0.0169
vn 0.1580 -0.9045 0.3961
vn 0.2409 -0.7041 0.6680
vn 0.0268 -0.9528 0.3023
vn 0.0072 -0.9998 0.0186
vn -0.0019 -1.0000 0.0004
vn -0.0005 -1.0000 -0.0002
vn -0.0883 -0.9942 -0.0617
vn -0.0547 -0.9979 0.0341
vn -0.0041 -1.0000 -0.0020
vn -0.0010 -1.0000 -0.0029
vn -0.0213 -0.9996 -0.0203
vn 0.0002 -1.0000 -0.0036
vn 0.0129 -0.9996 -0.0245
vn 0.0046 -0.9987 -0.0508
vn 0.0308 -0.9993 -0.0230
vn 0.0097 -0.9999 -0.0077
vn 0.0286 -0.9995 0.0116
vn 0.8687 0.4953 -0.0095
vn 0.4495 -0.7998 -0.3978
vn 0.6288 -0.7716 -0.0966
vn 0.4471 0.7874 -0.4243
vn 0.7152 0.6959 -0.0645
vn 0.0512 0.9976 -0.0466
vn 0.0649 0.9979 -0.0063
vn 0.0344 0.9989 -0.0328
vn 0.1849 0.9827 -0.0122
vn 0.0763 0.9971 -0.0061
vn 0.0490 0.9986 0.0178
vn 0.0240 0.9989 0.0404
vn 0.1293 0.9910 0.0342
vn 0.0385 0.9984 0.0425
vn 0.0477 0.9984 0.0302
vn 0.0604 0.9948 0.0822
vn 0.0101 0.9983 -0.0570
vn 0.0081 0.9979 -0.0635
vn -0.0355 0.9973 -0.0643
vn 0.0611 0.9110 -0.4080
vn -0.0823 0.9861 -0.1442
vn 0.0651 -0.4881 -0.8704
vn -0.4593 -0.0068 -0.8883
vn -0.0442 -0.9959 -0.0789
vn -0.0289 0.9982 0.0517
vn -0.0271 0.9984 0.0493
vn -0.0185 0.9986 0.0487
vn -0.0152 0.9975 0.0691
vn 0.0240 0.9989 0.0392
vn 0.0672 0.9881 0.1383
vn -0.1184 0.9927 -0.0215
vn 0.5124 0.8582 0.0305
vn 0.0010 -1.0000 -0.0002
vn 0.0947 0.9943 0.0489
vn -0.5140 0.2205 -0.8290
vn -0.0639 -0.9720 -0.2260
vn -0.0094 0.9961 0.0881
vn -0.1424 0.8388 0.5255
vn 0.0160 -0.9998 0.0119
vn 0.0002 -1.0000 0.0008
vn 0.0106 -0.9999 0.0081
vn -0.7669 -0.4485 0.4590
vn -0.7370 -0.3194 -0.5957
vn -0.5589 -0.2361 0.7949
vn 0.3199 0.9472 0.0238
vn -0.9639 0.2595 0.0601
vn 0.5338 -0.6204 0.5746
vn -0.3083 -0.9476 -0.0833
vn -0.3321 0.7481 0.5744
vn -0.7875 -0.6161 0.0151
vn -0.7934 -0.1070 -0.5992
vn 0.5615 -0.8030 0.1998
vn 0.3199 -0.7716 -0.5499
vn -0.5315 0.5515 -0.6430
vn -0.4443 0.6083 -0.6577
vn -0.6397 -0.7680 0.0315
vn -0.2044 -0.8161 -0.5405
vn -0.0259 -0.9674 0.2518
vn -0.4432 0.5866 0.6778
vn 0.2289 0.6421 0.7316
vn 0.4850 -0.3731 -0.7909
vn 0.0742 -0.7211 -0.6888
vn -0.2236 0.6565 0.7204
vn 0.0469 -0.9897 0.1355
vn 0.2879 -0.9491 0.1278
vn 0.4366 -0.0714 0.8968
vn 0.2738 0.1999 0.9408
vn 0.6088 -0.0299 0.7928
vn 0.6385 -0.1464 0.7555
vn 0.6265 0.1192 0.7703
vn -0.4986 -0.8594 0.1132
vn -0.2893 -0.7175 -0.6336
vn -0.5040 -0.8219 -0.2656
vn 0.5435 -0.5101 -0.6667
vn 0.6548 0.7005 -0.2836
vn 0.7322 0.6699 -0.1231
vn 0.7639 0.3212 -0.5597
vn 0.3732 0.6401 -0.6715
vn 0.8892 -0.4094 0.2045
vn 0.8794 -0.3422 -0.3310
vn -0.0257 -0.9913 0.1294
vn 0.8367 -0.2562 0.4841
vn 0.4468 -0.4363 0.7811
vn -0.1873 -0.5159 0.8359
vn 0.2880 -0.6142 0.7347
vn -0.3913 0.7862 0.4783
vn -0.5243 0.8315 0.1835
vn -0.0192 0.9870 0.1597
vn -0.5523 0.4204 -0.7199
vn 0.3426 -0.8436 0.4134
vn -0.1799 0.8489 -0.4971
vn -0.1621 0.8059 -0.5694
vn -0.0307 0.9976 -0.0614
vn 0.2680 -0.6433 0.7172
vn 0.3702 -0.6846 0.6278
vn 0.6335 0.4422 0.6349
vn 0.5698 -0.4375 0.6957
vn 0.4024 0.8510 0.3375
vn 0.0960 0.9918 0.0843
vn 0.0069 -0.9999 -0.0157
vn -0.8032 -0.2280 0.5503
vn 0.3009 -0.9116 0.2802
vn -0.5065 -0.0552 -0.8605
vn 0.9374 -0.1454 -0.3165
vn 0.8740 -0.1812 -0.4508
vn 0.2158 0.2730 0.9375
vn -0.1717 0.4071 0.8971
vn -0.1797 0.3889 0.9036
vn -0.6298 0.3131 0.7108
vn -0.2840 0.3031 0.9096
vn -0.0513 0.6222 0.7811
vn 0.6142 -0.2926 -0.7329
vn 0.7828 -0.2928 0.5490
vn -0.0518 0.5811 0.8122
vt 0.859303 0.863069
vt 0.859303 0.908476
vt 0.854205 0.877679
vt 0.858871 0.859582
vt 0.484975 0.441449
vt 0.488386 0.452409
vt 0.477721 0.464691
vt 0.477974 0.438448
vt 0.472548 0.389351
vt 0.476904 0.385180
vt 0.031744 0.530858
vt 0.009158 0.470739
vt 0.021407 0.486128
vt 0.072096 0.542063
vt 0.938666 0.411947
vt 0.945261 0.397032
vt 0.945261 0.413542
vt 0.944769 0.421432
vt 0.479793 0.480863
vt 0.478077 0.483732
vt 0.471944 0.462405
vt 0.488386 0.393454
vt 0.485994 0.419949
vt 0.478377 0.357212
vt 0.420915 0.326547
vt 0.421346 0.319487
vt 0.420108 0.310661
vt 0.428811 0.458820
vt 0.434822 0.428646
vt 0.460803 0.432541
vt 0.461314 0.461503
vt 0.453615 0.484344
vt 0.397671 0.500425
vt 0.385317 0.470437
vt 0.377126 0.455160
vt 0.401333 0.451841
vt 0.417781 0.426928
vt 0.052653 0.487363
vt 0.094905 0.504123
vt 0.083469 0.540199
vt 0.031920 0.494930
vt 0.047972 0.411839
vt 0.042048 0.442980
vt 0.021779 0.441651
vt 0.029619 0.400374
vt 0.078279 0.364824
vt 0.083087 0.402194
vt 0.096273 0.448104
vt 0.598227 0.309663
vt 0.620886 0.312210
vt 0.610178 0.342436
vt 0.589829 0.344456
vt 0.405120 0.382390
vt 0.424963 0.401378
vt 0.411246 0.409053
vt 0.399711 0.389258
vt 0.367815 0.392270
vt 0.362475 0.375861
vt 0.415943 0.343032
vt 0.457265 0.389491
vt 0.693871 0.309980
vt 0.716245 0.309629
vt 0.714953 0.342598
vt 0.697360 0.351779
vt 0.682460 0.345922
vt 0.673767 0.314094
vt 0.148383 0.460791
vt 0.155848 0.518278
vt 0.656236 0.271004
vt 0.633503 0.276419
vt 0.643138 0.244955
vt 0.652543 0.246605
vt 0.346224 0.406618
vt 0.333184 0.395308
vt 0.338591 0.438682
vt 0.323575 0.437764
vt 0.677184 0.249784
vt 0.690208 0.255428
vt 0.687754 0.280174
vt 0.320560 0.470298
vt 0.355027 0.464481
vt 0.349025 0.492963
vt 0.341843 0.517440
vt 0.295249 0.482721
vt 0.288145 0.427848
vt 0.135959 0.540245
vt 0.186602 0.529987
vt 0.143124 0.554871
vt 0.805287 0.304301
vt 0.815832 0.290642
vt 0.839574 0.292936
vt 0.846418 0.301199
vt 0.303446 0.372319
vt 0.581840 0.410767
vt 0.588659 0.443808
vt 0.574738 0.447867
vt 0.560746 0.438299
vt 0.602091 0.403407
vt 0.606603 0.451383
vt 0.555051 0.436369
vt 0.573056 0.403619
vt 0.233409 0.848615
vt 0.226447 0.814624
vt 0.234408 0.818909
vt 0.239768 0.849932
vt 0.575130 0.452953
vt 0.544777 0.461507
vt 0.540207 0.456217
vt 0.707865 0.423482
vt 0.722130 0.409390
vt 0.725742 0.443914
vt 0.719430 0.454237
vt 0.715444 0.471002
vt 0.703873 0.466349
vt 0.688381 0.466008
vt 0.692733 0.410810
vt 0.284249 0.674233
vt 0.310667 0.661586
vt 0.320962 0.675259
vt 0.299885 0.681907
vt 0.278961 0.665652
vt 0.306600 0.655333
vt 0.728492 0.467593
vt 0.725666 0.461528
vt 0.231521 0.694609
vt 0.228337 0.672460
vt 0.237260 0.672016
vt 0.252476 0.695460
vt 0.615847 0.447894
vt 0.628337 0.479723
vt 0.623636 0.485385
vt 0.969193 0.709774
vt 0.961014 0.720513
vt 0.970963 0.687801
vt 0.980766 0.693096
vt 0.624433 0.501068
vt 0.602058 0.475178
vt 0.606392 0.473205
vt 0.598805 0.463557
vt 0.044472 0.918226
vt 0.026964 0.931218
vt 0.015741 0.907330
vt 0.026305 0.905375
vt 0.336558 0.647485
vt 0.341755 0.683226
vt 0.332986 0.628829
vt 0.350670 0.638508
vt 0.353949 0.679077
vt 0.321204 0.624469
vt 0.001992 0.930555
vt 0.003498 0.910368
vt 0.716696 0.156663
vt 0.697025 0.203080
vt 0.682373 0.198240
vt 0.697803 0.146475
vt 0.804371 0.170002
vt 0.828823 0.173493
vt 0.824962 0.213803
vt 0.810950 0.214022
vt 0.993809 0.309629
vt 0.993809 0.335280
vt 0.983259 0.346978
vt 0.978884 0.317308
vt 0.356589 0.611062
vt 0.366789 0.619318
vt 0.313897 0.595724
vt 0.319185 0.597524
vt 0.911033 0.147469
vt 0.919652 0.190883
vt 0.915833 0.189556
vt 0.901524 0.150108
vt 0.934713 0.150374
vt 0.928342 0.193257
vt 0.320280 0.932084
vt 0.307828 0.924814
vt 0.316323 0.921312
vt 0.323882 0.922351
vt 0.310027 0.943229
vt 0.302367 0.937596
vt 0.511940 0.481561
vt 0.503849 0.479808
vt 0.511205 0.462464
vt 0.518332 0.469384
vt 0.508604 0.491550
vt 0.501047 0.493454
vt 0.681287 0.468132
vt 0.686051 0.491465
vt 0.676959 0.495483
vt 0.682273 0.131749
vt 0.696776 0.109540
vt 0.704472 0.120025
vt 0.674521 0.102200
vt 0.683044 0.096346
vt 0.387879 0.753692
vt 0.387538 0.741538
vt 0.391531 0.737436
vt 0.391531 0.745458
vt 0.196550 0.814644
vt 0.197569 0.818096
vt 0.173412 0.823822
vt 0.172527 0.818417
vt 0.768744 0.631823
vt 0.765371 0.651741
vt 0.756947 0.650740
vt 0.757452 0.628208
vt 0.777374 0.609627
vt 0.786561 0.609148
vt 0.781745 0.630422
vt 0.773264 0.650801
vt 0.247095 0.702001
vt 0.250599 0.703864
vt 0.242828 0.715876
vt 0.242828 0.699444
vt 0.749189 0.648471
vt 0.747450 0.629550
vt 0.745747 0.614971
vt 0.751511 0.610187
vt 0.739069 0.774151
vt 0.738233 0.790994
vt 0.735339 0.796122
vt 0.734015 0.780306
vt 0.373740 0.690314
vt 0.370334 0.697267
vt 0.371994 0.705421
vt 0.350078 0.697927
vt 0.627744 0.838293
vt 0.641135 0.849648
vt 0.636865 0.862602
vt 0.626888 0.859690
vt 0.292987 0.936515
vt 0.294540 0.919279
vt 0.292987 0.896488
vt 0.302327 0.897448
vt 0.974268 0.095662
vt 0.981216 0.094572
vt 0.983512 0.116979
vt 0.976238 0.117670
vt 0.689373 0.092423
vt 0.699166 0.105215
vt 0.019281 0.892560
vt 0.008433 0.889275
vt 0.966985 0.063129
vt 0.973852 0.073851
vt 0.979885 0.082849
vt 0.966985 0.089601
vt 0.307231 0.575074
vt 0.296653 0.584895
vt 0.273711 0.565492
vt 0.289402 0.561925
vt 0.972337 0.560865
vt 0.971143 0.534776
vt 0.988315 0.540623
vt 0.993750 0.562110
vt 0.983239 0.575290
vt 0.971143 0.576256
vt 0.014518 0.880463
vt 0.006428 0.877579
vt 0.069666 0.751778
vt 0.076471 0.751842
vt 0.091476 0.781214
vt 0.072180 0.773969
vt 0.060234 0.768509
vt 0.059703 0.747939
vt 0.175640 0.830944
vt 0.163959 0.838847
vt 0.158227 0.830225
vt 0.486832 0.812688
vt 0.475987 0.833371
vt 0.470576 0.827551
vt 0.480618 0.810048
vt 0.090738 0.750966
vt 0.107890 0.780657
vt 0.775789 0.589601
vt 0.782285 0.589332
vt 0.793227 0.591532
vt 0.799038 0.612879
vt 0.766207 0.347236
vt 0.754790 0.330772
vt 0.781146 0.309629
vt 0.793454 0.317497
vt 0.810197 0.319875
vt 0.771094 0.346304
vt 0.755318 0.370242
vt 0.737798 0.336560
vt 0.980397 0.726670
vt 0.980397 0.751283
vt 0.963340 0.753905
vt 0.965303 0.727776
vt 0.669783 0.515804
vt 0.655088 0.527564
vt 0.649434 0.514271
vt 0.657222 0.504573
vt 0.157914 0.983043
vt 0.156238 0.993205
vt 0.135931 0.985248
vt 0.135931 0.970934
vt 0.018204 0.863982
vt 0.007560 0.862367
vt 0.077220 0.801306
vt 0.064246 0.801135
vt 0.098361 0.796240
vt 0.110021 0.808023
vt 0.087238 0.811172
vt 0.730875 0.818718
vt 0.729696 0.800469
vt 0.737891 0.812473
vt 0.500034 0.526261
vt 0.497060 0.525439
vt 0.497789 0.511382
vt 0.503360 0.508329
vt 0.739069 0.821176
vt 0.734446 0.823683
vt 0.104354 0.100316
vt 0.109091 0.103069
vt 0.108019 0.116717
vt 0.100380 0.114979
vt 0.091543 0.112972
vt 0.096321 0.103998
vt 0.100500 0.096997
vt 0.103827 0.096849
vt 0.101671 0.092432
vt 0.103805 0.093305
vt 0.091861 0.096103
vt 0.752330 0.569159
vt 0.755670 0.572495
vt 0.747244 0.576365
vt 0.745747 0.572903
vt 0.096449 0.089238
vt 0.110375 0.090143
vt 0.960250 0.961359
vt 0.965032 0.946280
vt 0.985188 0.948418
vt 0.968060 0.982848
vt 0.105212 0.965710
vt 0.105521 0.949525
vt 0.128310 0.967944
vt 0.115953 0.980030
vt 0.967771 0.155972
vt 0.967361 0.199787
vt 0.950481 0.200297
vt 0.960649 0.151892
vt 0.606424 0.899541
vt 0.618140 0.889943
vt 0.626573 0.899215
vt 0.625700 0.907174
vt 0.148731 0.169454
vt 0.161459 0.186549
vt 0.158606 0.194175
vt 0.147903 0.179980
vt 0.176968 0.877480
vt 0.173532 0.889980
vt 0.159575 0.890259
vt 0.158689 0.880628
vt 0.158225 0.858599
vt 0.170644 0.853854
vt 0.382429 0.698462
vt 0.392432 0.706714
vt 0.387234 0.707895
vt 0.382493 0.692591
vt 0.917372 0.218319
vt 0.918349 0.211760
vt 0.927489 0.216566
vt 0.928434 0.229742
vt 0.918580 0.224184
vt 0.924485 0.234798
vt 0.386776 0.687606
vt 0.378023 0.685329
vt 0.649776 0.530792
vt 0.153947 0.804892
vt 0.135931 0.801826
vt 0.146689 0.794273
vt 0.158276 0.798257
vt 0.855104 0.005610
vt 0.865921 0.001992
vt 0.868841 0.017432
vt 0.848644 0.023672
vt 0.129145 0.947275
vt 0.105212 0.936190
vt 0.148090 0.814644
vt 0.153230 0.822303
vt 0.142508 0.827584
vt 0.137229 0.817829
vt 0.787543 0.576715
vt 0.800463 0.567095
vt 0.775573 0.576391
vt 0.787298 0.568004
vt 0.753632 0.579947
vt 0.748578 0.581562
vt 0.762149 0.573976
vt 0.757128 0.578413
vt 0.111120 0.095808
vt 0.122726 0.093749
vt 0.120392 0.098202
vt 0.119093 0.106479
vt 0.112678 0.104798
vt 0.036768 0.235524
vt 0.038704 0.230415
vt 0.059667 0.213330
vt 0.063503 0.243265
vt 0.861149 0.650564
vt 0.861626 0.647988
vt 0.865246 0.641248
vt 0.867230 0.646240
vt 0.867230 0.653042
vt 0.864451 0.652207
vt 0.605443 0.241101
vt 0.605990 0.238327
vt 0.608706 0.243093
vt 0.608244 0.247026
vt 0.601046 0.250718
vt 0.600298 0.246365
vt 0.598047 0.243136
vt 0.601446 0.239837
vt 0.873268 0.043094
vt 0.855955 0.041214
vt 0.933840 0.241478
vt 0.929438 0.240423
vt 0.121798 0.077577
vt 0.098375 0.081250
vt 0.130539 0.087955
vt 0.093867 0.068026
vt 0.120820 0.049882
vt 0.722295 0.515154
vt 0.729666 0.516112
vt 0.729210 0.520258
vt 0.722295 0.526224
vt 0.639202 0.910431
vt 0.627283 0.881548
vt 0.636706 0.883553
vt 0.657630 0.050153
vt 0.674561 0.073639
vt 0.666302 0.078286
vt 0.649186 0.055419
vt 0.640963 0.921165
vt 0.091552 0.132146
vt 0.087189 0.132971
vt 0.425266 0.949425
vt 0.421569 0.935142
vt 0.434553 0.937721
vt 0.435867 0.946592
vt 0.237320 0.722025
vt 0.242887 0.725029
vt 0.241431 0.736813
vt 0.230096 0.730154
vt 0.471515 0.262091
vt 0.494021 0.284176
vt 0.493493 0.287867
vt 0.485094 0.281506
vt 0.491360 0.286224
vt 0.455289 0.259693
vt 0.767621 0.568708
vt 0.786072 0.557288
vt 0.135931 0.833432
vt 0.148020 0.835331
vt 0.143927 0.838932
vt 0.329675 0.961063
vt 0.328026 0.946736
vt 0.336341 0.941051
vt 0.336341 0.953882
vt 0.984750 0.695157
vt 0.989337 0.691339
vt 0.987920 0.677070
vt 0.998008 0.695161
vt 0.934682 0.424124
vt 0.917861 0.420097
vt 0.915862 0.397773
vt 0.934682 0.397032
vt 0.932225 0.278533
vt 0.932225 0.300030
vt 0.908947 0.295733
vt 0.901524 0.275640
vt 0.588475 0.965629
vt 0.548506 0.965629
vt 0.558246 0.947786
vt 0.585351 0.942911
vt 0.391719 0.725262
vt 0.387817 0.733452
vt 0.387538 0.720246
vt 0.391719 0.715632
vt 0.717624 0.902286
vt 0.723688 0.909402
vt 0.719217 0.923796
vt 0.705660 0.918978
vt 0.960250 0.939956
vt 0.982258 0.924888
vt 0.640028 0.942210
vt 0.642304 0.944587
vt 0.643632 0.948343
vt 0.638796 0.946922
vt 0.609123 0.251567
vt 0.601793 0.254415
vt 0.155372 0.058369
vt 0.170661 0.056981
vt 0.153904 0.783060
vt 0.165543 0.789050
vt 0.146004 0.769760
vt 0.154205 0.767880
vt 0.146504 0.782475
vt 0.124688 0.267273
vt 0.124958 0.265349
vt 0.133763 0.271427
vt 0.127382 0.275132
vt 0.730314 0.524731
vt 0.722946 0.528252
vt 0.882120 0.015598
vt 0.886747 0.049372
vt 0.576370 0.592968
vt 0.565393 0.580652
vt 0.567591 0.563369
vt 0.586661 0.578475
vt 0.673767 0.529998
vt 0.674933 0.516413
vt 0.684620 0.515154
vt 0.687798 0.529998
vt 0.567189 0.601231
vt 0.556566 0.592656
vt 0.541952 0.555933
vt 0.168567 0.810661
vt 0.176893 0.804855
vt 0.694547 0.927916
vt 0.690442 0.948392
vt 0.691462 0.947712
vt 0.695567 0.927236
vt 0.166633 0.766718
vt 0.175815 0.794941
vt 0.009267 0.221235
vt 0.020821 0.220048
vt 0.025013 0.233214
vt 0.016141 0.242624
vt 0.571020 0.098097
vt 0.601229 0.098136
vt 0.598060 0.120752
vt 0.574357 0.118142
vt 0.536351 0.072633
vt 0.595554 0.081169
vt 0.530702 0.095458
vt 0.075041 0.076166
vt 0.074452 0.083901
vt 0.053353 0.089059
vt 0.051823 0.086313
vt 0.049383 0.082071
vt 0.068529 0.066448
vt 0.082978 0.045436
vt 0.030973 0.259806
vt 0.018892 0.267350
vt 0.007607 0.259321
vt 0.703227 0.528566
vt 0.691782 0.528566
vt 0.692206 0.517802
vt 0.694979 0.515154
vt 0.734810 0.916920
vt 0.723709 0.905302
vt 0.736835 0.908186
vt 0.724895 0.930871
vt 0.738444 0.194485
vt 0.742739 0.176026
vt 0.758560 0.185077
vt 0.743729 0.202749
vt 0.795110 0.822449
vt 0.795110 0.786169
vt 0.800801 0.798088
vt 0.805491 0.808977
vt 0.967692 0.760137
vt 0.980851 0.766523
vt 0.961993 0.773289
vt 0.951998 0.761461
vt 0.694547 0.953883
vt 0.694095 0.961273
vt 0.984750 0.668405
vt 0.988230 0.670363
vt 0.804447 0.565675
vt 0.817506 0.566838
vt 0.817489 0.568343
vt 0.810593 0.572704
vt 0.691064 0.959710
vt 0.503889 0.291723
vt 0.499452 0.271263
vt 0.510482 0.279932
vt 0.685957 0.965257
vt 0.694878 0.970608
vt 0.694377 0.985052
vt 0.685957 0.985540
vt 0.935534 0.309629
vt 0.926791 0.324561
vt 0.915863 0.324495
vt 0.918416 0.311509
vt 0.364866 0.909236
vt 0.344183 0.906220
vt 0.343403 0.889016
vt 0.357136 0.895403
vt 0.382299 0.884519
vt 0.390216 0.904549
vt 0.701999 0.897477
vt 0.699837 0.874143
vt 0.717724 0.854599
vt 0.728590 0.877775
vt 0.519293 0.122134
vt 0.509946 0.110378
vt 0.554845 0.148248
vt 0.518860 0.143696
vt 0.114293 0.275964
vt 0.116784 0.269500
vt 0.644999 0.957928
vt 0.637462 0.950639
vt 0.133528 0.282185
vt 0.116805 0.287036
vt 0.153211 0.210134
vt 0.138536 0.187961
vt 0.175742 0.206293
vt 0.174464 0.215208
vt 0.131758 0.214621
vt 0.116717 0.202101
vt 0.151740 0.223641
vt 0.132445 0.223693
vt 0.087174 0.116119
vt 0.075238 0.139305
vt 0.058157 0.132822
vt 0.075512 0.108883
vt 0.404042 0.950315
vt 0.397014 0.937378
vt 0.751841 0.888345
vt 0.773714 0.889711
vt 0.767930 0.901450
vt 0.743263 0.907805
vt 0.536457 0.593226
vt 0.519235 0.557186
vt 0.567030 0.643983
vt 0.545081 0.641759
vt 0.050359 0.251689
vt 0.055521 0.254231
vt 0.048946 0.269363
vt 0.435656 0.545849
vt 0.445373 0.549816
vt 0.423840 0.562798
vt 0.420292 0.556656
vt 0.855564 0.124764
vt 0.862912 0.108169
vt 0.865355 0.109999
vt 0.866345 0.134611
vt 0.855221 0.136812
vt 0.861451 0.142363
vt 0.121935 0.164590
vt 0.121538 0.154550
vt 0.133184 0.158987
vt 0.131952 0.168360
vt 0.106057 0.174445
vt 0.108379 0.153851
vt 0.123141 0.177783
vt 0.434642 0.874796
vt 0.423772 0.861638
vt 0.438884 0.853689
vt 0.446025 0.875499
vt 0.989128 0.642173
vt 0.990671 0.652299
vt 0.978878 0.651331
vt 0.975061 0.632318
vt 0.298808 0.078011
vt 0.313584 0.067171
vt 0.315563 0.073923
vt 0.300223 0.080582
vt 0.428012 0.908651
vt 0.432488 0.904594
vt 0.436227 0.907531
vt 0.432086 0.920340
vt 0.419459 0.899753
vt 0.429027 0.899438
vt 0.417937 0.917536
vt 0.574332 0.911945
vt 0.558133 0.919060
vt 0.548506 0.899634
vt 0.571788 0.890757
vt 0.594668 0.880870
vt 0.594668 0.907485
vt 0.981575 0.915329
vt 0.969423 0.916544
vt 0.961825 0.900650
vt 0.982284 0.902746
vt 0.906968 0.262659
vt 0.904089 0.251858
vt 0.921841 0.254004
vt 0.923889 0.263086
vt 0.842636 0.140327
vt 0.842636 0.125128
vt 0.186741 0.773777
vt 0.187149 0.791237
vt 0.375330 0.923249
vt 0.366546 0.933607
vt 0.348268 0.913220
vt 0.380945 0.913220
vt 0.136445 0.275663
vt 0.136419 0.289947
vt 0.118837 0.295100
vt 0.890731 0.020276
vt 0.900988 0.016808
vt 0.904784 0.032454
vt 0.895358 0.040200
vt 0.775909 0.196284
vt 0.785267 0.208644
vt 0.106845 0.035670
vt 0.158036 0.037706
vt 0.116011 0.017350
vt 0.129174 0.027953
vt 0.151909 0.024829
vt 0.383554 0.729284
vt 0.375989 0.751170
vt 0.363759 0.741760
vt 0.369960 0.726403
vt 0.146996 0.749098
vt 0.155089 0.744834
vt 0.894980 0.602560
vt 0.883156 0.614534
vt 0.884671 0.589506
vt 0.901709 0.597360
vt 0.001992 0.978189
vt 0.009134 0.955028
vt 0.027839 0.954207
vt 0.024180 0.976839
vt 0.860185 0.062390
vt 0.876372 0.056535
vt 0.877323 0.076070
vt 0.864955 0.079796
vt 0.842636 0.074128
vt 0.842636 0.031496
vt 0.142595 0.263545
vt 0.146958 0.270550
vt 0.151312 0.278578
vt 0.127192 0.261255
vt 0.588438 0.260515
vt 0.602247 0.258584
vt 0.596243 0.275438
vt 0.584970 0.275308
vt 0.106689 0.205500
vt 0.112881 0.190881
vt 0.106578 0.193363
vt 0.777350 0.928548
vt 0.777067 0.899878
vt 0.784458 0.893810
vt 0.788523 0.917921
vt 0.762681 0.931125
vt 0.930931 0.340984
vt 0.918980 0.343463
vt 0.350468 0.798890
vt 0.362958 0.797150
vt 0.366125 0.810753
vt 0.356453 0.818777
vt 0.085018 0.202442
vt 0.074776 0.244143
vt 0.839111 0.937229
vt 0.854807 0.939233
vt 0.857797 0.952760
vt 0.837276 0.948059
vt 0.953204 0.221657
vt 0.967771 0.224064
vt 0.947185 0.227286
vt 0.938697 0.201296
vt 0.707211 0.515154
vt 0.718311 0.515154
vt 0.718052 0.527379
vt 0.707396 0.522904
vt 0.536572 0.935076
vt 0.542175 0.966237
vt 0.526740 0.982490
vt 0.526740 0.945805
vt 0.937133 0.489614
vt 0.950597 0.501202
vt 0.925497 0.485728
vt 0.931094 0.476435
vt 0.204920 0.169409
vt 0.206136 0.158428
vt 0.223273 0.175116
vt 0.215580 0.181742
vt 0.761347 0.278726
vt 0.761028 0.295083
vt 0.755554 0.295212
vt 0.748831 0.274619
vt 0.535025 0.534776
vt 0.513776 0.539441
vt 0.731138 0.091867
vt 0.754120 0.093339
vt 0.749257 0.106411
vt 0.725803 0.110889
vt 0.495569 0.774504
vt 0.506985 0.760679
vt 0.513301 0.783055
vt 0.500618 0.790050
vt 0.957362 0.276595
vt 0.963150 0.285203
vt 0.964787 0.302893
vt 0.950765 0.293928
vt 0.943579 0.287532
vt 0.949817 0.275090
vt 0.950724 0.262132
vt 0.957170 0.261997
vt 0.361476 0.770134
vt 0.370009 0.776217
vt 0.964787 0.261049
vt 0.949352 0.242960
vt 0.953615 0.231270
vt 0.944750 0.247611
vt 0.087464 0.185779
vt 0.085607 0.167705
vt 0.086694 0.152894
vt 0.103102 0.300997
vt 0.068298 0.284259
vt 0.069437 0.268522
vt 0.091920 0.278610
vt 0.382384 0.965933
vt 0.390646 0.983455
vt 0.377939 0.978821
vt 0.378718 0.967518
vt 0.780924 0.731848
vt 0.759327 0.707583
vt 0.774483 0.707008
vt 0.794903 0.722720
vt 0.780055 0.733669
vt 0.752334 0.702509
vt 0.040571 0.278269
vt 0.028557 0.287839
vt 0.005110 0.277180
vt 0.081367 0.944338
vt 0.074059 0.945706
vt 0.070732 0.935623
vt 0.080812 0.939036
vt 0.118888 0.869257
vt 0.115953 0.864623
vt 0.124293 0.886266
vt 0.119440 0.887341
vt 0.437184 0.845863
vt 0.421338 0.848782
vt 0.429537 0.822998
vt 0.445310 0.831728
vt 0.451656 0.846113
vt 0.985413 0.658913
vt 0.990072 0.661037
vt 0.814142 0.584362
vt 0.817442 0.577507
vt 0.814181 0.413781
vt 0.823926 0.406492
vt 0.823926 0.424678
vt 0.815287 0.424666
vt 0.537516 0.895418
vt 0.525672 0.898894
vt 0.524862 0.885820
vt 0.537516 0.882868
vt 0.373524 0.980529
vt 0.373524 0.961913
vt 0.975416 0.796650
vt 0.961383 0.798980
vt 0.754185 0.218089
vt 0.737918 0.229182
vt 0.720709 0.224373
vt 0.829604 0.570928
vt 0.830604 0.560725
vt 0.823645 0.588907
vt 0.812930 0.596207
vt 0.833132 0.573341
vt 0.834604 0.590865
vt 0.306101 0.085719
vt 0.313004 0.078996
vt 0.333980 0.075556
vt 0.329418 0.082674
vt 0.843099 0.553035
vt 0.847041 0.557312
vt 0.427382 0.892666
vt 0.421605 0.888840
vt 0.358608 0.765455
vt 0.356601 0.748538
vt 0.343771 0.717030
vt 0.354108 0.715633
vt 0.897591 0.658913
vt 0.898754 0.678836
vt 0.883970 0.680438
vt 0.880132 0.667116
vt 0.193612 0.760479
vt 0.196652 0.763108
vt 0.203873 0.788442
vt 0.198694 0.746393
vt 0.198954 0.755093
vt 0.188436 0.757862
vt 0.411139 0.563839
vt 0.428107 0.572956
vt 0.421093 0.576438
vt 0.055081 0.259907
vt 0.888058 0.410474
vt 0.901670 0.403918
vt 0.897860 0.420663
vt 0.901670 0.424647
vt 0.853181 0.099007
vt 0.601164 0.285463
vt 0.585182 0.291075
vt 0.582932 0.286547
vt 0.055477 0.886328
vt 0.049704 0.887641
vt 0.048456 0.876269
vt 0.055477 0.862366
vt 0.129145 0.849070
vt 0.122189 0.864200
vt 0.116449 0.854969
vt 0.052846 0.916123
vt 0.048456 0.912637
vt 0.055567 0.891625
vt 0.055567 0.915165
vt 0.188541 0.231184
vt 0.173724 0.240208
vt 0.195719 0.214902
vt 0.412261 0.892003
vt 0.414952 0.884735
vt 0.481382 0.255113
vt 0.487929 0.247664
vt 0.497271 0.251958
vt 0.505563 0.249632
vt 0.506254 0.268872
vt 0.644743 0.013880
vt 0.644650 0.006261
vt 0.655654 0.016907
vt 0.649504 0.026607
vt 0.633939 0.026636
vt 0.633503 0.009499
vt 0.220407 0.144759
vt 0.234205 0.150854
vt 0.223055 0.197611
vt 0.215818 0.197151
vt 0.247080 0.156414
vt 0.241797 0.176226
vt 0.240205 0.195787
vt 0.529781 0.136625
vt 0.531955 0.110288
vt 0.537902 0.110385
vt 0.540251 0.125741
vt 0.540218 0.143533
vt 0.531288 0.152894
vt 0.512034 0.134705
vt 0.523856 0.111713
vt 0.870500 0.579525
vt 0.876733 0.565586
vt 0.879131 0.567495
vt 0.772251 0.971523
vt 0.776894 0.982385
vt 0.767135 0.973523
vt 0.776894 0.955529
vt 0.080132 0.964449
vt 0.072922 0.964231
vt 0.487287 0.587453
vt 0.465787 0.585432
vt 0.456646 0.562258
vt 0.482707 0.559145
vt 0.178484 0.034882
vt 0.778242 0.752178
vt 0.789177 0.750752
vt 0.806476 0.782185
vt 0.788462 0.769400
vt 0.089802 0.910661
vt 0.079285 0.903689
vt 0.082949 0.879730
vt 0.091257 0.889106
vt 0.984416 0.613451
vt 0.990671 0.621085
vt 0.728518 0.127177
vt 0.746633 0.121989
vt 0.559336 0.929063
vt 0.574525 0.923044
vt 0.751411 0.137455
vt 0.730636 0.143485
vt 0.166434 0.758766
vt 0.173247 0.970461
vt 0.164759 0.993276
vt 0.161898 0.980228
vt 0.161898 0.959958
vt 0.189902 0.743827
vt 0.207585 0.730529
vt 0.535382 0.059240
vt 0.501530 0.070692
vt 0.483757 0.049599
vt 0.515629 0.047598
vt 0.449609 0.238327
vt 0.461582 0.246282
vt 0.048025 0.291273
vt 0.058484 0.298964
vt 0.880383 0.071040
vt 0.886196 0.099691
vt 0.869470 0.104185
vt 0.573461 0.297812
vt 0.572056 0.271588
vt 0.074210 0.170690
vt 0.531349 0.907587
vt 0.521450 0.915036
vt 0.511613 0.902386
vt 0.100298 0.963012
vt 0.100298 0.976498
vt 0.099829 0.984563
vt 0.091216 0.968950
vt 0.304564 0.055421
vt 0.317564 0.048506
vt 0.327175 0.063536
vt 0.335354 0.070069
vt 0.975453 0.210824
vt 0.980364 0.217821
vt 0.976824 0.226236
vt 0.971755 0.221950
vt 0.971755 0.191303
vt 0.979265 0.199045
vt 0.513626 0.120047
vt 0.495914 0.128362
vt 0.079108 0.019120
vt 0.775959 0.404740
vt 0.791139 0.400760
vt 0.795792 0.424725
vt 0.775831 0.418820
vt 0.036934 0.302331
vt 0.045585 0.319261
vt 0.037305 0.328989
vt 0.025189 0.308756
vt 0.008516 0.174244
vt 0.022377 0.182508
vt 0.026554 0.197395
vt 0.001992 0.191705
vt 0.024167 0.154297
vt 0.030544 0.164582
vt 0.289996 0.066864
vt 0.271399 0.051095
vt 0.287304 0.034520
vt 0.917619 0.908190
vt 0.921042 0.889624
vt 0.954265 0.901770
vt 0.954188 0.920904
vt 0.071499 0.922573
vt 0.071817 0.915116
vt 0.766651 0.068689
vt 0.773980 0.077349
vt 0.139725 0.735400
vt 0.153030 0.734943
vt 0.893543 0.937270
vt 0.880652 0.936937
vt 0.875292 0.925793
vt 0.894823 0.924464
vt 0.890867 0.955108
vt 0.880821 0.949350
vt 0.873517 0.952792
vt 0.866621 0.939648
vt 0.866220 0.934730
vt 0.476223 0.238537
vt 0.550646 0.046551
vt 0.534656 0.052249
vt 0.533379 0.043991
vt 0.548577 0.034258
vt 0.342692 0.749294
vt 0.350209 0.751065
vt 0.351440 0.765369
vt 0.340472 0.767396
vt 0.633478 0.935189
vt 0.633478 0.976935
vt 0.618843 0.975821
vt 0.621473 0.935633
vt 0.575853 0.010723
vt 0.584189 0.025912
vt 0.734023 0.652673
vt 0.741763 0.658901
vt 0.706520 0.652829
vt 0.718424 0.635848
vt 0.884279 0.118917
vt 0.884279 0.139480
vt 0.870329 0.126971
vt 0.870340 0.108169
vt 0.865107 0.366798
vt 0.864739 0.383544
vt 0.845761 0.386565
vt 0.852900 0.368018
vt 0.933214 0.458232
vt 0.944593 0.463425
vt 0.241181 0.204812
vt 0.228116 0.205755
vt 0.211423 0.209172
vt 0.209123 0.208373
vt 0.219532 0.213995
vt 0.533591 0.866331
vt 0.507538 0.885823
vt 0.505834 0.867024
vt 0.055719 0.821414
vt 0.052760 0.849334
vt 0.024670 0.849160
vt 0.036925 0.819376
vt 0.836830 0.865721
vt 0.850221 0.891939
vt 0.825341 0.901295
vt 0.810460 0.859582
vt 0.737525 0.644461
vt 0.720026 0.604315
vt 0.734080 0.607377
vt 0.396416 0.801062
vt 0.406948 0.770624
vt 0.402380 0.774363
vt 0.413755 0.800419
vt 0.801218 0.694031
vt 0.790786 0.681868
vt 0.796837 0.669299
vt 0.806476 0.685581
vt 0.257015 0.028565
vt 0.257422 0.012298
vt 0.384929 0.929344
vt 0.388313 0.913220
vt 0.392336 0.915089
vt 0.392336 0.937392
vt 0.956266 0.924888
vt 0.954105 0.934666
vt 0.937365 0.939870
vt 0.932074 0.926543
vt 0.586475 0.753265
vt 0.602441 0.768301
vt 0.588414 0.766696
vt 0.574706 0.756405
vt 0.142027 0.616430
vt 0.135931 0.589964
vt 0.150688 0.582732
vt 0.156936 0.608911
vt 0.006764 0.292511
vt 0.782436 0.979532
vt 0.788786 0.970451
vt 0.799626 0.967868
vt 0.787972 0.992020
vt 0.538000 0.781256
vt 0.528216 0.781688
vt 0.523768 0.761399
vt 0.534392 0.761378
vt 0.536675 0.754430
vt 0.544522 0.743373
vt 0.512985 0.755094
vt 0.523681 0.818923
vt 0.506419 0.808507
vt 0.498709 0.804262
vt 0.384357 0.862703
vt 0.374624 0.860252
vt 0.377788 0.838004
vt 0.390216 0.839113
vt 0.363038 0.874895
vt 0.845691 0.913800
vt 0.829734 0.933245
vt 0.950044 0.309628
vt 0.959895 0.330126
vt 0.964317 0.351990
vt 0.953467 0.352944
vt 0.176083 0.280911
vt 0.169589 0.264037
vt 0.181239 0.256241
vt 0.198331 0.277894
vt 0.167429 0.294930
vt 0.152086 0.287546
vt 0.216404 0.224749
vt 0.659459 0.008600
vt 0.644051 0.001992
vt 0.702110 0.638102
vt 0.700955 0.626285
vt 0.701429 0.602687
vt 0.959053 0.828716
vt 0.968741 0.824006
vt 0.968741 0.847708
vt 0.951998 0.846501
vt 0.239221 0.853916
vt 0.249038 0.869842
vt 0.232346 0.905037
vt 0.224923 0.900962
vt 0.248774 0.974445
vt 0.244058 0.953961
vt 0.252694 0.952230
vt 0.252221 0.978575
vt 0.827910 0.416959
vt 0.828733 0.406492
vt 0.835085 0.412468
vt 0.835085 0.424263
vt 0.895341 0.624304
vt 0.901709 0.637264
vt 0.891962 0.631761
vt 0.884074 0.422939
vt 0.869091 0.419269
vt 0.875618 0.408461
vt 0.884074 0.403918
vt 0.181905 0.726512
vt 0.201469 0.720348
vt 0.064052 0.321515
vt 0.462268 0.593774
vt 0.438780 0.602529
vt 0.436187 0.587823
vt 0.054253 0.787611
vt 0.042948 0.788066
vt 0.040672 0.768175
vt 0.051020 0.771206
vt 0.858164 0.982602
vt 0.839539 0.982602
vt 0.837175 0.964903
vt 0.858913 0.970428
vt 0.619144 0.649715
vt 0.599290 0.619270
vt 0.617618 0.606097
vt 0.636034 0.648950
vt 0.790186 0.797870
vt 0.789909 0.812487
vt 0.760686 0.804223
vt 0.761226 0.791908
vt 0.501952 0.565118
vt 0.492369 0.546197
vt 0.721326 0.045632
vt 0.720709 0.019161
vt 0.735033 0.017214
vt 0.742132 0.048973
vt 0.989247 0.207325
vt 0.988219 0.226622
vt 0.383554 0.819945
vt 0.376400 0.831701
vt 0.397600 0.101388
vt 0.413027 0.092041
vt 0.413681 0.104009
vt 0.400631 0.119733
vt 0.927728 0.364750
vt 0.922545 0.391209
vt 0.915863 0.382158
vt 0.919195 0.362487
vt 0.839022 0.382432
vt 0.841473 0.369746
vt 0.828608 0.387763
vt 0.837895 0.371341
vt 0.828942 0.395946
vt 0.152399 0.707133
vt 0.144816 0.697490
vt 0.163566 0.686820
vt 0.167671 0.701610
vt 0.149095 0.716364
vt 0.135931 0.707674
vt 0.168264 0.715382
vt 0.303143 0.020774
vt 0.923897 0.879051
vt 0.951440 0.881219
vt 0.492370 0.893434
vt 0.500722 0.907434
vt 0.704018 0.827414
vt 0.709437 0.798986
vt 0.723386 0.804625
vt 0.716129 0.832314
vt 0.881335 0.353446
vt 0.894936 0.348921
vt 0.889735 0.365113
vt 0.869091 0.353785
vt 0.882952 0.342393
vt 0.899077 0.334858
vt 0.804790 0.972582
vt 0.804852 0.992054
vt 0.046834 0.175436
vt 0.031670 0.193610
vt 0.282212 0.983868
vt 0.273265 0.975931
vt 0.275485 0.965439
vt 0.282212 0.968786
vt 0.929173 0.664306
vt 0.926279 0.681817
vt 0.918549 0.675206
vt 0.926097 0.658913
vt 0.972725 0.838529
vt 0.976131 0.824006
vt 0.984006 0.828313
vt 0.984006 0.847618
vt 0.919572 0.066464
vt 0.891703 0.059391
vt 0.613418 0.826916
vt 0.613603 0.808122
vt 0.623228 0.796436
vt 0.621410 0.834309
vt 0.727576 0.244332
vt 0.721156 0.253029
vt 0.560142 0.136809
vt 0.550010 0.152705
vt 0.548426 0.137516
vt 0.755160 0.015327
vt 0.756483 0.042612
vt 0.771743 0.062522
vt 0.877596 0.633420
vt 0.861149 0.616399
vt 0.979711 0.860488
vt 0.979914 0.875677
vt 0.968219 0.876838
vt 0.974606 0.861572
vt 0.971089 0.854708
vt 0.982284 0.855068
vt 0.425758 0.601873
vt 0.424949 0.586873
vt 0.973548 0.374880
vt 0.950044 0.380146
vt 0.955507 0.366525
vt 0.968261 0.365562
vt 0.850698 0.399683
vt 0.837034 0.400593
vt 0.177566 0.917933
vt 0.194496 0.894243
vt 0.193127 0.914279
vt 0.183569 0.943716
vt 0.856620 0.330300
vt 0.845338 0.339761
vt 0.454466 0.621158
vt 0.436118 0.621656
vt 0.467065 0.598349
vt 0.933237 0.837346
vt 0.915937 0.828684
vt 0.935481 0.806162
vt 0.942462 0.806973
vt 0.059703 0.924160
vt 0.065647 0.914595
vt 0.075459 0.881200
vt 0.069099 0.860841
vt 0.075231 0.863098
vt 0.082205 0.864715
vt 0.093734 0.869537
vt 0.096093 0.870435
vt 0.562963 0.271534
vt 0.553883 0.302529
vt 0.525769 0.290308
vt 0.542949 0.267349
vt 0.765872 0.124182
vt 0.765958 0.111754
vt 0.776125 0.111593
vt 0.775585 0.122442
vt 0.551766 0.861872
vt 0.560417 0.855028
vt 0.565818 0.871758
vt 0.550176 0.877447
vt 0.679598 0.969267
vt 0.668421 0.970621
vt 0.666519 0.951736
vt 0.681974 0.953014
vt 0.232523 0.930976
vt 0.236264 0.946839
vt 0.222845 0.952101
vt 0.226139 0.935082
vt 0.412810 0.821549
vt 0.409023 0.853885
vt 0.401786 0.861311
vt 0.396416 0.832829
vt 0.008876 0.789606
vt 0.024239 0.771550
vt 0.028571 0.787682
vt 0.019397 0.807475
vt 0.192325 0.981735
vt 0.182487 0.972399
vt 0.189234 0.969482
vt 0.191596 0.978705
vt 0.335877 0.062152
vt 0.330550 0.047214
vt 0.958249 0.872838
vt 0.517624 0.165678
vt 0.534284 0.175237
vt 0.939421 0.693853
vt 0.945248 0.670051
vt 0.928982 0.722686
vt 0.919915 0.700243
vt 0.704969 0.947771
vt 0.709070 0.950041
vt 0.708577 0.971425
vt 0.699837 0.973982
vt 0.707880 0.936996
vt 0.720452 0.939785
vt 0.724864 0.949724
vt 0.957030 0.706069
vt 0.942779 0.706788
vt 0.954554 0.693362
vt 0.815521 0.351194
vt 0.816954 0.338944
vt 0.829838 0.345290
vt 0.827644 0.354970
vt 0.962115 0.498543
vt 0.981533 0.493755
vt 0.981533 0.522511
vt 0.954580 0.529745
vt 0.223265 0.132726
vt 0.238390 0.132865
vt 0.568072 0.242500
vt 0.556139 0.238327
vt 0.645391 0.818763
vt 0.634352 0.833574
vt 0.631861 0.792121
vt 0.645391 0.779944
vt 0.784209 0.224483
vt 0.765764 0.239986
vt 0.223898 0.926992
vt 0.204124 0.923126
vt 0.106312 0.869963
vt 0.103556 0.887811
vt 0.839499 0.607157
vt 0.833950 0.617235
vt 0.823332 0.611127
vt 0.817169 0.601089
vt 0.840167 0.601894
vt 0.857165 0.615920
vt 0.852317 0.622674
vt 0.979153 0.402109
vt 0.987020 0.380511
vt 0.991292 0.417311
vt 0.979153 0.422641
vt 0.772201 0.039075
vt 0.787591 0.016068
vt 0.779105 0.043221
vt 0.762170 0.052603
vt 0.187544 0.667545
vt 0.166796 0.671265
vt 0.160720 0.642407
vt 0.185407 0.636768
vt 0.200220 0.685548
vt 0.158400 0.678674
vt 0.143989 0.681607
vt 0.151997 0.667033
vt 0.931721 0.962137
vt 0.919012 0.963902
vt 0.917619 0.941462
vt 0.920884 0.924888
vt 0.516077 0.029472
vt 0.527108 0.021564
vt 0.520921 0.042962
vt 0.503963 0.023261
vt 0.516000 0.009332
vt 0.146657 0.307114
vt 0.154179 0.317167
vt 0.131835 0.326079
vt 0.133236 0.310705
vt 0.185574 0.317891
vt 0.184011 0.305295
vt 0.197455 0.296223
vt 0.211241 0.307724
vt 0.068582 0.634569
vt 0.030908 0.656816
vt 0.022597 0.615459
vt 0.062054 0.618593
vt 0.083325 0.608350
vt 0.099241 0.607172
vt 0.096277 0.639530
vt 0.716324 0.581484
vt 0.728627 0.573803
vt 0.251900 0.214617
vt 0.252640 0.189023
vt 0.931128 0.086548
vt 0.931834 0.108581
vt 0.909581 0.105609
vt 0.912469 0.088404
vt 0.410797 0.993508
vt 0.396416 0.990018
vt 0.402276 0.972562
vt 0.418582 0.972647
vt 0.925952 0.654520
vt 0.905693 0.653446
vt 0.905693 0.630849
vt 0.921666 0.633993
vt 0.253032 0.164181
vt 0.971143 0.603400
vt 0.971143 0.580240
vt 0.984067 0.582942
vt 0.984008 0.603121
vt 0.524258 0.258728
vt 0.514466 0.279362
vt 0.606424 0.789530
vt 0.615869 0.775454
vt 0.747690 0.247586
vt 0.341554 0.992828
vt 0.340472 0.983553
vt 0.353439 0.978464
vt 0.348747 0.994759
vt 0.233284 0.572031
vt 0.234715 0.554583
vt 0.252900 0.552936
vt 0.252900 0.576384
vt 0.022424 0.935202
vt 0.001992 0.942357
vt 0.689630 0.284612
vt 0.699302 0.284158
vt 0.699302 0.301773
vt 0.682584 0.299740
vt 0.531991 0.161933
vt 0.814181 0.317699
vt 0.823902 0.314545
vt 0.831522 0.309629
vt 0.252316 0.142859
vt 0.361793 0.071859
vt 0.354163 0.081183
vt 0.377595 0.056519
vt 0.399675 0.064470
vt 0.384653 0.082109
vt 0.375561 0.089368
vt 0.240248 0.941300
vt 0.252694 0.930975
vt 0.859740 0.266576
vt 0.864265 0.266244
vt 0.877072 0.275077
vt 0.873813 0.293157
vt 0.850402 0.244080
vt 0.858793 0.254155
vt 0.850402 0.293880
vt 0.364552 0.990912
vt 0.357423 0.996110
vt 0.357423 0.961913
vt 0.369540 0.977796
vt 0.267454 0.870794
vt 0.280488 0.849132
vt 0.300711 0.858704
vt 0.282150 0.874971
vt 0.267952 0.889956
vt 0.257015 0.892504
vt 0.200965 0.250495
vt 0.201195 0.279605
vt 0.211824 0.293612
vt 0.441149 0.772409
vt 0.472326 0.803102
vt 0.461740 0.799906
vt 0.445356 0.794492
vt 0.432211 0.803934
vt 0.429569 0.782950
vt 0.266964 0.001992
vt 0.311089 0.005547
vt 0.342208 0.019047
vt 0.333521 0.030506
vt 0.395228 0.134966
vt 0.399298 0.127505
vt 0.412190 0.148945
vt 0.399163 0.146785
vt 0.367274 0.835684
vt 0.362138 0.855287
vt 0.443807 0.647161
vt 0.430234 0.646547
vt 0.304112 0.764630
vt 0.304426 0.789344
vt 0.283005 0.777605
vt 0.291123 0.750202
vt 0.917619 0.861622
vt 0.923514 0.854708
vt 0.317447 0.070670
vt 0.330884 0.121520
vt 0.314202 0.116903
vt 0.297527 0.077085
vt 0.479630 0.136087
vt 0.477275 0.121855
vt 0.486536 0.121235
vt 0.463578 0.121980
vt 0.469475 0.112870
vt 0.167358 0.588142
vt 0.172797 0.608554
vt 0.315843 0.798162
vt 0.321623 0.786646
vt 0.331405 0.810262
vt 0.309909 0.809105
vt 0.811703 0.487474
vt 0.807862 0.487119
vt 0.819478 0.486743
vt 0.817910 0.509676
vt 0.410327 0.773464
vt 0.408935 0.759335
vt 0.430112 0.806064
vt 0.396416 0.753787
vt 0.991256 0.231270
vt 0.989678 0.250957
vt 0.977817 0.255993
vt 0.975739 0.238981
vt 0.968771 0.247241
vt 0.968885 0.234487
vt 0.512427 0.163534
vt 0.523091 0.166657
vt 0.526113 0.179381
vt 0.517956 0.185208
vt 0.743263 0.800320
vt 0.751987 0.786169
vt 0.892992 0.388987
vt 0.879117 0.392417
vt 0.887021 0.377278
vt 0.898568 0.379822
vt 0.487523 0.079714
vt 0.474536 0.068535
vt 0.449609 0.048536
vt 0.463377 0.016661
vt 0.490247 0.022011
vt 0.451449 0.083066
vt 0.874230 0.252323
vt 0.873424 0.259557
vt 0.766866 0.457167
vt 0.760152 0.464373
vt 0.748935 0.447850
vt 0.753142 0.443373
vt 0.969091 0.469213
vt 0.954580 0.482610
vt 0.954580 0.448170
vt 0.967691 0.449462
vt 0.982651 0.452727
vt 0.982555 0.474085
vt 0.965474 0.489771
vt 0.651967 0.778736
vt 0.659905 0.790792
vt 0.659540 0.814401
vt 0.653465 0.807174
vt 0.975148 0.032268
vt 0.986891 0.032709
vt 0.980618 0.055709
vt 0.966986 0.059145
vt 0.966986 0.003419
vt 0.977243 0.001992
vt 0.576468 0.619662
vt 0.590178 0.640404
vt 0.581798 0.668665
vt 0.567195 0.704052
vt 0.541906 0.693143
vt 0.578367 0.694914
vt 0.413686 0.125495
vt 0.432730 0.102300
vt 0.445625 0.118846
vt 0.936351 0.393048
vt 0.946060 0.374697
vt 0.439415 0.138495
vt 0.420758 0.137971
vt 0.816447 0.930822
vt 0.810460 0.908710
vt 0.760506 0.477622
vt 0.776948 0.468452
vt 0.798624 0.860594
vt 0.795110 0.833657
vt 0.806235 0.826433
vt 0.806235 0.839044
vt 0.753402 0.499808
vt 0.752455 0.493907
vt 0.007527 0.655085
vt 0.001992 0.636950
vt 0.838996 0.474876
vt 0.831863 0.479851
vt 0.829737 0.454966
vt 0.840811 0.450273
vt 0.846483 0.488877
vt 0.831408 0.494960
vt 0.848650 0.469018
vt 0.538880 0.239705
vt 0.283858 0.092556
vt 0.306401 0.136291
vt 0.288529 0.124040
vt 0.277753 0.099030
vt 0.629255 0.773157
vt 0.017994 0.695424
vt 0.002250 0.687608
vt 0.066957 0.669273
vt 0.040946 0.672788
vt 0.033000 0.698880
vt 0.617102 0.753738
vt 0.634066 0.758465
vt 0.048120 0.687603
vt 0.058785 0.700324
vt 0.044572 0.726007
vt 0.129145 0.932206
vt 0.110296 0.920769
vt 0.117549 0.905021
vt 0.124379 0.907479
vt 0.257015 0.829323
vt 0.275589 0.816335
vt 0.294444 0.840797
vt 0.310506 0.849243
vt 0.828819 0.520611
vt 0.815738 0.513782
vt 0.698140 0.577537
vt 0.666508 0.608527
vt 0.653241 0.590056
vt 0.656558 0.770168
vt 0.650006 0.760357
vt 0.672603 0.761035
vt 0.676915 0.768192
vt 0.398013 0.643057
vt 0.407671 0.639203
vt 0.412964 0.650699
vt 0.401547 0.651150
vt 0.791116 0.882608
vt 0.781602 0.884362
vt 0.781889 0.876889
vt 0.791126 0.874528
vt 0.396416 0.638740
vt 0.404727 0.632047
vt 0.894171 0.466866
vt 0.910259 0.484910
vt 0.904880 0.482774
vt 0.877397 0.461442
vt 0.231074 0.280011
vt 0.215562 0.274387
vt 0.878693 0.438510
vt 0.898180 0.455823
vt 0.020173 0.858383
vt 0.002609 0.849413
vt 0.001992 0.835132
vt 0.701894 0.779357
vt 0.715336 0.774151
vt 0.675039 0.789571
vt 0.680708 0.775773
vt 0.654328 0.933347
vt 0.667941 0.927916
vt 0.650006 0.955310
vt 0.969075 0.613543
vt 0.971077 0.630194
vt 0.956500 0.633269
vt 0.955289 0.613451
vt 0.890731 0.127817
vt 0.890731 0.101571
vt 0.905732 0.134748
vt 0.672027 0.740796
vt 0.656320 0.723461
vt 0.681974 0.933457
vt 0.236264 0.966806
vt 0.221898 0.974433
vt 0.941176 0.614425
vt 0.940623 0.630786
vt 0.848689 0.524931
vt 0.201609 0.816505
vt 0.204949 0.816752
vt 0.204983 0.817749
vt 0.207585 0.828392
vt 0.813357 0.696289
vt 0.828496 0.664051
vt 0.832678 0.671521
vt 0.815394 0.697016
vt 0.815189 0.702168
vt 0.810460 0.710474
vt 0.776128 0.009285
vt 0.780121 0.004921
vt 0.747998 0.990710
vt 0.743263 0.984916
vt 0.763151 0.964790
vt 0.763151 0.993325
vt 0.769599 0.866284
vt 0.787814 0.859375
vt 0.470179 0.974412
vt 0.470085 0.956061
vt 0.487684 0.954443
vt 0.482794 0.972285
vt 0.487684 0.985848
vt 0.469095 0.988436
vt 0.837189 0.038131
vt 0.813272 0.050131
vt 0.811216 0.033515
vt 0.831770 0.025311
vt 0.275064 0.812351
vt 0.260038 0.783264
vt 0.257015 0.755585
vt 0.280540 0.752738
vt 0.996434 0.733827
vt 0.984750 0.726069
vt 0.987814 0.702590
vt 0.996434 0.699145
vt 0.144661 0.898908
vt 0.147430 0.894243
vt 0.158594 0.895953
vt 0.153007 0.909275
vt 0.969985 0.100077
vt 0.964525 0.111477
vt 0.958307 0.102076
vt 0.959775 0.097381
vt 0.135931 0.898921
vt 0.139930 0.908485
vt 0.866220 0.892328
vt 0.877522 0.872119
vt 0.890574 0.866685
vt 0.886826 0.886657
vt 0.483591 0.172818
vt 0.498905 0.192304
vt 0.482318 0.221446
vt 0.470998 0.168911
vt 0.898807 0.943228
vt 0.900056 0.933146
vt 0.913249 0.924464
vt 0.910600 0.943507
vt 0.764542 0.827807
vt 0.788576 0.835670
vt 0.422566 0.987714
vt 0.422566 0.958662
vt 0.440129 0.954299
vt 0.440268 0.976158
vt 0.743263 0.865351
vt 0.744610 0.830047
vt 0.205854 0.814832
vt 0.207585 0.814644
vt 0.873702 0.498419
vt 0.891542 0.507413
vt 0.880856 0.517384
vt 0.871543 0.506501
vt 0.870818 0.480685
vt 0.906896 0.491272
vt 0.911953 0.833360
vt 0.903072 0.840503
vt 0.880201 0.825957
vt 0.892430 0.813228
vt 0.825518 0.428709
vt 0.815710 0.432370
vt 0.924838 0.134587
vt 0.971077 0.646072
vt 0.957687 0.649901
vt 0.893286 0.854708
vt 0.913635 0.856425
vt 0.908879 0.864745
vt 0.656459 0.831804
vt 0.678854 0.828504
vt 0.674756 0.841986
vt 0.650006 0.841007
vt 0.469265 0.088620
vt 0.460352 0.096477
vt 0.367873 0.044174
vt 0.351445 0.037691
vt 0.358488 0.014531
vt 0.927442 0.572026
vt 0.918098 0.587676
vt 0.905693 0.582159
vt 0.913755 0.558184
vt 0.929625 0.545450
vt 0.936639 0.561083
vt 0.870845 0.732153
vt 0.868354 0.704865
vt 0.885903 0.704479
vt 0.887176 0.736438
vt 0.887093 0.756153
vt 0.868354 0.747804
vt 0.600963 0.815473
vt 0.592903 0.830533
vt 0.562345 0.805575
vt 0.576414 0.797499
vt 0.744302 0.973432
vt 0.756228 0.955529
vt 0.979533 0.304128
vt 0.968771 0.295923
vt 0.968771 0.277818
vt 0.981698 0.285573
vt 0.222774 0.308770
vt 0.239215 0.304734
vt 0.083547 0.592233
vt 0.097720 0.583662
vt 0.991256 0.267337
vt 0.986089 0.273834
vt 0.448012 0.924155
vt 0.457799 0.912658
vt 0.462156 0.922748
vt 0.450897 0.930186
vt 0.446313 0.934147
vt 0.444471 0.931276
vt 0.803878 0.481774
vt 0.767237 0.502466
vt 0.791575 0.122342
vt 0.802157 0.097954
vt 0.830371 0.119190
vt 0.816108 0.136889
vt 0.294053 0.724704
vt 0.295296 0.736721
vt 0.280377 0.735367
vt 0.267830 0.896488
vt 0.288784 0.902839
vt 0.289004 0.913110
vt 0.272284 0.911049
vt 0.309791 0.722810
vt 0.310092 0.727186
vt 0.257436 0.911766
vt 0.257015 0.901660
vt 0.259320 0.954541
vt 0.257015 0.934867
vt 0.273855 0.932712
vt 0.271109 0.961455
vt 0.533115 0.202961
vt 0.524071 0.205323
vt 0.522156 0.198592
vt 0.532324 0.196029
vt 0.457856 0.938474
vt 0.451978 0.942881
vt 0.531435 0.681079
vt 0.530531 0.644444
vt 0.531119 0.704013
vt 0.524640 0.689475
vt 0.663344 0.284158
vt 0.672488 0.284158
vt 0.677095 0.297078
vt 0.658091 0.295570
vt 0.602326 0.961637
vt 0.598739 0.973481
vt 0.592459 0.971649
vt 0.594372 0.959796
vt 0.283186 0.298439
vt 0.269129 0.261935
vt 0.292372 0.269331
vt 0.309137 0.305645
vt 0.753025 0.523352
vt 0.737798 0.530765
vt 0.902206 0.850724
vt 0.871524 0.837006
vt 0.473734 0.918346
vt 0.476208 0.924897
vt 0.466324 0.931346
vt 0.476618 0.918010
vt 0.479789 0.921658
vt 0.824575 0.713087
vt 0.837076 0.715688
vt 0.830623 0.728823
vt 0.823205 0.723959
vt 0.823546 0.717403
vt 0.824201 0.717907
vt 0.266573 0.979279
vt 0.269281 0.983262
vt 0.257748 0.977571
vt 0.269281 0.965439
vt 0.725977 0.665309
vt 0.714326 0.671003
vt 0.697205 0.674131
vt 0.695438 0.667405
vt 0.972449 0.433000
vt 0.961913 0.428709
vt 0.943648 0.554540
vt 0.940623 0.534776
vt 0.947075 0.535341
vt 0.957509 0.562176
vt 0.955027 0.119948
vt 0.947802 0.105625
vt 0.158993 0.936903
vt 0.164300 0.949599
vt 0.147732 0.955975
vt 0.135931 0.942081
vt 0.497342 0.694580
vt 0.497944 0.680389
vt 0.517906 0.675994
vt 0.492369 0.718131
vt 0.313009 0.853708
vt 0.311547 0.863975
vt 0.944363 0.645150
vt 0.204124 0.971442
vt 0.205266 0.952726
vt 0.807862 0.443817
vt 0.814966 0.464901
vt 0.861358 0.493676
vt 0.866835 0.481434
vt 0.735577 0.770168
vt 0.709042 0.767976
vt 0.706281 0.759986
vt 0.739279 0.756732
vt 0.866224 0.515614
vt 0.670883 0.662885
vt 0.697279 0.664138
vt 0.672565 0.672471
vt 0.944011 0.767056
vt 0.948014 0.778147
vt 0.942036 0.779873
vt 0.925997 0.760137
vt 0.420821 0.659589
vt 0.443383 0.659528
vt 0.457152 0.671372
vt 0.451691 0.678815
vt 0.866220 0.815081
vt 0.868232 0.801194
vt 0.880157 0.775221
vt 0.901030 0.794531
vt 0.167679 0.918784
vt 0.173582 0.907840
vt 0.149654 0.926655
vt 0.501790 0.201988
vt 0.507465 0.193997
vt 0.510858 0.202360
vt 0.504085 0.206158
vt 0.904552 0.982685
vt 0.901831 0.971001
vt 0.913249 0.965409
vt 0.912511 0.981658
vt 0.839069 0.406492
vt 0.847878 0.408087
vt 0.848309 0.415004
vt 0.839069 0.415930
vt 0.498195 0.214626
vt 0.500391 0.222736
vt 0.493038 0.234343
vt 0.602326 0.983787
vt 0.594993 0.981501
vt 0.905693 0.544243
vt 0.928343 0.534776
vt 0.902597 0.753212
vt 0.907082 0.736252
vt 0.483664 0.924869
vt 0.479992 0.928615
vt 0.488103 0.927010
vt 0.487330 0.932236
vt 0.264094 0.986708
vt 0.257015 0.984825
vt 0.130164 0.597032
vt 0.128863 0.636751
vt 0.114204 0.641445
vt 0.119111 0.603942
vt 0.804387 0.001992
vt 0.817907 0.003525
vt 0.119422 0.582732
vt 0.131947 0.591101
vt 0.953942 0.138218
vt 0.937763 0.120730
vt 0.966941 0.141193
vt 0.317198 0.219735
vt 0.327495 0.266147
vt 0.317434 0.274488
vt 0.300958 0.222582
vt 0.293935 0.185465
vt 0.302886 0.186922
vt 0.306619 0.187603
vt 0.326405 0.210736
vt 0.259416 0.729629
vt 0.572402 0.840125
vt 0.555173 0.819962
vt 0.602441 0.845355
vt 0.579016 0.851044
vt 0.886048 0.236118
vt 0.869470 0.240096
vt 0.869070 0.208234
vt 0.885456 0.206957
vt 0.472326 0.940801
vt 0.470320 0.938743
vt 0.960071 0.609467
vt 0.952593 0.587996
vt 0.967159 0.571125
vt 0.262060 0.223221
vt 0.277524 0.222525
vt 0.654107 0.287187
vt 0.654107 0.300430
vt 0.646521 0.305385
vt 0.647489 0.285120
vt 0.665502 0.304719
vt 0.678600 0.304775
vt 0.287316 0.929966
vt 0.911953 0.772769
vt 0.896724 0.760137
vt 0.891343 0.428709
vt 0.910259 0.442932
vt 0.690624 0.705709
vt 0.707716 0.690174
vt 0.721693 0.726842
vt 0.691992 0.730628
vt 0.913635 0.904373
vt 0.882372 0.920480
vt 0.912865 0.878084
vt 0.674825 0.685331
vt 0.331500 0.148547
vt 0.318016 0.166988
vt 0.305412 0.165406
vt 0.296936 0.162084
vt 0.814015 0.730085
vt 0.851151 0.739187
vt 0.841473 0.756153
vt 0.449609 0.220155
vt 0.453982 0.169716
vt 0.522756 0.935076
vt 0.518348 0.974297
vt 0.492370 0.980674
vt 0.492370 0.946731
vt 0.441550 0.694996
vt 0.479220 0.699872
vt 0.461965 0.715319
vt 0.463151 0.954443
vt 0.465111 0.978685
vt 0.444471 0.991840
vt 0.444471 0.962057
vt 0.282288 0.156618
vt 0.293403 0.161806
vt 0.278793 0.184738
vt 0.257015 0.178563
vt 0.258689 0.152110
vt 0.338656 0.167522
vt 0.351004 0.153683
vt 0.365914 0.163652
vt 0.340803 0.185634
vt 0.314502 0.190786
vt 0.959356 0.732092
vt 0.959356 0.755688
vt 0.939864 0.745538
vt 0.938794 0.726670
vt 0.348180 0.124052
vt 0.364058 0.122000
vt 0.339786 0.079314
vt 0.360353 0.088607
vt 0.336978 0.043378
vt 0.950044 0.384130
vt 0.967438 0.387823
vt 0.975170 0.422641
vt 0.950044 0.420893
vt 0.487287 0.692450
vt 0.969985 0.141074
vt 0.684408 0.558053
vt 0.722489 0.534776
vt 0.727148 0.557990
vt 0.650006 0.577308
vt 0.741763 0.542096
vt 0.735251 0.554669
vt 0.966274 0.535015
vt 0.850402 0.233653
vt 0.855251 0.205434
vt 0.850402 0.153869
vt 0.860946 0.147725
vt 0.879092 0.147469
vt 0.892576 0.157467
vt 0.897540 0.200707
vt 0.559691 0.001992
vt 0.539221 0.014640
vt 0.548506 0.774573
vt 0.564170 0.743373
vt 0.562352 0.778009
vt 0.575018 0.784860
vt 0.871076 0.676312
vt 0.516449 0.207904
vt 0.456986 0.950459
vt 0.464946 0.946426
vt 0.915937 0.767540
vt 0.939719 0.783947
vt 0.659985 0.854599
vt 0.675793 0.872930
vt 0.669361 0.901406
vt 0.650006 0.905626
vt 0.687920 0.888593
vt 0.685501 0.899255
vt 0.690864 0.911367
vt 0.675569 0.914426
vt 0.659351 0.923932
vt 0.695853 0.923932
vt 0.680369 0.922440
vt 0.492369 0.831682
vt 0.501052 0.825960
vt 0.511756 0.840216
vt 0.504393 0.844314
vt 0.544522 0.831153
vt 0.521837 0.859917
vt 0.512307 0.862347
vt 0.679836 0.866596
vt 0.694734 0.883019
vt 0.253032 0.292283
vt 0.241200 0.269797
vt 0.257015 0.811941
vt 0.791575 0.039620
vt 0.792161 0.059862
vt 0.109322 0.664468
vt 0.092885 0.670558
vt 0.818225 0.090086
vt 0.109904 0.714006
vt 0.078482 0.716110
vt 0.838639 0.082798
vt 0.451147 0.755156
vt 0.417889 0.744532
vt 0.424771 0.737190
vt 0.838652 0.111816
vt 0.408253 0.734799
vt 0.417408 0.719303
vt 0.940623 0.582955
vt 0.250871 0.510223
vt 0.252797 0.508888
vt 0.253395 0.508474
vt 0.251469 0.509809
vt 0.499994 0.180607
vt 0.482963 0.168312
vt 0.493206 0.158516
vt 0.474103 0.151899
vt 0.971755 0.187319
vt 0.974303 0.152600
vt 0.991826 0.147469
vt 0.991826 0.184097
vt 0.281775 0.134712
vt 0.266903 0.128314
vt 0.273278 0.715632
vt 0.209608 0.934265
vt 0.136155 0.924725
vt 0.957485 0.431634
vt 0.864370 0.722256
vt 0.483058 0.919420
vt 0.477863 0.918383
vt 0.527124 0.595858
vt 0.295199 0.881964
vt 0.836924 0.692701
vt 0.864370 0.686872
vt 0.851972 0.662884
vt 0.824049 0.702928
vt 0.908596 0.708293
vt 0.928800 0.615196
vt 0.919803 0.626865
vt 0.452778 0.131602
vt 0.699873 0.836306
vt 0.689133 0.850615
vt 0.679624 0.817731
vt 0.840769 0.655799
vt 0.825898 0.655148
vt 0.835958 0.633633
vt 0.851900 0.639316
vt 0.252797 0.499911
vt 0.252425 0.501323
vt 0.251835 0.503116
vt 0.250773 0.502946
vt 0.948837 0.530306
vt 0.933906 0.530306
vt 0.939335 0.505185
vt 0.948441 0.512070
vt 0.873650 0.373745
vt 0.871277 0.389139
vt 0.752222 0.001992
vt 0.731617 0.001992
vt 0.657654 0.974023
vt 0.901862 0.086486
vt 0.674708 0.622193
vt 0.890122 0.275228
vt 0.894687 0.292082
vt 0.087232 0.979985
vt 0.075494 0.977755
vt 0.716192 0.302049
vt 0.704759 0.304752
vt 0.703286 0.296773
vt 0.716192 0.284158
vt 0.127865 0.883069
vt 0.741571 0.447839
vt 0.737798 0.428709
vt 0.741309 0.431862
vt 0.752008 0.464557
vt 0.800387 0.238218
vt 0.782304 0.253029
vt 0.917341 0.082502
vt 0.890731 0.072457
vt 0.625906 0.743373
vt 0.643547 0.748950
vt 0.612475 0.727082
vt 0.616853 0.712466
vt 0.646022 0.729404
vt 0.633730 0.737135
vt 0.599443 0.739389
vt 0.588016 0.683136
vt 0.100643 0.337960
vt 0.100632 0.318039
vt 0.135100 0.339565
vt 0.163376 0.330392
vt 0.810460 0.937229
vt 0.826515 0.944863
vt 0.833191 0.980973
vt 0.810460 0.979384
vt 0.001992 0.738466
vt 0.396416 0.957717
vt 0.413410 0.954299
vt 0.745878 0.430926
vt 0.814645 0.402508
vt 0.814181 0.395333
vt 0.064044 0.963174
vt 0.064804 0.945996
vt 0.059703 0.972810
vt 0.215450 0.635185
vt 0.221680 0.654322
vt 0.382960 0.040728
vt 0.413576 0.052101
vt 0.422016 0.089001
vt 0.901061 0.366910
vt 0.071402 0.849070
vt 0.082898 0.849250
vt 0.085942 0.871509
vt 0.059703 0.851139
vt 0.467447 0.100694
vt 0.474924 0.105270
vt 0.480148 0.109275
vt 0.365811 0.095829
vt 0.348659 0.084919
vt 0.384949 0.099236
vt 0.379152 0.104656
vt 0.192325 0.963280
vt 0.177566 0.965501
vt 0.514390 0.922278
vt 0.532409 0.925241
vt 0.524566 0.931092
vt 0.513499 0.924158
vt 0.501596 0.918149
vt 0.857165 0.534776
vt 0.856412 0.542106
vt 0.957030 0.668085
vt 0.144571 0.647017
vt 0.116027 0.001992
vt 0.074980 0.005268
vt 0.624409 0.291723
vt 0.615997 0.302208
vt 0.601030 0.291848
vt 0.624409 0.267928
vt 0.727228 0.973982
vt 0.611730 0.255447
vt 0.103512 0.255112
vt 0.113183 0.264409
vt 0.094259 0.269762
vt 0.001992 0.811969
vt 0.022364 0.746903
vt 0.039453 0.742450
vt 0.754376 0.149183
vt 0.728364 0.170659
vt 0.734275 0.147469
vt 0.849788 0.836300
vt 0.837371 0.824498
vt 0.853029 0.805190
vt 0.862236 0.806734
vt 0.768751 0.159590
vt 0.899258 0.001992
vt 0.912349 0.005718
vt 0.412070 0.871488
vt 0.578429 0.866217
vt 0.562621 0.284213
vt 0.568072 0.304578
vt 0.911879 0.309629
vt 0.905007 0.322056
vt 0.895948 0.329734
vt 0.898217 0.320681
vt 0.970167 0.820022
vt 0.957270 0.818722
vt 0.906183 0.015946
vt 0.933779 0.057236
vt 0.912580 0.685272
vt 0.974900 0.347294
vt 0.972585 0.365637
vt 0.743263 0.951545
vt 0.068903 0.162932
vt 0.896545 0.329331
vt 0.833712 0.620331
vt 0.173634 0.020747
vt 0.583733 0.294800
vt 0.059703 0.928144
vt 0.349191 0.869873
vt 0.417213 0.628171
vt 0.168010 0.255990
vt 0.364965 0.957929
vt 0.347987 0.939947
vt 0.375960 0.951287
vt 0.794115 0.961061
vt 0.804852 0.959306
vt 0.772011 0.676625
vt 0.782178 0.662884
vt 0.743263 0.717903
vt 0.914243 0.462183
vt 0.929797 0.428709
vt 0.942770 0.430371
vt 0.950597 0.444703
vt 0.606425 0.968342
vt 0.612919 0.935777
vt 0.545592 0.122777
vt 0.549651 0.121183
vt 0.552357 0.134294
vt 0.542646 0.109684
vt 0.546118 0.108217
vt 0.535009 0.096370
vt 0.539865 0.096084
vt 0.542420 0.093875
vt 0.053587 0.096250
vt 0.053935 0.093052
vt 0.074120 0.089734
vt 0.072714 0.094575
vt 0.440487 0.906962
vt 0.440487 0.921345
vt 0.530350 0.095524
vt 0.086267 0.102455
vt 0.066903 0.099010
vt 0.526728 0.093575
vt 0.894823 0.974598
vt 0.880588 0.979035
vt 0.135931 0.742785
vt 0.075365 0.903060
vt 0.038296 0.125606
vt 0.054439 0.101459
vt 0.871834 0.534776
vt 0.890801 0.566647
vt 0.863070 0.548234
vt 0.026068 0.119579
vt 0.032624 0.096599
vt 0.396416 0.915995
vt 0.404562 0.894534
vt 0.340472 0.915692
vt 0.748495 0.380966
vt 0.803225 0.392531
vt 0.810197 0.416249
vt 0.371192 0.796253
vt 0.374710 0.779053
vt 0.037313 0.093637
vt 0.039514 0.098908
vt 0.376501 0.808479
vt 0.445540 0.810048
vt 0.462692 0.815906
vt 0.768294 0.257013
vt 0.743956 0.257013
vt 0.461575 0.840644
vt 0.729583 0.274082
vt 0.720709 0.259134
vt 0.462692 0.865689
vt 0.461316 0.880751
vt 0.086452 0.242676
vt 0.100737 0.213154
vt 0.699837 0.930645
vt 0.723194 0.933012
vt 0.634228 0.002465
vt 0.766034 0.303676
vt 0.759242 0.305140
vt 0.742324 0.304820
vt 0.738840 0.295827
vt 0.120574 0.829238
vt 0.115836 0.845086
vt 0.089579 0.828474
vt 0.092408 0.822354
vt 0.644711 0.056476
vt 0.660797 0.082568
vt 0.070043 0.824484
vt 0.059703 0.809325
vt 0.673767 0.511170
vt 0.692215 0.510823
vt 0.664904 0.039706
vt 0.668152 0.029824
vt 0.351926 0.961913
vt 0.340472 0.969209
vt 0.300822 0.084791
vt 0.821372 0.855598
vt 0.810460 0.845722
vt 0.820020 0.823162
vt 0.796712 0.535885
vt 0.789427 0.534776
vt 0.938697 0.292012
vt 0.938997 0.288148
vt 0.340472 0.884086
vt 0.729345 0.068301
vt 0.953820 0.147469
vt 0.072326 0.154439
vt 0.101152 0.133333
vt 0.113489 0.134169
vt 0.114476 0.118316
vt 0.119938 0.118029
vt 0.122472 0.134094
vt 0.124634 0.117979
vt 0.128983 0.135557
vt 0.124640 0.106758
vt 0.153507 0.844404
vt 0.914243 0.505186
vt 0.929922 0.505186
vt 0.928798 0.513943
vt 0.925616 0.530661
vt 0.934810 0.726670
vt 0.934810 0.755632
vt 0.912580 0.735750
vt 0.921478 0.728977
vt 0.641135 0.931205
vt 0.626660 0.911800
vt 0.106424 0.751922
vt 0.119932 0.784396
vt 0.204124 0.866551
vt 0.951998 0.799082
vt 0.266113 0.554225
vt 0.279430 0.552505
vt 0.262305 0.567049
vt 0.257015 0.558827
vt 0.480069 0.303608
vt 0.449609 0.279875
vt 0.211569 0.720348
vt 0.222591 0.765337
vt 0.211569 0.760273
vt 0.252476 0.585473
vt 0.240027 0.622989
vt 0.225664 0.622411
vt 0.232113 0.582732
vt 0.250495 0.631199
vt 0.239994 0.652191
vt 0.236089 0.646361
vt 0.230977 0.644840
vt 0.245071 0.677932
vt 0.222849 0.787003
vt 0.236344 0.768252
vt 0.228105 0.790718
vt 0.242542 0.770778
vt 0.231993 0.795779
vt 0.307284 0.591796
vt 0.314530 0.619018
vt 0.249038 0.736419
vt 0.629519 0.106940
vt 0.624656 0.125140
vt 0.291521 0.545849
vt 0.304439 0.552067
vt 0.620759 0.877822
vt 0.001992 0.891351
vt 0.932467 0.247874
vt 0.928853 0.247641
vt 0.483996 0.805183
vt 0.476679 0.805183
vt 0.476309 0.801677
vt 0.482761 0.802935
vt 0.477011 0.797352
vt 0.481875 0.798985
vt 0.983470 0.140936
vt 0.978428 0.141193
vt 0.977897 0.131349
vt 0.983273 0.131675
vt 0.987178 0.131034
vt 0.987178 0.139098
vt 0.386151 0.711649
vt 0.973969 0.137315
vt 0.974085 0.130044
vt 0.715185 0.089348
vt 0.716725 0.093806
vt 0.713102 0.103924
vt 0.708665 0.097473
vt 0.933940 0.220499
vt 0.934713 0.234244
vt 0.735397 0.850413
vt 0.727370 0.846385
vt 0.727370 0.827667
vt 0.738434 0.834365
vt 0.206825 0.838820
vt 0.206139 0.844915
vt 0.201609 0.845107
vt 0.201609 0.832375
vt 0.924232 0.246406
vt 0.923474 0.236879
vt 0.492369 0.525878
vt 0.497675 0.530757
vt 0.493007 0.530792
vt 0.753703 0.588865
vt 0.749881 0.592807
vt 0.494007 0.515285
vt 0.753699 0.605625
vt 0.746344 0.596484
vt 0.095645 0.959029
vt 0.091216 0.956644
vt 0.091216 0.928144
vt 0.096666 0.931523
vt 0.100427 0.933235
vt 0.100284 0.958646
vt 0.041533 0.987259
vt 0.031822 0.987300
vt 0.035742 0.935202
vt 0.042431 0.942284
vt 0.387462 0.625938
vt 0.727370 0.783186
vt 0.149321 0.959958
vt 0.157247 0.969747
vt 0.974527 0.663536
vt 0.961014 0.658913
vt 0.697256 0.493152
vt 0.476307 0.851210
vt 0.466676 0.851181
vt 0.258452 0.680986
vt 0.257015 0.671174
vt 0.486832 0.874481
vt 0.474577 0.873767
vt 0.795985 0.263579
vt 0.792884 0.286347
vt 0.788595 0.281424
vt 0.789814 0.257874
vt 0.781999 0.280510
vt 0.781294 0.257013
vt 0.730216 0.454827
vt 0.786995 0.297717
vt 0.777652 0.299231
vt 0.776739 0.282446
vt 0.772278 0.259275
vt 0.772278 0.305182
vt 0.536345 0.449572
vt 0.715320 0.120394
vt 0.669781 0.191079
vt 0.665550 0.183153
vt 0.673829 0.129927
vt 0.668660 0.236981
vt 0.297191 0.962226
vt 0.293051 0.958304
vt 0.353087 0.638239
vt 0.360278 0.678426
vt 0.833074 0.152686
vt 0.846418 0.147469
vt 0.842085 0.169383
vt 0.837672 0.210504
vt 0.839806 0.264227
vt 0.822777 0.264157
vt 0.807891 0.260406
vt 0.626159 0.345513
vt 0.614714 0.400382
vt 0.639946 0.320332
vt 0.220794 0.809751
vt 0.221247 0.837986
vt 0.731313 0.404849
vt 0.733794 0.439615
vt 0.731342 0.342503
vt 0.574327 0.341703
vt 0.733814 0.310261
vt 0.571506 0.309629
vt 0.352182 0.338580
vt 0.273864 0.424973
vt 0.294090 0.364283
vt 0.348067 0.324641
vt 0.418714 0.329137
vt 0.288356 0.359226
vt 0.345685 0.317829
vt 0.281809 0.354168
vt 0.342127 0.309629
vt 0.245566 0.345952
vt 0.243999 0.407449
vt 0.233868 0.406859
vt 0.233284 0.343549
vt 0.804853 0.951509
vt 0.792506 0.955322
vt 0.792506 0.895226
vt 0.804687 0.888345
vt 0.155164 0.343549
vt 0.212066 0.393251
vt 0.202013 0.399379
vt 0.150697 0.353778
vt 0.076674 0.349320
vt 0.074485 0.343549
vt 0.019792 0.385760
vt 0.013901 0.387067
vt 0.147862 0.361068
vt 0.078309 0.356348
vt 0.024639 0.391530
vt 0.012370 0.435671
vt 0.005020 0.429429
vt 0.002966 0.449389
vt 0.001992 0.422779
vt 0.141583 0.380502
vt 0.193516 0.403566
vt 0.165953 0.414678
vt 0.136509 0.437376
vt 0.119327 0.429124
vt 0.218174 0.465923
vt 0.200501 0.465405
vt 0.195290 0.532300
vt 0.229300 0.465225
vt 0.203674 0.536823
vt 0.143276 0.569860
vt 0.136017 0.555337
vt 0.055221 0.567425
vt 0.249607 0.445040
vt 0.249550 0.343549
vt 0.250453 0.383725
vt 0.249550 0.450831
vt 0.209566 0.541432
vt 0.144556 0.578748
vt 0.054380 0.567198
vt 0.485718 0.719303
vt 0.485718 0.793368
vt 0.476309 0.793039
vt 0.477799 0.726884
vt 0.337904 0.541865
vt 0.335665 0.532386
vt 0.412236 0.530205
vt 0.428654 0.534990
vt 0.281576 0.493572
vt 0.287676 0.488886
vt 0.339119 0.524001
vt 0.417678 0.509543
vt 0.405753 0.515101
vt 0.461602 0.493506
vt 0.472267 0.492966
vt 0.475407 0.489409
vt 0.475849 0.492473
vt 0.470316 0.482478
vt 0.266299 0.424568
vt 0.274877 0.501271
vt 0.257015 0.424596
vt 0.244564 0.482144
vt 0.239577 0.548952
vt 0.233814 0.542791
vt 0.233284 0.480813
vt 0.467221 0.388264
vt 0.471030 0.436259
vt 0.354637 0.455880
vt 0.133546 0.448499
vt 0.706215 0.495657
vt 0.855930 0.303552
vt 0.850402 0.304996
vt 0.850402 0.298429
vt 0.856094 0.297864
vt 0.807463 0.614503
vt 0.819731 0.615219
vt 0.598069 0.923044
vt 0.601269 0.933463
vt 0.592459 0.955812
vt 0.592459 0.926817
vt 0.511212 0.209569
vt 0.650006 0.821086
vt 0.080548 0.742450
vt 0.074254 0.747464
vt 0.044187 0.941391
vt 0.051434 0.987300
vt 0.391531 0.759150
vt 0.387934 0.770673
vt 0.387934 0.757676
vt 0.911879 0.391900
vt 0.880066 0.399934
vt 0.252997 0.470944
vt 0.252997 0.482426
vt 0.250773 0.477299
vt 0.816513 0.731962
vt 0.819294 0.724846
vt 0.250871 0.516882
vt 0.251633 0.518856
vt 0.250871 0.522707
vt 0.251633 0.527576
vt 0.250311 0.530660
vt 0.250311 0.526691
vt 0.252797 0.504904
vt 0.819100 0.797220
vt 0.810460 0.768750
vt 0.816684 0.771483
vt 0.831723 0.799386
vt 0.238844 0.699444
vt 0.238844 0.715584
vt 0.226505 0.711586
vt 0.225664 0.701209
vt 0.858745 0.786717
vt 0.825114 0.760137
vt 0.336341 0.921665
vt 0.327866 0.937067
vt 0.327866 0.896488
vt 0.592713 0.646207
vt 0.587989 0.632915
vt 0.596108 0.629140
vt 0.600290 0.641225
vt 0.586584 0.619262
vt 0.619176 0.665318
vt 0.330801 0.848026
vt 0.323996 0.816335
vt 0.330302 0.817092
vt 0.335313 0.830320
vt 0.316993 0.871199
vt 0.316993 0.823048
vt 0.217184 0.235658
vt 0.188826 0.956560
vt 0.199597 0.931209
vt 0.177566 0.959296
vt 0.336488 0.765505
vt 0.669318 0.704491
vt 0.251242 0.495927
vt 0.250773 0.489655
vt 0.251242 0.486410
vt 0.940426 0.421390
vt 0.471279 0.488238
vt 0.473053 0.480535
vt 0.003102 0.476537
vt 0.124558 0.742450
vt 0.129902 0.795870
vt 0.125756 0.834938
vt 0.124558 0.834030
vt 0.484384 0.447010
vt 0.963002 0.001992
vt 0.963002 0.093397
vt 0.937763 0.042274
vt 0.702693 0.494606
vt 0.252997 0.454815
vt 0.252997 0.466960
vt 0.249550 0.463087
vt 0.251184 0.459461
vt 0.861446 0.413030
vt 0.852293 0.415652
vt 0.852293 0.406492
vt 0.860524 0.406997
vt 0.640859 0.303274
vt 0.633503 0.284158
vt 0.795110 0.864578
vt 0.800796 0.864601
vt 0.805680 0.878164
vt 0.795110 0.883303
vt 0.444471 0.885209
vt 0.452906 0.884735
vt 0.475360 0.899752
vt 0.485710 0.904631
vt 0.469294 0.913307
vt 0.476590 0.909844
vt 0.381964 0.685249
vt 0.387342 0.687300
vt 0.644999 0.935189
vt 0.641314 0.938232
s 0
usemtl Material.008
f 1/1/1 5/2/1 360/3/1 361/4/1
f 1/5/2 362/6/2 363/7/2 364/8/2
f 1/5/3 364/8/3 365/9/3 5/10/3
f 2/11/4 366/12/4 367/13/4 368/14/4
f 3/15/5 363/16/5 369/17/5 370/18/5
f 3/19/6 4/20/6 371/21/6 363/7/6
f 372/22/7 360/23/7 5/10/7 373/24/7
f 5/10/8 365/9/8 374/25/8 375/26/8
f 5/10/9 375/26/9 376/27/9 373/24/9
f 6/28/10 377/29/10 378/30/10 379/31/10
f 6/28/11 380/32/11 381/33/11 382/34/11
f 6/28/12 382/34/12 383/35/12 8/36/12
f 6/28/13 8/36/13 384/37/13 377/29/13
f 385/38/14 386/39/14 387/40/14 388/41/14
f 7/42/15 389/43/15 390/44/15 391/45/15
f 7/42/16 391/45/16 392/46/16 393/47/16
f 7/42/17 393/47/17 394/48/17 389/43/17
f 8/49/18 383/50/18 395/51/18 396/52/18
f 9/53/19 397/54/19 398/55/19 10/56/19
f 9/53/20 10/56/20 399/57/20 400/58/20
f 9/53/21 401/59/21 402/60/21 397/54/21
f 10/61/22 398/62/22 403/63/22 404/64/22
f 10/61/23 404/64/23 405/65/23 399/66/23
f 13/67/24 406/68/24 386/39/24 394/48/24
f 17/69/25 399/70/25 405/71/25 407/72/25
f 17/73/26 408/74/26 400/58/26 399/57/26
f 17/73/27 409/75/27 20/76/27 408/74/27
f 17/69/28 410/77/28 411/78/28 409/79/28
f 18/80/29 20/76/29 412/81/29 413/82/29
f 18/80/30 413/82/30 414/83/30 415/84/30
f 18/80/31 415/84/31 416/85/31 20/76/31
f 19/86/32 406/68/32 417/87/32 418/88/32
f 19/86/33 387/40/33 386/39/33 406/68/33
f 20/89/34 409/90/34 419/91/34 412/92/34
f 20/76/35 416/85/35 420/93/35 408/74/35
f 21/94/36 421/95/36 22/96/36 422/97/36
f 21/94/37 423/98/37 25/99/37 421/95/37
f 21/94/38 422/97/38 424/100/38 425/101/38
f 22/102/39 426/103/39 427/104/39 428/105/39
f 22/96/40 428/106/40 429/107/40 430/108/40
f 23/109/41 431/110/41 432/111/41 433/112/41
f 23/109/42 433/112/42 26/113/42 434/114/42
f 23/109/43 434/114/43 435/115/43 436/116/43
f 24/117/44 437/118/44 28/119/44 26/120/44
f 24/117/45 429/121/45 428/122/45 437/118/45
f 24/123/46 26/113/46 433/112/46 438/124/46
f 25/125/47 439/126/47 440/127/47 421/128/47
f 25/99/48 441/129/48 442/130/48 443/131/48
f 30/132/49 31/133/49 445/134/49 439/135/49
f 443/131/50 444/136/50 31/137/50 30/138/50
f 25/99/51 443/131/51 30/138/51 439/139/51
f 26/140/52 28/141/52 446/142/52 447/143/52
f 27/144/53 32/145/53 28/119/53 31/146/53
f 27/144/54 448/147/54 449/148/54 32/145/54
f 28/119/55 437/118/55 450/149/55 31/146/55
f 28/141/56 32/150/56 451/151/56 446/142/56
f 29/152/57 452/153/57 453/154/57 454/155/57
f 29/156/58 455/157/58 456/158/58 452/159/58
f 29/160/59 33/161/59 457/162/59 455/163/59
f 31/146/60 444/164/60 458/165/60 27/144/60
f 31/146/61 450/149/61 459/166/61 445/167/61
f 33/168/62 462/169/62 463/170/62 464/171/62
f 33/168/63 29/172/63 465/173/63 462/169/63
f 34/174/64 37/175/64 466/176/64 467/177/64
f 34/174/65 468/178/65 469/179/65 37/175/65
f 34/180/66 470/181/66 471/182/66 468/183/66
f 34/180/67 467/184/67 472/185/67 470/181/67
f 35/186/68 435/115/68 473/187/68 474/188/68
f 35/189/69 39/190/69 475/191/69 454/155/69
f 35/189/70 474/192/70 476/193/70 39/190/70
f 36/194/71 38/195/71 466/196/71 37/197/71
f 36/198/72 37/199/72 477/200/72 478/201/72
f 36/202/73 479/203/73 480/204/73 38/205/73
f 36/202/74 478/206/74 45/207/74 481/208/74
f 36/202/75 481/208/75 482/209/75 479/203/75
f 460/210/76 447/211/76 40/212/76 461/213/76
f 38/205/77 480/204/77 471/214/77 470/215/77
f 38/205/78 470/215/78 472/216/78 483/217/78
f 38/218/79 483/219/79 484/220/79 466/221/79
f 32/145/80 449/148/80 485/222/80 486/223/80
f 32/145/81 486/223/81 487/224/81 488/225/81
f 32/226/82 488/227/82 489/228/82 451/229/82
f 37/175/83 469/179/83 490/230/83 491/231/83
f 37/175/84 491/231/84 43/232/84 477/233/84
f 39/234/85 488/235/85 487/236/85 492/237/85
f 39/190/86 476/193/86 489/238/86 488/239/86
f 40/240/87 447/143/87 446/142/87 494/241/87
f 40/242/88 42/243/88 48/244/88 495/245/88
f 41/246/89 445/167/89 459/166/89 496/247/89
f 41/246/90 496/247/90 497/248/90 498/249/90
f 41/250/91 498/251/91 51/252/91 499/253/91
f 41/250/92 499/253/92 500/254/92 501/255/92
f 42/256/93 40/240/93 494/241/93 502/257/93
f 43/258/94 44/259/94 62/260/94 503/261/94
f 43/258/95 503/261/95 504/262/95 505/263/95
f 43/264/96 505/265/96 506/266/96 477/200/96
f 43/267/97 491/268/97 481/269/97 44/270/97
f 44/259/98 507/271/98 508/272/98 62/260/98
f 45/207/99 478/206/99 509/273/99 58/274/99
f 45/207/100 58/274/100 510/275/100 507/276/100
f 46/277/101 511/278/101 442/279/101 457/280/101
f 46/277/102 457/280/102 33/281/102 512/282/102
f 46/277/103 513/283/103 47/284/103 511/278/103
f 47/285/104 513/286/104 514/287/104 515/288/104
f 47/289/105 516/290/105 517/291/105 511/292/105
f 47/293/106 515/294/106 518/295/106 73/296/106
f 48/297/107 42/256/107 502/257/107 53/298/107
f 48/299/108 53/300/108 504/262/108 503/261/108
f 48/299/109 503/261/109 62/260/109 519/301/109
f 48/299/110 519/301/110 520/302/110 495/303/110
f 49/304/111 521/305/111 484/220/111 522/306/111
f 49/307/112 523/308/112 524/309/112 521/310/112
f 49/304/113 522/306/113 525/311/113 526/312/113
f 49/313/114 526/314/114 527/315/114 528/316/114
f 49/313/115 528/316/115 69/317/115 529/318/115
f 49/313/116 529/318/116 530/319/116 523/320/116
f 50/321/117 531/322/117 530/319/117 532/323/117
f 534/324/118 59/325/118 531/326/118 50/327/118
f 50/321/119 532/323/119 533/328/119 534/329/119
f 51/330/120 535/331/120 536/332/120 499/333/120
f 52/334/121 458/335/121 60/336/121 537/337/121
f 52/338/122 538/339/122 539/340/122 540/341/122
f 53/342/123 502/343/123 541/344/123 542/345/123
f 53/346/124 542/347/124 543/348/124 544/349/124
f 53/350/125 544/351/125 545/352/125 546/353/125
f 53/350/126 546/353/126 547/354/126 504/355/126
f 54/356/127 63/357/127 548/358/127 486/223/127
f 54/356/128 486/223/128 485/222/128 56/359/128
f 56/360/129 549/361/129 550/362/129 551/363/129
f 54/364/130 56/360/130 551/363/130 63/365/130
f 55/366/131 56/359/131 485/222/131 552/367/131
f 57/368/132 444/136/132 443/131/132 517/291/132
f 57/369/133 517/370/133 516/371/133 553/372/133
f 57/373/134 553/374/134 83/375/134 60/376/134
f 57/377/135 60/336/135 458/335/135 444/378/135
f 58/379/136 509/380/136 554/381/136 555/382/136
f 58/274/137 64/383/137 84/384/137 510/275/137
f 58/274/138 555/385/138 71/386/138 64/383/138
f 59/325/139 525/387/139 556/388/139 531/326/139
f 59/325/140 557/389/140 526/390/140 525/387/140
f 59/391/141 534/329/141 558/392/141 72/393/141
f 59/391/142 72/393/142 559/394/142 557/395/142
f 60/396/143 79/397/143 560/398/143 120/399/143
f 61/400/144 561/401/144 548/402/144 63/403/144
f 61/400/145 63/403/145 562/404/145 66/405/145
f 61/406/146 66/407/146 68/408/146 75/409/146
f 61/406/147 75/409/147 80/410/147 563/411/147
f 61/406/148 563/411/148 564/412/148 561/413/148
f 60/376/149 83/375/149 565/414/149 537/415/149
f 63/365/150 551/363/150 566/416/150 562/417/150
f 65/418/151 534/329/151 533/328/151 570/419/151
f 65/418/152 77/420/152 558/392/152 534/329/152
f 65/418/153 570/419/153 571/421/153 110/422/153
f 66/423/154 564/424/154 563/425/154 76/426/154
f 67/427/155 541/344/155 572/428/155 573/429/155
f 67/430/156 573/431/156 574/432/156 575/433/156
f 67/427/157 576/434/157 542/345/157 541/344/157
f 69/317/158 528/316/158 577/435/158 578/436/158
f 69/437/159 579/438/159 580/439/159 529/440/159
f 70/441/160 581/442/160 582/443/160 583/444/160
f 584/445/161 585/446/161 581/447/161 70/448/161
f 70/448/162 583/449/162 156/450/162 584/445/162
f 71/386/163 555/385/163 77/451/163 586/452/163
f 72/453/164 554/381/164 587/454/164 559/455/164
f 72/456/165 77/457/165 555/458/165 554/459/165
f 72/460/166 558/461/166 91/462/166 77/463/166
f 73/464/167 518/465/167 588/466/167 124/467/167
f 73/468/168 589/469/168 105/470/168 590/471/168
f 73/472/169 124/473/169 591/474/169 589/475/169
f 74/476/170 535/477/170 592/478/170 593/479/170
f 74/480/171 593/481/171 594/482/171 595/483/171
f 74/484/172 93/485/172 536/332/172 535/331/172
f 75/486/173 76/487/173 596/488/173 597/489/173
f 75/409/174 597/490/174 598/491/174 80/410/174
f 77/420/175 65/418/175 152/492/175 599/493/175
f 78/494/176 85/495/176 553/372/176 516/371/176
f 601/496/177 602/497/177 85/495/177 78/494/177
f 78/494/178 516/371/178 600/498/178 601/496/178
f 80/499/179 598/500/179 603/501/179 604/502/179
f 80/503/180 596/504/180 76/426/180 563/425/180
f 81/505/181 605/506/181 565/414/181 83/375/181
f 81/507/182 82/508/182 518/509/182 515/510/182
f 81/511/183 83/512/183 88/513/183 606/514/183
f 81/507/184 606/515/184 98/516/184 82/508/184
f 82/508/185 98/516/185 588/517/185 518/509/185
f 83/518/186 553/372/186 85/495/186 88/519/186
f 77/520/187 96/521/187 91/522/187 558/523/187
f 85/495/188 602/497/188 112/524/188 107/525/188
f 85/526/189 107/527/189 607/528/189 88/529/189
f 86/530/190 608/531/190 536/532/190 93/533/190
f 610/534/191 611/535/191 608/531/191 86/530/191
f 86/530/192 93/533/192 609/536/192 610/534/192
f 87/537/193 612/538/193 613/539/193 614/540/193
f 87/537/194 571/421/194 570/419/194 612/538/194
f 87/537/195 614/540/195 615/541/195 616/542/195
f 87/537/196 616/542/196 111/543/196 571/421/196
f 88/529/197 617/544/197 618/545/197 606/546/197
f 89/547/198 619/548/198 581/549/198 585/550/198
f 89/551/199 593/481/199 592/552/199 619/553/199
f 89/551/200 100/554/200 594/482/200 593/481/200
f 90/555/201 620/556/201 109/557/201 136/558/201
f 102/559/202 622/560/202 620/561/202 90/562/202
f 90/563/203 136/564/203 621/565/203 102/566/203
f 77/520/204 623/567/204 103/568/204 96/521/204
f 77/463/205 91/462/205 624/569/205 623/570/205
f 91/571/206 625/572/206 626/573/206 624/574/206
f 91/522/207 96/521/207 103/568/207 625/575/207
f 89/576/208 585/446/208 627/577/208 628/578/208
f 89/579/209 628/580/209 127/581/209 119/582/209
f 89/583/210 119/584/210 126/585/210 100/586/210
f 92/587/211 595/588/211 150/589/211 629/590/211
f 92/587/212 629/590/212 630/591/212 176/592/212
f 92/593/213 176/594/213 631/595/213 93/596/213
f 93/533/214 632/597/214 633/598/214 609/536/214
f 93/533/215 631/599/215 634/600/215 632/597/215
f 94/601/216 596/602/216 80/499/216 604/502/216
f 94/603/217 635/604/217 597/489/217 596/488/217
f 94/601/218 604/502/218 108/605/218 636/606/218
f 95/607/219 637/608/219 544/349/219 543/348/219
f 95/607/220 543/348/220 638/609/220 144/610/220
f 95/607/221 116/611/221 639/612/221 637/608/221
f 95/607/222 640/613/222 641/614/222 116/611/222
f 97/615/223 642/616/223 643/617/223 644/618/223
f 97/619/224 644/620/224 579/438/224 69/437/224
f 97/621/225 69/622/225 578/623/225 642/624/225
f 98/516/226 645/625/226 646/626/226 588/517/226
f 98/516/227 269/627/227 647/628/227 645/625/227
f 99/629/228 648/630/228 141/631/228 617/544/228
f 120/632/229 649/633/229 648/634/229 99/635/229
f 99/629/230 617/544/230 60/396/230 120/399/230
f 628/636/231 627/637/231 650/638/231 651/639/231
f 100/640/232 628/636/232 651/639/232 594/641/232
f 101/642/233 652/643/233 546/644/233 545/645/233
f 101/642/234 129/646/234 653/647/234 652/643/234
f 101/642/235 545/645/235 654/648/235 129/646/235
f 102/649/236 655/650/236 656/651/236 508/652/236
f 103/653/237 623/654/237 657/655/237 153/656/237
f 103/657/238 159/658/238 658/659/238 625/660/238
f 104/661/239 659/662/239 660/663/239 661/664/239
f 663/665/240 664/666/240 659/662/240 104/661/240
f 104/661/241 661/664/241 662/667/241 663/665/241
f 105/668/242 589/669/242 665/670/242 666/671/242
f 105/668/243 666/671/243 667/672/243 590/673/243
f 106/674/244 590/675/244 667/676/244 668/677/244
f 106/678/245 668/679/245 601/680/245 600/681/245
f 100/640/246 126/682/246 127/683/246 628/636/246
f 107/525/247 112/524/247 669/684/247 125/685/247
f 107/686/248 125/687/248 670/688/248 79/689/248
f 108/605/249 604/502/249 603/501/249 114/690/249
f 108/605/250 671/691/250 130/692/250 636/606/250
f 109/693/251 672/694/251 673/695/251 674/696/251
f 109/557/252 674/697/252 675/698/252 136/558/252
f 110/422/253 571/421/253 111/543/253 161/699/253
f 110/422/254 676/700/254 152/492/254 65/418/254
f 110/422/255 161/699/255 677/701/255 678/702/255
f 110/422/256 678/702/256 679/703/256 676/700/256
f 111/704/257 616/705/257 139/706/257 680/707/257
f 112/524/258 602/497/258 681/708/258 682/709/258
f 683/710/259 206/711/259 684/712/259 163/713/259
f 112/714/260 682/715/260 683/716/260 163/717/260
f 113/718/261 537/415/261 565/414/261 132/719/261
f 113/718/262 132/719/262 685/720/262 164/721/262
f 113/718/263 538/722/263 52/723/263 537/415/263
f 114/690/264 603/501/264 115/724/264 686/725/264
f 114/690/265 686/725/265 687/726/265 108/605/265
f 115/724/266 603/501/266 598/500/266 688/727/266
f 115/728/267 688/729/267 143/730/267 689/731/267
f 116/611/268 641/614/268 122/732/268 639/612/268
f 117/733/269 654/648/269 637/608/269 639/612/269
f 117/733/270 128/734/270 129/646/270 654/648/270
f 118/735/271 577/736/271 690/737/271 691/738/271
f 118/735/272 692/739/272 578/623/272 577/736/272
f 119/584/273 693/740/273 694/741/273 126/585/273
f 119/742/274 695/743/274 696/744/274 693/745/274
f 120/399/275 560/398/275 697/746/275 649/747/275
f 121/748/276 698/749/276 699/750/276 700/751/276
f 121/752/277 539/340/277 538/339/277 698/753/277
f 121/752/278 700/754/278 701/755/278 539/340/278
f 117/756/279 639/757/279 122/758/279 128/759/279
f 122/760/280 641/761/280 171/762/280 151/763/280
f 122/764/281 151/765/281 702/766/281 172/767/281
f 123/768/282 703/769/282 148/770/282 704/771/282
f 123/772/283 704/773/283 705/774/283 706/775/283
f 124/776/284 588/517/284 646/626/284 707/777/284
f 124/778/285 708/779/285 167/780/285 591/781/285
f 125/782/286 669/783/286 181/784/286 709/785/286
f 126/786/287 694/787/287 710/788/287 169/789/287
f 126/786/288 169/789/288 711/790/288 712/791/288
f 126/786/289 712/791/289 713/792/289 127/793/289
f 119/742/290 138/794/290 615/795/290 695/743/290
f 119/796/291 127/793/291 664/797/291 138/798/291
f 127/793/292 713/792/292 659/799/292 664/797/292
f 128/734/293 122/732/293 714/800/293 129/646/293
f 129/646/294 173/801/294 691/802/294 653/647/294
f 715/803/295 716/804/295 717/805/295 718/806/295
f 130/692/296 715/803/296 718/806/296 636/606/296
f 131/807/297 153/808/297 657/809/297 719/810/297
f 131/811/298 71/812/298 586/813/298 720/814/298
f 131/811/299 719/815/299 64/816/299 71/812/299
f 132/817/300 142/818/300 721/819/300 618/545/300
f 132/817/301 618/545/301 617/544/301 141/631/301
f 133/820/302 722/821/302 723/822/302 146/823/302
f 133/824/303 146/825/303 724/826/303 725/827/303
f 134/828/304 656/651/304 655/650/304 726/829/304
f 134/828/305 726/829/305 727/830/305 728/831/305
f 134/828/306 728/831/306 729/832/306 656/651/306
f 135/833/307 657/834/307 623/570/307 624/569/307
f 135/835/308 624/574/308 626/573/308 730/836/308
f 135/837/309 730/838/309 158/839/309 731/840/309
f 135/841/310 731/842/310 732/843/310 733/844/310
f 135/845/311 733/846/311 719/810/311 657/809/311
f 136/564/312 734/847/312 735/848/312 621/565/312
f 136/558/313 736/849/313 737/850/313 734/851/313
f 137/852/314 730/836/314 626/573/314 738/853/314
f 137/852/315 739/854/315 158/855/315 730/836/315
f 137/852/316 740/856/316 741/857/316 739/854/316
f 137/858/317 738/859/317 742/860/317 743/861/317
f 137/852/318 743/862/318 744/863/318 740/856/318
f 138/864/319 664/666/319 663/665/319 745/865/319
f 138/794/320 745/866/320 746/867/320 139/706/320
f 138/794/321 139/706/321 616/705/321 615/795/321
f 139/706/322 746/867/322 747/868/322 748/869/322
f 139/870/323 748/871/323 749/872/323 680/873/323
f 140/874/324 750/875/324 181/876/324 669/684/324
f 751/877/325 752/878/325 750/875/325 140/874/325
f 140/874/326 669/684/326 155/879/326 751/877/326
f 141/880/327 648/634/327 753/881/327 754/882/327
f 141/631/328 754/883/328 717/805/328 716/804/328
f 132/884/329 141/885/329 157/886/329 685/887/329
f 113/718/330 164/721/330 698/888/330 538/722/330
f 143/730/331 755/889/331 756/890/331 757/891/331
f 165/892/332 146/893/332 723/894/332 209/895/332
f 143/896/333 757/897/333 146/825/333 165/898/333
f 143/899/334 165/900/334 209/901/334 689/902/334
f 144/610/335 758/903/335 203/904/335 95/607/335
f 144/610/336 638/609/336 184/905/336 758/903/336
f 145/906/337 759/907/337 745/865/337 663/665/337
f 627/577/338 760/908/338 759/909/338 145/910/338
f 145/910/339 663/911/339 650/912/339 627/577/339
f 147/913/340 761/914/340 762/915/340 763/916/340
f 147/913/341 763/916/341 764/917/341 765/918/341
f 148/770/342 703/769/342 222/919/342 766/920/342
f 148/770/343 174/921/343 767/922/343 704/771/343
f 148/770/344 766/920/344 244/923/344 768/924/344
f 148/770/345 768/924/345 769/925/345 174/921/345
f 149/926/346 770/927/346 771/928/346 772/929/346
f 149/926/347 772/929/347 773/930/347 774/931/347
f 149/926/348 775/932/348 776/933/348 770/927/348
f 150/934/349 595/935/349 777/936/349 684/712/349
f 150/937/350 228/938/350 169/939/350 629/940/350
f 133/820/351 725/941/351 778/942/351 722/821/351
f 151/943/352 189/944/352 779/945/352 702/946/352
f 152/492/353 676/700/353 780/947/353 599/493/353
f 153/948/354 166/949/354 275/950/354 781/951/354
f 153/952/355 782/953/355 210/954/355 178/955/355
f 153/656/356 178/956/356 159/957/356 103/653/356
f 154/958/357 591/781/357 167/780/357 783/959/357
f 154/960/358 665/961/358 589/475/358 591/474/358
f 154/958/359 783/959/359 784/962/359 665/963/359
f 155/879/360 669/684/360 112/524/360 163/964/360
f 155/965/361 785/966/361 786/967/361 188/968/361
f 155/879/362 188/969/362 229/970/362 751/877/362
f 156/971/363 787/972/363 264/973/363 788/974/363
f 156/450/364 788/975/364 789/976/364 584/445/364
f 157/977/365 141/631/365 716/804/365 790/978/365
f 157/979/366 791/980/366 699/981/366 685/720/366
f 689/731/367 209/982/367 792/983/367 115/728/367
f 129/646/368 714/800/368 793/984/368 173/801/368
f 158/985/369 794/986/369 795/987/369 731/842/369
f 158/988/370 796/989/370 239/990/370 794/991/370
f 159/658/371 197/992/371 797/993/371 798/994/371
f 159/658/372 798/994/372 187/995/372 658/659/372
f 160/996/373 799/997/373 800/998/373 776/999/373
f 801/1000/374 802/1001/374 799/997/374 160/996/374
f 160/1002/375 776/933/375 775/932/375 801/1003/375
f 161/699/376 111/543/376 179/1004/376 677/701/376
f 803/1005/377 804/1006/377 805/1007/377 806/1008/377
f 162/1009/378 240/1010/378 279/1011/378 807/1012/378
f 163/1013/379 808/1014/379 809/1015/379 155/1016/379
f 163/1013/380 810/1017/380 811/1018/380 808/1014/380
f 164/721/381 685/720/381 699/981/381 698/888/381
f 166/1019/382 720/1020/382 812/1021/382 197/992/382
f 166/1022/383 197/1023/383 813/1024/383 275/1025/383
f 153/952/384 781/1026/384 814/1027/384 782/953/384
f 124/778/385 815/1028/385 241/1029/385 708/779/385
f 167/1030/386 708/1031/386 682/709/386 681/708/386
f 167/1032/387 199/1033/387 816/1034/387 783/1035/387
f 167/1032/388 681/1036/388 168/1037/388 199/1033/388
f 168/1037/389 817/1038/389 207/1039/389 818/1040/389
f 168/1037/390 818/1040/390 816/1034/390 199/1033/390
f 170/1041/391 760/908/391 584/445/391 789/976/391
f 170/1042/392 789/1043/392 819/1044/392 820/1045/392
f 170/1046/393 821/1047/393 759/1048/393 760/1049/393
f 170/1050/394 822/1051/394 823/1052/394 821/1053/394
f 170/1042/395 820/1045/395 824/1054/395 822/1055/395
f 640/1056/396 95/1057/396 203/1058/396 185/1059/396
f 171/1060/397 641/1061/397 640/1062/397 185/1063/397
f 171/1064/398 825/1065/398 826/1066/398 827/1067/398
f 172/767/399 828/1068/399 714/1069/399 122/764/399
f 174/921/400 769/925/400 829/1070/400 830/1071/400
f 174/921/401 831/1072/401 761/1073/401 767/922/401
f 174/921/402 830/1071/402 832/1074/402 831/1072/402
f 175/1075/403 732/843/403 833/1076/403 834/1077/403
f 175/1078/404 834/1079/404 835/1080/404 836/1081/404
f 176/1082/405 630/1083/405 837/1084/405 631/1085/405
f 171/1086/406 185/1059/406 838/1087/406 235/1088/406
f 171/1089/407 235/1090/407 839/1091/407 825/1092/407
f 177/1093/408 840/1094/408 841/1095/408 842/1096/408
f 177/1093/409 720/814/409 586/813/409 840/1094/409
f 177/1097/410 842/1098/410 812/1021/410 720/1020/410
f 178/1099/411 843/1100/411 197/1101/411 159/1102/411
f 179/1103/412 844/1104/412 232/1105/412 242/1106/412
f 179/1107/413 111/1108/413 680/1109/413 844/1110/413
f 179/1111/414 242/1112/414 845/1113/414 846/1114/414
f 807/1012/415 847/1115/415 721/819/415 162/1009/415
f 180/1116/416 848/1117/416 849/1118/416 850/1119/416
f 851/1120/417 852/1121/417 848/1122/417 180/1123/417
f 180/1123/418 850/1124/418 192/1125/418 851/1120/418
f 181/784/419 750/1126/419 848/1122/419 852/1121/419
f 181/784/420 852/1121/420 853/1127/420 854/1128/420
f 181/784/421 854/1128/421 855/1129/421 709/785/421
f 182/1130/422 856/1131/422 263/1132/422 857/1133/422
f 630/591/423 710/1134/423 856/1131/423 182/1130/423
f 182/1135/424 857/1136/424 837/1084/424 630/1083/424
f 155/1137/425 809/1138/425 858/1139/425 859/1140/425
f 183/1141/426 687/726/426 686/725/426 860/1142/426
f 183/1141/427 860/1142/427 861/1143/427 248/1144/427
f 183/1141/428 862/1145/428 863/1146/428 687/726/428
f 184/905/429 831/1072/429 832/1074/429 213/1147/429
f 184/1148/430 762/915/430 761/914/430 831/1149/430
f 185/1059/431 203/1058/431 214/1150/431 864/1151/431
f 185/1059/432 864/1151/432 865/1152/432 838/1087/432
f 186/1153/433 735/1154/433 866/1155/433 224/1156/433
f 186/1157/434 224/1158/434 867/1159/434 225/1160/434
f 187/995/435 742/860/435 738/859/435 658/659/435
f 187/1161/436 868/1162/436 245/1163/436 742/1164/436
f 187/1165/437 798/1166/437 216/1167/437 869/1168/437
f 188/1169/438 786/1170/438 870/1171/438 206/711/438
f 188/1172/439 206/1173/439 683/1174/439 871/1175/439
f 188/969/440 871/1176/440 872/1177/440 229/970/440
f 162/1009/441 790/978/441 873/1178/441 240/1010/441
f 189/944/442 874/1179/442 875/1180/442 876/1181/442
f 190/1182/443 175/1078/443 836/1081/443 877/1183/443
f 190/1182/444 877/1183/444 878/1184/444 879/1185/444
f 191/1186/445 806/1187/445 805/1188/445 791/1189/445
f 191/1190/446 605/1191/446 514/1192/446 806/1193/446
f 192/1194/447 850/1195/447 880/1196/447 261/1197/447
f 192/1198/448 205/1199/448 707/777/448 646/626/448
f 192/1200/449 261/1201/449 881/1202/449 205/1203/449
f 193/1204/450 696/1205/450 799/997/450 802/1001/450
f 193/1206/451 194/1207/451 693/745/451 696/744/451
f 193/1208/452 882/1209/452 883/1210/452 194/1211/452
f 194/1212/453 884/1213/453 251/1214/453 885/1215/453
f 194/1212/454 885/1215/454 694/741/454 693/740/454
f 189/944/455 876/1181/455 753/881/455 779/945/455
f 195/1216/456 886/1217/456 827/1067/456 826/1066/456
f 888/1218/457 889/1219/457 886/1217/457 195/1216/457
f 195/1216/458 826/1066/458 887/1220/458 888/1218/458
f 196/1221/459 890/1222/459 891/1223/459 892/1224/459
f 196/1221/460 841/1225/460 780/1226/460 890/1222/460
f 196/1221/461 892/1224/461 842/1227/461 841/1225/461
f 197/992/462 812/1021/462 250/1228/462 797/993/462
f 197/1023/463 843/1229/463 254/1230/463 813/1024/463
f 198/1231/464 833/1076/464 795/987/464 893/1232/464
f 198/1233/465 894/1234/465 834/1235/465 833/1236/465
f 200/1237/466 785/1238/466 895/1239/466 896/1240/466
f 849/1241/467 786/1242/467 785/1238/467 200/1237/467
f 200/1243/468 896/1244/468 850/1119/468 849/1118/468
f 201/1245/469 670/1246/469 808/1014/469 811/1018/469
f 201/1245/470 560/398/470 79/397/470 670/1246/470
f 201/1245/471 811/1018/471 643/617/471 642/616/471
f 202/1247/472 208/1248/472 897/1249/472 855/1250/472
f 202/1251/473 898/1252/473 899/1253/473 208/1254/473
f 202/1255/474 855/1256/474 854/1257/474 900/1258/474
f 674/696/475 673/695/475 901/1259/475 675/1260/475
f 204/1261/476 238/1262/476 276/1263/476 902/1264/476
f 204/1265/477 902/1266/477 734/851/477 737/850/477
f 169/1267/478 228/1268/478 773/930/478 903/1269/478
f 205/1203/479 881/1202/479 904/1270/479 872/1271/479
f 205/1203/480 872/1271/480 871/1272/480 815/1028/480
f 206/711/481 870/1171/481 905/1273/481 259/1274/481
f 206/711/482 259/1274/482 150/934/482 684/712/482
f 207/1275/483 817/1276/483 906/1277/483 218/1278/483
f 207/1275/484 218/1278/484 907/1279/484 818/1280/484
f 208/1281/485 899/1282/485 876/1181/485 875/1180/485
f 208/1283/486 262/1284/486 908/1285/486 897/1286/486
f 209/1287/487 723/1288/487 826/1066/487 825/1065/487
f 209/1289/488 909/1290/488 214/1291/488 792/1292/488
f 151/1293/489 171/1064/489 827/1067/489 910/1294/489
f 151/943/490 911/1295/490 252/1296/490 912/1297/490
f 151/1298/491 910/1299/491 913/1300/491 911/1301/491
f 814/1027/492 781/1026/492 227/1302/492 741/1303/492
f 210/954/493 744/1304/493 914/1305/493 915/1306/493
f 210/954/494 915/1306/494 869/1307/494 216/1308/494
f 210/954/495 216/1308/495 226/1309/495 178/955/495
f 211/1310/496 267/1311/496 916/1312/496 917/1313/496
f 212/1314/497 816/1315/497 818/1316/497 907/1317/497
f 212/1318/498 907/1319/498 918/1320/498 784/1321/498
f 212/1314/499 784/962/499 783/959/499 816/1315/499
f 213/1322/500 832/1323/500 919/1324/500 920/1325/500
f 213/1326/501 920/1327/501 921/1328/501 922/1329/501
f 215/1330/502 923/1331/502 924/1332/502 925/1333/502
f 215/1330/503 727/830/503 726/829/503 923/1331/503
f 215/1334/504 925/1335/504 223/1336/504 926/1337/504
f 216/1338/505 927/1339/505 928/1340/505 226/1341/505
f 216/1342/506 798/994/506 797/993/506 927/1343/506
f 218/1278/507 906/1277/507 918/1344/507 907/1279/507
f 929/1345/508 634/600/508 631/599/508 837/1346/508
f 219/1347/509 898/1252/509 202/1251/509 930/1348/509
f 219/1347/510 718/1349/510 717/1350/510 898/1252/510
f 219/1351/511 931/1352/511 932/1353/511 718/1354/511
f 220/1355/512 933/1356/512 934/1357/512 931/1352/512
f 220/1358/513 931/1359/513 219/1347/513 935/1360/513
f 220/1361/514 935/1362/514 243/1363/514 933/1364/514
f 221/1365/515 222/1366/515 703/1367/515 211/1368/515
f 221/1369/516 936/1370/516 766/920/516 222/919/516
f 221/1371/517 211/1310/517 917/1313/517 936/1372/517
f 223/1336/518 925/1335/518 878/1184/518 877/1183/518
f 223/1336/519 877/1183/519 836/1081/519 926/1337/519
f 224/1373/520 866/1374/520 937/1375/520 867/1376/520
f 736/849/521 938/1377/521 939/1378/521 737/850/521
f 225/1160/522 867/1159/522 940/1379/522 941/1380/522
f 226/1309/523 928/1381/523 843/1382/523 178/955/523
f 227/1383/524 945/1384/524 944/1385/524 943/1386/524
f 227/1383/525 781/1387/525 275/1388/525 946/1389/525
f 228/1390/526 150/1391/526 259/1392/526 947/1393/526
f 229/1394/527 948/1395/527 905/1396/527 751/1397/527
f 230/1398/528 949/1399/528 950/1400/528 951/1401/528
f 230/1398/529 250/1402/529 892/1224/529 891/1223/529
f 230/1398/530 891/1223/530 231/1403/530 949/1399/530
f 231/1403/531 679/1404/531 678/1405/531 949/1399/531
f 231/1403/532 891/1223/532 890/1222/532 679/1404/532
f 232/1105/533 820/1406/533 819/1407/533 952/1408/533
f 232/1105/534 952/1408/534 845/1409/534 242/1106/534
f 233/1410/535 952/1411/535 819/1044/535 953/1412/535
f 233/1410/536 256/1413/536 845/1414/536 952/1411/536
f 954/1415/537 955/1416/537 956/1417/537 957/1418/537
f 234/1419/538 958/1420/538 959/1421/538 960/1422/538
f 234/1423/539 277/1424/539 961/1425/539 958/1426/539
f 234/1423/540 960/1427/540 962/1428/540 963/1429/540
f 235/1088/541 838/1087/541 964/1430/541 965/1431/541
f 236/1432/542 829/1070/542 769/925/542 966/1433/542
f 236/1434/543 967/1435/543 968/1436/543 829/1437/543
f 236/1438/544 966/1439/544 969/1440/544 970/1441/544
f 237/1442/545 768/1443/545 244/1444/545 274/1445/545
f 237/1446/546 966/1433/546 769/925/546 768/924/546
f 237/1447/547 285/1448/547 969/1449/547 966/1450/547
f 237/1451/548 917/1313/548 916/1312/548 285/1452/548
f 238/1262/549 939/1453/549 971/1454/549 276/1263/549
f 238/1455/550 204/1265/550 737/850/550 939/1378/550
f 239/1456/551 796/1457/551 943/1458/551 942/1459/551
f 240/1460/552 873/1461/552 972/1462/552 279/1463/552
f 241/1464/553 683/716/553 682/715/553 708/1465/553
f 241/1466/554 815/1467/554 871/1468/554 683/1469/554
f 228/1268/555 947/1470/555 774/931/555 773/930/555
f 243/1363/556 935/1362/556 973/1471/556 974/1472/556
f 243/1363/557 974/1472/557 913/1473/557 910/1294/557
f 244/923/558 766/920/558 936/1370/558 274/1474/558
f 245/1475/559 975/1476/559 743/861/559 742/860/559
f 245/1475/560 976/1477/560 977/1478/560 978/1479/560
f 245/1475/561 978/1479/561 979/1480/561 975/1476/561
f 245/1163/562 868/1162/562 980/1481/562 976/1482/562
f 246/1483/563 982/1484/563 983/1485/563 984/1486/563
f 311/1487/564 265/1488/564 982/1484/564 246/1483/564
f 246/1483/565 984/1486/565 985/1489/565 311/1487/565
f 247/1490/566 986/1491/566 253/1492/566 281/1493/566
f 247/1494/567 281/1495/567 987/1496/567 988/1497/567
f 247/1494/568 988/1497/568 294/1498/568 989/1499/568
f 248/1144/569 861/1143/569 253/1500/569 986/1501/569
f 248/1144/570 990/1502/570 959/1421/570 183/1141/570
f 991/1503/571 295/1504/571 283/1505/571 249/1506/571
f 249/1506/572 214/1507/572 909/1508/572 991/1503/572
f 250/1228/573 812/1021/573 842/1098/573 892/1509/573
f 250/1228/574 230/1510/574 992/1511/574 993/1512/574
f 250/1228/575 993/1512/575 927/1343/575 797/993/575
f 251/1513/576 884/1514/576 857/1515/576 263/1516/576
f 251/1517/577 263/1132/577 856/1131/577 885/1518/577
f 252/1296/578 911/1295/578 994/1519/578 995/1520/578
f 253/1521/579 996/1522/579 296/1523/579 281/1524/579
f 254/1230/580 843/1229/580 928/1525/580 997/1526/580
f 254/1527/581 998/1528/581 355/1529/581 813/1530/581
f 255/1531/582 999/1532/582 1000/1533/582 801/1003/582
f 255/1531/583 1001/1534/583 1002/1535/583 999/1532/583
f 256/1536/584 1003/1537/584 846/1114/584 845/1113/584
f 257/1538/585 996/1522/585 253/1521/585 922/1539/585
f 295/1540/586 1005/1541/586 996/1522/586 257/1538/586
f 257/1542/587 922/1543/587 1004/1544/587 295/1545/587
f 258/1546/588 1006/1547/588 909/1508/588 209/1548/588
f 258/1546/589 839/1091/589 1007/1549/589 1006/1547/589
f 259/1550/590 1008/1551/590 1009/1552/590 947/1553/590
f 260/1554/591 774/1555/591 947/1553/591 1009/1552/591
f 1011/1556/592 149/926/592 774/931/592 260/1557/592
f 260/1557/593 1009/1558/593 1010/1559/593 1011/1556/593
f 261/1197/594 880/1196/594 1012/1560/594 881/1561/594
f 262/1562/595 1013/1563/595 1014/1564/595 908/1565/595
f 264/973/596 787/972/596 1015/1566/596 1016/1567/596
f 264/973/597 1017/1568/597 951/1569/597 1003/1570/597
f 264/973/598 1016/1567/598 304/1571/598 1017/1568/598
f 265/1488/599 1018/1572/599 1019/1573/599 982/1484/599
f 265/1574/600 1020/1575/600 1021/1576/600 1018/1577/600
f 266/1578/601 235/1579/601 965/1580/601 1022/1581/601
f 266/1578/602 1022/1581/602 1023/1582/602 1007/1583/602
f 266/1578/603 1007/1583/603 839/1584/603 235/1579/603
f 267/1585/604 1024/1586/604 1025/1587/604 314/1588/604
f 268/1589/605 1026/1590/605 305/1591/605 1027/1592/605
f 268/1589/606 748/1593/606 747/1594/606 1026/1590/606
f 269/627/607 847/1595/607 807/1596/607 279/1597/607
f 269/627/608 1028/1598/608 316/1599/608 647/628/608
f 269/627/609 279/1597/609 972/1600/609 1028/1598/609
f 270/1601/610 883/1210/610 632/1602/610 634/1603/610
f 270/1604/611 884/1213/611 194/1212/611 883/1605/611
f 270/1601/612 634/1603/612 929/1606/612 271/1607/612
f 271/1608/613 929/1609/613 837/1084/613 857/1136/613
f 272/1610/614 1020/1575/614 265/1574/614 311/1611/614
f 1030/1612/615 1031/1613/615 1020/1614/615 272/1615/615
f 272/1610/616 311/1611/616 1029/1616/616 1030/1617/616
f 1032/1618/617 1033/1619/617 961/1425/617 277/1424/617
f 273/1620/618 1034/1621/618 1035/1622/618 967/1623/618
f 1036/1624/619 282/1625/619 1034/1621/619 273/1620/619
f 273/1620/620 967/1623/620 236/1626/620 1036/1624/620
f 274/1627/621 936/1372/621 917/1313/621 237/1451/621
f 275/1628/622 813/1530/622 355/1529/622 354/1629/622
f 275/1628/623 354/1629/623 297/1630/623 946/1631/623
f 276/1263/624 937/1375/624 866/1374/624 902/1264/624
f 276/1263/625 971/1454/625 278/1632/625 937/1375/625
f 277/1424/626 1037/1633/626 1038/1634/626 1032/1618/626
f 277/1424/627 234/1423/627 984/1635/627 1039/1636/627
f 277/1424/628 1039/1636/628 280/1637/628 1037/1633/628
f 278/1632/629 971/1454/629 1040/1638/629 940/1639/629
f 278/1632/630 940/1639/630 867/1376/630 937/1375/630
f 280/1637/631 1041/1640/631 1031/1641/631 1030/1642/631
f 280/1643/632 1039/1644/632 1042/1645/632 1041/1646/632
f 281/1495/633 296/1647/633 1043/1648/633 1044/1649/633
f 281/1495/634 1044/1649/634 328/1650/634 987/1496/634
f 282/1625/635 1045/1651/635 283/1652/635 295/1545/635
f 282/1625/636 295/1545/636 1004/1544/636 1034/1621/636
f 284/1653/637 865/1152/637 1045/1654/637 1046/1655/637
f 284/1653/638 964/1430/638 838/1087/638 865/1152/638
f 285/1656/639 916/1657/639 1047/1658/639 969/1659/639
f 286/1660/640 1048/1661/640 308/1662/640 1049/1663/640
f 286/1664/641 1049/1665/641 293/1666/641 1050/1667/641
f 286/1660/642 1050/1668/642 1013/1669/642 1048/1661/642
f 287/1670/643 248/1671/643 986/1672/643 1051/1673/643
f 1052/1674/644 990/1502/644 248/1144/644 287/1675/644
f 287/1670/645 1051/1673/645 352/1676/645 1052/1677/645
f 288/1678/646 1053/1679/646 1054/1680/646 835/1080/646
f 288/1681/647 835/1682/647 834/1235/647 894/1234/647
f 288/1681/648 894/1234/648 1055/1683/648 1053/1684/648
f 289/1685/649 1056/1686/649 919/1324/649 1057/1687/649
f 289/1688/650 1058/1689/650 1059/1690/650 1056/1691/650
f 289/1692/651 1057/1693/651 968/1436/651 1058/1694/651
f 290/1695/652 1047/1658/652 916/1657/652 267/1696/652
f 291/1697/653 920/1325/653 919/1324/653 1056/1686/653
f 291/1698/654 1060/1699/654 921/1328/654 920/1327/654
f 291/1700/655 1056/1691/655 1059/1690/655 1060/1701/655
f 282/1625/656 1036/1624/656 1046/1702/656 1045/1651/656
f 1063/1703/657 300/1704/657 1064/1705/657 292/1706/657
f 292/1707/658 904/1708/658 1061/1709/658 321/1710/658
f 292/1707/659 321/1710/659 1062/1711/659 1063/1712/659
f 292/1713/660 1064/1714/660 948/1395/660 229/1394/660
f 293/1715/661 1049/1716/661 324/1717/661 299/1718/661
f 293/1666/662 299/1719/662 1065/1720/662 1050/1667/662
f 294/1721/663 988/1722/663 1066/1723/663 313/1724/663
f 294/1721/664 313/1724/664 1067/1725/664 989/1726/664
f 295/1727/665 1068/1728/665 1069/1729/665 1005/1730/665
f 296/1523/666 996/1522/666 1005/1541/666 1070/1731/666
f 296/1523/667 1071/1732/667 1072/1733/667 1043/1734/667
f 297/1735/668 1073/1736/668 1074/1737/668 946/1738/668
f 320/1739/669 326/1740/669 1076/1741/669 1077/1742/669
f 297/1743/670 1075/1744/670 326/1745/670 320/1746/670
f 297/1747/671 320/1739/671 1077/1742/671 1073/1748/671
f 267/1749/672 314/1750/672 1078/1751/672 1079/1752/672
f 298/1753/673 1080/1754/673 356/1755/673 1081/1756/673
f 298/1757/674 1081/1758/674 1082/1759/674 1083/1760/674
f 299/1719/675 1084/1761/675 896/1762/675 1065/1720/675
f 299/1763/676 324/1764/676 1085/1765/676 1086/1766/676
f 299/1719/677 1086/1767/677 1087/1768/677 1084/1761/677
f 300/1704/678 1063/1703/678 1088/1769/678 1089/1770/678
f 301/1771/679 989/1772/679 1067/1773/679 319/1774/679
f 301/1771/680 335/1775/680 247/1776/680 989/1772/680
f 301/1777/681 319/1778/681 1090/1779/681 335/1780/681
f 302/1781/682 967/1623/682 1035/1622/682 1091/1782/682
f 302/1783/683 1058/1694/683 968/1436/683 967/1435/683
f 302/1784/684 1091/1785/684 1059/1690/684 1058/1689/684
f 303/1786/685 332/1787/685 1092/1788/685 1078/1751/685
f 303/1789/686 1093/1790/686 1094/1791/686 332/1792/686
f 304/1571/687 1016/1567/687 976/1793/687 980/1794/687
f 304/1795/688 1095/1796/688 992/1511/688 1017/1797/688
f 305/1798/689 1026/1799/689 1096/1800/689 1097/1801/689
f 305/1798/690 1097/1801/690 340/1802/690 1027/1803/690
f 306/1804/691 1098/1805/691 1099/1806/691 1100/1807/691
f 306/1804/692 1100/1807/692 1101/1808/692 1102/1809/692
f 306/1810/693 1102/1811/693 1103/1812/693 1098/1813/693
f 308/1814/694 995/1815/694 324/1717/694 1049/1716/694
f 308/1662/695 1048/1661/695 252/1296/695 995/1520/695
f 309/1816/696 960/1817/696 959/1818/696 990/1819/696
f 309/1820/697 990/1502/697 1052/1674/697 1104/1821/697
f 309/1822/698 1104/1823/698 962/1428/698 960/1427/698
f 310/1824/699 1105/1825/699 1009/1552/699 1008/1551/699
f 310/1826/700 1008/1827/700 1106/1828/700 1107/1829/700
f 310/1826/701 1107/1829/701 315/1830/701 1105/1831/701
f 311/1611/702 349/1832/702 318/1833/702 1029/1616/702
f 311/1834/703 1108/1835/703 1109/1836/703 349/1837/703
f 312/1838/704 1044/1839/704 1043/1734/704 1110/1840/704
f 312/1841/705 1111/1842/705 351/1843/705 1112/1844/705
f 312/1838/706 329/1845/706 328/1846/706 1044/1839/706
f 312/1841/707 1112/1844/707 1113/1847/707 329/1848/707
f 313/1849/708 1066/1850/708 1114/1851/708 1067/1852/708
f 315/1853/709 1115/1854/709 1116/1855/709 1105/1856/709
f 315/1830/710 1107/1829/710 1117/1857/710 1115/1858/710
f 316/1599/711 1118/1859/711 1119/1860/711 647/628/711
f 316/1599/712 1120/1861/712 1121/1862/712 1118/1859/712
f 317/1863/713 1062/1864/713 1122/1865/713 345/1866/713
f 317/1867/714 345/1868/714 339/1869/714 1123/1870/714
f 318/1871/715 349/1872/715 1124/1873/715 1120/1874/715
f 318/1833/716 1120/1875/716 316/1876/716 1029/1616/716
f 319/1778/717 1067/1877/717 1114/1878/717 1090/1779/717
f 322/1879/718 1125/1880/718 1126/1881/718 1106/1828/718
f 322/1879/719 1127/1882/719 1128/1883/719 1125/1880/719
f 323/1884/720 1129/1885/720 1130/1886/720 338/1887/720
f 323/1884/721 338/1887/721 1131/1888/721 1132/1889/721
f 323/1890/722 1132/1891/722 1122/1892/722 1062/1893/722
f 325/1894/723 1133/1895/723 1134/1896/723 1135/1897/723
f 325/1898/724 1023/1582/724 1022/1581/724 1133/1899/724
f 325/1900/725 1135/1901/725 1136/1902/725 1137/1903/725
f 326/1745/726 1075/1744/726 344/1904/726 1076/1905/726
f 1139/1906/727 1140/1907/727 1136/1908/727 332/1909/727
f 327/1910/728 1141/1911/728 1142/1912/728 1121/1862/728
f 327/1910/729 1121/1862/729 1120/1861/729 1124/1913/729
f 328/1650/730 329/1914/730 1113/1915/730 987/1496/730
f 330/1916/731 1060/1701/731 1059/1690/731 1091/1785/731
f 330/1917/732 1143/1918/732 921/1328/732 1060/1699/732
f 330/1919/733 1091/1782/733 1035/1622/733 1143/1920/733
f 331/1921/734 1036/1624/734 236/1626/734 970/1922/734
f 331/1923/735 970/1924/735 1144/1925/735 1145/1926/735
f 331/1921/736 1145/1927/736 1046/1702/736 1036/1624/736
f 332/1928/737 1136/1929/737 1135/1897/737 1092/1930/737
f 334/1931/738 994/1932/738 1146/1933/738 1147/1934/738
f 324/1935/739 995/1520/739 994/1519/739 334/1936/739
f 334/1936/740 1147/1937/740 1148/1938/740 324/1935/740
f 335/1780/741 1090/1779/741 351/1939/741 1111/1940/741
f 335/1780/742 1111/1940/742 1149/1941/742 1051/1942/742
f 336/1943/743 1077/1742/743 1076/1741/743 1150/1944/743
f 336/1943/744 1139/1906/744 1138/1945/744 1077/1742/744
f 337/1946/745 1151/1947/745 1152/1948/745 1153/1949/745
f 337/1950/746 1080/1951/746 1154/1952/746 1151/1953/746
f 337/1954/747 1153/1955/747 1155/1956/747 1156/1957/747
f 356/1755/748 1080/1754/748 337/1946/748 348/1958/748
f 338/1959/749 1130/1960/749 356/1755/749 348/1958/749
f 339/1869/750 345/1868/750 350/1961/750 1157/1962/750
f 340/1802/751 1097/1801/751 1158/1963/751 1101/1964/751
f 340/1965/752 1101/1808/752 1100/1807/752 1027/1966/752
f 341/1967/753 1159/1968/753 1125/1880/753 1128/1883/753
f 341/1967/754 1160/1969/754 348/1970/754 1159/1968/754
f 342/1971/755 1161/1972/755 1122/1892/755 1132/1891/755
f 343/1973/756 1069/1974/756 1162/1975/756 1163/1976/756
f 343/1977/757 1070/1978/757 1005/1730/757 1069/1729/757
f 343/1973/758 1163/1976/758 1164/1979/758 1070/1980/758
f 344/1904/759 358/1981/759 1150/1982/759 1076/1905/759
f 344/1904/760 1075/1744/760 1165/1983/760 358/1981/760
f 346/1984/761 1141/1985/761 327/1986/761 1166/1987/761
f 346/1984/762 1166/1987/762 1167/1988/762 1168/1989/762
f 346/1984/763 1168/1989/763 1169/1990/763 1147/1991/763
f 1110/1840/764 1043/1734/764 1072/1733/764 1149/1992/764
f 347/1993/765 1171/1994/765 1103/1812/765 1102/1811/765
f 347/1993/766 1102/1811/766 1101/1995/766 1158/1996/766
f 347/1997/767 1158/1998/767 1172/1999/767 1171/2000/767
f 348/1970/768 337/2001/768 1156/2002/768 1159/1968/768
f 349/2003/769 1109/2004/769 1137/1903/769 1173/2005/769
f 349/1872/770 1173/2006/770 1174/2007/770 1124/1873/770
f 350/2008/771 1161/2009/771 342/2010/771 1157/2011/771
f 350/2012/772 345/1866/772 1122/1865/772 1161/2013/772
f 351/1843/773 1090/2014/773 1114/1851/773 1112/1844/773
f 352/2015/774 1051/1942/774 1149/1941/774 1072/2016/774
f 352/1676/775 1072/2017/775 1071/2018/775 1052/1677/775
f 353/2019/776 1175/2020/776 1176/2021/776 1177/2022/776
f 353/2023/777 1177/2024/777 1079/1752/777 1178/2025/777
f 353/2019/778 1178/2026/778 1134/1896/778 1175/2020/778
f 354/1629/779 355/1529/779 998/1528/779 1179/2027/779
f 354/1629/780 1179/2027/780 1180/2028/780 1181/2029/780
f 354/1629/781 1181/2029/781 1182/2030/781 297/1630/781
f 356/2031/782 1130/1886/782 1085/2032/782 357/2033/782
f 356/1755/783 1183/2034/783 1184/2035/783 1081/1756/783
f 356/2036/784 357/2037/784 1185/2038/784 1183/2039/784
f 357/2040/785 1148/1938/785 1186/2041/785 1185/2042/785
f 357/2043/786 1085/2044/786 324/2045/786 1148/2046/786
f 358/2047/787 1165/2048/787 1167/1988/787 1187/2049/787
f 358/2047/788 1187/2049/788 1140/2050/788 1139/2051/788
f 359/2052/789 1188/2053/789 1183/2054/789 1185/2055/789
f 359/2052/790 1185/2055/790 1186/2056/790 1180/2028/790
f 359/2057/791 1180/2058/791 1179/2059/791 1188/2060/791
f 1188/2053/792 1179/2027/792 998/1528/792 1189/2061/792
f 1188/2053/793 1189/2061/793 1184/2062/793 1183/2054/793
f 1189/2061/794 998/1528/794 254/1527/794 1190/2063/794
f 1189/2061/795 1190/2063/795 1191/2064/795 1184/2062/795
f 1190/2063/796 254/1527/796 997/2065/796 1095/1796/796
f 1190/2063/797 1095/1796/797 304/1795/797 1191/2064/797
f 1187/2066/798 1167/2067/798 1166/2068/798 1174/2069/798
f 1187/2049/799 1174/2007/799 1173/2006/799 1140/2050/799
f 1186/2041/800 1148/1938/800 1147/1937/800 1169/2070/800
f 1186/2056/801 1169/1990/801 1181/2029/801 1180/2028/801
f 1182/2071/802 1165/1983/802 1075/1744/802 297/1743/802
f 1182/2030/803 1181/2029/803 1169/1990/803 1168/1989/803
f 1182/2030/804 1168/1989/804 1167/1988/804 1165/2048/804
f 1178/2025/805 1079/1752/805 1078/1751/805 1092/1788/805
f 1178/2026/806 1092/1930/806 1135/1897/806 1134/1896/806
f 1176/2021/807 1145/1926/807 1144/1925/807 1177/2022/807
f 1176/2072/808 1175/2073/808 1192/2074/808 284/1653/808
f 1176/2072/809 284/1653/809 1046/1655/809 1145/2075/809
f 1175/2073/810 1134/2076/810 1133/2077/810 1192/2074/810
f 1174/2007/811 1166/1987/811 327/1986/811 1124/1873/811
f 1173/2005/812 1137/1903/812 1136/1902/812 1140/2078/812
f 1172/1999/813 1158/1998/813 1097/2079/813 1096/2080/813
f 1172/1999/814 1096/2080/814 823/2081/814 822/2082/814
f 1172/1999/815 822/2082/815 824/2083/815 1171/2000/815
f 1171/2000/816 824/2083/816 1193/2084/816 1103/2085/816
f 1193/2086/817 824/1054/817 820/1045/817 232/2087/817
f 1193/2088/818 232/2089/818 844/1110/818 1194/2090/818
f 1193/2088/819 1194/2090/819 1098/1813/819 1103/1812/819
f 1194/2090/820 844/1110/820 680/1109/820 749/2091/820
f 1194/2092/821 749/872/821 1099/1806/821 1098/1805/821
f 1170/2093/822 1152/1948/822 1116/1855/822 1115/1854/822
f 1170/2094/823 1115/1858/823 1117/1857/823 1155/2095/823
f 346/2096/824 1147/1934/824 1146/1933/824 1195/2097/824
f 346/2098/825 1195/2099/825 1196/2100/825 1141/2101/825
f 1196/2100/826 1195/2099/826 974/2102/826 973/2103/826
f 1196/2100/827 973/2103/827 930/2104/827 1197/2105/827
f 1196/2100/828 1197/2105/828 1142/2106/828 1141/2101/828
f 1197/2105/829 930/2104/829 202/2107/829 900/2108/829
f 1197/2109/830 900/2110/830 1198/2111/830 1142/2112/830
f 1198/2111/831 900/2110/831 854/1128/831 853/1127/831
f 1198/2111/832 853/1127/832 1119/2113/832 1118/2114/832
f 1198/2111/833 1118/2114/833 1121/2115/833 1142/2112/833
f 1195/2099/834 1146/2116/834 913/2117/834 974/2102/834
f 1164/1979/835 1163/1976/835 962/1428/835 1104/1823/835
f 1164/2118/836 1104/1821/836 1052/1674/836 1071/2119/836
f 1164/2120/837 1071/1732/837 296/1523/837 1070/1731/837
f 1163/1976/838 1162/1975/838 963/1429/838 962/1428/838
f 1162/2121/839 1069/1729/839 1068/1728/839 1199/2122/839
f 1162/1975/840 1199/2123/840 985/2124/840 963/1429/840
f 1199/2122/841 1068/1728/841 1200/2125/841 1108/1835/841
f 1199/2123/842 1108/2126/842 311/2127/842 985/2124/842
f 1200/2125/843 1068/1728/843 295/1727/843 991/2128/843
f 1200/2129/844 991/1503/844 1201/2130/844 1202/2131/844
f 1200/2125/845 1202/2132/845 1109/1836/845 1108/1835/845
f 1202/2131/846 1201/2130/846 1023/2133/846 325/2134/846
f 1202/2135/847 325/1900/847 1137/1903/847 1109/2004/847
f 1201/2130/848 991/1503/848 909/1508/848 1006/1547/848
f 1201/2130/849 1006/1547/849 1007/1549/849 1023/2133/849
f 1159/1968/850 1156/2002/850 1126/1881/850 1125/1880/850
f 1203/2136/851 1160/2137/851 338/2138/851 1204/2139/851
f 1156/2002/852 1155/2095/852 1117/1857/852 1126/1881/852
f 1154/1952/853 1080/1951/853 298/1757/853 1083/1760/853
f 1154/2140/854 1083/2141/854 1205/2142/854 1011/1556/854
f 1154/2140/855 1011/1556/855 1010/1559/855 1151/1947/855
f 1205/2142/856 1083/2141/856 1082/2143/856 255/1531/856
f 1205/2142/857 255/1531/857 801/1003/857 775/932/857
f 1205/2144/858 775/2145/858 149/2146/858 1011/2147/858
f 1152/1948/859 1151/1947/859 1010/1559/859 1116/1855/859
f 1150/2148/860 358/2047/860 1139/2051/860 336/2149/860
f 1149/1992/861 1111/2150/861 312/1838/861 1110/1840/861
f 1146/1933/862 994/1932/862 911/1301/862 913/1300/862
f 1143/1920/863 1035/1622/863 1034/1621/863 1004/1544/863
f 1143/1918/864 1004/2151/864 922/1329/864 921/1328/864
f 1138/1945/865 1094/2152/865 1073/1748/865 1077/1742/865
f 1133/1899/866 1022/1581/866 965/1580/866 1192/2153/866
f 1130/1886/867 1129/1885/867 1086/2154/867 1085/2032/867
f 1206/2155/868 1128/1883/868 1127/1882/868 333/2156/868
f 1126/1881/869 1117/1857/869 1107/1829/869 1106/1828/869
f 1119/2113/870 853/1127/870 852/1121/870 851/1120/870
f 1119/1860/871 851/2157/871 645/625/871 647/628/871
f 1116/1855/872 1010/1559/872 1009/1558/872 1105/1856/872
f 1114/1851/873 1066/1850/873 1113/1847/873 1112/1844/873
f 1113/1915/874 1066/2158/874 988/1497/874 987/1496/874
f 1129/1885/875 1207/2159/875 1087/2160/875 1086/2154/875
f 1207/2159/876 1061/1709/876 1012/2161/876 1087/2160/876
f 307/2162/877 323/1884/877 1062/1711/877 321/1710/877
f 1207/2159/878 1129/1885/878 323/1884/878 307/2162/878
f 1207/2159/879 307/2162/879 321/1710/879 1061/1709/879
f 1100/1807/880 1099/1806/880 268/2163/880 1027/1966/880
f 1099/1806/881 749/872/881 748/871/881 268/2163/881
f 1096/1800/882 1026/1799/882 747/2164/882 823/2165/882
f 1095/1796/883 997/2065/883 993/1512/883 992/1511/883
f 304/1571/884 980/1794/884 1001/1534/884 1191/2166/884
f 1094/1791/885 1093/1790/885 1074/2167/885 1073/2168/885
f 1093/1790/886 303/1789/886 1025/1587/886 1208/2169/886
f 1093/2170/887 1208/2171/887 198/2172/887 1074/2173/887
f 1208/2169/888 1025/1587/888 1024/1586/888 1055/1683/888
f 1208/2169/889 1055/1683/889 894/1234/889 198/1233/889
f 335/1775/890 1051/1673/890 986/1672/890 247/1776/890
f 1210/2174/891 1209/2175/891 1211/2176/891 1212/2177/891
f 1087/1768/892 1012/1560/892 880/1196/892 1084/1761/892
f 1084/1761/893 880/1196/893 850/1195/893 896/1762/893
f 1065/2178/894 896/2179/894 895/2180/894 1014/2181/894
f 1065/2182/895 1014/1564/895 1013/1563/895 1050/2183/895
f 1061/2184/896 904/1270/896 881/1202/896 1012/2185/896
f 292/1713/897 229/1394/897 872/1271/897 904/1270/897
f 1057/1687/898 919/1324/898 832/1323/898 830/2186/898
f 1057/1693/899 830/2187/899 829/1437/899 968/1436/899
f 283/2188/900 1045/1654/900 865/1152/900 864/1151/900
f 1042/2189/901 1039/2190/901 984/1486/901 983/1485/901
f 1042/2191/902 983/2192/902 778/942/902 725/941/902
f 1042/1645/903 725/827/903 724/826/903 1041/1646/903
f 1041/2193/904 724/2194/904 1214/2195/904 1031/2196/904
f 1214/2197/905 724/826/905 146/825/905 757/897/905
f 1214/2198/906 757/2199/906 756/2200/906 1021/1576/906
f 1214/2198/907 1021/1576/907 1020/1575/907 1031/2201/907
f 1040/2202/908 971/2203/908 939/1378/908 938/1377/908
f 1040/2204/909 938/2205/909 675/1260/909 901/1259/909
f 1040/1638/910 901/2206/910 941/2207/910 940/1639/910
f 1038/2208/911 1215/2209/911 1033/2210/911 1032/2211/911
f 1038/2208/912 1037/2212/912 1028/1598/912 972/1600/912
f 1038/2208/913 972/1600/913 873/2213/913 1215/2209/913
f 1215/2214/914 1216/2215/914 956/1417/914 1033/2216/914
f 1215/2214/915 873/1178/915 790/978/915 1216/2215/915
f 1216/2215/916 715/803/916 957/1418/916 956/1417/916
f 1216/2215/917 790/978/917 716/804/917 715/803/917
f 1033/2216/918 956/1417/918 955/1416/918 961/2217/918
f 1030/2218/919 1029/2219/919 316/2220/919 1028/2221/919
f 1030/1642/920 1028/2222/920 1037/1633/920 280/1637/920
f 270/1601/921 271/1607/921 857/1515/921 884/1514/921
f 1047/2223/922 1144/2224/922 970/1441/922 969/1440/922
f 1021/1576/923 756/2200/923 888/2225/923 1018/1577/923
f 1019/2226/924 1018/2227/924 888/1218/924 887/1220/924
f 1019/2228/925 887/2229/925 722/821/925 778/942/925
f 1019/2228/926 778/942/926 983/2192/926 982/2230/926
f 1017/2231/927 992/2232/927 230/1398/927 951/1401/927
f 1016/2233/928 1015/2234/928 977/1478/928 976/1477/928
f 1015/1566/929 787/972/929 609/536/929 633/598/929
f 1015/2234/930 633/2235/930 882/1209/930 977/1478/930
f 1014/1564/931 895/1239/931 859/2236/931 908/1565/931
f 258/1546/932 209/1548/932 825/1092/932 839/1091/932
f 1002/2237/933 868/2238/933 187/2239/933 869/1307/933
f 1002/2237/934 869/1307/934 915/1306/934 999/2240/934
f 1002/1535/935 1001/1534/935 980/1794/935 868/2241/935
f 1000/1533/936 999/1532/936 915/2242/936 914/2243/936
f 1000/2244/937 914/2245/937 975/1476/937 979/1480/937
f 1000/2244/938 979/1480/938 802/2246/938 801/2247/938
f 1082/2143/939 1081/1756/939 1184/2035/939 1191/2166/939
f 1082/2143/940 1191/2166/940 1001/1534/940 255/1531/940
f 997/2248/941 928/1340/941 927/1339/941 993/2249/941
f 1003/1537/942 951/1401/942 950/1400/942 846/1114/942
f 985/2124/943 984/1635/943 234/1423/943 963/1429/943
f 981/2250/944 794/986/944 239/2251/944 942/2252/944
f 981/2250/945 944/2253/945 945/2254/945 893/1232/945
f 981/2250/946 893/1232/946 795/987/946 794/986/946
f 979/1480/947 978/1479/947 193/1208/947 802/2246/947
f 978/1479/948 977/1478/948 882/1209/948 193/1208/948
f 975/2255/949 914/2256/949 744/863/949 743/862/949
f 973/2257/950 935/1360/950 219/1347/950 930/1348/950
f 964/1430/951 284/1653/951 1192/2074/951 965/1431/951
f 961/2217/952 955/1416/952 862/1145/952 958/1420/952
f 959/1421/953 958/1420/953 862/1145/953 183/1141/953
f 955/1416/954 954/1415/954 863/1146/954 862/1145/954
f 954/1415/955 957/1418/955 671/691/955 863/1146/955
f 953/1412/956 819/1044/956 789/1043/956 788/974/956
f 788/974/957 264/973/957 1003/1570/957 256/1413/957
f 953/1412/958 788/974/958 256/1413/958 233/1410/958
f 950/1400/959 949/1399/959 678/1405/959 677/2258/959
f 950/2259/960 677/701/960 179/1004/960 846/2260/960
f 938/1377/961 736/849/961 136/558/961 675/698/961
f 243/1363/962 910/1294/962 827/1067/962 886/1217/962
f 243/1363/963 886/1217/963 889/1219/963 933/1364/963
f 934/2261/964 933/2262/964 889/2263/964 755/889/964
f 934/2261/965 755/889/965 143/730/965 1217/2264/965
f 934/1357/966 1217/2265/966 932/1353/966 931/1352/966
f 1217/2264/967 143/730/967 688/729/967 635/2266/967
f 1217/2267/968 635/2268/968 94/601/968 932/2269/968
f 932/2269/969 94/601/969 636/606/969 718/806/969
f 926/1337/970 836/1081/970 835/1080/970 1054/1680/970
f 926/1337/971 1054/1680/971 1218/2270/971 215/1334/971
f 925/1335/972 924/2271/972 1219/2272/972 878/1184/972
f 1219/2273/973 620/556/973 622/2274/973 1220/2275/973
f 1219/2276/974 1220/2277/974 879/2278/974 878/2279/974
f 1219/2273/975 924/2280/975 109/557/975 620/556/975
f 924/2281/976 923/2282/976 672/694/976 109/693/976
f 923/1331/977 726/829/977 655/650/977 672/2283/977
f 918/1320/978 906/2284/978 667/672/978 666/671/978
f 918/1320/979 666/671/979 665/670/979 784/1321/979
f 1221/2285/980 1024/2286/980 267/1311/980 211/1310/980
f 908/1285/981 859/1140/981 858/1139/981 897/1286/981
f 906/1277/982 817/1276/982 668/677/982 667/676/982
f 905/2287/983 870/2288/983 752/2289/983 751/2290/983
f 902/2291/984 866/2292/984 735/848/984 734/847/984
f 901/1259/985 673/695/985 102/2293/985 941/2294/985
f 899/1253/986 898/1252/986 717/1350/986 754/2295/986
f 899/1282/987 754/882/987 753/881/987 876/1181/987
f 897/1286/988 858/1139/988 709/2296/988 855/2297/988
f 201/2298/989 642/624/989 578/623/989 692/739/989
f 201/1245/990 692/2299/990 697/746/990 560/398/990
f 895/1239/991 785/1238/991 155/2300/991 859/2236/991
f 946/1389/992 1074/2173/992 198/2172/992 893/2301/992
f 945/1384/993 227/1383/993 946/1389/993 893/2301/993
f 890/2302/994 780/947/994 676/700/994 679/703/994
f 889/2263/995 888/2303/995 756/890/995 755/889/995
f 887/2229/996 826/2304/996 723/822/996 722/821/996
f 885/1518/997 856/1131/997 710/1134/997 694/2305/997
f 883/1210/998 882/1209/998 633/2235/998 632/1602/998
f 875/1180/999 874/1179/999 912/1297/999 252/1296/999
f 875/1180/1000 252/1296/1000 262/2306/1000 208/1281/1000
f 870/2288/1001 786/1242/1001 849/1241/1001 752/2289/1001
f 863/1146/1002 671/691/1002 108/605/1002 687/726/1002
f 860/1142/1003 686/725/1003 115/724/1003 792/2307/1003
f 858/2308/1004 809/2309/1004 125/687/1004 709/2310/1004
f 851/2157/1005 192/1198/1005 646/626/1005 645/625/1005
f 849/1118/1006 848/1117/1006 750/2311/1006 752/2312/1006
f 841/1095/1007 840/1094/1007 599/2313/1007 780/2314/1007
f 840/1094/1008 586/813/1008 77/2315/1008 599/2313/1008
f 833/1076/1009 732/843/1009 731/842/1009 795/987/1009
f 828/1068/1010 172/767/1010 702/766/1010 697/2316/1010
f 828/1068/1011 697/2316/1011 692/2317/1011 118/2318/1011
f 828/1068/1012 118/2318/1012 793/2319/1012 714/1069/1012
f 823/1052/1013 747/2320/1013 746/2321/1013 821/1053/1013
f 821/1047/1014 746/867/1014 745/866/1014 759/1048/1014
f 903/1269/1015 1222/2322/1015 712/2323/1015 711/2324/1015
f 903/1269/1016 773/930/1016 772/929/1016 1222/2322/1016
f 1222/2322/1017 1223/2325/1017 713/2326/1017 712/2323/1017
f 1222/2322/1018 772/929/1018 771/928/1018 1223/2325/1018
f 1223/2325/1019 771/928/1019 1224/2327/1019 660/2328/1019
f 1223/2325/1020 660/2328/1020 659/2329/1020 713/2326/1020
f 1224/2330/1021 1225/2331/1021 1226/2332/1021 1227/2333/1021
f 1224/2334/1022 1227/2335/1022 661/664/1022 660/663/1022
f 1224/2327/1023 771/928/1023 770/927/1023 1225/2336/1023
f 1227/2333/1024 1226/2332/1024 533/328/1024 532/323/1024
f 1227/2333/1025 532/323/1025 580/2337/1025 661/2338/1025
f 1226/2332/1026 612/538/1026 570/419/1026 533/328/1026
f 1226/2332/1027 1225/2331/1027 613/539/1027 612/538/1027
f 1225/2336/1028 770/927/1028 776/933/1028 613/2339/1028
f 817/1038/1029 168/1037/1029 601/2340/1029 668/2341/1029
f 168/2342/1030 681/708/1030 602/497/1030 601/496/1030
f 814/1027/1031 741/1303/1031 740/2343/1031 782/953/1031
f 811/1018/1032 810/1017/1032 1228/2344/1032 643/617/1032
f 1228/2344/1033 1229/2345/1033 644/618/1033 643/617/1033
f 1228/2346/1034 810/2347/1034 777/936/1034 651/2348/1034
f 1228/2344/1035 651/2349/1035 650/2350/1035 1229/2345/1035
f 1229/2351/1036 662/667/1036 579/438/1036 644/620/1036
f 1229/2351/1037 650/2352/1037 663/665/1037 662/667/1037
f 810/2347/1038 163/713/1038 684/712/1038 777/936/1038
f 809/2309/1039 808/2353/1039 670/688/1039 125/687/1039
f 806/1008/1040 514/2354/1040 513/283/1040 803/1005/1040
f 805/1007/1041 804/1006/1041 701/2355/1041 700/2356/1041
f 805/1188/1042 700/751/1042 699/750/1042 791/1189/1042
f 804/1006/1043 803/1005/1043 513/283/1043 46/277/1043
f 804/1006/1044 46/277/1044 512/282/1044 701/2355/1044
f 800/2357/1045 695/743/1045 615/795/1045 614/2358/1045
f 800/2359/1046 614/540/1046 613/539/1046 776/2360/1046
f 800/2357/1047 799/2361/1047 696/744/1047 695/743/1047
f 1230/2362/1048 1231/2363/1048 728/831/1048 727/830/1048
f 1231/2364/1049 123/772/1049 706/775/1049 1232/2365/1049
f 1231/2363/1050 1232/2366/1050 729/832/1050 728/831/1050
f 1232/2365/1051 706/775/1051 520/2367/1051 519/2368/1051
f 1232/2366/1052 519/2369/1052 62/2370/1052 729/832/1052
f 210/954/1053 782/953/1053 740/2343/1053 744/1304/1053
f 779/945/1054 753/881/1054 648/634/1054 649/633/1054
f 779/2371/1055 649/747/1055 697/746/1055 702/2372/1055
f 777/2373/1056 595/483/1056 594/482/1056 651/2374/1056
f 767/2375/1057 761/914/1057 147/913/1057 765/918/1057
f 767/2376/1058 765/2377/1058 705/774/1058 704/773/1058
f 765/2377/1059 764/2378/1059 1233/2379/1059 705/774/1059
f 1233/2379/1060 520/2367/1060 706/775/1060 705/774/1060
f 1233/2380/1061 764/2381/1061 575/2382/1061 1234/2383/1061
f 1233/2380/1062 1234/2383/1062 495/303/1062 520/302/1062
f 1234/2384/1063 575/433/1063 574/432/1063 1235/2385/1063
f 1234/2383/1064 1235/2386/1064 40/2387/1064 495/303/1064
f 1235/2385/1065 574/432/1065 476/193/1065 474/192/1065
f 1235/2388/1066 474/188/1066 473/187/1066 40/2389/1066
f 764/917/1067 763/916/1067 67/430/1067 575/433/1067
f 763/916/1068 762/915/1068 576/2390/1068 67/430/1068
f 762/915/1069 184/1148/1069 638/2391/1069 576/2390/1069
f 760/908/1070 627/577/1070 585/446/1070 584/445/1070
f 739/854/1071 741/857/1071 227/1383/1071 943/1386/1071
f 739/2392/1072 943/1458/1072 796/1457/1072 158/2393/1072
f 738/859/1073 626/2394/1073 625/660/1073 658/659/1073
f 1220/2277/1074 622/2395/1074 507/2396/1074 510/2397/1074
f 733/2398/1075 84/384/1075 64/383/1075 719/2399/1075
f 729/832/1076 62/2370/1076 508/652/1076 656/651/1076
f 711/790/1077 169/789/1077 217/2400/1077 903/2401/1077
f 169/2402/1078 710/1134/1078 630/591/1078 629/590/1078
f 707/2403/1079 205/1203/1079 815/1028/1079 124/778/1079
f 701/755/1080 512/2404/1080 540/341/1080 539/340/1080
f 793/984/1081 118/2405/1081 691/802/1081 173/801/1081
f 691/802/1082 690/2406/1082 1236/2407/1082 653/647/1082
f 1236/2407/1083 690/2406/1083 527/315/1083 1237/2408/1083
f 1236/2407/1084 1237/2408/1084 1238/2409/1084 1239/2410/1084
f 1236/2407/1085 1239/2410/1085 652/643/1085 653/647/1085
f 1239/2410/1086 1238/2409/1086 1240/2411/1086 547/2412/1086
f 1239/2410/1087 547/2412/1087 546/644/1087 652/643/1087
f 1240/2411/1088 1238/2409/1088 559/394/1088 587/2413/1088
f 1240/2414/1089 587/454/1089 506/266/1089 505/265/1089
f 1240/2414/1090 505/265/1090 504/355/1090 547/354/1090
f 1238/2409/1091 1237/2408/1091 557/395/1091 559/394/1091
f 1237/2408/1092 527/315/1092 526/314/1092 557/395/1092
f 690/2406/1093 577/435/1093 528/316/1093 527/315/1093
f 688/729/1094 598/491/1094 597/490/1094 635/2266/1094
f 673/2415/1095 672/2416/1095 655/2417/1095 102/2418/1095
f 671/2419/1096 957/2420/1096 715/2421/1096 130/2422/1096
f 662/667/1097 661/664/1097 580/439/1097 579/438/1097
f 654/648/1098 545/645/1098 544/349/1098 637/608/1098
f 638/2423/1099 543/2424/1099 542/345/1099 576/434/1099
f 622/2425/1100 102/2426/1100 508/272/1100 507/271/1100
f 186/1157/1101 225/1160/1101 941/1380/1101 102/2427/1101
f 621/565/1102 735/848/1102 186/2428/1102 102/566/1102
f 619/2429/1103 592/2430/1103 498/249/1103 497/248/1103
f 619/2429/1104 497/248/1104 582/2431/1104 581/2432/1104
f 611/2433/1105 610/2434/1105 156/450/1105 583/449/1105
f 611/2435/1106 583/444/1106 1241/2436/1106 1242/2437/1106
f 611/2438/1107 1242/2439/1107 500/2440/1107 608/2441/1107
f 1242/2439/1108 1241/2442/1108 1243/2443/1108 1244/2444/1108
f 1242/2439/1109 1244/2444/1109 501/2445/1109 500/2440/1109
f 1244/2444/1110 1243/2443/1110 426/2446/1110 440/127/1110
f 1244/2444/1111 440/127/1111 439/126/1111 501/2445/1111
f 1243/2447/1112 1241/2436/1112 1245/2448/1112 1246/2449/1112
f 1243/2447/1113 1246/2449/1113 427/104/1113 426/103/1113
f 1246/2449/1114 1245/2448/1114 496/2450/1114 459/2451/1114
f 1246/2452/1115 459/166/1115 450/149/1115 427/2453/1115
f 1245/2448/1116 1241/2436/1116 583/444/1116 582/443/1116
f 1245/2448/1117 582/443/1117 497/2454/1117 496/2450/1117
f 610/534/1118 609/536/1118 787/972/1118 156/971/1118
f 608/531/1119 500/2455/1119 499/2456/1119 536/532/1119
f 605/1191/1120 81/507/1120 515/510/1120 514/1192/1120
f 592/2430/1121 535/2457/1121 51/2458/1121 498/249/1121
f 587/454/1122 554/381/1122 509/380/1122 506/266/1122
f 580/2337/1123 532/323/1123 530/319/1123 529/318/1123
f 574/432/1124 573/431/1124 489/238/1124 476/193/1124
f 573/429/1125 572/428/1125 451/229/1125 489/228/1125
f 572/428/1126 541/344/1126 502/343/1126 494/2459/1126
f 572/2460/1127 494/241/1127 446/142/1127 451/151/1127
f 569/2461/1128 1247/2462/1128 562/417/1128 566/416/1128
f 569/2463/1129 568/2464/1129 1248/2465/1129 1247/2466/1129
f 1248/2465/1130 561/2467/1130 564/2468/1130 1247/2466/1130
f 1248/2469/1131 568/2470/1131 1249/2471/1131 1250/2472/1131
f 1248/2469/1132 1250/2472/1132 548/2473/1132 561/2474/1132
f 1250/2472/1133 1249/2471/1133 492/237/1133 487/236/1133
f 1250/2475/1134 487/224/1134 486/223/1134 548/358/1134
f 1249/2471/1135 568/2470/1135 567/2476/1135 1251/2477/1135
f 1249/2478/1136 1251/2479/1136 1252/2480/1136 492/2481/1136
f 1252/2482/1137 1251/2483/1137 551/363/1137 550/362/1137
f 1252/2484/1138 550/2485/1138 465/2486/1138 475/2487/1138
f 1252/2480/1139 475/191/1139 39/190/1139 492/2481/1139
f 1251/2488/1140 567/2489/1140 566/2490/1140 551/2491/1140
f 1247/2462/1141 564/2492/1141 66/2493/1141 562/417/1141
f 556/2494/1142 523/308/1142 530/2495/1142 531/2496/1142
f 556/388/1143 525/387/1143 522/2497/1143 1253/2498/1143
f 556/2494/1144 1253/2499/1144 524/309/1144 523/308/1144
f 1253/2498/1145 522/2497/1145 484/2500/1145 483/217/1145
f 1253/2498/1146 483/217/1146 472/216/1146 524/2501/1146
f 607/528/1147 60/396/1147 617/544/1147 88/529/1147
f 552/2502/1148 485/2503/1148 449/2504/1148 463/2505/1148
f 552/2502/1149 463/2505/1149 462/2506/1149 549/2507/1149
f 550/362/1150 549/361/1150 462/169/1150 465/173/1150
f 540/2508/1151 512/2509/1151 33/2510/1151 464/2511/1151
f 52/2512/1152 448/147/1152 27/144/1152 458/165/1152
f 524/309/1153 472/185/1153 467/184/1153 521/310/1153
f 521/305/1154 467/2513/1154 466/221/1154 484/220/1154
f 517/291/1155 443/131/1155 442/130/1155 511/292/1155
f 600/2514/1156 516/2515/1156 47/293/1156 73/296/1156
f 600/681/1157 73/468/1157 590/471/1157 106/678/1157
f 509/380/1158 478/201/1158 477/200/1158 506/266/1158
f 501/2516/1159 439/135/1159 445/134/1159 41/2517/1159
f 493/2518/1160 473/187/1160 435/115/1160 434/114/1160
f 491/268/1161 490/2519/1161 482/2520/1161 481/269/1161
f 490/2521/1162 469/2522/1162 429/121/1162 24/117/1162
f 490/2519/1163 24/2523/1163 438/2524/1163 482/2520/1163
f 482/2525/1164 438/2526/1164 1254/2527/1164 479/2528/1164
f 1254/2527/1165 1255/2529/1165 480/2530/1165 479/2528/1165
f 1254/2531/1166 438/124/1166 433/112/1166 432/111/1166
f 1254/2527/1167 432/2532/1167 424/2533/1167 1255/2529/1167
f 1255/2529/1168 1256/2534/1168 471/2535/1168 480/2530/1168
f 1255/2529/1169 424/2533/1169 422/2536/1169 1256/2534/1169
f 1256/2537/1170 430/108/1170 468/183/1170 471/182/1170
f 1256/2537/1171 422/97/1171 22/96/1171 430/108/1171
f 475/191/1172 465/2538/1172 29/152/1172 454/155/1172
f 35/189/1173 454/155/1173 453/154/1173 1257/2539/1173
f 35/189/1174 1257/2539/1174 436/2540/1174 435/2541/1174
f 1257/2539/1175 453/154/1175 1258/2542/1175 407/72/1175
f 1257/2539/1176 407/72/1176 405/71/1176 436/2540/1176
f 469/179/1177 468/178/1177 430/2543/1177 429/2544/1177
f 464/2545/1178 463/2546/1178 449/148/1178 448/147/1178
f 457/2547/1179 442/2548/1179 441/2549/1179 455/157/1179
f 456/158/1180 455/157/1180 441/2549/1180 1259/2550/1180
f 456/158/1181 1259/2550/1181 1260/2551/1181 411/2552/1181
f 456/158/1182 411/2552/1182 410/2553/1182 452/159/1182
f 1260/2554/1183 1259/2555/1183 423/98/1183 395/51/1183
f 1260/2554/1184 395/51/1184 383/50/1184 419/2556/1184
f 1260/2551/1185 419/91/1185 409/90/1185 411/2552/1185
f 1259/2555/1186 441/129/1186 25/99/1186 423/98/1186
f 453/154/1187 452/153/1187 410/77/1187 1258/2542/1187
f 450/149/1188 437/118/1188 428/122/1188 427/2453/1188
f 440/2557/1189 426/103/1189 22/102/1189 421/2558/1189
f 436/116/1190 405/65/1190 404/64/1190 23/109/1190
f 432/111/1191 431/110/1191 425/2559/1191 424/2560/1191
f 431/110/1192 23/109/1192 404/64/1192 403/63/1192
f 431/110/1193 403/63/1193 1261/2561/1193 425/2559/1193
f 1261/2562/1194 396/52/1194 21/94/1194 425/101/1194
f 1261/2561/1195 403/63/1195 398/62/1195 384/2563/1195
f 1261/2562/1196 384/2564/1196 8/49/1196 396/52/1196
f 423/98/1197 21/94/1197 396/52/1197 395/51/1197
f 420/93/1198 1262/2565/1198 400/58/1198 408/74/1198
f 420/93/1199 416/85/1199 1263/2566/1199 1264/2567/1199
f 420/93/1200 1264/2567/1200 1265/2568/1200 1262/2565/1200
f 1265/2568/1201 1266/2569/1201 401/59/1201 1262/2565/1201
f 1265/2568/1202 1264/2567/1202 1267/2570/1202 1268/2571/1202
f 1265/2568/1203 1268/2571/1203 374/25/1203 1266/2569/1203
f 1268/2571/1204 1267/2570/1204 1269/2572/1204 1270/2573/1204
f 1268/2571/1205 1270/2573/1205 375/26/1205 374/25/1205
f 1270/2574/1206 1269/2575/1206 1271/2576/1206 1272/2577/1206
f 1270/2578/1207 1272/2579/1207 376/2580/1207 375/2581/1207
f 1272/2582/1208 1271/2583/1208 1273/2584/1208 1274/2585/1208
f 1272/2582/1209 1274/2585/1209 1275/2586/1209 376/2587/1209
f 1275/2586/1210 1276/2588/1210 373/2589/1210 376/2587/1210
f 1275/2586/1211 1274/2585/1211 1277/2590/1211 1278/2591/1211
f 1275/2586/1212 1278/2591/1212 1279/2592/1212 1276/2588/1212
f 1279/2592/1213 1280/2593/1213 1281/2594/1213 1276/2588/1213
f 1279/2592/1214 1278/2591/1214 392/46/1214 391/45/1214
f 1279/2592/1215 391/45/1215 390/44/1215 1280/2593/1215
f 1281/2594/1216 1280/2593/1216 367/13/1216 366/12/1216
f 1281/2594/1217 366/12/1217 360/2595/1217 372/2596/1217
f 1281/2594/1218 372/2596/1218 373/2589/1218 1276/2588/1218
f 1280/2593/1219 390/44/1219 388/41/1219 367/13/1219
f 1278/2591/1220 1277/2590/1220 1282/2597/1220 392/46/1220
f 1282/2597/1221 1277/2590/1221 1283/2598/1221 1284/2599/1221
f 1282/2597/1222 1284/2599/1222 16/2600/1222 14/2601/1222
f 1282/2597/1223 14/2601/1223 393/47/1223 392/46/1223
f 1283/2598/1224 1277/2590/1224 1274/2585/1224 1273/2584/1224
f 1283/2598/1225 1273/2584/1225 1285/2602/1225 1286/2603/1225
f 1283/2598/1226 1286/2603/1226 13/67/1226 1284/2599/1226
f 1286/2603/1227 1285/2602/1227 1287/2604/1227 417/87/1227
f 1286/2603/1228 417/87/1228 406/68/1228 13/67/1228
f 1287/2604/1229 1285/2602/1229 1288/2605/1229 1289/2606/1229
f 1287/2604/1230 1289/2606/1230 1290/2607/1230 1291/2608/1230
f 1287/2604/1231 1291/2608/1231 418/88/1231 417/87/1231
f 1291/2608/1232 1290/2607/1232 12/2609/1232 2/11/1232
f 1291/2610/1233 2/2611/1233 368/2612/1233 418/2613/1233
f 1290/2607/1234 1289/2606/1234 1292/2614/1234 1293/2615/1234
f 1290/2607/1235 1293/2615/1235 11/2616/1235 12/2609/1235
f 1293/2617/1236 1292/2618/1236 1294/2619/1236 1295/2620/1236
f 1293/2621/1237 1295/2622/1237 1296/2623/1237 11/2624/1237
f 1295/2622/1238 1294/2625/1238 1297/2626/1238 1298/2627/1238
f 1295/2622/1239 1298/2627/1239 1299/2628/1239 1296/2623/1239
f 1298/2627/1240 1297/2626/1240 415/84/1240 414/83/1240
f 1298/2627/1241 414/83/1241 1300/2629/1241 1299/2628/1241
f 1300/2629/1242 414/83/1242 413/82/1242 381/33/1242
f 1300/2629/1243 381/33/1243 380/32/1243 1301/2630/1243
f 1302/2631/1244 1301/2630/1244 1303/2632/1244 1304/2633/1244
f 1302/2631/1245 1299/2628/1245 1300/2629/1245 1301/2630/1245
f 1303/2632/1246 1301/2630/1246 380/32/1246 1305/2634/1246
f 1305/2634/1247 380/32/1247 6/28/1247 379/31/1247
f 1305/2634/1248 379/31/1248 371/21/1248 4/20/1248
f 1297/2626/1249 1263/2566/1249 416/85/1249 415/84/1249
f 1297/2626/1250 1294/2625/1250 1306/2635/1250 1263/2566/1250
f 1306/2635/1251 1267/2570/1251 1264/2567/1251 1263/2566/1251
f 1306/2635/1252 1294/2625/1252 1292/2636/1252 1307/2637/1252
f 1306/2635/1253 1307/2637/1253 1269/2572/1253 1267/2570/1253
f 1307/2638/1254 1292/2639/1254 1289/2640/1254 1288/2641/1254
f 1307/2638/1255 1288/2641/1255 1271/2576/1255 1269/2575/1255
f 1288/2605/1256 1285/2602/1256 1273/2584/1256 1271/2583/1256
f 1266/2569/1257 1308/2642/1257 402/60/1257 401/59/1257
f 1266/2569/1258 374/25/1258 365/9/1258 1308/2642/1258
f 1308/2642/1259 1309/2643/1259 378/30/1259 402/60/1259
f 1308/2642/1260 365/9/1260 364/8/1260 1309/2643/1260
f 1309/2643/1261 371/21/1261 379/31/1261 378/30/1261
f 1309/2643/1262 364/8/1262 363/7/1262 371/21/1262
f 1262/2565/1263 401/59/1263 9/53/1263 400/58/1263
f 419/2644/1264 383/35/1264 382/34/1264 412/81/1264
f 19/86/1265 418/88/1265 368/14/1265 387/40/1265
f 413/82/1266 412/81/1266 382/34/1266 381/33/1266
f 1258/2542/1267 410/77/1267 17/69/1267 407/72/1267
f 1284/2599/1268 13/67/1268 15/2645/1268 16/2600/1268
f 402/60/1269 378/30/1269 377/29/1269 397/54/1269
f 398/55/1270 397/54/1270 377/29/1270 384/37/1270
f 394/48/1271 386/39/1271 385/38/1271 389/43/1271
f 390/44/1272 389/43/1272 385/38/1272 388/41/1272
f 388/41/1273 387/40/1273 368/14/1273 367/13/1273
f 40/2389/1274 473/187/1274 493/2518/1274 461/2646/1274
f 566/2647/1275 567/2648/1275 568/2649/1275 569/2650/1275
f 942/2651/1276 943/1386/1276 944/1385/1276 981/2652/1276
f 214/2653/1277 249/2654/1277 283/2655/1277 864/2656/1277
f 332/1909/1278 1094/2152/1278 1138/1945/1278 1139/1906/1278
f 1152/1948/1279 1170/2093/1279 1155/2657/1279 1153/1949/1279
f 14/2601/1280 16/2600/1280 15/2645/1280
f 303/1789/1281 1078/2658/1281 314/1588/1281 1025/1587/1281
f 45/2659/1282 507/271/1282 44/259/1282 481/2660/1282
f 464/2511/1283 448/2661/1283 52/2662/1283 540/2508/1283
f 607/528/1284 107/527/1284 79/397/1284 60/396/1284
f 92/593/1285 93/596/1285 74/480/1285 595/483/1285
f 720/814/1286 166/949/1286 153/948/1286 131/811/1286
f 912/1297/1287 874/1179/1287 189/944/1287 151/943/1287
f 217/2663/1288 169/2664/1288 903/2665/1288
f 1013/1563/1289 262/1562/1289 252/2666/1289 1048/2667/1289
f 362/2668/1290 1/2669/1290 361/2670/1290
f 1160/1969/1291 341/1967/1291 1128/1883/1291 1206/2155/1291
f 1131/1888/1292 338/1887/1292 348/2671/1292 1160/2672/1292
f 1064/2673/1293 300/2674/1293 1089/2675/1293
f 1204/2676/1294 338/2677/1294 1160/2678/1294
f 1212/2177/1295 1211/2176/1295 1213/2679/1295
f 393/47/1296 14/2601/1296 394/48/1296
f 14/2601/1297 15/2645/1297 13/67/1297 394/48/1297
f 84/2680/1298 733/2681/1298 1311/2682/1298 1310/2683/1298
f 732/2684/1299 175/2685/1299 1311/2686/1299 733/2687/1299
f 510/2397/1300 84/2680/1300 1310/2683/1300 1220/2277/1300
f 1310/2683/1301 190/2688/1301 879/2278/1301 1220/2277/1301
f 1310/2683/1302 1311/2682/1302 175/2689/1302 190/2688/1302
f 142/818/1303 132/817/1303 157/977/1303
f 142/818/1304 157/977/1304 790/978/1304
f 142/818/1305 790/978/1305 162/1009/1305
f 142/2690/1306 162/2691/1306 721/2692/1306
f 157/2693/1307 132/2694/1307 1313/2695/1307 1312/2696/1307
f 565/2697/1308 605/1191/1308 1313/2695/1308 132/2694/1308
f 1312/2696/1309 1313/2695/1309 605/1191/1309 191/1190/1309
f 791/2698/1310 157/2693/1310 1312/2696/1310 191/1190/1310
f 847/2699/1311 606/2700/1311 618/2701/1311 721/2702/1311
f 847/2699/1312 269/2703/1312 98/2704/1312 606/2700/1312
f 213/1147/1313 922/2705/1313 758/903/1313 184/905/1313
f 861/2706/1314 792/1292/1314 214/1291/1314 203/2707/1314
f 861/2706/1315 860/2708/1315 792/1292/1315
f 922/1539/1316 253/1521/1316 758/2709/1316
f 253/1500/1317 861/1143/1317 203/904/1317 758/903/1317
f 1079/2710/1318 1177/2022/1318 290/1695/1318 267/1696/1318
f 1177/2022/1319 1144/1925/1319 1047/1658/1319 290/1695/1319
f 1303/2632/1320 1305/2634/1320 4/20/1320
f 1303/2711/1321 4/2712/1321 3/2713/1321
f 1303/2714/1322 3/15/1322 370/18/1322
f 1303/2632/1323 370/2715/1323 369/2716/1323
f 1303/2632/1324 369/2716/1324 363/7/1324
f 1303/2632/1325 363/7/1325 362/6/1325
f 361/2717/1326 360/2595/1326 366/12/1326
f 361/2717/1327 366/12/1327 2/11/1327
f 361/2718/1328 2/2719/1328 12/2720/1328
f 361/2718/1329 12/2720/1329 11/2721/1329
f 361/2722/1330 11/2624/1330 1296/2623/1330
f 361/2722/1331 1296/2623/1331 1299/2628/1331
f 361/2723/1332 1299/2724/1332 1302/2725/1332
f 493/2518/1333 434/114/1333 26/113/1333 447/2726/1333
f 461/2727/1334 493/2728/1334 447/2729/1334 460/2730/1334
f 1063/2731/1335 1062/2732/1335 317/2733/1335 1123/2734/1335
f 1132/2735/1336 1063/2736/1336 1157/2011/1336 342/2010/1336
f 1063/2737/1337 1123/2738/1337 339/2739/1337 1157/2740/1337
f 1008/1827/1338 259/2741/1338 905/2742/1338 948/2743/1338
f 1206/2155/1339 333/2156/1339 948/2743/1339 1064/2744/1339
f 1127/1882/1340 322/1879/1340 1315/2745/1340 1314/2746/1340
f 1106/1828/1341 1008/1827/1341 1315/2745/1341 322/1879/1341
f 1314/2746/1342 1315/2745/1342 1008/1827/1342 948/2743/1342
f 333/2156/1343 1127/1882/1343 1314/2746/1343 948/2743/1343
f 55/2747/1344 552/367/1344 549/2748/1344 56/359/1344
f 66/2749/1345 76/487/1345 75/486/1345 68/2750/1345
f 1209/2175/1346 1210/2174/1346 1213/2679/1346 1211/2176/1346
