# Blender 4.4.0
# www.blender.org
mtllib Meshy_AI_Stylized_low_poly_old_0519051515_texture.mtl
o Meshy_AI_Stylized_low_poly_old_0519051515_texture
v 0.199759 -0.918425 0.081161
v 0.303224 -0.883314 0.182877
v 0.149890 -0.906925 0.088791
v 0.305898 -0.857651 0.183841
v 0.305557 -0.905476 0.153402
v 0.277134 -0.906152 0.225200
v 0.285459 -0.863049 0.240998
v 0.187075 -0.919219 -0.077184
v 0.155575 -0.906142 -0.108348
v 0.431176 -0.818173 0.265458
v 0.186256 -0.926037 -0.226925
v 0.565173 -0.752808 0.217438
v 0.542390 -0.757892 0.234076
v 0.423637 -0.795824 0.301444
v 0.201984 -0.892759 0.255775
v 0.479947 -0.814193 -0.195253
v 0.032964 -0.924739 -0.081100
v 0.301265 -0.900485 -0.271529
v 0.583007 -0.740899 0.205051
v 0.259826 -0.859515 -0.316919
v 0.516850 -0.744725 0.231354
v 0.689982 -0.605484 0.062708
v 0.682244 -0.598057 0.068744
v 0.434248 -0.801607 -0.241364
v 0.429539 -0.845346 -0.251834
v 0.511375 -0.789166 -0.222201
v 0.190238 -0.832486 0.360194
v 0.098837 -0.940147 -0.237295
v 0.169041 -0.930019 0.339993
v 0.499370 -0.753106 -0.247732
v 0.211056 -0.814399 -0.364244
v 0.533550 -0.724541 0.325981
v 0.669057 -0.642693 -0.102935
v 0.338059 -0.880558 -0.358221
v 0.026011 -0.898131 0.260461
v -0.062827 -0.945704 0.197965
v 0.417349 -0.775884 -0.344770
v 0.696646 -0.597636 -0.074355
v 0.071957 -0.930529 0.278642
v -0.038754 -0.946529 0.223723
v 0.419426 -0.842795 -0.346419
v 0.072604 -0.919402 0.317422
v 0.569377 -0.760938 -0.230671
v 0.015196 -0.919281 -0.226623
v 0.119307 -0.938195 0.346558
v 0.098937 -0.940195 -0.353254
v 0.673760 -0.593643 0.274374
v -0.069337 -0.932282 -0.226818
v -0.186251 -0.896319 -0.068904
v -0.033617 -0.906442 -0.243372
v 0.733706 -0.581300 0.229050
v 0.504418 -0.686312 -0.360777
v 0.045226 -0.866744 -0.351921
v 0.648012 -0.686335 0.369223
v -0.167922 -0.928463 0.221593
v -0.257084 -0.904490 -0.046590
v 0.574977 -0.742114 -0.361092
v -0.228325 -0.914179 -0.148156
v 0.722179 -0.545485 -0.212638
v 0.668191 -0.611685 -0.250155
v -0.272541 -0.904071 -0.144493
v -0.067361 -0.876572 0.353311
v -0.220273 -0.891075 0.248444
v 0.678840 -0.651833 -0.305747
v -0.361083 -0.828059 0.069338
v 0.867509 -0.345262 0.070496
v -0.201311 -0.923867 0.268381
v -0.309500 -0.894315 -0.208674
v -0.369925 -0.865472 -0.071111
v 0.880296 -0.308098 0.055418
v 0.705348 -0.457709 0.383932
v 0.765410 -0.534692 -0.264349
v -0.287044 -0.881551 -0.227530
v 0.649022 -0.617035 -0.361669
v -0.211014 -0.891041 -0.275433
v -0.260671 -0.857511 -0.239028
v -0.384096 -0.820782 -0.072069
v -0.447192 -0.785827 0.065593
v -0.176558 -0.917764 0.359604
v -0.284527 -0.860292 0.255259
v -0.462979 -0.808075 -0.048073
v 0.835976 -0.419091 0.256872
v 0.879520 -0.254170 0.186292
v 0.876105 -0.379921 -0.124942
v 0.882158 -0.323647 0.207470
v 0.746311 -0.498973 -0.367018
v 0.375118 -0.484741 -0.327860
v -0.211298 -0.837160 0.347386
v -0.357083 -0.872732 0.261366
v -0.404172 -0.861523 -0.220716
v -0.417741 -0.840999 -0.237204
v 0.788707 -0.522077 -0.360234
v 0.867907 -0.292025 0.252694
v -0.449747 -0.780193 0.268454
v -0.469375 -0.816052 0.217602
v 0.892784 -0.334064 -0.210006
v 0.924227 -0.246693 -0.097739
v 0.910815 -0.223905 0.137834
v 0.911610 -0.194979 0.124920
v 0.919728 -0.282575 0.251087
v 0.841855 -0.360717 -0.276737
v -0.321289 -0.894444 -0.348570
v 0.935211 -0.153550 -0.027591
v -0.550014 -0.725060 0.062352
v -0.298187 -0.824174 0.366141
v -0.458231 -0.781071 -0.229237
v -0.316441 -0.695282 0.395077
v -0.428930 -0.805197 0.299370
v 0.859460 -0.384444 -0.297855
v -0.482876 -0.780366 -0.226754
v 0.924811 -0.118084 0.096465
v 0.943795 -0.165478 0.151893
v 0.872147 -0.288191 -0.239368
v 0.953383 -0.120381 0.171795
v -0.429649 -0.828768 0.317077
v -0.256916 -0.757180 -0.407973
v 0.851263 -0.245257 0.357841
v -0.402362 -0.826453 0.367395
v -0.415667 -0.837267 0.335549
v 0.839877 -0.448900 -0.362369
v 0.781915 -0.383877 -0.385725
v 0.912002 -0.293390 -0.237251
v 0.914407 -0.133297 -0.072073
v 0.924279 -0.211424 0.353177
v 0.914471 -0.118275 -0.079830
v 0.815006 -0.223015 0.384576
v -0.384668 -0.782040 0.383548
v -0.544241 -0.745926 -0.259744
v -0.623274 -0.708863 0.240130
v 0.839184 -0.233213 -0.356088
v -0.695490 -0.623165 0.077627
v 0.916744 -0.068754 0.279343
v 0.944518 -0.115572 0.297829
v -0.592262 -0.743011 0.262923
v 0.552603 -0.249586 -0.339898
v 0.909391 -0.225957 -0.368937
v -0.576903 -0.761162 -0.273552
v 0.526990 -0.302052 -0.329770
v -0.602588 -0.737550 0.320714
v 0.908307 -0.079117 0.363090
v -0.734842 -0.587513 0.156082
v -0.654094 -0.669507 0.239965
v 0.908925 -0.047612 -0.271508
v 0.948332 -0.085263 -0.291370
v -0.691219 -0.601014 -0.221257
v -0.497208 -0.662861 -0.375385
v 0.926237 0.131172 0.077142
v 0.919305 0.056787 0.282854
v -0.707696 -0.585653 0.231055
v -0.587154 -0.733994 -0.358228
v 0.943045 0.076110 0.284870
v 0.885029 0.034228 0.341435
v 0.606592 -0.113048 -0.347674
v 0.899055 -0.038929 -0.334637
v -0.657918 -0.682736 -0.272975
v -0.632104 -0.674811 0.376506
v 0.939119 -0.116104 -0.358444
v 0.940913 0.041497 -0.078017
v -0.677990 -0.589100 -0.285935
v 0.904456 0.027544 -0.222956
v -0.797238 -0.494817 0.108130
v 0.908159 0.224829 0.036208
v 0.922123 0.073391 -0.242186
v -0.774809 -0.530390 0.216165
v -0.597924 -0.580930 0.382259
v -0.764786 -0.541824 0.275497
v -0.786506 -0.539269 0.215441
v 0.934453 0.110391 0.340570
v -0.652619 -0.675646 -0.366301
v -0.786598 -0.450425 -0.063815
v -0.801177 -0.467015 0.094895
v 0.876379 0.268566 0.197935
v 0.935800 0.096765 -0.261297
v 0.947945 0.145694 -0.144901
v -0.623235 -0.601965 -0.375478
v -0.702642 -0.515807 0.347806
v -0.811509 -0.485470 0.222282
v 0.901825 0.233345 0.175754
v -0.769137 -0.564732 -0.253511
v -0.817666 -0.492937 0.264855
v 0.919935 0.176105 -0.186189
v -0.813534 -0.429577 0.240590
v -0.838758 -0.346893 0.102540
v -0.797815 -0.529679 0.342619
v 0.882259 0.270649 0.288030
v 0.916210 0.251813 0.297624
v -0.714275 -0.489733 -0.376571
v -0.890054 -0.300952 0.074024
v 0.920003 0.226207 0.321934
v 0.917802 0.204260 0.347451
v 0.797779 0.192216 0.385283
v 0.868281 0.365263 0.227782
v -0.806479 -0.511361 -0.355756
v 0.868742 0.354066 0.093973
v -0.876173 -0.373179 -0.137839
v 0.840547 0.355562 0.244354
v 0.850673 0.397879 0.112736
v 0.891648 0.265585 -0.248042
v 0.882920 0.327989 -0.112481
v 0.881266 0.289152 -0.178286
v -0.843384 -0.354498 -0.269109
v -0.893433 -0.281255 -0.157126
v 0.859030 0.397990 0.260674
v -0.880984 -0.288456 -0.183359
v -0.854091 -0.401448 -0.280411
v -0.796607 -0.372617 0.374828
v -0.883062 -0.243228 0.197353
v -0.867810 -0.246484 0.332969
v -0.902292 -0.292996 0.250750
v 0.853851 0.264781 -0.338124
v -0.818220 -0.371161 -0.354955
v 0.835829 0.344549 0.321064
v -0.862913 -0.297644 -0.241111
v -0.931147 -0.164860 0.124336
v 0.830991 0.374626 -0.243361
v -0.900073 -0.208380 -0.190388
v -0.920735 -0.114903 0.093961
v 0.844321 0.402215 0.370617
v -0.911183 -0.269024 -0.241255
v -0.928207 -0.199462 0.334087
v 0.788652 0.535012 0.210205
v -0.924976 -0.195140 -0.106384
v 0.510607 0.322517 -0.355136
v -0.912743 -0.125498 -0.090794
v 0.518255 0.322532 -0.338628
v -0.924467 -0.127401 -0.099050
v 0.718229 0.542566 0.233508
v -0.852688 -0.257311 -0.353926
v 0.787358 0.517624 0.352789
v -0.830293 -0.175720 -0.391868
v -0.905096 0.032966 0.300604
v 0.739609 0.498617 0.369414
v -0.941963 -0.089045 0.295939
v 0.669039 0.609998 0.247594
v -0.924515 -0.090189 0.375923
v 0.757832 0.550684 -0.235528
v -0.914105 -0.033011 -0.268929
v 0.809896 0.497873 -0.341546
v 0.718228 0.614443 -0.208320
v 0.614439 0.554530 0.383656
v 0.685419 0.663962 0.256443
v 0.401847 0.451343 -0.353266
v 0.684938 0.633373 -0.176519
v -0.920238 -0.115909 -0.376870
v 0.398663 0.468025 -0.333891
v 0.743491 0.508052 -0.341383
v -0.914088 -0.068887 -0.324328
v -0.907659 0.020631 0.268424
v -0.934844 0.112998 -0.093391
v 0.676047 0.604360 -0.251685
v 0.597320 0.732732 0.236184
v 0.662586 0.624052 -0.343151
v 0.601506 0.718503 -0.181319
v 0.619360 0.689197 -0.191686
v -0.927162 0.102785 0.258763
v -0.946494 0.069677 -0.274394
v -0.934517 0.174423 -0.149687
v -0.494573 0.372906 0.346310
v 0.678083 0.648936 -0.317045
v 0.654592 0.668795 -0.244272
v -0.555454 0.251348 -0.331473
v -0.534553 0.297696 0.338858
v -0.516360 0.313703 0.359486
v 0.566307 0.756849 -0.165901
v -0.885685 0.081045 -0.364928
v -0.530941 0.292080 -0.351526
v 0.520131 0.745238 0.270812
v 0.576071 0.756508 0.279310
v 0.477831 0.761516 0.237777
v 0.526900 0.776949 -0.195458
v 0.411762 0.701970 0.379954
v -0.524068 0.312649 0.338570
v -0.920807 0.135270 -0.362716
v -0.938504 0.190287 0.232504
v 0.561861 0.725947 0.335091
v 0.449976 0.705140 0.361852
v -0.517899 0.332724 -0.339089
v 0.602255 0.732180 -0.336741
v -0.926472 0.185995 -0.231448
v -0.880259 0.328088 -0.042796
v -0.888450 0.212908 -0.195076
v -0.910259 0.236160 0.212276
v 0.526726 0.705720 -0.340125
v -0.876013 0.241582 -0.336968
v -0.856132 0.302709 0.221050
v 0.429458 0.757971 0.342791
v 0.563614 0.765503 -0.233012
v 0.509338 0.746118 -0.245838
v -0.879344 0.341893 -0.193278
v 0.438204 0.840145 0.278522
v -0.873781 0.323061 0.209286
v -0.773087 0.346882 0.371885
v 0.420655 0.782428 -0.339137
v -0.852437 0.321050 -0.239304
v -0.894763 0.277961 -0.252560
v -0.916747 0.228353 -0.323695
v -0.883365 0.331787 0.140348
v -0.912729 0.267347 -0.287725
v -0.835989 0.365987 -0.326832
v 0.307100 0.886503 0.226224
v 0.427573 0.803265 -0.246512
v -0.843257 0.338119 -0.281055
v 0.280877 0.832114 0.345357
v 0.281091 0.867305 0.231823
v 0.417443 0.852497 -0.262374
v 0.333487 0.882590 0.348053
v -0.652713 0.585105 0.346016
v 0.303554 0.868271 -0.336347
v 0.336737 0.885835 -0.340483
v 0.254072 0.918460 -0.192040
v 0.154383 0.874033 0.349630
v -0.187439 0.579113 0.359761
v -0.821276 0.474181 0.351881
v 0.215597 0.928906 -0.187484
v 0.060748 0.816949 0.383790
v 0.175151 0.888548 0.236660
v -0.256026 0.557158 0.337857
v -0.684240 0.652378 0.335028
v -0.640614 0.659382 0.057539
v -0.220421 0.574558 0.346031
v 0.295709 0.893995 -0.223654
v 0.263562 0.870697 -0.239977
v -0.675577 0.527565 -0.354646
v -0.696033 0.590910 0.071332
v -0.674860 0.605212 0.246608
v 0.203449 0.888029 -0.329220
v 0.086581 0.928737 -0.085145
v -0.785019 0.544227 -0.223457
v -0.722043 0.552042 -0.232602
v -0.689463 0.585455 0.068968
v 0.158804 0.932077 0.236279
v -0.536861 0.701708 0.382797
v -0.691802 0.649646 0.248886
v -0.668519 0.640195 -0.373910
v 0.103267 0.706549 0.033078
v 0.067431 0.914607 0.227079
v 0.211477 0.924442 -0.354953
v -0.648903 0.622100 0.087917
v 0.078345 0.858067 -0.361067
v -0.692781 0.641665 -0.348192
v -0.740367 0.591477 -0.122800
v -0.676272 0.621019 -0.063484
v -0.715527 0.620425 -0.099870
v -0.666810 0.622519 -0.093269
v 0.071619 0.954452 0.231567
v -0.530635 0.751584 0.331923
v 0.215352 0.914513 -0.238352
v -0.686755 0.644616 -0.123979
v -0.670705 0.619541 -0.237047
v -0.017434 0.924866 0.218257
v -0.044413 0.841411 -0.360304
v 0.090088 0.916746 -0.356587
v -0.649193 0.642425 -0.096378
v -0.087281 0.879382 0.360988
v -0.134301 0.798839 -0.387710
v -0.465121 0.752675 0.330623
v -0.678703 0.672083 -0.249464
v -0.630182 0.711902 -0.328853
v -0.039840 0.909055 0.239056
v -0.071736 0.874745 -0.353299
v 0.068103 0.927904 -0.230534
v -0.546716 0.715678 -0.336529
v 0.074677 0.950266 -0.229531
v -0.115025 0.905320 0.070837
v -0.059546 0.930813 0.087863
v -0.114759 0.941372 0.199599
v -0.536237 0.735489 0.229388
v -0.424826 0.834617 0.366109
v -0.171774 0.906147 0.071489
v -0.087874 0.947760 0.278498
v -0.119189 0.936356 0.342869
v -0.201020 0.872981 0.353584
v -0.090236 0.915192 -0.366049
v -0.199942 0.907785 -0.070239
v -0.207590 0.883479 0.320160
v -0.166827 0.924997 0.217639
v -0.501797 0.794415 0.207969
v -0.441736 0.795916 0.236127
v -0.497189 0.792703 0.234782
v -0.058198 0.923888 -0.218280
v -0.533944 0.741107 -0.235598
v -0.193145 0.927642 0.353243
v -0.293548 0.815687 0.368984
v -0.163984 0.915682 -0.097987
v -0.035279 0.945795 -0.237834
v -0.565729 0.755783 -0.227537
v -0.317987 0.885052 0.344847
v -0.202592 0.919174 0.095315
v -0.204185 0.893899 0.215893
v -0.210694 0.928801 0.240405
v -0.237078 0.829213 -0.354965
v -0.242484 0.909888 0.138970
v -0.436213 0.808516 -0.242795
v -0.406214 0.821655 0.070680
v -0.254928 0.859534 0.213864
v -0.206981 0.898254 -0.245158
v -0.277485 0.914380 0.146363
v -0.336254 0.887127 -0.323964
v -0.318028 0.887213 -0.052492
v -0.296101 0.880482 0.229209
v -0.371367 0.866641 -0.223987
v 0.915526 0.176299 0.047290
v 0.197856 -0.903503 0.063709
v 0.273278 -0.907883 0.060068
v 0.257208 -0.918157 0.087090
v 0.131931 -0.905873 0.064675
v 0.279939 -0.882418 0.237578
v 0.200132 -0.927032 0.204634
v 0.202999 -0.930871 0.171930
v 0.215625 -0.909110 0.121822
v 0.215579 -0.908819 0.123356
v 0.135952 -0.923557 0.104154
v 0.341551 -0.859657 0.225517
v 0.443868 -0.814265 0.217211
v 0.433261 -0.804183 0.222677
v 0.348339 -0.883974 0.181907
v 0.199668 -0.910259 0.228177
v 0.191558 -0.922870 -0.035305
v 0.106053 -0.934561 -0.045228
v 0.100620 -0.910162 -0.072959
v 0.156899 -0.933072 -0.119084
v 0.221537 -0.930080 -0.105700
v 0.097674 -0.916685 -0.100102
v 0.101013 -0.947835 -0.109362
v 0.510822 -0.741432 0.272307
v 0.415542 -0.813080 0.344409
v 0.328537 -0.885720 0.319812
v 0.272854 -0.910823 -0.187673
v 0.262816 -0.918811 -0.168202
v 0.173485 -0.939973 -0.188434
v 0.151938 -0.937306 -0.305124
v 0.191823 -0.924479 -0.295356
v 0.223164 -0.905537 -0.239365
v 0.275764 -0.893868 -0.198234
v 0.465148 -0.820690 0.208775
v 0.467224 -0.822982 0.189118
v 0.603431 -0.704982 0.202689
v 0.592908 -0.713194 0.221128
v 0.600467 -0.731070 0.232059
v 0.557889 -0.752007 0.282935
v 0.604225 -0.737872 0.275511
v 0.495849 -0.722802 0.350646
v 0.131185 -0.900264 0.224631
v 0.131451 -0.925961 0.211083
v 0.202002 -0.915786 0.285254
v 0.143250 -0.916459 0.237648
v 0.199949 -0.889670 0.318841
v 0.197812 -0.908634 0.335664
v 0.448563 -0.808010 -0.216102
v 0.501705 -0.769689 -0.225057
v 0.556574 -0.750704 -0.191224
v 0.559170 -0.764459 -0.171559
v 0.557099 -0.770682 -0.150322
v 0.462570 -0.827180 -0.171198
v 0.029556 -0.927357 -0.067052
v -0.072348 -0.923347 -0.063139
v -0.067987 -0.921272 -0.081492
v 0.325832 -0.897110 -0.255818
v 0.309527 -0.880856 -0.229267
v 0.280422 -0.876137 -0.258438
v 0.303778 -0.887495 -0.313527
v 0.336780 -0.893045 -0.309624
v 0.488694 -0.811669 0.169342
v 0.597790 -0.741478 0.171809
v 0.030560 -0.950297 -0.101175
v -0.071564 -0.951226 -0.100831
v 0.249157 -0.870322 -0.248823
v 0.208740 -0.884000 -0.314290
v 0.167126 -0.873013 -0.372046
v 0.298501 -0.848836 -0.359810
v 0.315493 -0.870838 -0.368896
v 0.591570 -0.684791 0.062491
v 0.613163 -0.700761 0.042645
v 0.622999 -0.706318 0.016131
v 0.705263 -0.609726 0.029462
v 0.764195 -0.503971 0.049605
v 0.774434 -0.515257 0.066490
v 0.798476 -0.528747 0.082220
v 0.724741 -0.604230 0.092769
v 0.682501 -0.634362 0.112905
v 0.614272 -0.721870 0.097682
v 0.141970 -0.939311 0.264158
v 0.163456 -0.936121 0.300328
v 0.358775 -0.859007 -0.197501
v 0.358578 -0.854857 -0.211984
v 0.366327 -0.864209 -0.220938
v 0.429844 -0.823191 -0.245721
v 0.427883 -0.810634 -0.306146
v 0.436629 -0.783731 -0.300927
v 0.495779 -0.747382 -0.302684
v 0.376671 -0.874834 -0.249471
v 0.381300 -0.872452 -0.305163
v 0.422625 -0.844717 -0.308151
v 0.549305 -0.733764 -0.203254
v 0.228589 -0.838866 0.348602
v 0.352596 -0.790796 0.382389
v 0.262636 -0.762966 0.382538
v 0.077701 -0.810663 0.389642
v 0.071097 -0.877072 0.361355
v 0.155957 -0.887435 0.372039
v 0.096074 -0.947839 -0.202065
v 0.097605 -0.947007 -0.307814
v 0.035361 -0.903674 -0.247165
v 0.068967 -0.908992 -0.312813
v 0.128048 -0.920759 0.362333
v 0.550283 -0.734532 -0.313601
v 0.546475 -0.744769 -0.265894
v 0.556426 -0.737919 -0.230798
v 0.545534 -0.721471 -0.220609
v 0.046806 -0.812863 -0.380920
v 0.056616 -0.756766 -0.392333
v 0.222452 -0.735514 -0.392023
v 0.571186 -0.743785 0.344643
v 0.638674 -0.661759 0.381470
v 0.626377 -0.643657 0.384765
v 0.624500 -0.700562 -0.089815
v 0.632979 -0.713319 -0.112309
v 0.685349 -0.647093 -0.120879
v 0.731731 -0.595574 -0.091127
v 0.606716 -0.680606 -0.086335
v 0.146222 -0.927762 -0.356050
v 0.205792 -0.906464 -0.317881
v 0.371597 -0.841660 -0.375049
v 0.380370 -0.862494 -0.355484
v 0.085105 -0.917458 0.236192
v 0.101990 -0.944417 0.265394
v -0.008797 -0.911410 0.233007
v 0.068754 -0.910667 0.210962
v -0.016750 -0.893913 0.303704
v -0.058264 -0.952908 0.148230
v 0.038047 -0.953040 0.151017
v 0.041361 -0.951775 0.184014
v 0.054018 -0.939001 0.207265
v -0.148671 -0.942759 0.181364
v -0.145302 -0.945994 0.150653
v -0.084746 -0.947671 0.219018
v 0.495978 -0.728034 -0.336611
v 0.421407 -0.811674 -0.360366
v 0.361752 -0.816543 -0.378490
v 0.342698 -0.781468 -0.383606
v 0.416609 -0.749503 -0.356910
v 0.705837 -0.598333 -0.051971
v 0.605763 -0.676079 -0.059127
v 0.788134 -0.507771 -0.065895
v 0.768604 -0.501161 -0.055649
v 0.771468 -0.501872 -0.038933
v 0.614694 -0.726872 0.323131
v 0.658556 -0.684623 0.321725
v 0.111975 -0.946000 0.307020
v 0.577728 -0.758248 -0.271869
v 0.618326 -0.724378 -0.270054
v 0.620869 -0.717463 -0.229694
v 0.610933 -0.693717 -0.217896
v 0.090185 -0.912760 -0.367194
v 0.147723 -0.903449 -0.367206
v -0.166955 -0.920645 -0.043046
v -0.268776 -0.909426 -0.092343
v 0.654238 -0.685086 0.265725
v 0.641154 -0.659979 0.239901
v 0.683867 -0.592879 0.239092
v 0.673176 -0.635253 0.324507
v 0.713373 -0.543440 0.308630
v 0.654360 -0.610050 0.321129
v -0.067981 -0.955325 -0.170459
v -0.143678 -0.945930 -0.182215
v -0.145304 -0.934823 -0.221847
v 0.019154 -0.951263 -0.168525
v -0.090954 -0.947900 -0.307854
v -0.019147 -0.892014 -0.299445
v -0.171860 -0.903225 -0.103565
v 0.650426 -0.647716 0.211832
v 0.662929 -0.658369 0.206668
v 0.739834 -0.586656 0.203736
v 0.783646 -0.534789 0.219704
v 0.804756 -0.534595 0.262842
v 0.757081 -0.557584 0.264308
v 0.782102 -0.532943 0.201786
v 0.402532 -0.676022 -0.392708
v 0.532860 -0.570044 -0.391878
v 0.596244 -0.601026 -0.387779
v 0.579180 -0.695473 -0.383271
v 0.553599 -0.721876 -0.351444
v -0.086958 -0.879293 -0.372849
v -0.100989 -0.796075 -0.391446
v -0.147432 -0.937170 0.270202
v -0.225157 -0.906507 0.204674
v -0.228429 -0.922559 0.180586
v -0.251606 -0.909577 -0.025510
v -0.351098 -0.869572 -0.037320
v 0.606865 -0.712485 -0.370059
v 0.576141 -0.752929 -0.323621
v 0.616652 -0.724921 -0.325095
v -0.232930 -0.922267 -0.182785
v -0.151975 -0.945256 -0.148390
v -0.160361 -0.930068 -0.116007
v 0.731316 -0.558293 -0.184282
v 0.671087 -0.632457 -0.210197
v 0.664521 -0.621421 -0.220436
v 0.720721 -0.542658 -0.256968
v 0.742341 -0.526013 -0.257910
v 0.753196 -0.530043 -0.227415
v 0.672397 -0.653170 -0.249062
v 0.666983 -0.617180 -0.297930
v 0.692697 -0.567498 -0.297039
v 0.731847 -0.530079 -0.296014
v -0.378847 -0.877556 -0.125453
v -0.384401 -0.873933 -0.166657
v -0.111127 -0.908970 0.366681
v -0.073488 -0.909561 0.315484
v -0.095769 -0.808782 0.388607
v -0.179658 -0.894696 0.365085
v -0.104326 -0.945783 0.313013
v -0.082039 -0.932552 0.323852
v -0.124038 -0.925075 0.360252
v -0.136556 -0.937518 0.322116
v -0.188103 -0.923587 0.320326
v -0.209113 -0.888276 0.317687
v -0.246012 -0.848221 0.314306
v -0.281468 -0.864850 0.213948
v -0.233592 -0.881008 0.216351
v 0.657704 -0.659252 -0.371373
v 0.663772 -0.679830 -0.281167
v -0.313060 -0.872065 0.057093
v -0.317691 -0.886732 0.068869
v -0.375371 -0.843641 0.080399
v -0.456235 -0.794765 0.079476
v -0.468635 -0.805595 0.051476
v -0.379102 -0.837162 0.053350
v -0.317511 -0.868051 0.043288
v 0.818888 -0.425707 0.058138
v 0.831106 -0.432292 0.031394
v 0.860683 -0.361329 0.043774
v 0.862019 -0.315892 0.046207
v 0.856490 -0.348309 0.104748
v 0.808131 -0.424046 0.082271
v 0.911879 -0.240609 0.061436
v 0.918282 -0.260754 0.097254
v 0.802598 -0.531953 0.304102
v 0.829588 -0.475851 0.311238
v 0.805760 -0.508015 0.351128
v 0.767725 -0.541023 0.314259
v -0.220744 -0.910076 -0.209751
v -0.400159 -0.866785 -0.285159
v -0.351445 -0.887746 -0.289028
v -0.313407 -0.900383 -0.293323
v -0.401966 -0.842903 -0.043438
v 0.888474 -0.224206 0.046110
v 0.680170 -0.549838 0.346959
v 0.753306 -0.516223 0.349546
v 0.809675 -0.388622 0.375261
v 0.568453 -0.578680 0.390305
v 0.600728 -0.619634 0.387650
v 0.632200 -0.409680 0.392465
v 0.504548 -0.535021 0.392620
v 0.758216 -0.528710 -0.295883
v 0.778992 -0.539203 -0.294543
v 0.779965 -0.532455 -0.242122
v 0.802198 -0.525786 -0.285088
v -0.202107 -0.890599 -0.230475
v -0.285829 -0.865230 -0.282639
v 0.704735 -0.538226 -0.338124
v 0.688456 -0.496821 -0.359685
v -0.168592 -0.935651 -0.290923
v -0.303225 -0.871701 -0.354955
v -0.299037 -0.857035 -0.347989
v -0.466251 -0.799835 -0.090310
v -0.468687 -0.819199 -0.115739
v 0.809379 -0.463045 0.234500
v 0.799284 -0.452342 0.217910
v 0.828643 -0.380163 0.238352
v -0.302169 -0.852948 0.341176
v -0.323924 -0.877765 0.290526
v -0.352454 -0.855816 0.233036
v -0.356485 -0.845380 0.210262
v -0.406586 -0.850122 -0.013036
v -0.474432 -0.814558 -0.018414
v -0.550249 -0.766572 -0.034105
v -0.537157 -0.757954 -0.059069
v -0.549798 -0.734944 0.056585
v -0.563679 -0.751111 0.041028
v 0.847164 -0.337213 0.294154
v 0.858471 -0.307026 0.231180
v 0.887347 -0.298506 0.182415
v 0.887960 -0.287334 0.163113
v 0.903835 -0.237791 0.168927
v 0.869328 -0.310967 0.222213
v 0.886177 -0.240872 0.204928
v 0.854454 -0.428486 -0.106982
v 0.853441 -0.428088 -0.138948
v 0.880292 -0.366587 -0.168671
v 0.899344 -0.318915 -0.130796
v 0.883223 -0.352201 -0.088358
v 0.837479 -0.423544 -0.082658
v 0.864661 -0.382893 0.196011
v 0.868821 -0.375094 0.165617
v 0.848707 -0.383079 0.222790
v 0.756723 -0.509093 -0.363009
v 0.752823 -0.516298 -0.331430
v 0.791513 -0.457608 -0.381556
v 0.302567 -0.531483 -0.331280
v 0.309320 -0.518631 -0.343050
v 0.403508 -0.449606 -0.344472
v 0.408390 -0.470831 -0.345017
v 0.313111 -0.538929 -0.341052
v -0.255702 -0.773190 0.371106
v -0.411220 -0.851045 0.284144
v -0.384485 -0.860731 0.320702
v -0.471685 -0.817887 -0.218583
v -0.441432 -0.806737 -0.226227
v -0.473529 -0.826144 -0.190358
v -0.415073 -0.835870 -0.280556
v -0.549073 -0.777051 -0.089883
v -0.432300 -0.794582 -0.273062
v 0.772943 -0.519780 -0.363847
v 0.801855 -0.479579 -0.377321
v 0.812523 -0.494386 -0.365118
v 0.810389 -0.508245 -0.329443
v 0.788540 -0.527908 -0.336405
v 0.769131 -0.524779 -0.335827
v 0.900010 -0.242045 0.214694
v 0.916666 -0.249791 0.224444
v 0.900709 -0.283287 0.251019
v 0.895549 -0.275216 0.285880
v -0.460749 -0.795825 0.229515
v -0.482472 -0.750369 0.307484
v -0.365633 -0.858800 0.196608
v -0.557704 -0.743492 0.191863
v -0.565368 -0.759869 0.168174
v -0.469484 -0.820308 0.176708
v -0.554590 -0.725153 0.214112
v -0.372096 -0.873560 0.176893
v 0.868681 -0.368045 -0.214184
v 0.875490 -0.320192 -0.212842
v 0.876964 -0.243494 -0.194008
v 0.895707 -0.249116 -0.161587
v 0.917992 -0.264190 -0.064641
v 0.907552 -0.273477 0.126378
v 0.910853 -0.224883 0.154635
v 0.895265 -0.281830 0.147087
v 0.928343 -0.251257 0.245883
v 0.928648 -0.246175 0.279550
v 0.916450 -0.274242 0.286686
v 0.840128 -0.434157 -0.237057
v 0.849317 -0.436498 -0.277002
v 0.837660 -0.355915 -0.245429
v 0.815651 -0.425720 -0.224616
v 0.848248 -0.382254 -0.328772
v 0.830094 -0.351409 -0.320222
v 0.878516 -0.253855 -0.318995
v 0.876794 -0.271049 -0.278006
v -0.359733 -0.880591 -0.347802
v -0.342514 -0.863062 -0.379537
v 0.924779 -0.158263 -0.047721
v 0.925551 -0.123792 -0.058341
v 0.949940 -0.074325 -0.035102
v 0.950861 -0.091668 0.017826
v 0.924191 -0.205878 0.003059
v 0.920068 -0.206529 -0.030033
v -0.570897 -0.745883 0.079547
v -0.626923 -0.680605 0.093775
v -0.612289 -0.667550 0.075253
v -0.465010 -0.806987 0.099334
v -0.619484 -0.677622 0.058433
v -0.372152 -0.845649 0.366116
v -0.540496 -0.764914 -0.198855
v -0.528538 -0.748099 -0.207653
v -0.481813 -0.767846 -0.265416
v 0.957258 -0.067760 0.146237
v -0.127430 -0.744969 0.391234
v -0.134973 -0.694762 0.392456
v -0.311121 -0.634000 0.392768
v -0.434772 -0.711234 0.359078
v -0.422688 -0.789111 0.338632
v 0.856290 -0.421507 -0.325196
v -0.523836 -0.741108 -0.221255
v 0.905724 -0.093197 0.078883
v 0.955566 -0.033351 0.181469
v 0.951460 -0.123777 0.192539
v 0.937889 -0.179628 0.177191
v 0.906141 -0.275349 -0.277473
v 0.862261 -0.297291 -0.229678
v 0.838174 -0.355015 -0.238127
v 0.925167 -0.241988 -0.234729
v 0.903692 -0.237454 -0.216966
v 0.884984 -0.237574 -0.217292
v 0.955275 -0.016229 0.216986
v -0.561680 -0.725572 0.357745
v -0.564424 -0.739284 0.333653
v -0.092444 -0.747522 -0.392483
v -0.263071 -0.782943 -0.387238
v -0.317011 -0.838001 -0.395578
v -0.346515 -0.808660 -0.399998
v -0.384239 -0.764797 -0.375935
v -0.394808 -0.687446 -0.395868
v 0.880831 -0.258320 0.324452
v 0.910310 -0.253311 0.329139
v 0.901302 -0.227025 0.373091
v 0.828607 -0.361091 0.331470
v 0.850698 -0.409400 -0.375952
v 0.832425 -0.468356 -0.323063
v 0.816962 -0.351540 -0.348062
v 0.834684 -0.388070 -0.368534
v 0.687836 -0.364842 -0.390339
v 0.731309 -0.238559 -0.391688
v 0.857783 -0.241047 -0.341647
v 0.924475 -0.241674 -0.269854
v 0.919963 -0.156235 -0.065877
v 0.931856 -0.147629 -0.079827
v 0.916222 -0.088820 -0.076676
v -0.204957 -0.848332 -0.354309
v 0.925681 -0.231530 0.322399
v 0.934819 -0.176729 0.319956
v 0.933602 -0.160769 0.350667
v 0.937642 -0.100881 -0.085664
v 0.725141 -0.214890 0.392572
v -0.478789 -0.724841 0.338541
v -0.587192 -0.751065 -0.318695
v -0.553696 -0.736786 -0.313763
v -0.600236 -0.684148 -0.215824
v -0.612535 -0.702192 -0.230704
v -0.503194 -0.742514 -0.306579
v -0.605885 -0.699299 0.220802
v -0.665572 -0.672571 0.266012
v -0.659766 -0.682529 0.293594
v 0.742059 -0.115848 -0.392527
v 0.820213 -0.110838 -0.389022
v 0.883835 -0.183882 -0.385573
v 0.886888 -0.233618 -0.360960
v 0.872401 -0.092615 -0.386192
v -0.691325 -0.614559 0.064196
v -0.638436 -0.698444 0.120430
v -0.697112 -0.626291 0.113522
v -0.760801 -0.561401 0.074186
v -0.751793 -0.545896 0.061552
v -0.755577 -0.572122 0.101823
v 0.906451 -0.016384 0.313240
v 0.931506 -0.087648 0.326091
v 0.910785 -0.079260 0.254599
v 0.908928 0.033864 0.257649
v 0.937902 -0.189395 0.280428
v 0.939214 -0.180558 0.248600
v -0.655914 -0.685798 0.333391
v 0.497527 -0.348970 -0.340914
v 0.503167 -0.328763 -0.362749
v 0.560869 -0.217061 -0.362800
v 0.575904 -0.228256 -0.341865
v 0.543574 -0.306200 -0.342632
v 0.485987 -0.368930 -0.328085
v 0.914864 -0.177068 -0.374469
v 0.921350 -0.235379 -0.320577
v 0.902090 -0.252114 -0.323049
v 0.932124 -0.182460 -0.329916
v -0.618819 -0.721618 -0.263204
v -0.619178 -0.723243 -0.311818
v -0.648384 -0.684589 0.360180
v 0.821610 -0.016193 0.370113
v -0.697603 -0.633823 0.158445
v -0.686971 -0.647649 0.204073
v -0.797913 -0.505200 0.162447
v -0.656131 -0.641602 0.220028
v -0.613728 -0.696669 0.200667
v -0.665986 -0.628786 0.268180
v 0.908766 -0.047788 -0.242387
v 0.892648 -0.149435 -0.218183
v 0.902286 -0.153600 -0.237678
v 0.927991 -0.160040 -0.237394
v 0.949006 -0.094891 -0.302088
v 0.906826 -0.037335 -0.311759
v 0.941365 -0.171912 -0.257225
v -0.607862 -0.686809 -0.204715
v -0.622274 -0.700084 -0.198260
v -0.704870 -0.608060 -0.204798
v -0.707215 -0.560206 -0.233254
v -0.661038 -0.621596 -0.244194
v -0.464478 -0.702554 -0.354356
v -0.552538 -0.681033 -0.385034
v -0.522604 -0.578513 -0.390142
v 0.947693 0.128081 0.029123
v 0.928337 0.234385 0.080210
v 0.945322 0.148411 0.112971
v 0.944194 0.047116 0.081773
v 0.938114 0.061227 0.059327
v 0.919105 0.129360 0.263063
v 0.937247 0.145138 0.284956
v 0.903199 0.117786 0.242491
v 0.923798 0.065243 0.307867
v 0.942344 0.088380 0.312693
v -0.666812 -0.623937 0.300091
v -0.701189 -0.566850 0.284998
v -0.741033 -0.541103 0.266746
v 0.920276 0.079594 -0.062740
v 0.920886 -0.046442 -0.072349
v 0.928037 0.113307 -0.052726
v 0.949148 0.124795 -0.017983
v 0.954304 0.062243 -0.022861
v -0.562409 -0.723898 -0.359648
v -0.613834 -0.714488 -0.363831
v -0.590681 -0.695168 -0.383039
v 0.932587 0.151827 0.314692
v 0.925945 0.083055 0.345650
v 0.871202 0.179350 0.385594
v 0.622110 -0.106724 -0.366211
v 0.591724 -0.217286 -0.361500
v 0.596833 -0.106193 -0.350059
v 0.947897 -0.103901 -0.325900
v 0.910660 -0.098111 -0.380181
v 0.860085 -0.019694 -0.350353
v 0.878911 0.114437 -0.384360
v 0.914362 0.112100 -0.365140
v 0.940988 0.110489 -0.319467
v -0.666054 -0.645918 -0.259382
v -0.671133 -0.632813 -0.308799
v -0.663044 -0.679774 -0.315502
v -0.573061 -0.681523 0.384948
v -0.646481 -0.625858 0.365313
v -0.657167 -0.626437 0.346977
v 0.936528 -0.179863 -0.287540
v 0.957333 -0.019239 -0.138585
v 0.934050 0.174268 -0.088226
v 0.926561 0.191180 -0.043396
v -0.737319 -0.555269 -0.242715
v -0.723070 -0.547428 -0.297203
v 0.915274 -0.053663 -0.229849
v 0.943925 0.044944 -0.212918
v 0.948396 -0.059584 -0.223904
v 0.926227 0.130801 -0.228049
v -0.797853 -0.504090 0.087687
v 0.933286 0.206544 -0.006605
v 0.888497 0.325048 0.028068
v 0.871926 0.336696 0.055368
v -0.752288 -0.499227 -0.058071
v -0.763251 -0.520098 -0.034031
v -0.800307 -0.461282 -0.040186
v -0.818458 -0.397849 -0.092956
v -0.836205 -0.411739 -0.109211
v -0.796473 -0.510657 -0.091232
v -0.829639 -0.384852 -0.075980
v -0.777076 -0.542696 0.249073
v -0.500215 -0.561057 0.393121
v -0.623049 -0.413198 0.392514
v -0.689949 -0.425700 0.390589
v -0.737271 -0.535005 0.289874
v -0.770961 -0.541271 0.320058
v -0.795804 -0.536642 0.301920
v 0.926953 0.161464 0.339540
v -0.645493 -0.638556 -0.377574
v -0.841453 -0.385511 -0.048759
v -0.815607 -0.465315 0.118373
v -0.867869 -0.381711 0.147259
v -0.858130 -0.366888 0.117079
v -0.784840 -0.451113 0.075277
v 0.893196 0.181836 0.191384
v 0.916552 0.175450 0.186067
v 0.918639 0.245513 0.152174
v 0.889681 0.309150 0.171512
v 0.869191 0.272209 0.222016
v 0.883655 0.191438 0.211128
v 0.926503 0.219438 -0.273108
v 0.906632 0.217689 -0.235430
v 0.955979 0.072428 -0.187914
v 0.925402 0.146042 -0.211640
v 0.956309 -0.048814 -0.181243
v -0.645651 -0.448168 -0.391483
v -0.754247 -0.513182 0.353668
v -0.744073 -0.522587 0.322581
v -0.701099 -0.548291 0.330383
v -0.811590 -0.446733 0.378503
v -0.816846 -0.417738 0.223261
v -0.859810 -0.411631 0.276755
v 0.937906 0.168398 0.168078
v -0.786780 -0.516201 -0.218330
v -0.806633 -0.529530 -0.245116
v -0.765424 -0.544323 -0.306670
v -0.805093 -0.529737 -0.301593
v 0.870829 0.239994 -0.205251
v -0.889642 -0.247993 0.162879
v -0.909192 -0.230853 0.138733
v -0.880747 -0.296094 0.048018
v -0.835610 -0.365580 0.065075
v -0.791937 -0.454477 0.056149
v -0.826508 -0.477768 0.331254
v -0.773409 -0.530806 0.354739
v -0.816307 -0.489310 0.363954
v 0.907743 0.217995 0.256836
v 0.888726 0.201883 0.237497
v 0.872533 0.268145 0.253856
v 0.843247 0.343442 0.285432
v 0.891431 0.259213 0.310290
v 0.847471 0.266358 0.335037
v -0.779760 -0.497212 -0.379702
v -0.793535 -0.305421 -0.367908
v -0.742412 -0.263197 -0.388759
v -0.926655 -0.230141 0.090822
v -0.916336 -0.215898 0.050007
v 0.799355 0.304565 0.354302
v 0.702690 0.337547 0.392196
v 0.665074 0.302013 0.392628
v 0.732966 0.139636 0.392603
v 0.725712 0.413104 0.387427
v 0.840797 0.428856 0.202648
v 0.820079 0.422421 0.217450
v 0.852613 0.358812 0.241361
v -0.836156 -0.461843 -0.304246
v -0.842080 -0.441135 -0.344634
v 0.808343 0.436541 0.086679
v 0.818897 0.452148 0.101809
v 0.807316 0.425287 0.064914
v 0.860721 0.401367 0.153266
v 0.882991 0.334183 0.137002
v 0.816579 0.408127 -0.069500
v 0.831745 0.402049 -0.056481
v 0.840457 0.391503 -0.100041
v -0.848976 -0.426706 -0.132576
v -0.871545 -0.340915 -0.132825
v -0.883996 -0.361622 -0.172499
v -0.847324 -0.430363 -0.164811
v 0.864438 0.401171 0.299289
v 0.809103 0.424864 0.235866
v 0.834768 0.439772 0.241465
v 0.826742 0.469029 0.132185
v 0.901983 0.264803 -0.281830
v 0.853332 0.312669 -0.289842
v 0.848018 0.290477 -0.233158
v 0.878229 0.225374 -0.224673
v 0.845155 0.410375 -0.019640
v 0.888229 0.315227 -0.045070
v 0.863763 0.393463 -0.134092
v 0.923361 0.201933 -0.320179
v 0.899732 0.242457 -0.340113
v 0.815033 0.412338 -0.214913
v 0.858500 0.315580 -0.218306
v 0.875629 0.341618 -0.204084
v -0.838554 -0.456436 -0.264531
v -0.824176 -0.442384 -0.243585
v -0.814994 -0.421995 -0.230139
v -0.844690 -0.340719 -0.301995
v -0.856568 -0.397777 -0.308116
v -0.876290 -0.351691 -0.205236
v -0.876367 -0.330869 -0.118814
v -0.909118 -0.241205 -0.136697
v -0.860871 -0.392157 0.328854
v 0.839758 0.455133 0.275210
v -0.857621 -0.333077 -0.214338
v -0.942153 -0.162240 -0.147777
v -0.749715 -0.258700 0.390335
v -0.819294 -0.233155 0.362479
v -0.841107 -0.343441 0.315136
v -0.865558 -0.314135 0.229310
v -0.874477 -0.287325 0.243665
v -0.902332 -0.206946 0.218836
v -0.919874 -0.034501 0.246003
v -0.942431 -0.072777 0.231379
v -0.906680 -0.240812 0.349547
v -0.900368 -0.273126 0.286505
v -0.866303 -0.283189 0.275651
v -0.842951 -0.347389 0.263159
v -0.926371 -0.219154 0.284190
v -0.928319 -0.213402 0.250755
v 0.804109 0.129124 -0.391692
v 0.791230 0.266090 -0.363036
v 0.856459 0.402606 0.337886
v 0.820204 0.374753 0.367019
v 0.862262 0.399916 -0.162199
v 0.835678 0.461962 -0.176041
v 0.829079 0.476369 -0.137505
v -0.907382 -0.167827 -0.230227
v -0.922595 -0.169370 -0.240580
v -0.902016 -0.275556 -0.265555
v -0.849137 -0.312483 -0.220321
v -0.902317 -0.179318 -0.212373
v -0.957361 -0.082102 0.188581
v -0.956966 -0.075971 0.146074
v -0.952793 -0.061278 0.107302
v -0.954594 0.054711 0.103862
v -0.947961 0.041912 0.074292
v -0.929803 -0.102619 0.055746
v -0.948514 0.044754 0.050489
v 0.828893 0.464052 0.318629
v 0.809508 0.471719 0.358902
v -0.934458 -0.182797 -0.261531
v -0.922633 -0.081854 0.341266
v 0.748518 0.533704 0.289414
v 0.799972 0.517773 0.298709
v 0.812335 0.505800 0.243080
v 0.751212 0.528499 0.229290
v 0.704656 0.552032 0.287942
v 0.800031 0.485616 0.220500
v -0.919022 -0.215516 -0.054395
v -0.913406 -0.063647 -0.074831
v -0.956127 -0.044604 -0.093201
v 0.572796 0.181675 -0.354788
v 0.553771 0.192047 -0.366387
v 0.486169 0.326866 -0.365150
v 0.497356 0.368434 -0.353860
v 0.549488 0.276277 -0.339251
v 0.539508 0.325211 -0.364882
v 0.569250 0.258646 -0.355061
v 0.503962 0.382482 -0.374031
v 0.750803 0.535544 0.196925
v 0.698432 0.611287 0.220022
v 0.663403 0.604266 0.287346
v 0.678567 0.572414 0.285619
v -0.885156 -0.250588 -0.340101
v -0.924104 -0.198933 -0.355568
v -0.878527 -0.207287 -0.383518
v -0.837041 -0.341645 -0.324773
v 0.729483 0.521976 0.329285
v -0.885644 -0.125370 -0.386106
v -0.873537 -0.056779 -0.347714
v -0.806727 -0.089123 -0.391606
v -0.867724 0.181049 0.385396
v -0.857355 0.273575 0.331280
v 0.666836 0.551025 0.349298
v 0.686061 0.557032 0.328477
v 0.657718 0.674069 0.204483
v 0.637489 0.662017 0.215036
v 0.626658 0.656889 0.230292
v 0.674567 0.626088 0.253801
v 0.681330 0.621588 0.294928
v -0.822057 0.125711 0.390866
v -0.862833 -0.079847 0.376662
v 0.799481 0.517182 -0.232156
v 0.806654 0.521827 -0.286987
v 0.752899 0.539559 -0.289357
v 0.729982 0.546583 -0.221656
v 0.778575 0.494856 -0.214899
v -0.921486 -0.044308 -0.249347
v -0.904935 0.091505 -0.237347
v -0.922220 0.101569 -0.252896
v -0.918131 0.067612 -0.320682
v -0.931434 -0.193687 -0.308460
v 0.845637 0.423801 -0.351857
v 0.786390 0.414027 -0.383197
v 0.851858 0.439801 -0.297910
v 0.684391 0.596334 -0.228818
v 0.677378 0.600304 -0.301256
v 0.744650 0.586179 -0.203586
v 0.732901 0.563922 -0.215935
v 0.699786 0.602015 -0.221883
v 0.665119 0.638092 -0.198853
v 0.737622 0.598047 -0.173488
v 0.423033 0.625055 0.392572
v 0.591742 0.487906 0.392612
v 0.590469 0.633801 0.389142
v 0.685490 0.641974 0.251263
v 0.640520 0.672356 0.237569
v 0.650480 0.690082 0.248085
v 0.646866 0.699017 0.279351
v 0.684519 0.664057 0.295432
v 0.696774 0.637972 0.296557
v 0.387657 0.444892 -0.360552
v 0.433331 0.452752 -0.359434
v 0.386691 0.495008 -0.360025
v 0.260196 0.528413 -0.367586
v 0.267460 0.540470 -0.353659
v 0.268777 0.544032 -0.331027
v 0.663860 0.643618 -0.136314
v 0.728284 0.611171 -0.132565
v 0.270139 0.564487 -0.358733
v 0.667450 0.496012 -0.366008
v 0.603753 0.611600 -0.382895
v 0.711594 0.402907 -0.391405
v -0.920820 0.075995 -0.064801
v -0.950312 0.070041 -0.032026
v -0.929091 0.170249 -0.060392
v -0.907697 0.086921 0.236987
v -0.914661 0.221671 -0.139134
v -0.953596 0.097586 -0.134670
v -0.918747 0.274367 -0.111531
v 0.673816 0.661946 -0.269624
v 0.648042 0.643420 -0.234358
v 0.650257 0.634944 -0.214672
v -0.940997 0.126007 -0.275632
v 0.693693 0.641533 0.330570
v 0.678326 0.663938 0.337255
v 0.658833 0.659000 0.372947
v 0.680397 0.625267 0.339694
v 0.280841 0.544730 0.338663
v 0.215899 0.574655 0.340699
v 0.205969 0.567746 0.372257
v 0.294678 0.528746 0.371834
v 0.581316 0.720138 0.223086
v 0.646774 0.693247 -0.326165
v 0.561793 0.712889 -0.200197
v 0.574699 0.729823 -0.191473
v 0.627376 0.705091 -0.163043
v 0.405322 0.464995 0.338832
v 0.396153 0.490270 0.361254
v 0.399352 0.507474 0.391852
v 0.232321 0.592613 0.380121
v 0.604524 0.670752 -0.212241
v 0.565420 0.708937 -0.217666
v -0.908886 0.181657 0.217935
v -0.937125 0.167481 0.277821
v -0.932771 0.140458 -0.316473
v -0.920090 0.194752 -0.180689
v -0.953165 0.092763 -0.173284
v -0.891170 0.254803 -0.162934
v -0.551966 0.297185 0.360616
v -0.438314 0.458656 0.374687
v -0.550896 0.332890 0.389466
v -0.450766 0.401641 0.372207
v 0.636446 0.711775 -0.280289
v 0.636112 0.712617 -0.239892
v 0.615538 0.689073 -0.229013
v -0.584843 0.214380 -0.346340
v -0.595843 0.080836 -0.353883
v -0.601214 0.077509 -0.334566
v -0.574771 0.202160 0.336080
v -0.560557 0.213169 0.371432
v -0.591619 0.212159 0.364146
v 0.571698 0.758607 -0.183899
v 0.542443 0.764989 -0.138889
v 0.608235 0.711367 -0.130959
v -0.822100 0.083088 -0.384566
v -0.805734 0.259570 -0.356813
v -0.395477 0.489379 -0.349079
v -0.377664 0.482452 -0.330186
v -0.536310 0.242845 -0.366904
v -0.583914 0.073681 -0.367368
v -0.461209 0.394784 -0.358520
v -0.455856 0.380508 -0.367936
v 0.441751 0.794236 0.255392
v 0.448604 0.783628 0.284488
v 0.570599 0.713462 0.221854
v 0.449812 0.774595 0.313004
v 0.630761 0.712517 0.317389
v 0.416112 0.806595 0.215443
v 0.415096 0.819441 0.226784
v 0.504600 0.764523 0.219479
v 0.428138 0.815597 0.210483
v 0.515209 0.758742 -0.210017
v 0.365092 0.804057 0.387008
v 0.259459 0.776388 0.375472
v 0.246461 0.705904 0.392511
v 0.584093 0.684073 0.379668
v -0.916286 0.256325 0.241395
v -0.928036 0.215071 0.288231
v -0.560565 0.299446 -0.374073
v -0.528259 0.357913 -0.381395
v 0.574671 0.726437 -0.344162
v 0.568307 0.753140 -0.289374
v 0.598554 0.744674 -0.286558
v -0.902309 0.199543 -0.216180
v -0.907655 0.261080 -0.228831
v -0.926457 0.220933 -0.253903
v -0.488512 0.406742 -0.378607
v -0.936193 0.185715 -0.016470
v -0.931337 0.188974 0.026626
v -0.880325 0.342021 0.014401
v -0.825118 0.440866 0.020709
v -0.826794 0.442788 -0.026501
v -0.812258 0.436657 -0.056662
v -0.846622 0.356428 -0.079798
v -0.884269 0.297735 -0.135945
v -0.866754 0.274492 -0.212742
v -0.875941 0.268029 -0.218475
v -0.888033 0.201499 -0.207991
v -0.876979 0.268709 -0.176746
v -0.870614 0.293805 -0.196319
v -0.877996 0.250434 0.191252
v -0.908104 0.177895 0.190648
v 0.472928 0.647918 -0.384370
v 0.335839 0.728285 -0.391384
v 0.471593 0.763319 -0.291933
v 0.538419 0.737657 -0.283803
v -0.884202 0.254003 0.319162
v -0.870893 0.278884 0.278928
v -0.826905 0.369886 0.225581
v -0.848356 0.375744 0.221190
v -0.869413 0.368356 0.195777
v -0.880772 0.281259 0.176138
v 0.430394 0.811264 0.327490
v 0.412707 0.824148 0.373788
v 0.364165 0.843938 0.376673
v 0.549464 0.747383 -0.242442
v 0.596947 0.748276 -0.239913
v 0.580049 0.727255 -0.225106
v 0.499942 0.744312 -0.229625
v -0.885600 0.320998 -0.177247
v -0.860713 0.394473 -0.130753
v -0.861378 0.400956 -0.166278
v -0.870241 0.326068 -0.215143
v -0.855523 0.405021 -0.197345
v 0.411056 0.853915 0.270224
v 0.407290 0.854638 0.307447
v 0.432197 0.838607 0.305714
v 0.432103 0.812320 0.294969
v 0.433820 0.818490 0.267510
v 0.419654 0.840977 0.239420
v 0.429641 0.833094 0.331448
v 0.409382 0.846617 0.347889
v -0.750207 0.095654 0.392559
v -0.707217 0.312368 0.392092
v -0.825988 0.364100 0.351572
v 0.429788 0.804585 -0.299699
v -0.857338 0.325001 -0.224517
v -0.840159 0.402272 -0.210995
v -0.821900 0.396697 -0.222890
v -0.827729 0.404706 -0.244895
v -0.736073 0.492314 0.360121
v -0.841648 0.452292 0.164205
v -0.842380 0.447500 0.125143
v -0.825304 0.436785 0.093767
v -0.881805 0.344477 0.087727
v -0.856463 0.423747 -0.282912
v -0.847699 0.428598 -0.322334
v -0.795561 0.463162 -0.373956
v -0.751843 0.410875 -0.384059
v 0.285711 0.877255 0.266570
v 0.316696 0.893478 0.266288
v 0.369637 0.870055 0.227520
v 0.362509 0.848677 0.211438
v 0.366998 0.875969 0.264972
v 0.437765 0.821773 -0.315899
v 0.433258 0.827296 -0.248130
v 0.344956 0.854965 -0.215226
v 0.332729 0.851045 -0.212166
v 0.421088 0.806566 -0.224444
v 0.310389 0.868294 0.355543
v 0.297907 0.874122 0.310520
v 0.244396 0.864554 0.307976
v 0.156002 0.898168 0.318953
v 0.283406 0.857570 0.209648
v 0.186985 0.880840 0.218088
v 0.218147 0.875706 0.269453
v 0.407793 0.857703 -0.311786
v 0.313267 0.873213 -0.350805
v 0.350966 0.885128 -0.271790
v 0.357689 0.882400 -0.224299
v 0.328101 0.887889 0.310104
v 0.368516 0.863964 0.350510
v 0.368912 0.873189 0.308766
v -0.626638 0.603141 0.381538
v -0.671583 0.648834 0.364624
v -0.665446 0.626862 0.341639
v -0.672755 0.622622 0.296108
v -0.685637 0.577162 0.301823
v 0.217244 0.830854 -0.355067
v 0.259339 0.873283 -0.278442
v 0.297882 0.891682 -0.281478
v 0.214164 0.911419 -0.280183
v 0.340785 0.877077 -0.183128
v 0.332762 0.856949 -0.196220
v 0.229988 0.889849 -0.211699
v 0.270750 0.913916 -0.163097
v 0.342000 0.889397 -0.162873
v 0.205742 0.929386 -0.161674
v 0.107320 0.892920 0.372961
v -0.000338 0.851600 0.357441
v 0.124164 0.936757 0.334299
v -0.084212 0.607703 0.339354
v -0.088328 0.626278 0.365928
v -0.091914 0.597721 0.371023
v -0.105626 0.642309 0.391142
v -0.260503 0.585856 0.389314
v -0.823631 0.491879 0.295792
v -0.855127 0.377981 0.317728
v -0.766841 0.535253 0.305606
v -0.141916 0.784047 0.391229
v -0.124338 0.726088 0.392606
v 0.063695 0.740876 0.392572
v -0.152223 0.843842 0.381772
v 0.086111 0.930784 0.218828
v 0.157219 0.921979 0.277082
v -0.660301 0.680644 0.332198
v -0.661444 0.685319 0.287376
v -0.688733 0.649843 0.294511
v -0.726575 0.579551 0.050598
v -0.740324 0.578967 0.063670
v -0.676765 0.630516 0.095657
v -0.619940 0.702303 0.007113
v -0.724226 0.589278 0.011904
v -0.574853 0.696631 0.067145
v 0.231688 0.875118 -0.216167
v -0.740313 0.521075 -0.326231
v -0.688202 0.570446 -0.311033
v -0.666870 0.599076 -0.353234
v -0.629256 0.588731 -0.384190
v -0.587728 0.535793 -0.391434
v -0.643423 0.467494 -0.390405
v -0.647334 0.629218 -0.381231
v -0.687552 0.631181 0.244394
v -0.656518 0.667129 0.234250
v -0.644603 0.649570 0.225358
v -0.634190 0.648292 0.201158
v -0.691324 0.576229 0.200620
v 0.141473 0.915882 -0.366763
v 0.164700 0.938613 -0.281182
v 0.098551 0.946707 -0.106900
v 0.027837 0.949467 -0.103122
v 0.019928 0.934437 -0.085466
v 0.169974 0.915896 -0.080531
v 0.182242 0.925927 -0.108149
v 0.072266 0.914041 -0.072486
v 0.159501 0.889205 -0.068482
v -0.819637 0.487110 -0.229051
v -0.797542 0.472939 -0.221470
v -0.766030 0.517132 -0.217720
v -0.771029 0.538935 -0.249768
v -0.819417 0.494744 -0.263067
v -0.766210 0.521156 -0.199723
v -0.733450 0.570925 -0.210909
v -0.683453 0.645481 -0.201434
v -0.674614 0.626692 -0.215116
v -0.712352 0.558587 -0.267774
v -0.760214 0.534964 -0.293264
v 0.109712 0.944085 0.282326
v -0.585462 0.729003 0.367755
v -0.471020 0.678456 0.386875
v -0.411834 0.762690 0.368131
v -0.667853 0.685548 0.251358
v 0.011502 0.922658 -0.075733
v -0.679026 0.622912 -0.351129
v -0.601622 0.730151 -0.335648
v 0.263036 0.666926 0.055236
v 0.260965 0.668900 0.120652
v 0.106077 0.711095 0.111134
v 0.112922 0.709707 -0.060043
v 0.271170 0.665598 -0.077875
v -0.036131 0.717706 0.103100
v -0.029518 0.712359 0.036581
v -0.025916 0.713625 -0.035603
v 0.092348 0.917173 0.202573
v 0.061449 0.907849 0.286958
v 0.074941 0.937086 0.286146
v -0.019536 0.898510 0.291274
v 0.150801 0.937469 -0.355621
v 0.108191 0.945925 -0.280972
v -0.675194 0.664861 -0.346826
v -0.600402 0.732084 0.092271
v 0.091265 0.931840 0.329912
v 0.081634 0.902129 0.335871
v 0.042263 0.879287 -0.337918
v 0.045647 0.804070 -0.384845
v 0.194572 0.777320 -0.389500
v 0.147008 0.925121 -0.215341
v 0.130377 0.914562 -0.208620
v 0.145624 0.942522 -0.235165
v -0.671964 0.619132 -0.306065
v -0.691830 0.635290 -0.301939
v -0.680135 0.668808 -0.294006
v -0.787140 0.537449 -0.121224
v -0.786584 0.534865 -0.088667
v -0.735602 0.592674 -0.149050
v -0.784499 0.539389 -0.153565
v -0.580762 0.711042 -0.051784
v -0.565531 0.712578 -0.065069
v -0.630244 0.644307 -0.079763
v -0.650064 0.622923 -0.086298
v -0.696010 0.604355 -0.074620
v -0.709886 0.606183 -0.024483
v -0.602158 0.717877 -0.026883
v -0.663692 0.642942 -0.101136
v -0.604158 0.731456 0.333472
v -0.511949 0.753091 0.282945
v -0.556459 0.752611 0.284639
v -0.645304 0.692362 -0.097675
v -0.643015 0.704278 -0.121335
v -0.618470 0.694217 -0.196542
v -0.608711 0.682792 -0.212910
v -0.615577 0.694512 -0.221173
v -0.680042 0.641189 -0.238068
v 0.106692 0.938108 0.195986
v -0.000497 0.950661 0.203564
v -0.090455 0.934382 0.199622
v -0.088391 0.917399 0.199381
v -0.097663 0.933029 0.201899
v 0.037908 0.889968 -0.317967
v 0.087025 0.925554 -0.337157
v -0.631802 0.668015 -0.091528
v -0.121527 0.896940 0.373063
v -0.018421 0.882797 0.331338
v -0.085994 0.905064 0.334148
v 0.025798 0.749870 -0.392505
v -0.150130 0.735632 -0.392561
v -0.409828 0.812557 0.374692
v -0.427593 0.798658 0.344507
v -0.474040 0.769331 0.291570
v -0.629354 0.716665 -0.234544
v -0.628602 0.718646 -0.275123
v -0.580772 0.754277 -0.270494
v -0.070778 0.932315 0.259406
v -0.076555 0.915956 0.295335
v -0.101068 0.943599 0.235110
v -0.036936 0.895157 -0.318747
v -0.094169 0.901187 -0.366691
v -0.070224 0.917807 -0.327231
v -0.207344 0.865820 -0.329271
v 0.061101 0.914698 -0.208093
v 0.070781 0.926654 -0.278199
v 0.027184 0.898432 -0.281461
v 0.012702 0.901604 -0.239155
v 0.000437 0.910464 -0.214993
v -0.021083 0.927391 0.077831
v -0.025551 0.927943 0.064510
v -0.083203 0.916628 0.063428
v -0.424258 0.793733 -0.344889
v -0.383735 0.760927 -0.385648
v -0.518749 0.670892 -0.365498
v -0.528054 0.742697 -0.273306
v -0.437630 0.801265 -0.289399
v -0.625417 0.727737 0.250864
v -0.613102 0.733725 0.283592
v -0.601335 0.724653 0.226655
v -0.080545 0.937352 0.050137
v -0.125260 0.926153 0.050461
v -0.118012 0.921773 0.096376
v -0.182918 0.912137 0.047589
v -0.155998 0.911671 0.105827
v -0.120076 0.946662 0.113121
v -0.063174 0.950355 0.106255
v -0.070054 0.953313 0.186979
v -0.061527 0.953324 0.160064
v -0.112395 0.949593 0.166485
v -0.126570 0.945232 0.232560
v -0.150997 0.943954 0.176547
v -0.172942 0.937001 0.234365
v -0.484507 0.757296 0.222061
v -0.574937 0.718900 0.199228
v -0.437648 0.824439 0.295601
v -0.575458 0.720566 0.223630
v -0.351693 0.847142 0.373570
v -0.381602 0.855839 0.366477
v -0.380907 0.867829 0.341094
v -0.431537 0.841675 0.344024
v -0.200164 0.913646 0.117506
v -0.091752 0.937424 0.306287
v -0.108253 0.948464 0.267928
v -0.115504 0.944672 0.306814
v -0.146986 0.940894 0.307276
v -0.150677 0.935117 0.350531
v -0.141018 0.917577 0.369894
v -0.101018 0.925714 0.345438
v -0.262564 0.851338 0.327530
v -0.194712 0.910884 0.366381
v -0.209671 0.915669 0.322065
v -0.254204 0.869203 0.304294
v -0.180669 0.897894 -0.303419
v -0.094264 0.941485 -0.327584
v -0.127081 0.914336 -0.061647
v -0.121490 0.916600 -0.087049
v -0.172733 0.928744 -0.116794
v -0.214283 0.919287 -0.108556
v -0.197797 0.921486 -0.037169
v -0.131110 0.936250 -0.042575
v -0.274745 0.906764 -0.029436
v -0.488285 0.813227 0.153782
v -0.602822 0.739637 0.135312
v -0.599706 0.732512 0.173919
v -0.399114 0.825101 0.207554
v -0.385972 0.869529 0.298137
v -0.392499 0.858272 0.228018
v -0.025881 0.920659 -0.240711
v -0.077591 0.927694 -0.204557
v -0.005357 0.926719 -0.206713
v -0.073620 0.944407 -0.232381
v -0.261198 0.897994 0.038998
v -0.250635 0.907247 0.054101
v -0.251562 0.918595 0.079967
v -0.534213 0.741433 -0.212530
v -0.453184 0.799116 -0.223378
v -0.216481 0.903109 0.268277
v -0.233618 0.880912 0.258749
v -0.209148 0.929502 0.270655
v -0.186522 0.934246 0.313220
v -0.316969 0.730894 0.391951
v -0.116819 0.936488 -0.099748
v -0.026673 0.905048 -0.282378
v -0.051738 0.931524 -0.282747
v -0.083513 0.946654 -0.276653
v -0.310956 0.887288 0.302656
v -0.131317 0.941984 -0.269233
v -0.162888 0.932264 -0.293090
v -0.249693 0.916888 0.112494
v -0.198312 0.924211 0.204980
v -0.270912 0.907571 0.204741
v -0.258357 0.872544 0.202101
v -0.219514 0.889533 0.234802
v -0.212980 0.912281 0.239870
v -0.177525 0.936255 0.267883
v -0.320181 0.724106 -0.392232
v -0.347471 0.855037 -0.377410
v -0.302278 0.870578 -0.334607
v -0.199163 0.935036 0.153975
v -0.198964 0.923817 0.139103
v -0.305510 0.906007 0.108147
v -0.378460 0.837725 -0.201069
v -0.374374 0.840165 -0.216441
v -0.386384 0.866471 -0.260782
v -0.380923 0.866747 -0.324298
v -0.491256 0.779904 0.057875
v -0.475962 0.785509 0.076955
v -0.397508 0.851049 0.090694
v -0.415516 0.847044 0.031538
v -0.493464 0.798669 0.013672
v -0.332276 0.855043 0.196954
v -0.267962 0.877279 -0.278928
v -0.223604 0.884491 -0.212263
v -0.146422 0.914539 -0.213249
v -0.146733 0.940592 -0.231669
v -0.353123 0.884802 -0.016374
v -0.278408 0.907355 -0.001549
v -0.271191 0.913895 0.183891
v -0.197147 0.935074 0.184450
v -0.331416 0.892670 -0.268154
v -0.324892 0.898476 0.076124
v -0.330762 0.879298 0.058221
v -0.342407 0.878010 0.037322
v -0.311502 0.883400 -0.223011
v -0.308722 0.867292 -0.208793
v -0.322268 0.897084 -0.090297
v -0.405314 0.842224 -0.083350
v -0.398526 0.828846 -0.060199
v -0.413867 0.847302 -0.040454
v -0.476105 0.775107 -0.068981
v -0.488120 0.788627 -0.050143
v -0.494701 0.798902 -0.020347
v -0.414761 0.848607 -0.005944
v -0.354081 0.882950 0.012926
v -0.270194 0.908191 0.024589
v -0.194080 0.927983 0.027460
v -0.194950 0.928359 -0.004375
v -0.130530 0.943156 0.026021
v -0.130751 0.943603 -0.007455
v -0.072722 0.949618 0.025673
v -0.067509 0.950199 -0.006771
v -0.065843 0.948526 -0.040029
v -0.061620 0.929079 -0.062052
v -0.006148 0.951056 -0.002937
v -0.001508 0.950880 -0.038130
v 0.004540 0.936115 -0.063077
v -0.056107 0.922302 -0.080207
v 0.069438 0.949665 -0.031068
v 0.071894 0.931812 -0.055574
v 0.156547 0.936723 -0.021166
v 0.157657 0.922544 -0.045764
v 0.245739 0.914884 -0.015411
v 0.247648 0.904491 -0.033451
v 0.247439 0.889616 -0.044515
v 0.255382 0.916239 -0.065436
v 0.341942 0.882917 -0.039032
v 0.334089 0.862603 -0.051482
v 0.346186 0.892974 -0.068494
v 0.342214 0.893874 -0.105674
v 0.262592 0.917183 -0.099119
v 0.413166 0.802360 -0.075692
v 0.432307 0.833930 -0.104574
v 0.436971 0.842839 -0.132338
v 0.444678 0.840503 -0.156288
v 0.341184 0.893017 -0.137292
v 0.529995 0.764531 -0.105470
v 0.510678 0.754189 -0.059321
v 0.572460 0.698397 -0.063108
v 0.592130 0.709493 -0.095950
v 0.632356 0.645164 -0.076986
v 0.645942 0.645610 -0.103152
v 0.696832 0.605202 -0.068438
v 0.710954 0.611504 -0.090303
v 0.758711 0.553591 -0.059459
v 0.769894 0.557222 -0.087593
v 0.772759 0.553376 -0.127337
v 0.777169 0.545623 -0.163361
v 0.826106 0.476849 -0.102232
v 0.807372 0.469548 -0.076546
v 0.746821 0.548038 -0.046565
v 0.780974 0.460930 -0.064226
v 0.750826 0.553553 -0.022574
v 0.793792 0.476060 -0.040767
v 0.749373 0.557176 0.004294
v 0.798230 0.485266 -0.011886
v 0.744948 0.561470 0.029791
v 0.794333 0.492203 0.019530
v 0.840688 0.417894 0.018071
v 0.781893 0.494437 0.044953
v 0.831629 0.422925 0.050536
v 0.893879 0.315048 -0.008062
v 0.762659 0.489988 0.055192
v 0.729179 0.559086 0.050761
v 0.711919 0.557114 0.068258
v 0.712354 0.570816 0.089225
v 0.763851 0.502577 0.081104
v 0.714516 0.585018 0.110170
v 0.770833 0.517897 0.103070
v 0.717550 0.600443 0.134393
v 0.779048 0.532807 0.129046
v 0.714945 0.606583 0.164194
v 0.776752 0.537749 0.159158
v 0.822664 0.474362 0.160972
v 0.770746 0.538293 0.182558
v 0.816309 0.479066 0.186940
v 0.844227 0.432793 0.171405
v 0.795407 0.473453 0.200468
v 0.784943 0.475737 0.216914
v 0.710675 0.610537 0.194100
v 0.672409 0.669738 0.153496
v 0.667353 0.674588 0.179866
v 0.617426 0.726439 0.131677
v 0.610961 0.730595 0.158094
v 0.604015 0.731385 0.183745
v 0.539791 0.775510 0.154989
v 0.534100 0.775686 0.181143
v 0.523587 0.770265 0.205087
v 0.591623 0.721550 0.202184
v 0.578982 0.709414 0.207607
v 0.451786 0.832368 0.183694
v 0.441163 0.830193 0.202076
v 0.380991 0.870762 0.172248
v 0.375222 0.864376 0.185220
v 0.366130 0.847482 0.192681
v 0.303159 0.889927 0.191044
v 0.292304 0.871526 0.196737
v 0.358781 0.835546 0.201968
v 0.215100 0.915710 0.206429
v 0.202606 0.894599 0.210197
v 0.221525 0.922292 0.184357
v 0.114703 0.945937 0.183328
v 0.309019 0.898780 0.172259
v 0.312372 0.899108 0.147138
v 0.228562 0.923148 0.159071
v 0.385508 0.870096 0.149362
v 0.390891 0.868588 0.128803
v 0.316364 0.898963 0.120427
v 0.456967 0.828875 0.161876
v 0.462235 0.826075 0.138971
v 0.466050 0.822928 0.116764
v 0.397757 0.864850 0.106968
v 0.546038 0.774332 0.126157
v 0.552489 0.772752 0.100580
v 0.554455 0.765243 0.078348
v 0.464336 0.810612 0.103668
v 0.624108 0.720220 0.106724
v 0.621007 0.706189 0.091566
v 0.606108 0.684089 0.084715
v 0.547100 0.742465 0.069029
v 0.677700 0.662651 0.125995
v 0.669637 0.646549 0.104879
v 0.658564 0.626118 0.095633
v 0.658386 0.612713 0.077650
v 0.600580 0.670171 0.073671
v 0.616442 0.675732 0.058343
v 0.556590 0.731298 0.051353
v 0.542912 0.725663 0.062081
v 0.674913 0.619266 0.061867
v 0.690789 0.625324 0.043392
v 0.632177 0.682091 0.039774
v 0.640539 0.681119 0.013777
v 0.578715 0.738591 0.010028
v 0.571980 0.738887 0.034221
v 0.695629 0.622095 0.016461
v 0.697143 0.620560 -0.015388
v 0.643832 0.677685 -0.020082
v 0.641066 0.666871 -0.054239
v 0.580945 0.720641 -0.046545
v 0.583165 0.734615 -0.018955
v 0.695923 0.615395 -0.046831
v 0.514711 0.775021 -0.043898
v 0.512037 0.786496 -0.014777
v 0.504700 0.791928 0.015409
v 0.429058 0.840221 -0.015575
v 0.425388 0.842326 0.015473
v 0.419483 0.843601 0.039900
v 0.497248 0.795769 0.040141
v 0.405423 0.830485 0.055734
v 0.481423 0.785856 0.057458
v 0.391953 0.817773 0.066217
v 0.466475 0.777188 0.071205
v 0.394992 0.833016 0.077009
v 0.463742 0.788239 0.088945
v 0.402550 0.855429 0.084597
v 0.323496 0.877202 0.058438
v 0.327685 0.895616 0.070772
v 0.321825 0.898130 0.094839
v 0.227670 0.922399 0.080366
v 0.229774 0.927613 0.103820
v 0.231832 0.925274 0.131454
v 0.129025 0.949025 0.118468
v 0.123533 0.948732 0.140763
v 0.119031 0.947855 0.161070
v 0.025466 0.951054 0.128831
v 0.017391 0.951090 0.156937
v 0.009814 0.950841 0.183988
v -0.060003 0.952199 0.131414
v -0.114220 0.949696 0.138842
v 0.035383 0.950284 0.104810
v 0.038641 0.941266 0.083688
v 0.127400 0.930013 0.101646
v 0.129941 0.911226 0.083555
v 0.047995 0.928374 0.079849
v 0.225468 0.906615 0.061896
v 0.227933 0.891331 0.050758
v 0.132267 0.898589 0.067672
v 0.319153 0.864410 0.053164
v 0.326339 0.872312 0.040788
v 0.233932 0.898093 0.039775
v 0.238780 0.911969 0.026179
v 0.146908 0.932732 0.033974
v 0.140135 0.913138 0.050942
v 0.337506 0.884943 0.027315
v 0.341852 0.885352 0.007983
v 0.241978 0.915700 0.008256
v 0.151927 0.938141 0.008044
v 0.343216 0.886559 -0.014560
v 0.428574 0.835478 -0.048623
v 0.065519 0.950319 0.001181
v 0.064122 0.948784 0.033466
v -0.011903 0.950670 0.030133
v -0.020796 0.948867 0.053256
v 0.060547 0.937877 0.054152
v 0.053710 0.925667 0.065503
v -0.158831 0.934698 0.123009
v -0.153840 0.944246 0.147962
v 0.782682 0.534596 -0.188615
v 0.822369 0.441985 -0.199358
v 0.768757 0.511510 -0.197542
v 0.268156 0.915622 -0.134302
v 0.446349 0.837620 -0.178022
v 0.437668 0.830735 -0.197822
v 0.423953 0.814934 -0.210537
v 0.191028 0.929292 -0.135726
v 0.114081 0.947518 -0.154879
v 0.107103 0.947674 -0.132182
v 0.039447 0.950837 -0.155860
v 0.033928 0.950852 -0.130667
v -0.026878 0.951075 -0.159010
v -0.035253 0.951077 -0.132637
v -0.044364 0.950402 -0.105874
v -0.101633 0.952422 -0.141819
v -0.109545 0.950355 -0.119341
v -0.051526 0.938153 -0.086904
v -0.170708 0.940470 -0.154049
v -0.172894 0.937806 -0.135467
v -0.233292 0.924927 -0.153966
v -0.226519 0.921319 -0.133935
v -0.317677 0.899293 -0.144786
v -0.319102 0.899048 -0.120490
v -0.405133 0.861010 -0.141974
v -0.409386 0.855723 -0.113371
v -0.480596 0.805346 -0.139721
v -0.482514 0.804026 -0.107117
v -0.480554 0.789860 -0.083536
v -0.577982 0.757036 -0.092060
v -0.570461 0.733962 -0.073287
v -0.571078 0.760562 -0.122511
v -0.566268 0.762155 -0.154024
v -0.638017 0.709847 -0.153413
v -0.478743 0.809640 -0.170219
v -0.477686 0.814450 -0.198306
v -0.562799 0.761685 -0.184299
v -0.400953 0.864126 -0.165042
v -0.395975 0.863708 -0.185547
v -0.388516 0.855117 -0.196772
v -0.469388 0.808868 -0.220221
v -0.317099 0.898448 -0.164608
v -0.316447 0.896072 -0.180886
v -0.312228 0.884086 -0.189390
v -0.307682 0.868577 -0.194061
v -0.237120 0.923927 -0.189536
v -0.232790 0.907875 -0.198989
v -0.228313 0.892179 -0.202726
v -0.159377 0.926426 -0.196266
v -0.153617 0.911849 -0.202856
v -0.089203 0.940984 -0.198992
v -0.163848 0.939360 -0.185989
v -0.093289 0.950624 -0.184152
v -0.019559 0.950552 -0.183907
v -0.011109 0.947589 -0.203805
v 0.044955 0.949612 -0.178870
v 0.049985 0.943612 -0.195489
v 0.054315 0.926181 -0.200194
v 0.132250 0.936950 -0.189350
v 0.126366 0.919761 -0.197876
v 0.125958 0.945987 -0.179756
v -0.096239 0.951725 -0.162494
v -0.167164 0.940594 -0.171270
v -0.237196 0.926587 -0.173381
v -0.552081 0.751408 -0.204629
v -0.633049 0.709189 -0.179598
v -0.689893 0.649679 -0.170936
v -0.737317 0.585088 -0.187127
v -0.781402 0.536393 -0.183480
v -0.820639 0.478462 -0.189828
v -0.828780 0.478978 -0.165388
v -0.796537 0.465881 -0.199881
v -0.832027 0.473739 -0.134914
v -0.833430 0.463122 -0.100539
v -0.844453 0.375865 -0.103202
v -0.811904 0.443970 -0.077008
v -0.770933 0.520004 -0.063981
v -0.758293 0.515150 -0.046731
v -0.779353 0.510153 -0.018036
v -0.782970 0.506448 0.016813
v -0.814288 0.432105 0.060179
v -0.773842 0.499310 0.047324
v -0.790636 0.506790 0.069891
v -0.799509 0.518992 0.104991
v -0.748378 0.585094 0.096790
v -0.796420 0.523262 0.145658
v -0.739574 0.584282 0.136655
v -0.674623 0.650783 0.145658
v -0.683433 0.651367 0.115515
v -0.721396 0.584340 0.176003
v -0.653462 0.646076 0.173245
v -0.794368 0.522732 0.185287
v -0.764151 0.498621 0.200650
v -0.802553 0.440856 0.203434
v -0.819585 0.461458 0.234141
v -0.773378 0.544604 0.230288
v -0.833261 0.453758 0.195143
v -0.847151 0.378311 0.271217
v -0.864164 0.333438 0.049587
v -0.912253 0.185087 0.049259
v -0.935954 0.188131 0.083000
v -0.956475 0.063252 0.145793
v -0.915443 0.187758 0.131163
v -0.953917 0.071934 0.184076
v -0.924231 0.188504 0.163124
v -0.929215 0.077568 0.218325
v -0.882608 0.308546 -0.152080
v -0.389451 0.872293 0.119856
v -0.486943 0.809558 0.111817
v -0.378724 0.880297 0.149212
v -0.380331 0.878276 0.181671
v -0.362465 0.865516 0.195341
v -0.310910 0.671102 -0.392535
v -0.449160 0.582682 -0.392511
v -0.478672 0.627250 -0.388906
v -0.542863 0.496301 -0.392534
v -0.601201 0.418799 -0.392519
v -0.421481 0.550534 -0.392427
v -0.511597 0.465667 -0.392487
v -0.565558 0.388389 -0.392510
v -0.608899 0.306206 -0.392524
v -0.650133 0.324073 -0.392545
v -0.492447 0.439552 -0.392023
v -0.542955 0.369703 -0.392283
v -0.582819 0.296997 -0.392479
v -0.618620 0.198175 -0.392638
v -0.647032 0.204914 -0.392573
v -0.600419 0.198557 -0.372314
v -0.627458 0.070531 -0.367639
v -0.640490 0.071869 -0.391454
v -0.615954 0.071777 -0.341518
v -0.613294 -0.072248 -0.339553
v -0.624076 -0.072135 -0.363536
v -0.601316 -0.071625 -0.333639
v -0.570152 -0.210901 -0.335438
v -0.581741 -0.214726 -0.337672
v -0.594726 -0.073410 -0.352963
v -0.562239 -0.208961 -0.352361
v -0.500266 -0.334133 -0.355813
v -0.503764 -0.337497 -0.337970
v -0.584273 -0.075781 -0.367130
v -0.550349 -0.206458 -0.365007
v -0.488986 -0.325544 -0.367843
v -0.399747 -0.432303 -0.367528
v -0.406203 -0.440692 -0.355333
v -0.537821 -0.204440 -0.350887
v -0.479472 -0.319025 -0.352354
v -0.393029 -0.423654 -0.351647
v -0.283579 -0.503663 -0.351718
v -0.289468 -0.514202 -0.367672
v -0.456720 -0.296549 -0.355499
v -0.370126 -0.399892 -0.354720
v -0.265452 -0.474289 -0.354056
v -0.265911 -0.476299 -0.305224
v -0.152800 -0.522438 -0.305971
v -0.153004 -0.523466 -0.355204
v -0.162427 -0.554678 -0.351547
v -0.368220 -0.398428 -0.307079
v -0.384600 -0.417193 -0.295710
v -0.273252 -0.493211 -0.301327
v -0.458582 -0.298040 -0.305563
v -0.474750 -0.309326 -0.300929
v -0.475782 -0.315318 -0.248943
v -0.387623 -0.426302 -0.249158
v -0.512866 -0.188085 -0.305337
v -0.531609 -0.194641 -0.301256
v -0.543047 -0.199616 -0.249169
v -0.586067 -0.219149 -0.252420
v -0.516988 -0.347659 -0.252170
v -0.557939 -0.083461 -0.302040
v -0.571200 -0.085085 -0.250512
v -0.616832 -0.092738 -0.252385
v -0.677037 -0.101190 -0.254863
v -0.642524 -0.243133 -0.254791
v -0.572010 0.059607 -0.252006
v -0.619690 0.060033 -0.252315
v -0.681159 0.063858 -0.255206
v -0.684744 0.064993 -0.190239
v -0.679668 -0.103468 -0.187177
v -0.582733 0.221128 -0.252427
v -0.640948 0.239648 -0.255222
v -0.643557 0.237963 -0.188757
v -0.651403 0.238988 -0.148236
v -0.690089 0.067254 -0.150872
v -0.566082 0.394588 -0.254536
v -0.569417 0.391608 -0.192152
v -0.576616 0.388105 -0.153123
v -0.601583 0.399775 -0.123154
v -0.674925 0.246799 -0.122326
v -0.458527 0.512422 -0.191088
v -0.462581 0.513135 -0.151707
v -0.483403 0.529697 -0.126405
v -0.486358 0.527978 -0.062841
v -0.602279 0.398864 -0.055166
v -0.321150 0.607996 -0.154660
v -0.336122 0.632897 -0.125131
v -0.337467 0.633192 -0.064406
v -0.340327 0.631587 0.079019
v -0.487876 0.526613 0.083404
v -0.176687 0.696833 -0.117173
v -0.173270 0.697941 -0.052540
v -0.178254 0.695633 0.067531
v -0.185069 0.694983 0.121753
v -0.341427 0.625116 0.134931
v -0.331795 0.601946 0.158038
v -0.470976 0.503144 0.157300
v -0.484547 0.519483 0.135530
v -0.184736 0.665487 0.155366
v -0.187804 0.661615 0.193031
v -0.333183 0.600432 0.194745
v -0.039060 0.692708 0.149858
v -0.041529 0.685785 0.187649
v -0.043680 0.682411 0.254547
v -0.190401 0.658722 0.253871
v 0.103235 0.684071 0.151909
v 0.102506 0.679683 0.189908
v 0.099774 0.676563 0.255308
v 0.084464 0.594115 0.253799
v -0.040822 0.598776 0.254485
v 0.240762 0.642217 0.193204
v 0.237934 0.642905 0.253442
v 0.207823 0.568018 0.251549
v 0.188038 0.530794 0.260107
v 0.074274 0.553191 0.271851
v 0.377959 0.573870 0.253599
v 0.330376 0.509495 0.251617
v 0.303634 0.474096 0.261544
v 0.294212 0.470670 0.300785
v 0.183095 0.522271 0.300650
v 0.453281 0.410708 0.251726
v 0.414331 0.386592 0.257970
v 0.399585 0.384888 0.301923
v 0.384938 0.386592 0.354739
v 0.284724 0.468155 0.355595
v 0.488683 0.290021 0.259735
v 0.470643 0.293682 0.300650
v 0.455993 0.295760 0.354247
v 0.483653 0.319668 0.351294
v 0.402994 0.418005 0.351398
v 0.522679 0.186656 0.299908
v 0.508671 0.186718 0.351673
v 0.539572 0.201187 0.350823
v 0.562247 0.216251 0.371754
v 0.498321 0.340922 0.371815
v 0.538153 0.070709 0.354346
v 0.571562 0.079480 0.351230
v 0.594224 0.087100 0.371740
v 0.600972 0.091569 0.337103
v 0.570693 0.224978 0.336711
v 0.573351 -0.056381 0.351858
v 0.597315 -0.055267 0.371141
v 0.606656 -0.052342 0.337072
v 0.628843 -0.049063 0.372253
v 0.622818 0.098639 0.372807
v 0.569629 -0.195170 0.371029
v 0.578294 -0.194704 0.339912
v 0.599214 -0.199934 0.372531
v 0.508847 -0.339661 0.338536
v 0.528268 -0.348507 0.372145
v 0.549735 -0.357000 0.392729
v 0.622839 -0.203373 0.392428
v 0.653490 -0.047865 0.392475
v 0.646765 0.108579 0.392649
v 0.663127 -0.209835 0.392629
v 0.695035 -0.044485 0.392622
v 0.684370 0.120490 0.392636
v 0.630133 0.278819 0.392662
v 0.602403 0.257718 0.392777
v 0.756489 -0.038392 0.392605
v 0.522247 0.391841 0.392815
v 0.513399 0.372593 0.370962
v 0.585250 0.241158 0.372761
v 0.539772 0.418068 0.392681
v 0.403702 0.538463 0.392465
v 0.563082 0.449569 0.392645
v 0.413203 0.577213 0.392619
v 0.241593 0.655535 0.392577
v 0.236441 0.617561 0.392080
v 0.063311 0.650464 0.392558
v 0.063999 0.627560 0.372695
v 0.062208 0.686694 0.392617
v -0.115307 0.675963 0.392392
v -0.292315 0.622668 0.392584
v -0.312097 0.666688 0.392616
v -0.483045 0.593500 0.392563
v -0.456488 0.536484 0.392649
v -0.582780 0.423538 0.392631
v -0.557234 0.375585 0.392680
v -0.436033 0.498699 0.392750
v -0.627085 0.490218 0.389743
v -0.627169 0.240813 0.392736
v -0.603926 0.219287 0.389543
v -0.661762 0.269604 0.392640
v -0.696934 0.094812 0.392633
v -0.664748 0.087407 0.392597
v -0.674482 -0.082098 0.392017
v -0.645253 -0.078074 0.388652
v -0.637248 0.078854 0.389449
v -0.710364 -0.087120 0.392583
v -0.695485 -0.241684 0.392591
v -0.651119 -0.231696 0.392410
v -0.757083 -0.088508 0.392455
v -0.583651 -0.387215 0.392628
v -0.548188 -0.368909 0.392592
v -0.616422 -0.224349 0.390888
v -0.524012 -0.358475 0.373644
v -0.592762 -0.220844 0.370606
v -0.626324 -0.076531 0.367900
v -0.571921 -0.219781 0.336158
v -0.607179 -0.074527 0.337081
v -0.606553 0.065754 0.336511
v -0.625734 0.071376 0.366160
v -0.596756 -0.072062 0.371367
v -0.596364 0.063659 0.371220
v -0.570182 -0.069979 0.351288
v -0.572372 0.059896 0.351311
v -0.544667 0.185881 0.351412
v -0.538836 0.056251 0.355729
v -0.511179 0.172625 0.354356
v -0.464282 0.286551 0.355199
v -0.494906 0.297546 0.351845
v -0.370988 0.399177 0.354487
v -0.395360 0.424236 0.351784
v -0.268015 0.474415 0.354541
v -0.283458 0.506422 0.351444
v -0.271084 0.539650 0.371516
v -0.166848 0.520781 0.355376
v -0.182503 0.549797 0.351505
v -0.056718 0.541673 0.354343
v -0.067655 0.575652 0.351430
v 0.061325 0.540593 0.354649
v 0.064440 0.574462 0.351381
v 0.065936 0.597614 0.371680
v 0.065570 0.606631 0.338042
v 0.195635 0.545557 0.351127
v 0.181266 0.513590 0.354874
v 0.295225 0.499641 0.351070
v 0.408566 0.450618 0.371023
v 0.503370 0.351357 0.338477
v 0.067942 0.550064 0.301091
v -0.048461 0.553109 0.301253
v -0.042478 0.560404 0.270709
v -0.162310 0.531041 0.301371
v -0.158121 0.535544 0.270286
v -0.166753 0.573598 0.253987
v -0.273518 0.488706 0.270089
v -0.290588 0.521380 0.253809
v -0.334098 0.599474 0.253845
v -0.410854 0.436402 0.253898
v -0.469871 0.500398 0.253863
v -0.470141 0.501582 0.190658
v -0.580815 0.367938 0.255062
v -0.582575 0.369870 0.192969
v -0.581764 0.372268 0.160002
v -0.648478 0.224172 0.193119
v -0.649502 0.228620 0.157755
v -0.671398 0.240467 0.134159
v -0.602871 0.388645 0.133027
v -0.675646 0.246772 0.086583
v -0.606661 0.392032 0.083812
v -0.676305 0.245746 -0.051722
v -0.716168 0.065235 0.088874
v -0.716426 0.064986 -0.040830
v -0.714970 0.068978 -0.119483
v -0.710643 -0.118307 -0.015334
v -0.710838 -0.114688 -0.113535
v -0.690192 -0.107724 -0.146958
v -0.667216 -0.269142 -0.105465
v -0.649562 -0.256011 -0.148674
v -0.641473 -0.247992 -0.187429
v -0.576177 -0.394938 -0.146941
v -0.568597 -0.387542 -0.188990
v -0.568212 -0.385062 -0.254447
v -0.461487 -0.510257 -0.191933
v -0.460102 -0.509039 -0.254660
v -0.417994 -0.462232 -0.252228
v -0.325767 -0.604773 -0.254654
v -0.295706 -0.546995 -0.252035
v -0.272984 -0.499752 -0.250221
v -0.163451 -0.597674 -0.251926
v -0.153556 -0.547480 -0.252672
v -0.156615 -0.541865 -0.301467
v -0.023608 -0.567588 -0.251855
v -0.027127 -0.563375 -0.301482
v -0.025126 -0.543705 -0.306325
v 0.110140 -0.553205 -0.301331
v 0.106356 -0.533865 -0.305280
v 0.105044 -0.532089 -0.353907
v -0.027057 -0.542114 -0.354968
v 0.098653 -0.565326 -0.350233
v -0.031379 -0.575949 -0.351143
v 0.094379 -0.578981 -0.362710
v -0.037520 -0.585667 -0.366339
v -0.168057 -0.565806 -0.363241
v -0.043701 -0.598690 -0.360654
v -0.173757 -0.574959 -0.358645
v -0.295251 -0.523916 -0.357116
v -0.176957 -0.578323 -0.338714
v -0.297125 -0.528009 -0.336855
v -0.408177 -0.443746 -0.336542
v -0.300674 -0.535991 -0.335516
v -0.414059 -0.454497 -0.337010
v -0.512339 -0.345413 -0.337302
v -0.420299 -0.463191 -0.357369
v -0.520744 -0.352464 -0.357273
v -0.590949 -0.216984 -0.360105
v -0.528277 -0.357122 -0.380802
v -0.600081 -0.218112 -0.383216
v -0.634059 -0.071075 -0.386206
v -0.619778 -0.224353 -0.391699
v -0.661113 -0.072994 -0.392171
v -0.668504 0.074615 -0.392216
v -0.694678 -0.075607 -0.392499
v -0.705393 0.083255 -0.392535
v -0.688300 0.215750 -0.392556
v -0.756537 0.086947 -0.392475
v -0.743086 0.234141 -0.392598
v -0.702041 0.352651 -0.392117
v -0.741416 -0.072914 -0.392538
v -0.687262 -0.249701 -0.392467
v -0.649328 -0.235081 -0.392411
v -0.568140 -0.382655 -0.392460
v -0.596398 -0.404310 -0.392526
v -0.543702 -0.367089 -0.392311
v -0.439554 -0.485162 -0.392546
v -0.459074 -0.506544 -0.392561
v -0.426482 -0.470107 -0.380381
v -0.310923 -0.554645 -0.378055
v -0.318317 -0.573119 -0.393720
v -0.306924 -0.546652 -0.354950
v -0.187928 -0.599725 -0.351905
v -0.191328 -0.607173 -0.375331
v -0.182647 -0.589703 -0.333635
v -0.055374 -0.611306 -0.333412
v -0.061097 -0.620637 -0.349908
v -0.049133 -0.600724 -0.341460
v 0.082349 -0.597858 -0.343972
v 0.075617 -0.603814 -0.332290
v 0.089208 -0.591070 -0.362023
v 0.214265 -0.562820 -0.357550
v 0.209589 -0.569841 -0.341533
v 0.213484 -0.550706 -0.362931
v 0.213835 -0.538291 -0.351150
v 0.314287 -0.484452 -0.351645
v 0.315567 -0.496403 -0.363625
v 0.315663 -0.509952 -0.359075
v 0.417492 -0.413031 -0.367581
v 0.418918 -0.432324 -0.361843
v 0.497281 -0.312193 -0.365707
v 0.493379 -0.300144 -0.351833
v 0.546196 -0.188722 -0.351507
v 0.551547 -0.197023 -0.363604
v 0.417172 -0.400486 -0.351614
v 0.400748 -0.369717 -0.354574
v 0.471135 -0.271552 -0.355019
v 0.294021 -0.457875 -0.354729
v 0.297190 -0.455296 -0.306816
v 0.401415 -0.366251 -0.307008
v 0.208905 -0.504776 -0.355897
v 0.211393 -0.504246 -0.305321
v 0.218250 -0.520634 -0.301272
v 0.309969 -0.471128 -0.301491
v 0.326441 -0.478599 -0.249276
v 0.434169 -0.380041 -0.250451
v 0.419681 -0.379732 -0.301221
v 0.225773 -0.533661 -0.250386
v 0.245909 -0.574817 -0.252327
v 0.361040 -0.509547 -0.252275
v 0.112832 -0.565943 -0.249448
v 0.121890 -0.609526 -0.252066
v 0.134860 -0.670988 -0.254757
v 0.273476 -0.631008 -0.255143
v -0.021982 -0.618950 -0.251925
v -0.021173 -0.685850 -0.255009
v -0.019839 -0.687514 -0.192278
v 0.137537 -0.672756 -0.191648
v -0.177745 -0.663423 -0.255014
v -0.176245 -0.665160 -0.193335
v -0.176649 -0.674181 -0.151060
v -0.018910 -0.693368 -0.150555
v -0.324435 -0.607242 -0.192771
v -0.326077 -0.615667 -0.149721
v -0.334215 -0.636809 -0.118114
v -0.181283 -0.699725 -0.120099
v -0.467359 -0.517082 -0.148629
v -0.481348 -0.533846 -0.116027
v -0.481446 -0.534646 -0.004071
v -0.331276 -0.639243 -0.027719
v -0.592252 -0.409288 -0.112352
v -0.590462 -0.403090 0.026982
v -0.591640 -0.410623 0.105779
v -0.480186 -0.535783 0.102989
v -0.654241 -0.283263 0.027854
v -0.663886 -0.277607 0.098409
v -0.659009 -0.271855 0.135880
v -0.580129 -0.405107 0.140695
v -0.710511 -0.119199 0.089646
v -0.704788 -0.113029 0.135601
v -0.682289 -0.105669 0.158970
v -0.637157 -0.262015 0.159315
v -0.709580 0.066848 0.135681
v -0.686328 0.064859 0.158287
v -0.684852 0.063114 0.193447
v -0.680953 -0.102772 0.195094
v -0.679020 -0.099862 0.254531
v -0.635362 -0.261363 0.254268
v -0.635788 -0.261084 0.195251
v -0.682667 0.063096 0.254782
v -0.592494 0.056005 0.254042
v -0.592145 -0.083108 0.254441
v -0.648342 0.220213 0.255180
v -0.563295 0.189727 0.254030
v -0.531264 0.177679 0.271265
v -0.558368 0.053761 0.271724
v -0.505271 0.317294 0.253709
v -0.476261 0.296272 0.271359
v -0.473361 0.293653 0.300756
v -0.526963 0.176739 0.301746
v -0.382085 0.407370 0.269426
v -0.378630 0.406273 0.301504
v -0.272521 0.484534 0.301416
v -0.553367 0.056615 0.301715
v -0.535333 -0.067441 0.354302
v -0.552483 -0.071031 0.300698
v -0.558062 -0.072209 0.269404
v -0.513989 -0.213973 0.300229
v -0.518243 -0.216463 0.267709
v -0.549874 -0.228904 0.253900
v -0.460376 -0.320180 0.267468
v -0.489043 -0.344049 0.253874
v -0.561181 -0.397306 0.254448
v -0.400147 -0.457418 0.254207
v -0.452571 -0.515552 0.255548
v -0.455432 -0.515947 0.193002
v -0.562597 -0.397076 0.194633
v -0.458838 -0.517129 0.159324
v -0.565459 -0.396972 0.160014
v -0.471843 -0.531117 0.137000
v -0.315503 -0.614386 0.158710
v -0.326718 -0.635371 0.134367
v -0.329623 -0.640077 0.096927
v -0.173414 -0.696379 0.132342
v -0.177972 -0.701561 0.089794
v -0.181442 -0.700691 -0.042066
v -0.009013 -0.720047 0.085731
v -0.013754 -0.719755 -0.051750
v -0.017628 -0.718365 -0.122574
v 0.152173 -0.706537 -0.052916
v 0.149024 -0.704907 -0.119429
v 0.142181 -0.681546 -0.149937
v 0.295827 -0.656687 -0.119516
v 0.282797 -0.637634 -0.150205
v 0.276635 -0.631500 -0.190301
v 0.420566 -0.553350 -0.150957
v 0.411485 -0.551732 -0.188242
v 0.404568 -0.553953 -0.255011
v 0.530443 -0.437767 -0.191522
v 0.526279 -0.439186 -0.255093
v 0.474477 -0.403934 -0.252260
v 0.606268 -0.312111 -0.256589
v 0.549684 -0.290121 -0.252228
v 0.505363 -0.273597 -0.252659
v 0.601191 -0.162604 -0.252204
v 0.554607 -0.159344 -0.249233
v 0.540482 -0.166953 -0.300773
v 0.494137 -0.275720 -0.301378
v 0.520909 -0.164249 -0.304811
v 0.475935 -0.267326 -0.305618
v 0.514871 -0.170113 -0.354612
v 0.540203 -0.056312 -0.305808
v 0.536077 -0.060079 -0.354237
v 0.570879 -0.065731 -0.351306
v 0.537942 0.071430 -0.356019
v 0.571899 0.073890 -0.351203
v 0.584852 0.061177 -0.363514
v 0.581470 -0.071495 -0.361808
v 0.599204 0.050368 -0.354045
v 0.595483 -0.084491 -0.359642
v 0.603640 0.037239 -0.339228
v 0.583153 0.161877 -0.336674
v 0.599476 0.150844 -0.346349
v 0.616462 0.026486 -0.342304
v 0.612784 0.143448 -0.369265
v 0.629106 0.023225 -0.364960
v 0.626321 0.138792 -0.390176
v 0.639191 0.019037 -0.387147
v 0.635120 -0.106883 -0.386456
v 0.666976 0.015031 -0.391965
v 0.661967 -0.110537 -0.391754
v 0.636368 -0.225521 -0.391743
v 0.608694 -0.219667 -0.383116
v 0.596247 -0.329727 -0.392158
v 0.568398 -0.317308 -0.386376
v 0.551028 -0.311395 -0.363483
v 0.520623 -0.391020 -0.385407
v 0.507656 -0.377735 -0.365598
v 0.498535 -0.374609 -0.344747
v 0.426245 -0.466909 -0.366495
v 0.440117 -0.478350 -0.385883
v 0.328782 -0.561057 -0.386466
v 0.318624 -0.546023 -0.363570
v 0.200402 -0.616151 -0.384377
v 0.199657 -0.599714 -0.362865
v 0.203770 -0.587882 -0.341982
v 0.205281 -0.578914 -0.331543
v 0.064276 -0.627969 -0.366324
v 0.071006 -0.616191 -0.342643
v -0.067115 -0.630042 -0.372570
v 0.061291 -0.640224 -0.388747
v -0.071681 -0.644295 -0.392592
v -0.199009 -0.623376 -0.391668
v -0.078043 -0.669470 -0.392548
v -0.210678 -0.650862 -0.393828
v -0.329274 -0.602716 -0.396483
v -0.226897 -0.690262 -0.396868
v -0.345440 -0.641174 -0.398589
v -0.481954 -0.532306 -0.392490
v -0.083547 -0.701151 -0.392552
v 0.058607 -0.705724 -0.392503
v 0.059110 -0.670187 -0.392624
v 0.206793 -0.645303 -0.392041
v 0.213217 -0.683277 -0.392460
v 0.347342 -0.585202 -0.392216
v 0.374603 -0.620064 -0.392543
v 0.461867 -0.501160 -0.392120
v 0.489339 -0.529821 -0.392458
v 0.545534 -0.411262 -0.392228
v 0.581132 -0.437708 -0.392533
v 0.631841 -0.471959 -0.391109
v 0.632003 -0.346419 -0.392206
v 0.672290 -0.232105 -0.392469
v 0.693453 -0.113720 -0.392429
v 0.699798 0.010848 -0.392452
v 0.744545 0.004642 -0.392464
v 0.690162 0.137034 -0.392536
v 0.735241 0.138715 -0.392520
v 0.806588 -0.002640 -0.380122
v 0.670954 0.260753 -0.392539
v 0.725109 0.267569 -0.391944
v 0.643081 0.375673 -0.392489
v 0.604164 0.351778 -0.392556
v 0.563175 0.432684 -0.392544
v 0.608734 0.461470 -0.392078
v 0.634003 0.256242 -0.392511
v 0.603793 0.253003 -0.392406
v 0.574031 0.335875 -0.392594
v 0.655221 0.136693 -0.392492
v 0.551200 0.326430 -0.386693
v 0.514994 0.395681 -0.392668
v 0.535283 0.412495 -0.392549
v 0.582585 0.253272 -0.377517
v 0.458240 0.471654 -0.392433
v 0.478755 0.492719 -0.392522
v 0.504287 0.519277 -0.392542
v 0.414396 0.556834 -0.392543
v 0.439408 0.594995 -0.392485
v 0.544789 0.558539 -0.392133
v 0.294792 0.634935 -0.392544
v 0.313719 0.678382 -0.392508
v 0.153145 0.684879 -0.392535
v 0.167553 0.732296 -0.392492
v 0.012097 0.700953 -0.392558
v 0.004709 0.665956 -0.392583
v -0.146491 0.650672 -0.392015
v -0.151673 0.687476 -0.392487
v 0.143494 0.649932 -0.392429
v 0.137147 0.625743 -0.382409
v 0.000386 0.641364 -0.383528
v 0.280650 0.601187 -0.392516
v 0.271500 0.577983 -0.383889
v 0.134300 0.613524 -0.356800
v 0.397430 0.529904 -0.392476
v 0.386911 0.508291 -0.383693
v 0.442014 0.457746 -0.380552
v 0.132910 0.595609 -0.331790
v -0.001413 0.613707 -0.332107
v -0.004586 0.629432 -0.358234
v -0.144583 0.603713 -0.338845
v -0.144674 0.614547 -0.359575
v -0.143496 0.624054 -0.384316
v -0.273130 0.573167 -0.356283
v -0.273559 0.582838 -0.383080
v -0.280964 0.605403 -0.392174
v -0.389467 0.507184 -0.381972
v -0.400819 0.526396 -0.391925
v -0.294888 0.635885 -0.392487
v -0.268895 0.559246 -0.337947
v -0.145794 0.594069 -0.350962
v -0.269940 0.550602 -0.353089
v -0.374682 0.479280 -0.354267
v -0.267060 0.538162 -0.364373
v -0.370177 0.468685 -0.366086
v -0.263772 0.523568 -0.351276
v -0.366550 0.454438 -0.351459
v -0.455678 0.361640 -0.351243
v -0.533397 0.225574 -0.351341
v -0.347464 0.427669 -0.355586
v -0.436152 0.332389 -0.355798
v -0.503345 0.205100 -0.355030
v -0.505445 0.202209 -0.305409
v -0.538936 0.059523 -0.306662
v -0.539666 0.059891 -0.355575
v -0.571053 0.071538 -0.351788
v -0.435194 0.324613 -0.306087
v -0.452971 0.335697 -0.301857
v -0.523954 0.208531 -0.299914
v -0.344304 0.419301 -0.305989
v -0.358959 0.434000 -0.302114
v -0.370434 0.433850 -0.256133
v -0.465640 0.335728 -0.250835
v -0.244853 0.481778 -0.309285
v -0.258030 0.504367 -0.299249
v -0.259989 0.505286 -0.254961
v -0.283259 0.548570 -0.252064
v -0.407121 0.465777 -0.252128
v -0.144753 0.543015 -0.300967
v -0.144251 0.544047 -0.252788
v -0.156443 0.596561 -0.252124
v -0.172608 0.662338 -0.254598
v -0.316010 0.608495 -0.254398
v -0.018954 0.567775 -0.253491
v -0.021424 0.618008 -0.252291
v -0.021595 0.681923 -0.254925
v -0.021027 0.686234 -0.190995
v -0.172386 0.665353 -0.191274
v 0.131441 0.605301 -0.252320
v 0.140344 0.669309 -0.254607
v 0.133494 0.673697 -0.194479
v 0.126132 0.681177 -0.150187
v -0.021265 0.693032 -0.150350
v 0.287050 0.623304 -0.254511
v 0.280589 0.627510 -0.198429
v 0.273451 0.631419 -0.159224
v 0.275250 0.655542 -0.136724
v 0.121876 0.707980 -0.116739
v 0.413755 0.547921 -0.195161
v 0.411329 0.551776 -0.158767
v 0.419621 0.571042 -0.137270
v 0.420808 0.580572 -0.084438
v 0.535152 0.436863 -0.157348
v 0.547700 0.454792 -0.136906
v 0.550012 0.463559 -0.075866
v 0.544747 0.469289 0.066587
v 0.413784 0.585475 0.070749
v 0.641228 0.313683 -0.134839
v 0.644616 0.324431 -0.069717
v 0.640503 0.332691 0.066204
v 0.636750 0.337668 0.123843
v 0.536370 0.470946 0.135541
v 0.699589 0.170578 -0.071833
v 0.694119 0.181217 0.070521
v 0.691739 0.188331 0.125663
v 0.665045 0.189048 0.149648
v 0.607769 0.328772 0.156392
v 0.719103 0.017952 0.069302
v 0.719785 0.025048 0.126021
v 0.691414 0.030350 0.154817
v 0.688459 0.036426 0.192845
v 0.657062 0.194893 0.191416
v 0.706299 -0.135151 0.126483
v 0.682105 -0.121635 0.152307
v 0.679350 -0.112227 0.191574
v 0.678438 -0.104928 0.255420
v 0.685121 0.042566 0.254640
v 0.636385 -0.273070 0.153854
v 0.635803 -0.263082 0.193531
v 0.637599 -0.254437 0.255323
v 0.560869 -0.216566 0.251445
v 0.596303 -0.085266 0.251229
v 0.554902 -0.407625 0.196643
v 0.557460 -0.403553 0.253197
v 0.484242 -0.349535 0.253927
v 0.458079 -0.325494 0.268910
v 0.527476 -0.195800 0.266063
v 0.438573 -0.529642 0.254424
v 0.382670 -0.459241 0.254045
v 0.364273 -0.428076 0.269877
v 0.365950 -0.421786 0.299706
v 0.458363 -0.319805 0.300115
v 0.270525 -0.539497 0.254001
v 0.256053 -0.499331 0.268083
v 0.256469 -0.493652 0.303477
v 0.251349 -0.480986 0.353126
v 0.357076 -0.408901 0.354282
v 0.145210 -0.544278 0.265746
v 0.147790 -0.535645 0.303795
v 0.148026 -0.524101 0.354591
v 0.158980 -0.554778 0.351650
v 0.268025 -0.510406 0.351240
v 0.017860 -0.553684 0.303491
v 0.022364 -0.541694 0.354609
v 0.025021 -0.574638 0.351998
v 0.032876 -0.598014 0.371892
v 0.169880 -0.577899 0.371283
v -0.121284 -0.529795 0.354313
v -0.125262 -0.564498 0.351292
v -0.125583 -0.588807 0.371168
v -0.133738 -0.597301 0.336500
v 0.044959 -0.607410 0.338291
v -0.265423 -0.512718 0.351625
v -0.274561 -0.534354 0.371606
v -0.275996 -0.542529 0.336934
v -0.285140 -0.566588 0.375640
v -0.129003 -0.621882 0.373073
v -0.398544 -0.448246 0.372356
v -0.408478 -0.456014 0.337818
v -0.423130 -0.471881 0.376330
v -0.503473 -0.349351 0.338340
v -0.443016 -0.494500 0.392598
v -0.298716 -0.593336 0.392129
v -0.129927 -0.652263 0.391241
v -0.470936 -0.524560 0.392707
v 0.053664 -0.659944 0.392289
v 0.044516 -0.631086 0.374722
v 0.065112 -0.700446 0.392608
v 0.216995 -0.656614 0.392482
v 0.199311 -0.625236 0.391337
v 0.067796 -0.744669 0.392518
v 0.238811 -0.696983 0.392430
v 0.378660 -0.625436 0.391546
v 0.347965 -0.587843 0.392422
v 0.420960 -0.678084 0.385335
v 0.465650 -0.713797 0.369108
v 0.469385 -0.499291 0.392666
v 0.443918 -0.476969 0.392849
v 0.325736 -0.562823 0.390741
v 0.424082 -0.465170 0.370007
v 0.308313 -0.550665 0.369784
v 0.188484 -0.605539 0.373652
v 0.290118 -0.535968 0.336268
v 0.177430 -0.584431 0.337374
v 0.282028 -0.531076 0.370634
v 0.402844 -0.456807 0.336639
v 0.394449 -0.450968 0.370847
v 0.378142 -0.434027 0.351197
v 0.499821 -0.335991 0.371109
v 0.477685 -0.323804 0.351117
v 0.448157 -0.307019 0.351927
v 0.545505 -0.189914 0.351494
v 0.512074 -0.180801 0.354312
v 0.524252 -0.189099 0.300775
v 0.539655 -0.054992 0.355334
v 0.551782 -0.062704 0.301671
v 0.557530 -0.071279 0.263320
v 0.551925 0.062289 0.301139
v 0.558618 0.052140 0.258127
v 0.605591 0.044427 0.251289
v 0.534364 0.182456 0.258798
v 0.577654 0.186357 0.251520
v 0.652915 0.200586 0.255545
v 0.532667 0.303237 0.251863
v 0.599954 0.334090 0.255078
v 0.603316 0.332524 0.196014
v 0.509621 0.459060 0.255646
v 0.513386 0.459087 0.197345
v 0.515847 0.458992 0.158597
v 0.382643 0.571055 0.195404
v 0.388243 0.568484 0.156771
v 0.407810 0.588337 0.126906
v 0.247308 0.645894 0.149508
v 0.582312 -0.374309 0.392657
v -0.495770 -0.344407 0.371160
v -0.559196 -0.221065 0.371583
v -0.475030 -0.328389 0.351328
v -0.534981 -0.215696 0.350889
v -0.448223 -0.308380 0.354862
v -0.501805 -0.205786 0.354350
v -0.458268 -0.315405 0.302767
v -0.359252 -0.410699 0.355069
v -0.366519 -0.419099 0.303816
v -0.371127 -0.423951 0.266641
v -0.254755 -0.493384 0.302798
v -0.260475 -0.507494 0.256085
v -0.280113 -0.547900 0.254280
v -0.128351 -0.553729 0.257140
v -0.141172 -0.600697 0.254267
v -0.158350 -0.667244 0.255254
v -0.312390 -0.610636 0.255429
v -0.161544 -0.668298 0.194241
v -0.313947 -0.612795 0.194251
v -0.165126 -0.670789 0.155954
v 0.003888 -0.688215 0.194136
v -0.000815 -0.692008 0.155694
v -0.005719 -0.714099 0.127943
v 0.158472 -0.675483 0.152710
v 0.159298 -0.699068 0.124787
v 0.156662 -0.704770 0.072485
v 0.305863 -0.646993 0.124265
v 0.305018 -0.651707 0.068481
v 0.300206 -0.655212 -0.061491
v 0.451393 -0.560115 0.072873
v 0.444266 -0.565705 -0.071017
v 0.439217 -0.568033 -0.123749
v 0.564028 -0.446845 -0.071809
v 0.559973 -0.450322 -0.124921
v 0.535361 -0.436641 -0.153672
v 0.648187 -0.310856 -0.127729
v 0.619895 -0.304071 -0.155292
v 0.616335 -0.308732 -0.196653
v 0.670505 -0.162398 -0.158476
v 0.667409 -0.168904 -0.197636
v 0.664106 -0.173539 -0.255420
v 0.689183 -0.019839 -0.196471
v 0.686086 -0.028989 -0.254800
v 0.622207 -0.037759 -0.252437
v 0.671203 0.132429 -0.255444
v 0.613220 0.114030 -0.252356
v 0.566598 0.096176 -0.251812
v 0.574030 -0.046618 -0.250388
v 0.556737 0.084159 -0.302061
v 0.562331 -0.056434 -0.301602
v 0.537306 0.078935 -0.306325
v 0.521735 0.211705 -0.301637
v 0.504543 0.201965 -0.306570
v 0.504566 0.196912 -0.355521
v 0.439442 0.319089 -0.306557
v 0.442819 0.318750 -0.355069
v 0.474592 0.331614 -0.352028
v 0.538854 0.202689 -0.351249
v 0.352792 0.418677 -0.354414
v 0.377981 0.440999 -0.351599
v 0.240204 0.490562 -0.355405
v 0.255315 0.519038 -0.351382
v 0.123059 0.530120 -0.354526
v 0.126919 0.565390 -0.351502
v 0.129513 0.576618 -0.367816
v -0.010898 0.579761 -0.351719
v -0.009424 0.593480 -0.367878
v -0.006953 0.607462 -0.354533
v 0.132117 0.589965 -0.354882
v -0.146308 0.581754 -0.364398
v -0.146334 0.567565 -0.351454
v -0.014407 0.546030 -0.355132
v -0.143286 0.532454 -0.355202
v -0.250301 0.492129 -0.355812
v -0.141034 0.522947 -0.306482
v -0.015758 0.540802 -0.306703
v -0.017924 0.559438 -0.301814
v 0.122264 0.527239 -0.306619
v 0.125847 0.547405 -0.300938
v 0.122879 0.552709 -0.251806
v 0.248151 0.507529 -0.301638
v 0.246181 0.514009 -0.255068
v 0.264506 0.563249 -0.252378
v 0.357628 0.446568 -0.253047
v 0.384030 0.491763 -0.252409
v 0.415763 0.543427 -0.255194
v 0.492404 0.382878 -0.252406
v 0.537639 0.426121 -0.255422
v 0.536823 0.431854 -0.194948
v 0.621414 0.287980 -0.255319
v 0.621579 0.294082 -0.192448
v 0.622056 0.299453 -0.155205
v 0.671488 0.139621 -0.191712
v 0.673837 0.147746 -0.150776
v 0.700179 0.162435 -0.127979
v 0.690674 -0.009873 -0.157537
v 0.718953 -0.000430 -0.127357
v 0.720462 0.006712 -0.071742
v 0.700352 -0.162330 -0.127986
v 0.704187 -0.154439 -0.070413
v 0.706716 -0.142954 0.068433
v 0.651756 -0.306622 -0.069642
v 0.653856 -0.298652 0.068322
v 0.655184 -0.290279 0.128054
v 0.569724 -0.439416 0.072184
v 0.571907 -0.433563 0.127564
v 0.553412 -0.411798 0.155223
v 0.449763 -0.552108 0.127963
v 0.438589 -0.533495 0.158532
v 0.438353 -0.530821 0.198156
v 0.299728 -0.624906 0.155753
v 0.301612 -0.618918 0.196700
v 0.304654 -0.616307 0.254463
v 0.161655 -0.668463 0.193660
v 0.166436 -0.665144 0.255761
v 0.152460 -0.590295 0.254139
v 0.008119 -0.685806 0.255524
v 0.009364 -0.616465 0.254257
v 0.012943 -0.569497 0.257149
v -0.124548 -0.540214 0.302866
v -0.250875 -0.483480 0.355061
v -0.382455 -0.433870 0.351125
v 0.567332 0.256049 -0.252364
v 0.458152 0.346599 -0.251705
v 0.527456 0.227683 -0.250623
v 0.454484 0.332436 -0.302431
v 0.359162 0.434987 -0.301022
v 0.348097 0.418699 -0.304734
v 0.240017 0.489461 -0.304951
v -0.022889 0.719574 -0.102058
v -0.172732 0.672198 -0.149718
v -0.318241 0.608253 -0.192686
v -0.454493 0.512606 -0.255407
v -0.508970 0.359185 -0.252207
v -0.536451 0.207449 -0.254953
v -0.559283 0.061390 -0.302664
v -0.537093 -0.080965 -0.306189
v -0.509149 -0.188343 -0.355297
v -0.534856 -0.079798 -0.355137
v -0.569889 -0.072501 -0.352548
v -0.135113 0.943968 0.264459
v -0.811678 0.494620 -0.316384
v -0.845000 0.429166 -0.247515
v -0.328678 0.518933 0.337133
v -0.938401 0.100807 -0.209964
v -0.915921 0.092511 -0.218092
v -0.931241 -0.041227 -0.238084
v -0.950030 -0.040594 -0.216949
v -0.956588 -0.053082 -0.173720
v -0.957051 -0.049902 -0.131928
v -0.953741 0.062095 0.014347
v -0.951015 -0.094388 0.022874
v -0.948948 -0.081263 -0.027069
v -0.917786 -0.219975 -0.019342
v -0.919850 -0.218803 0.015019
v -0.887350 -0.309661 0.018422
v -0.886156 -0.313718 -0.018318
v -0.855238 -0.389811 -0.008874
v -0.855100 -0.381013 0.038518
v -0.882973 -0.311272 -0.054226
v -0.892341 -0.320238 -0.088084
v -0.805022 -0.464298 0.035417
v -0.811760 -0.465333 -0.001213
v -0.766493 -0.532163 -0.006529
v -0.760077 -0.535565 0.019766
v -0.698902 -0.621085 0.012040
v -0.696726 -0.621229 0.038112
v -0.749684 -0.536170 0.039001
v -0.699561 -0.618860 -0.015892
v -0.633071 -0.697454 -0.017495
v -0.634630 -0.696699 0.012616
v -0.692281 -0.613344 -0.045133
v -0.625898 -0.694416 -0.045735
v -0.558144 -0.764230 -0.005906
v -0.672420 -0.592582 -0.068624
v -0.598538 -0.671899 -0.063518
v -0.696834 -0.616857 -0.101196
v -0.624025 -0.697940 -0.096503
v -0.704377 -0.620949 -0.129676
v -0.627773 -0.711638 -0.129973
v -0.547651 -0.779046 -0.124553
v -0.628283 -0.714229 -0.160226
v -0.546210 -0.778608 -0.155595
v -0.472159 -0.828286 -0.156009
v -0.546890 -0.775265 -0.183951
v -0.629728 -0.715309 -0.183753
v -0.707558 -0.619601 -0.156614
v -0.709211 -0.616652 -0.183568
v -0.790326 -0.520096 -0.148792
v -0.779716 -0.516155 -0.171622
v -0.769782 -0.512031 -0.180731
v -0.836727 -0.430007 -0.189829
v -0.822515 -0.428174 -0.201981
v -0.812207 -0.424462 -0.215459
v -0.763836 -0.510061 -0.202504
v -0.770671 -0.505905 -0.205395
v -0.795506 -0.514220 -0.125232
v -0.477579 -0.814489 0.009158
v -0.476928 -0.815351 0.033305
v -0.564085 -0.760627 0.019262
v -0.633167 -0.694325 0.041315
v -0.691705 -0.617125 0.055790
v -0.741869 -0.536537 0.048663
v -0.394854 -0.850633 0.039149
v -0.403283 -0.851840 0.014008
v -0.341471 -0.879102 0.010781
v -0.330128 -0.875286 0.032528
v -0.345986 -0.877303 -0.011079
v -0.249042 -0.912753 -0.002793
v -0.243456 -0.908810 0.020014
v -0.154238 -0.936135 0.031514
v -0.149996 -0.916801 0.049581
v -0.239865 -0.899970 0.037875
v -0.155426 -0.938844 0.005787
v -0.065070 -0.948672 0.007759
v -0.065963 -0.946644 0.035487
v -0.158631 -0.937744 -0.018722
v -0.068907 -0.949805 -0.023519
v 0.032085 -0.951006 -0.018110
v 0.029771 -0.950891 0.013303
v -0.072775 -0.940225 -0.052564
v 0.035568 -0.944516 -0.050222
v 0.109524 -0.947173 -0.011054
v 0.197035 -0.926405 -0.001862
v 0.198291 -0.925588 0.019856
v 0.115048 -0.946487 0.017844
v 0.198178 -0.915513 0.037606
v 0.119327 -0.936706 0.040209
v 0.031940 -0.950088 0.040343
v 0.123709 -0.919079 0.051821
v 0.034115 -0.937174 0.059029
v -0.064645 -0.931035 0.051981
v 0.036254 -0.922090 0.068626
v -0.060194 -0.915696 0.066043
v -0.148686 -0.902299 0.068072
v -0.058197 -0.917972 0.084484
v -0.147888 -0.904474 0.085920
v -0.233110 -0.896515 0.073939
v -0.235424 -0.893991 0.051098
v -0.146472 -0.921422 0.098968
v -0.228449 -0.912301 0.089558
v -0.147742 -0.942447 0.109324
v -0.228627 -0.925583 0.102309
v -0.316078 -0.898054 0.088253
v -0.229847 -0.926716 0.125589
v -0.311183 -0.900294 0.114834
v -0.382827 -0.871072 0.116647
v -0.384747 -0.861136 0.093034
v -0.467708 -0.817360 0.120989
v -0.377035 -0.872932 0.144915
v -0.468814 -0.821229 0.147856
v -0.569411 -0.762454 0.140782
v -0.574090 -0.759523 0.111252
v -0.637696 -0.705241 0.151756
v -0.634461 -0.708285 0.180781
v -0.306469 -0.901044 0.143784
v -0.301367 -0.900627 0.175336
v -0.291968 -0.885652 0.200001
v -0.229448 -0.925053 0.150919
v -0.146635 -0.945612 0.128895
v -0.059900 -0.953454 0.119542
v -0.062023 -0.952338 0.097952
v 0.038097 -0.953933 0.097055
v 0.037401 -0.954153 0.122267
v -0.061412 -0.934354 0.087755
v 0.039269 -0.937055 0.084659
v 0.133286 -0.945871 0.114920
v 0.040849 -0.923094 0.082216
v 0.131621 -0.947472 0.133764
v 0.215396 -0.907648 0.129516
v 0.212548 -0.928962 0.150408
v 0.129437 -0.946774 0.161723
v 0.130853 -0.944414 0.188642
v 0.196779 -0.903848 0.046848
v 0.283488 -0.895959 0.047010
v 0.294309 -0.890709 0.036958
v 0.392695 -0.845804 0.043671
v 0.372291 -0.834832 0.067988
v 0.306307 -0.891049 0.018570
v 0.407116 -0.848366 0.012947
v 0.512386 -0.788753 0.012738
v 0.507191 -0.788337 0.044854
v 0.315996 -0.888114 -0.006249
v 0.416941 -0.844024 -0.020713
v 0.518133 -0.785224 -0.014907
v 0.624519 -0.705619 -0.007776
v 0.422129 -0.834607 -0.048296
v 0.524134 -0.781521 -0.034971
v 0.626293 -0.702691 -0.028196
v 0.710493 -0.606598 -0.017107
v 0.708912 -0.608000 0.005051
v 0.523211 -0.766379 -0.054357
v 0.617097 -0.690951 -0.046494
v 0.711479 -0.605693 -0.032763
v 0.784155 -0.509163 -0.017868
v 0.782494 -0.509586 0.006544
v 0.774888 -0.507850 0.030151
v 0.831738 -0.431256 -0.011298
v 0.867323 -0.368888 -0.008508
v 0.822010 -0.425290 -0.048916
v 0.860822 -0.359007 -0.044025
v 0.889620 -0.296799 -0.024263
v 0.890828 -0.314393 -0.001141
v 0.812527 -0.417087 -0.076408
v 0.857534 -0.348163 -0.068332
v 0.899932 -0.284491 -0.044096
v 0.920969 -0.200107 -0.055378
v 0.940196 -0.183189 -0.071700
v 0.524863 -0.758429 -0.058374
v 0.417960 -0.814933 -0.064354
v 0.427139 -0.808008 -0.088438
v 0.442534 -0.821535 -0.106190
v 0.537009 -0.762667 -0.065603
v 0.451923 -0.832213 -0.119072
v 0.551452 -0.774305 -0.089856
v 0.454314 -0.833015 -0.147676
v 0.554419 -0.773988 -0.119426
v 0.630327 -0.716180 -0.137830
v 0.686373 -0.648724 -0.141694
v 0.628167 -0.716676 -0.163272
v 0.687426 -0.649788 -0.170604
v 0.743158 -0.581198 -0.142129
v 0.738923 -0.590310 -0.116683
v 0.621526 -0.710573 -0.183765
v 0.682283 -0.646880 -0.197209
v 0.742487 -0.567221 -0.164118
v 0.794055 -0.500444 -0.134053
v 0.802513 -0.510221 -0.108871
v 0.779135 -0.487647 -0.156701
v 0.824073 -0.427254 -0.186679
v 0.843967 -0.434021 -0.169255
v 0.773673 -0.483063 -0.187914
v 0.811679 -0.423985 -0.205503
v 0.851342 -0.356894 -0.225184
v 0.783357 -0.487763 -0.206890
v 0.808192 -0.498672 -0.225483
v 0.820308 -0.493365 -0.275211
v 0.862535 -0.308420 -0.218691
v 0.876793 -0.238698 -0.201585
v 0.903808 -0.149468 -0.202476
v 0.931888 -0.155589 -0.187999
v 0.803358 -0.512776 -0.087620
v 0.609178 -0.698262 -0.197988
v 0.602202 -0.688228 -0.210141
v 0.350046 -0.889659 -0.133100
v 0.353576 -0.888424 -0.155488
v 0.358978 -0.885144 -0.172384
v 0.364713 -0.867909 -0.193595
v 0.283196 -0.876332 -0.200819
v 0.233887 -0.884894 -0.244015
v 0.294321 -0.864912 -0.214538
v 0.252255 -0.922171 -0.147210
v 0.347191 -0.890356 -0.112836
v 0.240821 -0.925231 -0.128226
v 0.160476 -0.943374 -0.144381
v 0.164623 -0.943557 -0.165222
v 0.093663 -0.950656 -0.135459
v 0.091320 -0.950842 -0.164641
v 0.025376 -0.951059 -0.129226
v -0.070754 -0.955168 -0.132442
v 0.344420 -0.890334 -0.083827
v 0.331074 -0.881194 -0.057533
v 0.323670 -0.880018 -0.036056
v 0.493908 -0.772337 0.063365
v 0.501653 -0.801926 0.099894
v 0.378136 -0.859663 0.093091
v 0.498486 -0.806879 0.140136
v 0.373236 -0.880621 0.118345
v 0.349209 -0.890682 0.142864
v 0.230208 -0.910924 0.127951
v 0.608711 -0.735433 0.138607
v 0.687310 -0.655154 0.138026
v 0.681004 -0.665567 0.165559
v 0.740755 -0.593664 0.152160
v 0.740178 -0.590294 0.180683
v 0.672406 -0.668126 0.193897
v 0.738496 -0.597340 0.120475
v 0.796178 -0.528772 0.115272
v 0.792854 -0.530594 0.148856
v 0.837742 -0.459434 0.172797
v 0.821341 -0.456717 0.202198
v 0.788096 -0.532374 0.179247
v 0.842219 -0.455652 0.141437
v 0.844546 -0.449520 0.111949
v 0.872515 -0.367718 0.139320
v 0.823933 -0.436066 0.096768
v 0.857364 -0.355942 0.125197
v 0.646701 0.600825 0.362361
v 0.656748 0.626568 0.381846
v 0.657542 0.584574 0.326312
v 0.661458 0.611648 0.335855
v -0.814204 -0.092688 0.384967
v -0.902258 -0.261215 -0.304436
v 0.838909 0.439267 -0.253719
v -0.855268 -0.395958 -0.333175
v -0.849104 -0.418494 0.183661
v 0.924506 0.241979 0.123449
v 0.943409 0.158408 0.143162
v 0.951334 0.088122 0.198042
v 0.955097 0.076871 0.169199
v 0.956998 0.066902 0.130761
v 0.935871 0.096346 0.210180
v 0.948555 -0.002244 0.240230
v 0.912341 0.100572 0.211298
v 0.926894 0.014457 0.245426
v 0.920977 -0.094718 0.218702
v 0.938489 -0.110807 0.212480
v 0.902736 -0.172782 0.200382
v 0.916815 -0.176101 0.188200
v 0.909279 -0.087408 0.238104
v 0.904545 -0.177270 0.216793
v 0.920682 -0.178223 0.229568
v 0.909798 0.020919 0.245655
v 0.900697 0.107791 0.222189
v -0.700225 -0.559479 0.309314
v -0.663136 -0.625144 0.325515
v 0.937804 -0.159343 -0.122060
v 0.947661 -0.131198 -0.165708
v -0.524653 -0.713054 -0.345397
v -0.450713 -0.753274 -0.341796
v -0.441528 -0.782157 -0.312291
v -0.412128 -0.827666 -0.327521
v -0.402220 -0.808711 -0.360509
v -0.382628 -0.840460 -0.380702
v -0.399591 -0.861860 -0.339351
v 0.953308 0.059349 0.024404
v 0.654293 -0.687965 -0.332287
v -0.099006 -0.947072 0.272587
v -0.074256 -0.934256 0.273515
v -0.056746 -0.908718 0.263553
v -0.050304 -0.920231 0.223877
v -0.811703 0.040268 0.381090
v -0.786322 0.023392 0.385159
v 0.242242 -0.894341 0.147036
v -0.189958 0.573573 0.371419
v -0.515314 0.311096 0.371658
v -0.066633 -0.917411 0.208085
v -0.063586 -0.921976 0.216982
v -0.064534 -0.923805 0.216743
v -0.065478 -0.921936 0.216576
v -0.063873 -0.919515 0.217560
v -0.061502 -0.917587 0.212641
v -0.062644 -0.916992 0.214818
v -0.064377 -0.916872 0.211921
v -0.063807 -0.917282 0.209824
v -0.066129 -0.917991 0.211280
v -0.066106 -0.920534 0.211013
v -0.066242 -0.920171 0.207779
v -0.063369 -0.919513 0.209611
v -0.060721 -0.926719 0.210938
v -0.062692 -0.927202 0.208584
v -0.062690 -0.927282 0.211171
v -0.061727 -0.927072 0.213047
v -0.061572 -0.924702 0.212737
v -0.061311 -0.924699 0.209749
v -0.063475 -0.925737 0.211364
v -0.063383 -0.926003 0.214227
v -0.062872 -0.924809 0.215464
v -0.062699 -0.922027 0.215121
v -0.061414 -0.921901 0.212426
v -0.064553 -0.923697 0.214366
v -0.065788 -0.921255 0.214237
v -0.064786 -0.923144 0.211182
v -0.063582 -0.925440 0.208344
v -0.064900 -0.922831 0.208099
v -0.062388 -0.922092 0.209654
v -0.061428 -0.919376 0.212471
v -0.062623 -0.919410 0.214979
v -0.065058 -0.918835 0.214491
v -0.098932 0.696905 -0.001362
v -0.102518 0.705741 -0.014859
v -0.086011 0.700030 -0.014832
v -0.101556 0.701260 -0.015545
v -0.094522 0.700801 -0.015206
v -0.094132 0.702840 -0.014845
v -0.087842 0.699587 -0.012923
v -0.094655 0.698548 -0.014378
v -0.088956 0.699318 -0.011762
v -0.094569 0.698425 -0.012445
v -0.090558 0.698930 -0.010091
v -0.100872 0.698075 -0.016033
v -0.100788 0.697446 -0.013344
v -0.092788 0.698391 -0.007767
v -0.100798 0.697229 -0.010308
v -0.100805 0.697065 -0.008029
v -0.094351 0.698013 -0.006137
v -0.100812 0.696903 -0.005770
v -0.095976 0.697620 -0.004444
v -0.100821 0.696703 -0.002976
v -0.097666 0.697211 -0.002682
vn -0.0183 -0.8674 -0.4972
vn -0.0979 -0.9437 -0.3159
vn 0.8995 -0.2041 0.3863
vn 0.3727 -0.9236 -0.0901
vn 0.2653 -0.7935 -0.5477
vn 0.3528 -0.9349 0.0379
vn -0.1669 -0.2103 0.9633
vn 0.4783 -0.8083 -0.3432
vn 0.0638 -0.6642 0.7448
vn 0.2532 -0.6537 0.7131
vn 0.0267 -0.9259 -0.3769
vn -0.3140 -0.8107 0.4942
vn 0.0006 -0.9937 -0.1120
vn 0.2140 -0.3026 0.9288
vn 0.6422 -0.7657 -0.0356
vn 0.6938 -0.6967 0.1823
vn 0.5709 -0.7833 0.2461
vn 0.2747 -0.9301 -0.2437
vn 0.3984 -0.9171 0.0115
vn 0.4297 -0.7581 -0.4906
vn 0.5599 -0.8223 0.1011
vn 0.3451 -0.6836 0.6431
vn 0.5874 -0.7511 -0.3012
vn -0.0323 -0.1665 0.9855
vn -0.3297 -0.9350 0.1303
vn 0.3573 -0.9302 -0.0838
vn 0.6065 -0.7591 0.2365
vn -0.1365 -0.6798 0.7205
vn 0.4459 -0.5910 -0.6722
vn 0.9985 0.0091 0.0540
vn 0.0978 -0.5863 -0.8041
vn 0.6280 -0.7434 -0.2300
vn 0.5402 -0.8327 -0.1212
vn -0.0390 -0.9875 -0.1524
vn 0.1988 -0.9755 0.0947
vn -0.3958 -0.8009 0.4494
vn 0.0215 -0.9848 -0.1723
vn -0.6344 -0.7649 -0.1113
vn 0.5377 -0.8186 0.2020
vn 0.2097 -0.4465 0.8699
vn -0.0074 -0.5784 0.8157
vn 0.2021 -0.9717 -0.1225
vn 0.1840 -0.6098 -0.7709
vn -0.5824 -0.6553 -0.4810
vn 0.3612 -0.4504 0.8165
vn 0.6757 -0.6275 0.3869
vn 0.8072 -0.5903 -0.0018
vn 0.4736 -0.4822 -0.7370
vn 0.1439 -0.8669 -0.4773
vn 0.6140 -0.4830 -0.6243
vn 0.4524 -0.7989 -0.3964
vn 0.4152 -0.8302 -0.3720
vn 0.5122 -0.2921 0.8077
vn 0.9663 -0.2502 -0.0601
vn 0.5474 -0.8185 -0.1745
vn 0.4656 -0.7240 -0.5089
vn 0.5175 -0.8550 -0.0335
vn 0.9927 -0.0859 -0.0852
vn 0.4930 -0.5562 0.6691
vn 0.5446 -0.0876 -0.8341
vn -0.0227 -0.3996 0.9164
vn 0.0332 0.1908 0.9811
vn 0.1522 -0.4215 0.8940
vn 0.1632 -0.9555 -0.2459
vn 0.1577 -0.9841 0.0823
vn -0.2697 -0.8441 -0.4635
vn -0.6193 -0.7813 -0.0774
vn 0.3096 -0.5316 0.7884
vn 0.5468 -0.8295 0.1136
vn 0.1601 -0.9754 -0.1513
vn 0.0997 -0.8839 0.4568
vn 0.6625 -0.5559 -0.5021
vn -0.0167 -0.1786 -0.9838
vn 0.0664 -0.2878 -0.9554
vn -0.2949 -0.1788 0.9386
vn -0.4101 -0.8561 0.3144
vn 0.1343 -0.6788 0.7219
vn 0.6795 -0.4263 0.5971
vn 0.3910 -0.6764 0.6242
vn 0.4735 -0.4460 0.7596
vn 0.4279 -0.8610 -0.2750
vn 0.2363 -0.5502 -0.8009
vn -0.1833 -0.9404 -0.2865
vn 0.4123 -0.8888 -0.2002
vn -0.4609 -0.7979 -0.3884
vn -0.0695 -0.9797 0.1881
vn -0.3879 -0.9213 -0.0268
vn -0.0251 -0.9945 0.1014
vn 0.0394 -0.9772 0.2087
vn -0.0665 -0.9903 0.1219
vn -0.1378 -0.9848 0.1055
vn 0.4928 -0.7766 -0.3925
vn 0.9673 0.0117 -0.2533
vn 0.2633 0.2462 -0.9328
vn 0.4650 -0.0973 -0.8799
vn 0.3362 -0.4724 -0.8148
vn 0.6479 -0.7601 -0.0489
vn 0.3658 -0.4492 0.8151
vn 0.8048 -0.5300 -0.2672
vn 0.5871 -0.7693 0.2522
vn -0.4547 -0.8754 0.1640
vn 0.2229 -0.3436 0.9123
vn 0.4534 -0.4405 -0.7749
vn 0.5111 -0.8484 -0.1376
vn 0.9862 -0.1286 -0.1044
vn -0.5665 -0.6750 0.4727
vn -0.3609 -0.4523 0.8156
vn -0.1444 -0.8687 0.4738
vn -0.6313 -0.7735 0.0554
vn 0.6393 -0.7642 0.0851
vn 0.0524 -0.2176 0.9746
vn 0.0561 -0.7068 -0.7052
vn 0.1916 -0.9715 0.1393
vn 0.2094 -0.9624 -0.1729
vn -0.8240 -0.5293 -0.2023
vn 0.0647 -0.4281 -0.9014
vn 0.9166 -0.3503 -0.1929
vn 0.9669 -0.2246 -0.1211
vn 0.9019 -0.3515 0.2509
vn -0.0276 -0.9421 -0.3343
vn 0.0944 -0.8955 -0.4349
vn 0.6037 -0.7968 -0.0246
vn 0.0668 -0.9974 0.0260
vn -0.1019 -0.9882 -0.1142
vn 0.4801 -0.6209 0.6196
vn 0.5867 -0.6180 0.5234
vn 0.5727 -0.8162 -0.0760
vn 0.7369 -0.6630 0.1320
vn 0.1352 -0.2868 -0.9484
vn 0.0183 -0.0510 -0.9985
vn -0.2394 -0.5424 -0.8053
vn -0.4551 -0.7290 -0.5113
vn 0.1011 -0.3181 -0.9427
vn 0.9224 -0.1391 0.3602
vn -0.4642 -0.8504 -0.2477
vn -0.3164 -0.8858 0.3394
vn -0.3484 -0.9373 -0.0026
vn -0.2389 -0.3994 -0.8851
vn -0.6724 -0.7010 -0.2377
vn 0.5695 -0.7683 -0.2923
vn -0.3603 -0.8873 0.2879
vn -0.3214 -0.7414 0.5891
vn -0.3181 -0.9407 0.1179
vn 0.7098 -0.4326 -0.5560
vn 0.4791 -0.8634 -0.1580
vn 0.7939 -0.6029 -0.0786
vn 0.9733 -0.2296 0.0018
vn 0.7490 -0.6516 -0.1199
vn -0.2528 -0.9651 -0.0676
vn -0.2847 -0.9577 -0.0429
vn 0.4695 -0.7017 0.5359
vn -0.0295 -0.4319 0.9014
vn 0.0475 0.3204 0.9461
vn 0.0687 -0.9028 0.4245
vn -0.8730 -0.4504 0.1870
vn -0.5403 -0.7861 0.3003
vn -0.3866 -0.9221 -0.0152
vn 0.9057 0.3083 -0.2910
vn 0.9934 -0.0208 0.1124
vn -0.4600 -0.3336 -0.8229
vn -0.2750 -0.5445 -0.7924
vn -0.2445 -0.5195 0.8187
vn -0.4351 -0.7738 0.4603
vn 0.8317 -0.4762 0.2856
vn 0.8620 -0.2175 -0.4578
vn 0.7863 -0.5507 0.2802
vn 0.8570 -0.3923 -0.3342
vn 0.7017 -0.6529 0.2852
vn -0.1516 -0.8154 -0.5587
vn -0.3540 -0.9314 0.0843
vn 0.0289 -0.9971 0.0701
vn -0.6987 -0.6634 -0.2679
vn -0.3478 -0.9098 0.2263
vn 0.4800 -0.1428 -0.8655
vn 0.2310 -0.3452 0.9096
vn 0.4045 -0.2411 0.8822
vn 0.0563 -0.0340 0.9978
vn -0.4071 -0.9099 -0.0797
vn -0.1927 -0.9794 0.0596
vn 0.2953 -0.9483 0.1166
vn -0.0860 -0.5339 -0.8412
vn 0.7257 -0.6639 -0.1806
vn 0.8454 -0.5000 -0.1881
vn 0.4791 -0.1429 -0.8661
vn -0.6474 -0.7379 0.1910
vn -0.4157 -0.8771 0.2407
vn -0.1215 -0.9876 -0.0993
vn -0.2687 -0.8641 -0.4256
vn -0.4282 -0.3899 0.8153
vn 0.7814 -0.1535 -0.6049
vn -0.0668 -0.2749 0.9592
vn -0.1982 -0.9384 0.2830
vn -0.8419 -0.3670 0.3957
vn 0.3120 -0.9390 0.1443
vn 0.1211 -0.9058 -0.4060
vn -0.1490 -0.9849 -0.0881
vn -0.4372 -0.8444 -0.3096
vn -0.4438 -0.7924 -0.4185
vn -0.3038 -0.4111 0.8595
vn -0.4948 -0.8475 -0.1923
vn 0.9803 -0.1754 0.0910
vn 0.8143 -0.2800 -0.5084
vn 0.8616 -0.1247 0.4921
vn 0.8765 0.1705 0.4502
vn 0.9537 -0.1676 0.2498
vn 0.9084 -0.4165 -0.0375
vn 0.8436 -0.4044 0.3534
vn 0.9350 -0.3534 0.0292
vn 0.9661 -0.2582 0.0095
vn 0.7521 -0.2681 0.6020
vn 0.2558 -0.8500 -0.4606
vn -0.1855 -0.1391 -0.9727
vn -0.1308 -0.2319 -0.9639
vn 0.4784 -0.6794 -0.5564
vn -0.4588 0.6677 -0.5862
vn -0.7145 -0.3741 0.5913
vn -0.1857 -0.4853 0.8544
vn 0.1133 -0.8528 0.5097
vn 0.1360 -0.2077 0.9687
vn -0.5795 -0.5330 -0.6165
vn -0.2960 -0.9535 0.0562
vn -0.4438 -0.3833 -0.8100
vn -0.4896 -0.8649 -0.1106
vn -0.8683 -0.4931 -0.0532
vn -0.4230 -0.8793 0.2186
vn -0.8814 -0.4291 -0.1976
vn 0.2454 -0.4260 -0.8708
vn 0.7101 -0.6762 -0.1963
vn -0.1311 -0.9684 -0.2123
vn 0.1347 -0.6536 -0.7447
vn 0.6390 -0.7545 -0.1501
vn 0.7611 -0.5666 -0.3157
vn -0.4805 -0.8563 0.1892
vn -0.8068 -0.5869 0.0686
vn -0.0950 -0.5700 0.8162
vn -0.5939 -0.7429 0.3088
vn -0.5277 -0.4675 0.7092
vn -0.3823 -0.8690 0.3141
vn 0.7158 -0.4412 -0.5412
vn 0.7421 0.2402 -0.6258
vn 0.9903 -0.1265 -0.0578
vn 0.9326 -0.3594 0.0344
vn 0.9741 -0.0462 0.2212
vn 0.9433 -0.2125 0.2552
vn 0.8446 -0.3880 -0.3689
vn 0.9983 -0.0455 0.0369
vn 0.9453 -0.3104 0.1007
vn 0.0360 -0.9724 0.2307
vn 0.4793 -0.5261 -0.7025
vn 0.9256 0.0899 0.3678
vn 0.8448 0.0832 0.5285
vn 0.7873 0.5978 -0.1507
vn 0.8891 -0.3959 -0.2299
vn 0.9136 -0.4043 0.0442
vn 0.7816 -0.6049 -0.1524
vn -0.3303 -0.9419 -0.0613
vn 0.0186 -0.6959 -0.7179
vn 0.8681 -0.1914 -0.4579
vn 0.9383 -0.2576 -0.2307
vn 0.9768 -0.2070 -0.0545
vn -0.5085 -0.3127 -0.8023
vn -0.2597 -0.6081 -0.7502
vn -0.4459 -0.5979 0.6661
vn 0.1174 -0.4052 0.9066
vn -0.4760 -0.2560 -0.8413
vn -0.1341 -0.2300 -0.9639
vn -0.6204 -0.7737 -0.1286
vn 0.8476 -0.2235 -0.4814
vn 0.0144 0.0100 0.9998
vn -0.0975 -0.2447 0.9647
vn -0.0884 -0.0626 0.9941
vn -0.8652 -0.1566 0.4764
vn -0.5786 -0.7989 0.1641
vn -0.9891 -0.0681 -0.1308
vn 0.9973 -0.0395 -0.0620
vn -0.4070 -0.3040 -0.8614
vn 0.6754 0.1144 -0.7285
vn 0.9962 -0.0839 -0.0217
vn 0.9666 -0.2464 0.0705
vn 0.8687 -0.4925 -0.0530
vn -0.1092 -0.9084 -0.4036
vn 0.8613 -0.4329 0.2661
vn 0.1885 -0.3099 0.9319
vn 0.4056 -0.4499 0.7957
vn 0.9980 -0.0393 0.0489
vn -0.4002 -0.9050 -0.1446
vn 0.0804 -0.8023 0.5915
vn 0.0300 -0.2865 -0.9576
vn 0.2383 -0.3179 -0.9177
vn -0.2400 -0.0626 -0.9687
vn 0.1255 -0.8575 0.4989
vn 0.8370 -0.2718 0.4750
vn 0.2633 -0.0626 0.9627
vn 0.1281 -0.0752 0.9889
vn -0.5475 -0.0847 0.8325
vn -0.4437 -0.7950 0.4137
vn 0.5747 -0.3523 -0.7386
vn 0.9140 -0.3885 -0.1173
vn 0.3179 0.2153 -0.9234
vn 0.1971 0.0284 -0.9800
vn 0.7265 -0.1814 -0.6627
vn 0.9317 -0.3258 -0.1604
vn 0.6053 0.3503 0.7147
vn 0.8766 -0.0848 -0.4737
vn 0.8979 -0.0532 -0.4369
vn -0.1344 -0.3822 -0.9142
vn 0.9767 -0.1645 0.1381
vn 0.5621 0.0059 0.8271
vn 0.7665 -0.4923 0.4124
vn 0.2365 0.0108 0.9716
vn 0.0863 -0.0425 0.9954
vn -0.5508 -0.2909 0.7823
vn 0.4534 -0.8538 -0.2559
vn -0.3836 -0.7402 0.5522
vn -0.4180 -0.8968 0.1452
vn -0.2259 -0.9371 -0.2662
vn -0.3923 -0.6987 -0.5982
vn -0.6523 -0.5132 -0.5578
vn -0.6905 -0.7133 -0.1199
vn 0.2108 -0.1265 -0.9693
vn -0.0875 -0.5816 -0.8088
vn -0.1468 -0.1738 -0.9738
vn -0.3681 -0.6546 -0.6603
vn -0.6320 -0.6850 -0.3623
vn -0.4880 -0.5039 -0.7127
vn -0.6706 -0.7318 -0.1215
vn 0.9172 0.3735 -0.1387
vn 0.9493 0.0058 -0.3144
vn 0.9630 -0.0575 0.2631
vn 0.9357 0.1613 -0.3137
vn -0.2220 -0.9652 0.1382
vn -0.6859 -0.7271 -0.0292
vn 0.8499 -0.4528 -0.2696
vn -0.3863 0.1059 -0.9163
vn 0.8519 -0.4930 -0.1767
vn 0.1344 -0.2927 -0.9467
vn 0.4234 -0.8144 -0.3968
vn 0.9263 -0.1949 -0.3224
vn -0.2489 -0.6632 0.7058
vn -0.6724 -0.7401 0.0095
vn -0.4394 -0.7492 0.4955
vn 0.8919 0.2972 0.3408
vn 0.1657 0.1191 0.9790
vn -0.8402 -0.4983 0.2138
vn -0.7219 -0.6732 0.1598
vn -0.7169 -0.6284 -0.3021
vn -0.9598 -0.0980 -0.2631
vn 0.9782 -0.0509 0.2013
vn 0.4689 0.3283 0.8200
vn 0.7586 0.6514 -0.0129
vn 0.9671 -0.1544 0.2020
vn 0.9246 0.0730 0.3738
vn -0.3557 -0.4391 -0.8250
vn -0.7929 -0.5495 -0.2634
vn -0.6275 -0.7079 -0.3242
vn 0.1581 0.0424 -0.9865
vn -0.3916 -0.4296 -0.8137
vn -0.1676 -0.2187 -0.9613
vn 0.9863 0.1593 0.0421
vn 0.9097 -0.0062 -0.4153
vn 0.9768 0.1907 -0.0976
vn 0.5508 -0.0921 -0.8296
vn 0.8866 -0.0686 -0.4574
vn 0.9772 -0.0922 0.1914
vn 0.6712 -0.7052 0.2285
vn -0.8277 -0.5246 0.1993
vn -0.6325 -0.6621 0.4019
vn -0.6333 -0.7137 0.2993
vn 0.4250 -0.1291 0.8960
vn 0.8049 0.0694 -0.5893
vn 0.3804 -0.8599 -0.3402
vn -0.0304 -0.5402 -0.8410
vn -0.6115 -0.7514 -0.2479
vn 0.9918 0.1156 0.0543
vn 0.4430 -0.1168 0.8889
vn 0.7551 -0.3322 0.5652
vn 0.2368 -0.1362 0.9620
vn -0.7993 0.1896 -0.5703
vn 0.0453 -0.0746 -0.9962
vn 0.7306 0.5169 -0.4461
vn 0.3830 0.5338 -0.7539
vn 0.7912 0.5465 -0.2746
vn 0.3524 -0.2464 -0.9028
vn 0.8755 -0.2011 -0.4394
vn -0.9758 -0.2065 0.0722
vn -0.7019 -0.4652 0.5394
vn -0.7067 -0.7067 0.0322
vn -0.1618 -0.2108 0.9641
vn -0.7848 -0.0287 0.6191
vn -0.3328 -0.7388 0.5860
vn 0.9729 -0.1885 -0.1339
vn 0.7866 -0.1559 -0.5975
vn 0.9770 0.0646 0.2034
vn 0.9718 0.0394 0.2323
vn -0.9769 -0.1238 0.1741
vn -0.5180 -0.8543 -0.0423
vn 0.9541 -0.0224 0.2986
vn 0.1971 0.1100 -0.9742
vn 0.6962 -0.1811 -0.6946
vn -0.8542 -0.5124 0.0883
vn 0.8772 0.2073 0.4332
vn -0.6113 -0.4753 -0.6328
vn -0.5941 -0.1036 0.7977
vn -0.8093 -0.5697 -0.1431
vn 0.3170 -0.8953 -0.3130
vn -0.8196 -0.3205 -0.4749
vn 0.8628 0.4009 -0.3082
vn -0.0635 -0.0704 0.9955
vn -0.3963 -0.3476 0.8498
vn -0.3071 -0.0269 0.9513
vn 0.0727 -0.9906 0.1158
vn -0.1383 -0.9899 0.0318
vn -0.7833 -0.6182 -0.0654
vn 0.9758 0.1457 0.1629
vn 0.8292 -0.4428 0.3411
vn 0.6214 0.0529 0.7817
vn -0.3362 -0.3016 -0.8922
vn -0.6851 -0.7024 -0.1931
vn -0.9572 -0.0266 -0.2883
vn -0.7230 -0.5005 -0.4762
vn -0.8153 -0.3582 -0.4549
vn -0.6072 -0.1402 -0.7821
vn 0.5777 0.1469 0.8030
vn 0.7637 0.1574 0.6260
vn 0.9383 0.1424 0.3151
vn 0.8401 0.0881 0.5353
vn 0.8989 0.3175 -0.3020
vn 0.9986 0.0357 0.0389
vn -0.6647 -0.6212 -0.4150
vn -0.1257 -0.1208 -0.9847
vn -0.8349 0.3030 -0.4596
vn -0.2407 -0.7626 0.6004
vn 0.2237 -0.0788 0.9715
vn -0.5977 -0.0355 -0.8010
vn -0.8320 -0.1503 -0.5340
vn 0.6836 0.3012 0.6648
vn -0.2582 -0.6268 0.7352
vn 0.1449 -0.9627 -0.2285
vn -0.5552 -0.8128 -0.1764
vn 0.7053 0.3599 -0.6108
vn -0.9122 -0.2976 -0.2815
vn -0.7654 -0.6434 -0.0100
vn -0.8465 -0.4734 0.2435
vn -0.8853 -0.4649 0.0064
vn -0.2372 -0.9495 0.2055
vn -0.7292 -0.5495 0.4077
vn 0.7041 0.4623 -0.5390
vn 0.8809 0.4702 -0.0535
vn 0.7200 0.3973 0.5691
vn 0.4943 0.6367 0.5918
vn 0.0993 -0.8182 -0.5663
vn -0.1483 0.0501 -0.9877
vn -0.2327 -0.0810 -0.9692
vn -0.7629 -0.5385 0.3577
vn -0.8592 -0.3663 -0.3571
vn 0.9818 0.1739 0.0766
vn 0.3850 0.5796 0.7182
vn 0.2995 0.3895 0.8710
vn 0.0652 0.0120 0.9978
vn 0.3978 0.1210 0.9095
vn 0.4203 0.4922 0.7623
vn 0.8528 -0.0875 0.5148
vn -0.8980 -0.4268 -0.1070
vn -0.5160 -0.0383 -0.8557
vn -0.1938 -0.8818 -0.4300
vn 0.7196 0.4105 -0.5600
vn 0.7814 0.5742 -0.2443
vn 0.9030 0.3871 -0.1866
vn 0.7702 0.6378 -0.0004
vn -0.6802 -0.1769 0.7114
vn -0.8872 -0.4605 0.0275
vn -0.9326 -0.1025 0.3462
vn 0.8148 0.0266 0.5791
vn 0.9392 0.3435 -0.0016
vn 0.9346 -0.3304 -0.1321
vn 0.4449 -0.0002 -0.8956
vn 0.5994 0.4499 0.6621
vn 0.8649 0.3804 -0.3275
vn 0.8284 0.4324 0.3560
vn 0.8166 0.5665 -0.1104
vn 0.4464 0.3336 0.8303
vn 0.8389 0.5289 -0.1281
vn 0.9471 0.3074 0.0918
vn 0.8331 0.1786 -0.5235
vn 0.7166 0.2250 0.6602
vn 0.8587 -0.0347 -0.5114
vn 0.8947 0.3517 -0.2755
vn -0.7810 -0.0090 0.6245
vn -0.9365 -0.2548 0.2410
vn -0.9745 0.1921 0.1162
vn -0.9461 -0.0091 -0.3238
vn -0.9344 -0.3537 -0.0419
vn -0.8683 -0.2419 0.4330
vn 0.9052 0.3620 -0.2228
vn -0.8521 -0.0880 -0.5159
vn -0.8464 -0.2830 -0.4511
vn -0.9577 -0.2878 0.0085
vn -0.2519 -0.0280 0.9673
vn -0.6973 -0.1619 0.6983
vn -0.6134 0.2782 0.7392
vn -0.9314 -0.3337 -0.1451
vn -0.9908 -0.1127 0.0754
vn -0.6316 -0.3573 0.6881
vn -0.0001 -0.8675 0.4974
vn -0.9415 -0.3150 0.1201
vn 0.0287 -0.9435 0.3301
vn -0.9252 -0.3583 0.1249
vn -0.5153 -0.2982 -0.8035
vn 0.2498 0.2750 -0.9284
vn 0.2779 0.2731 -0.9210
vn 0.5461 0.6954 -0.4672
vn 0.9033 -0.3794 0.2004
vn 0.6950 -0.0370 0.7181
vn 0.7426 -0.4960 0.4500
vn 0.9223 0.3714 -0.1067
vn -0.2031 -0.0985 0.9742
vn -0.6329 -0.6427 0.4317
vn -0.9129 -0.3536 0.2042
vn -0.9957 -0.0860 0.0340
vn -0.9557 -0.2943 -0.0109
vn -0.7902 -0.2224 -0.5711
vn -0.8303 -0.1342 -0.5409
vn -0.9991 -0.0320 -0.0265
vn -0.9832 -0.1388 0.1187
vn 0.8275 0.4677 0.3107
vn 0.0725 0.0911 0.9932
vn -0.9623 -0.2231 0.1557
vn -0.9525 -0.0803 0.2938
vn -0.8968 -0.4229 0.1300
vn 0.4650 0.8782 0.1116
vn 0.1264 0.9888 -0.0799
vn 0.1578 -0.1665 -0.9733
vn -0.4858 -0.2355 0.8418
vn -0.9963 0.0809 0.0282
vn -0.9908 0.0219 -0.1334
vn 0.4956 0.2360 -0.8359
vn 0.8284 0.4077 -0.3841
vn -0.7176 -0.4323 -0.5460
vn -0.6556 -0.4937 -0.5713
vn 0.6944 0.3259 0.6416
vn 0.8256 0.4908 0.2783
vn 0.5030 0.8639 -0.0248
vn -0.4668 -0.5895 -0.6592
vn -0.4512 -0.3118 -0.8362
vn -0.7390 -0.3385 -0.5825
vn 0.8356 0.4921 0.2442
vn 0.1310 0.9771 0.1676
vn 0.0569 0.5725 0.8179
vn -0.1936 0.2788 -0.9406
vn -0.0791 -0.1402 -0.9870
vn -0.0777 -0.1133 -0.9905
vn -0.8334 0.1056 -0.5424
vn -0.9630 0.2079 0.1716
vn -0.9304 0.1086 -0.3500
vn 0.2625 0.3596 0.8954
vn 0.4895 0.7548 0.4367
vn -0.9792 -0.0545 0.1953
vn 0.4057 0.5585 0.7235
vn 0.7595 0.6359 -0.1371
vn 0.8312 -0.5500 -0.0812
vn -0.5928 0.0962 0.7995
vn 0.1616 -0.2066 0.9650
vn 0.4747 0.8791 -0.0426
vn 0.3096 0.4287 0.8488
vn -0.9622 0.0018 0.2723
vn -0.9655 -0.1487 -0.2140
vn -0.9909 0.0836 0.1052
vn -0.9878 0.1282 -0.0879
vn 0.2237 0.3826 -0.8964
vn 0.8590 0.4723 -0.1975
vn 0.2088 0.8625 -0.4609
vn 0.4905 0.7160 0.4967
vn 0.5985 0.7893 -0.1367
vn 0.4415 0.2578 -0.8594
vn 0.2838 0.8297 -0.4807
vn 0.6253 0.7802 0.0191
vn 0.0976 0.1403 0.9853
vn 0.0065 0.1502 0.9886
vn 0.4142 0.2435 -0.8770
vn 0.6536 0.7548 -0.0550
vn 0.9610 0.2554 -0.1066
vn 0.3702 0.3335 -0.8670
vn -0.0715 -0.0753 -0.9946
vn -0.6499 -0.3315 -0.6839
vn 0.3518 0.4995 -0.7916
vn 0.4919 0.7927 -0.3601
vn 0.5026 0.8624 -0.0600
vn -0.9941 0.0908 -0.0594
vn -0.3321 0.6150 -0.7152
vn -0.4417 -0.1371 -0.8866
vn -0.4325 -0.7171 -0.5466
vn 0.7358 0.6325 -0.2418
vn 0.3978 0.1759 -0.9005
vn 0.1380 0.3910 -0.9100
vn -0.6632 -0.0760 -0.7445
vn -0.9545 -0.0702 -0.2897
vn -0.9948 -0.0442 -0.0921
vn -0.9019 0.2944 0.3160
vn -0.9884 0.0844 -0.1260
vn 0.9982 0.0309 0.0522
vn 0.7486 0.1757 0.6394
vn 0.7885 0.6136 0.0423
vn -0.6086 -0.0696 0.7904
vn 0.7858 0.0808 0.6131
vn 0.3961 0.8729 0.2848
vn -0.1110 0.8297 -0.5471
vn 0.6125 0.6304 -0.4770
vn 0.8056 0.1092 -0.5823
vn 0.3500 0.3892 -0.8521
vn 0.6323 0.6541 -0.4151
vn -0.4539 -0.7911 0.4100
vn -0.4173 -0.7599 0.4985
vn 0.6308 0.6110 -0.4784
vn 0.4529 0.5539 -0.6986
vn 0.5067 0.6692 -0.5435
vn -0.6499 -0.2252 -0.7259
vn -0.9844 -0.1675 0.0541
vn -0.9177 -0.0559 -0.3933
vn -0.9545 0.2601 -0.1458
vn -0.8785 0.4451 -0.1736
vn 0.1014 -0.1513 0.9833
vn 0.7186 -0.5436 0.4338
vn -0.6139 0.7668 0.1876
vn 0.8128 0.5786 -0.0684
vn 0.8377 0.5123 0.1893
vn 0.4244 0.1446 0.8939
vn 0.1136 -0.1444 -0.9830
vn -0.8868 0.2602 -0.3819
vn -0.8665 0.3877 0.3145
vn 0.7479 -0.3284 0.5768
vn 0.7679 0.5496 -0.3289
vn 0.6047 0.7542 0.2561
vn -0.4499 -0.0692 -0.8904
vn -0.3028 0.1782 -0.9363
vn -0.0575 0.2578 -0.9645
vn -0.8428 -0.3077 -0.4416
vn 0.1838 -0.1141 -0.9763
vn -0.7541 0.2276 -0.6161
vn -0.5343 0.3075 -0.7874
vn 0.5378 0.8408 -0.0616
vn 0.3281 0.9103 -0.2526
vn 0.4241 0.9021 0.0791
vn 0.6290 0.7746 -0.0662
vn 0.0512 0.8703 0.4899
vn 0.6821 0.6966 -0.2223
vn 0.2576 0.6135 0.7465
vn 0.3968 0.3300 -0.8565
vn 0.5852 0.3118 0.7485
vn 0.0789 0.1957 0.9775
vn -0.1391 0.1214 0.9828
vn 0.2209 0.7692 0.5995
vn -0.7188 0.1425 -0.6804
vn -0.9647 0.2542 0.0682
vn -0.8889 -0.1377 0.4369
vn 0.1041 0.9350 -0.3391
vn 0.3387 0.2429 -0.9090
vn 0.6667 0.7322 -0.1391
vn -0.7812 0.1749 0.5993
vn -0.5769 -0.1812 0.7964
vn -0.9366 -0.0303 0.3490
vn -0.9407 0.3388 -0.0132
vn -0.8889 0.4565 -0.0388
vn -0.9542 0.2851 0.0908
vn -0.7917 0.4420 -0.4217
vn -0.6983 0.6889 -0.1944
vn -0.9431 0.2860 0.1695
vn -0.9496 0.2057 -0.2367
vn -0.6708 0.4235 -0.6088
vn -0.8304 0.1667 -0.5317
vn -0.6174 0.5732 -0.5388
vn 0.1945 0.3574 -0.9135
vn 0.2815 0.4023 -0.8711
vn 0.4813 0.7858 -0.3885
vn -0.4261 0.8084 -0.4062
vn -0.4800 0.5778 -0.6602
vn -0.8892 0.3686 0.2712
vn -0.6580 0.1509 0.7377
vn -0.8584 -0.0762 0.5073
vn -0.0900 0.2438 0.9656
vn 0.8864 0.1133 0.4488
vn 0.3160 -0.1304 0.9398
vn -0.5928 0.7930 -0.1407
vn 0.3653 0.9230 -0.1207
vn -0.0557 0.1791 0.9823
vn 0.4549 0.8825 0.1197
vn 0.2266 0.9730 -0.0433
vn -0.1168 0.5033 0.8562
vn -0.9578 0.2837 0.0468
vn -0.9108 -0.1408 -0.3880
vn -0.8923 0.3159 -0.3224
vn 0.4870 0.8693 0.0849
vn 0.9823 -0.1454 0.1183
vn 0.7736 0.5244 -0.3558
vn -0.9843 0.0948 0.1488
vn 0.8689 0.2816 0.4070
vn -0.1245 0.0701 0.9897
vn -0.1388 0.1588 0.9775
vn 0.5497 0.6675 -0.5023
vn -0.6486 0.3361 -0.6829
vn -0.9560 0.2865 0.0625
vn -0.9487 0.3139 0.0388
vn -0.7187 0.6813 0.1393
vn -0.2024 0.0768 0.9763
vn -0.5876 0.6298 0.5080
vn -0.8684 0.4796 0.1259
vn -0.9452 0.3264 0.0040
vn -0.8925 0.4099 -0.1884
vn -0.9579 -0.1567 -0.2404
vn -0.5460 -0.0432 -0.8367
vn -0.5324 0.8418 -0.0893
vn -0.0555 0.2920 -0.9548
vn 0.2833 0.9416 -0.1820
vn 0.6243 0.7772 -0.0784
vn 0.9552 -0.2893 0.0631
vn 0.5243 0.7469 0.4089
vn 0.5868 0.7813 0.2129
vn -0.3658 0.1393 0.9202
vn 0.1330 0.3848 0.9134
vn -0.4587 0.6700 0.5837
vn 0.3180 0.8028 0.5044
vn 0.1817 0.9253 -0.3330
vn 0.1111 0.9932 -0.0358
vn 0.4058 0.3100 -0.8598
vn 0.5300 0.8284 0.1813
vn 0.8028 0.5952 -0.0368
vn -0.4309 0.8775 0.2105
vn 0.3966 0.9072 0.1405
vn 0.1135 0.6478 0.7533
vn -0.7658 -0.3785 0.5198
vn -0.9138 0.0482 0.4032
vn 0.0892 0.2734 -0.9578
vn -0.5109 0.7703 -0.3815
vn 0.3628 0.9226 -0.1314
vn -0.0451 0.9908 -0.1279
vn 0.2718 0.4070 -0.8721
vn 0.3835 0.8805 -0.2786
vn 0.2450 0.9686 0.0414
vn 0.0325 0.1215 0.9921
vn 0.6375 0.4585 0.6192
vn 0.1500 0.1554 0.9764
vn 0.2524 -0.6723 0.6959
vn -0.9060 0.1833 0.3816
vn -0.3929 0.7516 0.5298
vn 0.0097 0.0770 0.9970
vn 0.0552 0.1696 0.9840
vn 0.0392 0.3800 0.9241
vn 0.1668 0.3504 -0.9216
vn 0.7326 0.6474 -0.2104
vn -0.7726 0.6314 0.0669
vn -0.8356 -0.5267 0.1561
vn -0.9011 0.1572 0.4042
vn -0.4455 0.5090 0.7365
vn -0.0421 0.5179 -0.8544
vn -0.0636 0.6952 -0.7160
vn -0.6951 0.6832 0.2240
vn -0.5659 0.5928 0.5731
vn 0.2200 0.2732 -0.9365
vn -0.5099 0.8602 0.0133
vn 0.1560 0.9877 -0.0028
vn -0.1649 0.0049 0.9863
vn 0.1672 0.9519 0.2567
vn -0.6718 0.4217 -0.6090
vn -0.3920 0.0927 -0.9153
vn -0.6391 -0.0235 -0.7687
vn -0.9992 0.0071 0.0400
vn -0.3782 -0.0722 -0.9229
vn -0.8020 0.5706 -0.1768
vn 0.2300 0.0714 -0.9706
vn 0.8224 0.5647 0.0688
vn 0.0627 0.7494 0.6591
vn 0.1550 0.8248 0.5438
vn 0.0627 0.4836 0.8730
vn -0.2435 0.0697 0.9674
vn -0.0204 0.8251 0.5646
vn -0.7505 0.6432 -0.1518
vn -0.7144 0.4953 -0.4944
vn -0.4799 0.4495 -0.7534
vn -0.7870 0.5858 -0.1936
vn -0.3325 0.9415 -0.0559
vn 0.3127 0.9459 0.0867
vn -0.1970 0.1702 0.9655
vn -0.1576 0.8060 0.5706
vn -0.0217 0.1127 0.9934
vn -0.9034 -0.4083 0.1307
vn -0.8059 0.5846 0.0938
vn -0.4833 0.2813 -0.8290
vn 0.0478 0.6208 0.7825
vn -0.5963 -0.3796 -0.7073
vn 0.0344 0.3984 -0.9166
vn -0.2557 -0.9657 0.0452
vn -0.2542 -0.9668 -0.0278
vn -0.0461 -0.9967 0.0670
vn -0.0388 -0.9988 -0.0298
vn 0.0639 0.8997 0.4317
vn -0.8213 0.5601 -0.1087
vn -0.0640 0.9850 0.1602
vn 0.1710 0.9841 -0.0471
vn 0.1938 -0.2935 -0.9361
vn -0.7168 0.1356 -0.6840
vn -0.4716 0.6360 -0.6109
vn -0.3850 0.2054 -0.8998
vn -0.4437 0.5762 0.6864
vn 0.0097 0.4923 -0.8704
vn -0.0300 0.4975 -0.8669
vn -0.3225 0.1361 -0.9367
vn 0.0866 0.4394 -0.8941
vn 0.3662 0.6085 0.7041
vn 0.6588 0.7507 -0.0491
vn 0.3444 0.5128 0.7864
vn -0.7216 -0.6922 -0.0137
vn -0.8867 0.4618 -0.0244
vn -0.7616 0.6467 0.0413
vn -0.7444 0.6652 -0.0585
vn -0.7008 0.7046 -0.1115
vn -0.5294 0.6305 -0.5676
vn -0.4801 0.7271 -0.4908
vn -0.6181 0.6435 -0.4515
vn -0.2804 0.6835 0.6739
vn -0.1475 0.8140 0.5618
vn -0.3184 0.4149 0.8523
vn -0.8426 0.4963 0.2092
vn -0.1323 0.9173 0.3756
vn -0.0136 0.9996 0.0256
vn 0.4204 0.9072 0.0133
vn -0.7783 0.4170 0.4695
vn -0.8600 0.4947 -0.1249
vn -0.5455 0.6610 -0.5153
vn -0.3713 0.0771 0.9253
vn -0.7827 -0.6133 0.1060
vn 0.1314 0.3367 0.9324
vn -0.1839 0.3714 0.9101
vn 0.0777 0.9905 0.1132
vn -0.0531 0.4483 -0.8923
vn -0.6442 0.6303 -0.4333
vn -0.2329 0.7131 -0.6613
vn -0.6391 0.3389 0.6905
vn -0.3238 0.0498 0.9448
vn -0.0750 0.2035 0.9762
vn 0.3564 0.6665 0.6548
vn 0.1865 0.4737 0.8607
vn 0.0024 0.1052 -0.9944
vn -0.7076 0.1443 0.6917
vn -0.6489 0.6351 0.4191
vn -0.4735 0.2790 0.8354
vn -0.9740 0.2026 0.1016
vn -0.6823 0.7310 -0.0057
vn -0.5753 0.8115 -0.1022
vn 0.4553 0.8697 0.1904
vn 0.4901 0.8438 -0.2187
vn 0.0470 0.8561 -0.5146
vn 0.6145 0.3926 -0.6842
vn -0.1839 0.2087 -0.9605
vn -0.0273 0.4306 0.9021
vn -0.0447 0.7918 0.6091
vn -0.6655 0.6911 -0.2820
vn -0.4660 0.8749 -0.1319
vn -0.2526 0.9675 -0.0142
vn -0.1037 0.9577 -0.2686
vn -0.3669 0.4214 -0.8293
vn 0.0008 0.3510 -0.9364
vn 0.2006 0.8873 -0.4152
vn -0.5450 0.8113 -0.2118
vn -0.2435 0.9487 -0.2015
vn 0.1163 0.9930 -0.0213
vn -0.1018 0.6149 0.7820
vn -0.2694 0.8667 -0.4199
vn -0.1060 0.8270 0.5522
vn -0.1259 0.9397 -0.3180
vn -0.1704 0.5977 -0.7834
vn -0.1395 0.9841 0.1096
vn 0.2418 0.9581 -0.1533
vn -0.1316 0.9408 0.3123
vn -0.2962 0.8737 -0.3858
vn -0.4061 0.8559 -0.3202
vn -0.6604 0.7505 -0.0249
vn -0.3468 0.9263 -0.1472
vn -0.1440 0.2744 0.9508
vn -0.4077 0.8284 0.3841
vn -0.8782 -0.1948 0.4367
vn 0.1708 0.9838 -0.0549
vn 0.8267 0.4633 0.3194
vn 0.3506 0.9161 -0.1945
vn 0.1229 0.9665 0.2253
vn -0.0565 0.9839 0.1696
vn 0.2043 0.7188 0.6645
vn 0.3624 0.8832 0.2976
vn -0.2944 0.6610 0.6902
vn -0.9636 0.0021 0.2673
vn -0.4237 0.8153 0.3947
vn -0.4634 0.6525 -0.5996
vn 0.7921 0.4260 -0.4371
vn -0.0848 0.9888 0.1227
vn -0.0187 0.9157 0.4013
vn -0.1122 0.8187 -0.5632
vn -0.2118 0.9064 -0.3656
vn -0.5590 0.8127 0.1645
vn -0.4226 0.3108 0.8513
vn 0.0953 -0.3062 0.9472
vn -0.7248 0.6731 -0.1472
vn -0.6791 0.6400 -0.3593
vn 0.3140 0.9479 0.0545
vn 0.0918 0.7859 -0.6115
vn 0.3458 0.3970 0.8502
vn -0.0759 0.9963 -0.0411
vn 0.1022 0.9174 -0.3847
vn 0.2928 0.9556 -0.0322
vn -0.5616 0.8230 -0.0851
vn -0.4911 0.7803 0.3872
vn -0.5764 0.8150 -0.0598
vn -0.5448 0.8152 0.1968
vn -0.9910 0.0811 0.1065
vn -0.7593 0.6308 0.1602
vn -0.1050 0.6709 0.7341
vn -0.0951 0.2260 0.9695
vn 0.3999 0.4237 0.8128
vn -0.1433 0.7713 0.6202
vn -0.2602 0.6503 0.7138
vn 0.7748 0.5338 -0.3386
vn 0.1609 0.9707 -0.1784
vn -0.0195 0.1190 0.9927
vn -0.5614 0.8214 0.1007
vn 0.4323 0.8284 0.3562
vn -0.2478 0.9680 0.0390
vn -0.1558 0.9819 -0.1073
vn -0.0003 0.9914 0.1311
vn -0.1419 0.1101 0.9837
vn -0.5510 0.7995 0.2391
vn -0.5665 0.5405 -0.6221
vn -0.2118 0.9773 -0.0094
vn -0.3833 0.4400 -0.8121
vn -0.9758 0.2188 -0.0009
vn -0.0652 0.3789 -0.9231
vn 0.1965 0.6646 -0.7209
vn -0.0752 0.1157 -0.9904
vn -0.1482 0.6824 -0.7158
vn -0.1115 0.9927 -0.0460
vn -0.0696 0.9974 0.0167
vn -0.4633 0.8859 0.0211
vn -0.6515 0.5619 0.5098
vn -0.7696 0.6349 -0.0685
vn -0.4457 0.7854 -0.4295
vn -0.4945 0.7380 0.4592
vn 0.0044 0.9613 -0.2754
vn -0.0790 0.9140 -0.3979
vn -0.4754 0.8518 -0.2200
vn -0.4470 0.7700 0.4553
vn -0.4972 0.8675 0.0131
vn -0.2897 0.9455 -0.1485
vn -0.2665 0.9630 0.0389
vn -0.1069 0.8622 -0.4952
vn 0.2660 0.9436 -0.1971
vn -0.4256 0.9039 -0.0421
vn -0.5400 0.6126 -0.5771
vn -0.4388 0.7705 0.4624
vn -0.0214 0.9919 -0.1252
vn -0.0740 0.8519 0.5184
vn -0.5267 0.7582 0.3845
vn -0.3783 0.7412 -0.5545
vn 0.1260 0.9889 0.0783
vn -0.2208 0.9660 -0.1343
vn -0.2733 0.7459 -0.6074
vn -0.2154 0.4453 0.8691
vn -0.3282 0.9133 0.2413
vn -0.3458 0.5872 -0.7318
vn -0.5402 0.8151 -0.2096
vn -0.5073 0.8618 -0.0073
vn -0.4576 0.8723 0.1724
vn -0.2683 0.8405 0.4708
vn -0.2967 0.9533 0.0563
vn -0.2073 0.7191 0.6632
vn -0.2476 0.9684 0.0311
vn -0.2311 0.9728 0.0161
vn -0.2311 0.9544 -0.1890
vn -0.2234 0.9671 -0.1220
vn -0.1073 0.9942 0.0074
vn -0.1408 0.9812 -0.1322
vn -0.1300 0.6857 -0.7162
vn -0.0242 0.9993 -0.0292
vn -0.0537 0.8015 -0.5956
vn -0.0315 0.8296 -0.5575
vn 0.0901 0.8384 -0.5375
vn 0.1295 0.6976 -0.7047
vn 0.1672 0.8313 -0.5301
vn 0.1815 0.6075 -0.7733
vn 0.2367 0.8490 -0.4725
vn 0.2183 0.5649 -0.7957
vn -0.1841 0.5622 0.8062
vn 0.0868 0.5397 -0.8374
vn 0.1887 0.4973 0.8468
vn 0.2654 0.9634 0.0372
vn 0.5213 0.3225 0.7901
vn 0.5481 0.8262 0.1306
vn 0.4638 0.8859 0.0048
vn 0.5704 0.7729 0.2779
vn 0.5776 0.7927 0.1949
vn 0.3809 0.7103 0.5920
vn 0.5775 0.6698 0.4668
vn 0.6001 0.7508 0.2760
vn 0.6689 0.5618 0.4868
vn 0.7328 0.5744 0.3647
vn 0.4182 0.8346 0.3585
vn 0.4324 0.8846 0.1748
vn 0.5718 0.6997 0.4284
vn 0.7223 0.6766 0.1434
vn 0.7965 0.6042 -0.0216
vn 0.8153 0.5782 0.0301
vn 0.8087 0.5857 -0.0547
vn 0.7679 0.3921 0.5065
vn 0.7976 0.1491 0.5844
vn 0.9201 0.3873 0.0579
vn 0.5265 0.0830 0.8461
vn 0.6545 0.1823 0.7337
vn 0.7572 0.4565 -0.4671
vn 0.6394 0.4714 -0.6075
vn 0.8218 0.5440 -0.1692
vn 0.7894 0.5050 -0.3491
vn 0.8215 0.5702 0.0076
vn 0.8477 0.5305 -0.0084
vn 0.8090 0.5397 0.2327
vn 0.8822 0.4633 0.0842
vn 0.8918 0.4487 -0.0582
vn 0.9320 0.3367 -0.1343
vn 0.9549 0.2945 -0.0388
vn 0.4379 0.3942 0.8080
vn 0.7223 0.3703 0.5841
vn 0.5396 0.3116 0.7821
vn 0.7165 0.5975 -0.3600
vn 0.8052 0.5146 -0.2948
vn 0.6361 0.5657 -0.5247
vn 0.6314 0.4222 -0.6504
vn 0.6283 0.5955 -0.5007
vn 0.7042 0.5135 -0.4904
vn 0.7381 0.6717 -0.0639
vn 0.8055 0.5923 -0.0162
vn 0.7910 0.5969 0.1346
vn 0.8679 0.4760 0.1421
vn 0.8876 0.4597 0.0290
vn 0.4616 0.3950 0.7943
vn 0.4079 0.4539 0.7922
vn 0.6927 0.5510 0.4655
vn 0.7632 0.5070 0.4006
vn 0.0075 0.2329 -0.9725
vn 0.3226 -0.1865 -0.9280
vn 0.7588 0.6448 0.0919
vn 0.7063 0.3999 0.5841
vn 0.8235 0.5653 0.0480
vn 0.7523 0.5743 0.3230
vn 0.7045 0.7089 0.0328
vn 0.6594 0.7208 0.2136
vn 0.5278 0.8418 0.1130
vn 0.4800 0.7102 0.5150
vn 0.3459 0.5194 0.7814
vn 0.3464 0.3513 0.8698
vn 0.3186 0.5178 0.7940
vn 0.5081 0.6813 0.5270
vn 0.6045 0.5075 -0.6140
vn 0.5291 0.7491 0.3987
vn 0.2787 0.4884 0.8269
vn 0.3579 0.8363 0.4154
vn -0.0070 0.4539 0.8910
vn 0.1551 0.2668 0.9512
vn 0.2317 0.5453 0.8056
vn 0.0487 0.5307 0.8462
vn 0.1036 0.8040 -0.5856
vn 0.4645 0.5237 -0.7142
vn 0.1911 0.1203 0.9742
vn 0.2154 0.4571 0.8629
vn -0.0273 0.2554 0.9664
vn 0.1901 0.7604 0.6210
vn 0.1660 0.8845 0.4360
vn 0.3056 0.8567 0.4155
vn 0.2770 0.9576 0.0796
vn 0.3192 0.8035 0.5025
vn 0.3646 0.9297 0.0532
vn 0.3703 0.9280 0.0410
vn 0.4852 0.8741 0.0239
vn 0.5011 0.8646 0.0371
vn 0.5183 0.8552 -0.0080
vn 0.5374 0.8416 0.0549
vn 0.5168 0.8557 0.0264
vn 0.3370 0.8221 -0.4589
vn 0.5733 0.8190 0.0226
vn 0.6071 0.6805 -0.4104
vn 0.3569 0.1549 -0.9212
vn 0.6882 0.4397 -0.5771
vn 0.3665 0.1251 -0.9219
vn 0.6152 0.5101 -0.6011
vn 0.5157 0.4425 -0.7337
vn 0.6036 0.6499 -0.4618
vn 0.4175 0.5613 0.7145
vn 0.4973 0.3160 -0.8080
vn 0.4752 0.5312 0.7015
vn 0.5172 0.5748 0.6341
vn 0.5817 0.4181 0.6977
vn 0.6496 0.4451 0.6164
vn 0.6648 0.7246 0.1816
vn 0.4821 0.5876 0.6499
vn 0.7050 0.6989 0.1204
vn 0.7310 0.6824 0.0019
vn 0.7701 0.6363 0.0448
vn 0.7741 0.6328 -0.0165
vn 0.6234 0.7069 -0.3341
vn 0.6826 0.7308 -0.0021
vn 0.7045 0.6785 -0.2081
vn 0.5536 0.6269 -0.5482
vn 0.7700 0.6091 -0.1899
vn 0.7084 0.6848 0.1707
vn 0.5664 0.7536 -0.3336
vn 0.5864 0.8100 -0.0120
vn 0.5400 0.8416 -0.0065
vn 0.5294 0.8466 0.0557
vn 0.5972 0.7951 0.1059
vn 0.3477 0.5936 0.7258
vn 0.4628 0.5473 0.6974
vn 0.2711 0.5415 0.7958
vn 0.4161 0.4842 0.7697
vn 0.4592 0.6508 -0.6047
vn 0.2534 0.6342 -0.7304
vn 0.4309 0.3383 -0.8366
vn 0.0154 0.4678 -0.8837
vn 0.3755 0.3169 -0.8709
vn 0.4517 0.8836 -0.1235
vn 0.5689 0.7223 -0.3933
vn 0.2666 0.9544 -0.1341
vn 0.3057 0.9510 0.0465
vn 0.3882 0.9215 0.0121
vn 0.2167 0.9740 0.0662
vn 0.2197 0.9708 0.0965
vn 0.2950 0.9526 0.0742
vn 0.0259 0.9994 0.0241
vn 0.0384 0.9978 0.0531
vn 0.2173 0.9701 0.1085
vn 0.0302 0.9994 0.0138
vn -0.0747 0.8873 0.4551
vn 0.0897 0.9535 0.2879
vn 0.0200 0.9997 -0.0171
vn -0.0662 0.9943 -0.0836
vn -0.0615 0.9979 -0.0178
vn 0.0055 0.9986 -0.0523
vn -0.0593 0.8041 -0.5915
vn 0.0192 0.9998 -0.0039
vn 0.1557 0.7977 -0.5826
vn 0.1987 0.6072 -0.7693
vn 0.0310 0.8552 -0.5173
vn -0.1049 0.7221 -0.6838
vn -0.1036 0.6825 -0.7236
vn 0.1349 0.6491 -0.7486
vn 0.1418 0.4925 -0.8587
vn 0.2099 0.7704 0.6021
vn 0.4141 0.3680 -0.8325
vn 0.2202 0.6171 0.7554
vn 0.1974 0.6228 0.7571
vn 0.1834 0.7328 0.6553
vn 0.1716 0.6512 0.7392
vn 0.2733 0.9484 0.1607
vn 0.2047 0.6412 0.7395
vn 0.4441 0.8918 0.0864
vn 0.2399 0.9708 -0.0030
vn 0.2338 0.9422 0.2402
vn 0.2846 0.9578 0.0397
vn 0.2331 0.9245 -0.3017
vn 0.4656 0.8845 0.0289
vn 0.4661 0.8733 -0.1416
vn 0.1783 0.5338 -0.8266
vn 0.5535 0.8105 -0.1919
vn 0.3776 0.4852 -0.7887
vn 0.1445 0.9894 -0.0133
vn 0.1574 0.9784 0.1341
vn 0.0162 0.9994 0.0311
vn 0.0700 0.9525 0.2963
vn 0.1955 0.7351 0.6492
vn 0.0360 0.5546 0.8314
vn 0.2169 0.6474 0.7306
vn 0.0103 0.9970 -0.0772
vn 0.2585 0.8874 -0.3817
vn -0.1157 0.9628 0.2440
vn -0.1314 0.5206 0.8436
vn -0.0164 0.9998 0.0120
vn 0.0145 0.9998 -0.0105
vn -0.0489 0.5598 -0.8272
vn -0.2550 0.9498 -0.1812
vn -0.1359 0.9905 0.0182
vn -0.3080 0.8583 -0.4105
vn -0.1910 0.9814 0.0199
vn -0.2840 0.7224 -0.6304
vn -0.3461 0.5183 -0.7820
vn 0.3737 0.4805 -0.7934
vn 0.3490 0.5452 -0.7622
vn 0.7410 0.4525 -0.4961
vn 0.7264 0.6872 -0.0085
vn 0.8364 0.5480 -0.0112
vn 0.5432 0.8385 0.0440
vn 0.5559 0.8289 0.0626
vn 0.7357 0.5071 0.4490
vn 0.8070 0.5874 -0.0601
vn 0.7631 0.4823 -0.4303
vn 0.3354 0.2821 -0.8989
vn 0.5151 0.3109 -0.7988
vn 0.5370 0.2693 -0.7995
vn 0.7331 0.4775 -0.4843
vn 0.5235 0.1005 -0.8460
vn 0.9141 0.4039 0.0351
vn 0.3084 0.9484 -0.0736
vn 0.2871 0.9578 -0.0152
vn 0.4330 0.8958 -0.1004
vn 0.3284 0.8175 -0.4731
vn 0.5518 0.8307 0.0745
vn 0.4506 0.7412 -0.4976
vn 0.1197 0.5304 -0.8393
vn 0.2915 0.4564 -0.8407
vn 0.3385 0.8357 -0.4324
vn 0.4198 0.6286 -0.6547
vn 0.2007 0.9790 0.0346
vn 0.1368 0.9888 0.0597
vn 0.2079 0.9739 0.0915
vn 0.2290 0.9612 0.1539
vn 0.0439 0.9990 0.0079
vn 0.0432 0.9975 0.0564
vn 0.0034 1.0000 0.0006
vn 0.0069 0.9992 0.0398
vn 0.0003 0.9984 0.0557
vn -0.1172 0.8421 0.5264
vn 0.0084 0.8003 0.5995
vn -0.1564 0.5021 0.8505
vn -0.0238 0.5192 0.8543
vn -0.1950 0.9787 0.0648
vn -0.2713 0.8470 0.4571
vn -0.2588 0.9481 0.1847
vn -0.2227 0.9287 0.2966
vn -0.2461 0.9626 0.1134
vn -0.1998 0.9744 0.1027
vn -0.4144 0.9087 0.0506
vn -0.4661 0.8552 0.2266
vn -0.5843 0.8110 0.0286
vn -0.5034 0.7434 0.4403
vn -0.2895 0.6858 0.6678
vn -0.2440 0.4709 0.8478
vn -0.4746 0.6318 0.6128
vn -0.4284 0.2642 0.8641
vn -0.5143 0.2845 0.8090
vn -0.6542 0.7494 0.1027
vn -0.4416 0.8972 0.0072
vn -0.6030 0.7978 -0.0031
vn -0.4546 0.8900 0.0356
vn -0.4986 0.8664 0.0258
vn -0.5836 0.8107 0.0464
vn -0.5459 0.8378 0.0079
vn -0.3511 0.7889 -0.5043
vn -0.3715 0.9198 -0.1267
vn -0.1864 0.6228 -0.7599
vn -0.0107 0.2586 -0.9659
vn -0.2495 0.4672 -0.8482
vn -0.1731 0.2093 -0.9624
vn -0.2493 0.8955 -0.3688
vn -0.0617 0.3035 -0.9508
vn -0.2889 0.8736 -0.3916
vn -0.1000 0.3448 -0.9333
vn -0.1567 0.9634 -0.2173
vn -0.1353 0.7136 -0.6874
vn -0.0509 0.9328 -0.3568
vn -0.0533 0.2148 -0.9752
vn 0.0612 0.9743 -0.2166
vn 0.1271 0.2254 -0.9659
vn 0.0780 0.5285 -0.8454
vn 0.0810 0.3526 -0.9322
vn 0.0434 0.7569 -0.6521
vn 0.0446 0.5023 -0.8636
vn 0.1313 0.6250 -0.7695
vn 0.0706 0.8781 -0.4732
vn 0.0838 0.7044 -0.7049
vn 0.0446 0.9982 -0.0413
vn 0.1939 0.9800 0.0442
vn 0.0111 0.9994 -0.0335
vn 0.0059 0.9994 -0.0336
vn -0.1492 0.9848 -0.0889
vn -0.1549 0.9866 -0.0515
vn 0.0157 0.9998 -0.0103
vn -0.1937 0.9705 -0.1437
vn -0.2179 0.9747 0.0496
vn -0.3426 0.9271 -0.1517
vn -0.3062 0.9509 0.0457
vn -0.0898 0.5416 -0.8358
vn -0.3907 0.9205 -0.0042
vn -0.3902 0.9207 0.0055
vn -0.2415 0.1224 -0.9626
vn -0.5359 0.6823 -0.4973
vn 0.0884 0.3424 -0.9354
vn -0.3916 0.4219 -0.8177
vn -0.4903 0.5301 -0.6918
vn -0.3190 0.5058 -0.8015
vn -0.7227 0.6609 -0.2021
vn -0.5931 0.7983 -0.1046
vn -0.7409 0.5809 -0.3372
vn -0.7751 0.6313 0.0255
vn -0.7853 0.6158 0.0644
vn -0.7332 0.6695 -0.1191
vn -0.6594 0.4208 -0.6230
vn -0.7857 0.5853 -0.2003
vn -0.3844 0.2866 -0.8776
vn -0.3022 0.3613 -0.8821
vn -0.8488 0.5254 0.0580
vn -0.9247 0.2909 0.2455
vn -0.9196 0.3851 -0.0778
vn -0.8112 0.5847 -0.0092
vn -0.7592 0.4122 -0.5038
vn -0.9365 0.3428 0.0740
vn -0.8325 0.5455 0.0970
vn -0.7729 0.0784 0.6297
vn -0.6588 0.2734 0.7009
vn -0.8051 0.4346 0.4037
vn -0.6406 0.5979 0.4819
vn -0.5084 0.5246 0.6829
vn -0.7103 0.5493 -0.4402
vn -0.7386 0.5026 -0.4493
vn -0.8294 0.5583 0.0187
vn -0.8133 0.5806 -0.0370
vn -0.7781 0.5271 0.3417
vn -0.8187 0.5343 0.2104
vn -0.8191 0.3212 -0.4752
vn -0.6536 0.4061 -0.6387
vn -0.8386 0.3230 -0.4387
vn -0.7758 0.5341 -0.3360
vn -0.7539 0.6517 0.0834
vn -0.7211 0.6649 0.1947
vn -0.4693 0.7273 -0.5008
vn -0.7504 0.6298 0.2008
vn -0.6979 0.6096 -0.3761
vn -0.6401 0.6428 0.4208
vn -0.6269 0.3846 0.6775
vn -0.5773 0.5496 0.6039
vn -0.6657 0.5718 0.4794
vn -0.3399 0.4126 0.8451
vn -0.6631 0.7280 0.1742
vn -0.6465 0.3564 -0.6746
vn -0.4672 0.6499 -0.5995
vn -0.2262 0.2323 0.9460
vn -0.1085 0.3319 0.9371
vn -0.8405 0.5290 0.1173
vn -0.8483 0.3620 0.3864
vn -0.7709 0.6315 -0.0831
vn -0.4946 0.8396 0.2245
vn -0.9566 0.2353 -0.1718
vn -0.8750 0.1139 -0.4706
vn -0.9467 0.2247 0.2310
vn -0.9255 0.1959 -0.3241
vn -0.8526 0.5222 -0.0185
vn -0.7793 0.4702 -0.4144
vn -0.8254 0.4056 0.3926
vn -0.8076 0.2796 -0.5193
vn -0.7911 0.2816 0.5430
vn -0.9537 0.2447 0.1750
vn -0.9421 0.2607 0.2109
vn -0.8874 0.0997 -0.4501
vn -0.9573 0.2631 -0.1202
vn -0.9484 0.2907 0.1268
vn -0.7830 0.3049 0.5421
vn -0.7452 0.2819 0.6043
vn -0.6789 0.1222 0.7240
vn -0.9148 0.1800 0.3615
vn -0.8926 0.0745 0.4447
vn -0.9996 0.0138 0.0263
vn -0.9971 -0.0062 -0.0753
vn -0.8834 0.2318 0.4072
vn -0.9184 0.3589 0.1665
vn -0.9043 0.3768 0.2006
vn -0.9044 0.1295 0.4066
vn -0.9648 -0.1611 -0.2079
vn -0.9252 0.2111 -0.3155
vn 0.0231 0.9828 0.1833
vn -0.1462 0.9795 -0.1388
vn -0.1436 0.8525 0.5027
vn -0.1894 0.7558 0.6269
vn -0.5312 0.8469 0.0249
vn -0.5299 0.6936 -0.4880
vn -0.6051 0.7952 0.0376
vn -0.4773 0.6100 -0.6325
vn -0.1315 0.9456 0.2976
vn -0.2847 0.9530 -0.1034
vn -0.2536 0.8066 -0.5339
vn -0.4767 0.8583 -0.1899
vn -0.2327 0.9725 -0.0111
vn -0.5291 0.8458 -0.0688
vn -0.3457 0.9379 -0.0291
vn -0.4569 0.7162 -0.5275
vn -0.5335 0.8388 0.1086
vn -0.3139 0.9479 0.0550
vn -0.3621 0.7958 0.4855
vn -0.3226 0.7464 0.5822
vn 0.1709 0.1398 0.9753
vn -0.0593 -0.0782 0.9952
vn -0.5317 0.8362 -0.1339
vn -0.3337 0.5598 -0.7585
vn -0.2340 0.8996 0.3686
vn -0.0171 0.5685 0.8225
vn -0.0673 0.9969 0.0398
vn -0.1179 0.9281 -0.3532
vn -0.5819 0.7286 0.3614
vn -0.5292 0.5983 0.6016
vn -0.7283 0.5482 -0.4111
vn -0.0291 0.0285 -0.9992
vn -0.1700 0.1445 -0.9748
vn -0.0050 0.0446 -0.9990
vn -0.0896 0.2317 -0.9686
vn -0.0205 0.0377 -0.9991
vn -0.0246 0.0121 -0.9996
vn 0.0013 -0.0009 -1.0000
vn 0.0005 -0.0003 -1.0000
vn 0.0004 -0.0000 -1.0000
vn 0.0106 -0.0056 -0.9999
vn 0.0049 -0.0013 -1.0000
vn -0.0001 0.0011 -1.0000
vn 0.5319 -0.3349 -0.7777
vn 0.6769 -0.2619 -0.6879
vn 0.8030 -0.1676 -0.5719
vn 0.8023 -0.3793 -0.4610
vn 0.8942 -0.2061 -0.3973
vn 0.9136 0.0106 -0.4066
vn 0.5418 -0.1362 -0.8294
vn 0.4348 -0.0051 -0.9005
vn 0.3142 0.0697 -0.9468
vn -0.9552 -0.0050 -0.2959
vn -0.9077 -0.2086 -0.3641
vn -0.8410 -0.4207 -0.3402
vn -0.7531 -0.1943 -0.6285
vn -0.6257 -0.2974 -0.7212
vn -0.5317 -0.4596 -0.7114
vn 0.6927 0.3663 -0.6213
vn 0.6294 0.5203 -0.5772
vn 0.4810 0.6535 -0.5844
vn -0.0697 -0.0651 -0.9954
vn -0.0452 -0.0666 -0.9968
vn 0.3893 0.9211 0.0102
vn -0.0389 -0.0809 -0.9960
vn 0.5926 0.8055 -0.0043
vn 0.2075 0.2650 0.9417
vn 0.7550 0.6558 -0.0002
vn 0.2483 0.2319 0.9405
vn 0.7675 0.6282 0.1279
vn 0.1943 0.0966 0.9762
vn 0.8698 0.4690 0.1536
vn -0.0580 -0.0304 0.9979
vn 0.9433 0.2299 0.2395
vn -0.0552 -0.0081 0.9984
vn -0.0389 -0.0093 0.9992
vn -0.0237 0.0045 0.9997
vn -0.0441 -0.0001 0.9990
vn 0.9985 0.0280 0.0470
vn -0.0454 0.0108 0.9989
vn 0.9728 -0.2272 0.0449
vn 0.9599 -0.2244 0.1677
vn 0.9003 -0.4345 0.0258
vn 0.8882 -0.4327 0.1545
vn 0.6613 -0.3114 0.6824
vn 0.7349 -0.6732 0.0815
vn 0.5365 -0.4837 0.6915
vn 0.7420 -0.6703 0.0072
vn 0.4041 -0.5831 0.7048
vn 0.5755 -0.8178 0.0105
vn 0.5784 -0.8157 0.0004
vn 0.3693 -0.9293 0.0043
vn 0.3672 -0.9301 -0.0029
vn 0.3854 -0.9222 -0.0319
vn 0.1082 -0.9940 -0.0136
vn 0.1400 -0.9887 0.0540
vn 0.4116 -0.5679 -0.7128
vn 0.5817 -0.8055 -0.1134
vn 0.2648 -0.6830 -0.6807
vn 0.3914 -0.9192 -0.0431
vn 0.0943 -0.8254 -0.5566
vn 0.1673 -0.9776 -0.1276
vn 0.1604 -0.9861 -0.0424
vn -0.0486 -0.9876 -0.1494
vn -0.0409 -0.9979 -0.0505
vn 0.0006 0.0094 -1.0000
vn -0.2489 -0.9681 -0.0298
vn -0.0101 0.0245 -0.9996
vn -0.1137 -0.2809 -0.9530
vn 0.0113 0.0215 -0.9997
vn -0.0872 -0.1929 -0.9773
vn -0.4204 -0.8832 -0.2080
vn -0.1211 -0.1336 -0.9836
vn -0.6112 -0.7590 -0.2244
vn -0.6244 -0.7674 -0.1458
vn -0.7588 -0.5883 -0.2796
vn -0.7745 -0.6028 -0.1918
vn 0.0715 0.0542 0.9960
vn -0.8771 -0.4216 -0.2300
vn 0.0561 0.0134 0.9983
vn -0.5746 -0.2849 0.7672
vn 0.0520 0.0264 0.9983
vn -0.6222 -0.1575 0.7669
vn 0.9426 0.2238 0.2479
vn -0.6479 -0.0113 0.7616
vn 0.9725 0.0293 0.2309
vn -0.8466 -0.0351 0.5310
vn 0.9495 -0.1861 0.2526
vn -0.8294 0.1697 0.5322
vn -0.7606 0.3605 0.5399
vn -0.5976 0.2846 0.7496
vn -0.6308 0.1247 0.7659
vn -0.6320 -0.0283 0.7744
vn -0.0042 0.0007 1.0000
vn -0.0016 -0.0007 1.0000
vn 0.0019 0.0001 1.0000
vn 0.0005 -0.0000 1.0000
vn 0.0007 0.0001 1.0000
vn 0.0006 -0.0002 1.0000
vn 0.1914 0.0180 0.9813
vn 0.2291 -0.0101 0.9733
vn -0.6276 -0.3547 0.6931
vn -0.6246 -0.1757 0.7609
vn 0.0035 0.0020 1.0000
vn -0.0090 -0.0049 0.9999
vn 0.0008 0.0004 1.0000
vn -0.0016 -0.0009 1.0000
vn -0.0048 -0.0076 1.0000
vn 0.0004 0.0007 1.0000
vn 0.0002 0.0011 1.0000
vn -0.1248 -0.5432 0.8303
vn -0.1326 -0.1982 0.9712
vn 0.0001 -0.0075 1.0000
vn -0.0037 -0.0193 0.9998
vn 0.0005 0.0010 1.0000
vn -0.0004 -0.0016 1.0000
vn 0.0136 -0.0560 0.9983
vn 0.0012 -0.0022 1.0000
vn -0.0002 0.0005 1.0000
vn -0.0030 0.0162 0.9999
vn -0.0328 0.0441 0.9985
vn -0.0013 0.0010 1.0000
vn 0.0235 -0.0260 0.9994
vn -0.0204 0.0124 0.9997
vn 0.2970 -0.2241 0.9282
vn 0.3640 -0.5916 0.7194
vn 0.1042 -0.0511 0.9932
vn -0.0013 0.0009 1.0000
vn -0.0010 -0.0002 1.0000
vn -0.0187 0.0161 0.9997
vn -0.0053 0.0022 1.0000
vn 0.1132 -0.0103 0.9935
vn 0.1082 -0.0269 0.9938
vn 0.0088 -0.0024 1.0000
vn 0.0089 0.0024 1.0000
vn -0.0020 -0.0003 1.0000
vn -0.0221 -0.0080 0.9997
vn 0.0170 0.0141 0.9998
vn 0.0724 0.0216 0.9971
vn 0.0005 0.0007 1.0000
vn 0.5573 0.2836 0.7804
vn 0.6755 0.1573 0.7204
vn 0.8311 0.2007 0.5186
vn 0.8447 0.0007 0.5353
vn 0.8211 -0.0214 0.5704
vn 0.8096 -0.1876 0.5562
vn 0.8546 -0.2017 0.4786
vn -0.9582 0.0043 0.2862
vn -0.9296 0.2200 0.2958
vn 0.6204 0.0046 0.7843
vn 0.6396 -0.1483 0.7542
vn -0.1020 0.0285 0.9944
vn -0.0860 0.0312 0.9958
vn -0.0704 0.0599 0.9957
vn -0.0482 0.0676 0.9965
vn 0.4603 -0.6065 0.6483
vn -0.0447 0.0908 0.9949
vn -0.0160 0.1004 0.9948
vn -0.0002 0.0907 0.9959
vn -0.0045 -0.6628 0.7488
vn 0.0043 0.9601 0.2798
vn -0.1412 -0.6475 0.7489
vn 0.1984 0.9450 0.2600
vn 0.0224 0.1000 0.9947
vn 0.0467 0.1111 0.9927
vn -0.2599 -0.5806 0.7716
vn 0.0737 0.0907 0.9931
vn -0.3529 -0.4921 0.7958
vn 0.5370 0.8099 0.2359
vn -0.4874 -0.3966 0.7779
vn 0.7396 0.6224 0.2561
vn -0.6437 -0.5789 0.5005
vn 0.8487 0.4416 0.2912
vn -0.7629 -0.4118 0.4985
vn -0.2235 -0.9582 -0.1789
vn -0.4078 -0.9030 -0.1351
vn -0.0171 -0.9807 -0.1946
vn -0.0425 -0.9827 -0.1801
vn -0.2199 -0.9558 -0.1951
vn 0.1982 -0.9682 -0.1526
vn 0.0830 -0.3838 -0.9197
vn -0.0176 -0.3945 -0.9187
vn 0.1534 -0.3669 -0.9175
vn 0.0008 -0.0002 -1.0000
vn 0.0042 0.0003 -1.0000
vn -0.0003 -0.0002 -1.0000
vn 0.5874 -0.8092 -0.0111
vn 0.3844 -0.9230 -0.0184
vn 0.7631 -0.6456 -0.0284
vn 0.7610 -0.6476 -0.0389
vn 0.5821 -0.8125 -0.0311
vn 0.9071 -0.4186 -0.0448
vn 0.6398 -0.2960 -0.7093
vn 0.5378 -0.4714 -0.6990
vn 0.8987 -0.4227 -0.1170
vn 0.7408 -0.6608 -0.1206
vn 0.9018 -0.4322 0.0031
vn 0.7469 -0.6649 -0.0037
vn 0.9761 -0.2174 -0.0023
vn 0.9759 -0.2178 0.0112
vn 0.9010 -0.4337 0.0074
vn 0.9996 0.0277 0.0083
vn 0.8171 0.0250 0.5760
vn 0.7395 -0.1662 0.6523
vn 0.8404 0.2440 0.4840
vn 0.9332 0.2495 0.2587
vn 0.9804 0.0182 0.1960
vn 0.8567 0.4501 0.2520
vn 0.8860 0.4632 0.0212
vn 0.9690 0.2459 0.0243
vn 0.7534 0.6569 0.0294
vn -0.0277 -0.0252 0.9993
vn -0.0341 -0.0159 0.9993
vn -0.0234 -0.0321 0.9992
vn -0.0249 -0.0428 0.9988
vn -0.0484 -0.0413 0.9980
vn 0.0044 -0.0124 0.9999
vn 0.3771 0.9208 0.0995
vn 0.5487 0.8230 0.1474
vn 0.1575 0.9836 0.0877
vn 0.0391 0.2268 0.9731
vn 0.0860 0.1993 0.9762
vn -0.0206 0.2189 0.9755
vn -0.0754 0.9965 0.0370
vn 0.1555 0.9878 0.0023
vn 0.0164 -0.1137 -0.9934
vn -0.0148 -0.1112 -0.9937
vn -0.0399 0.7707 -0.6359
vn 0.1130 0.7607 -0.6392
vn -0.0820 -0.3827 -0.9202
vn -0.2138 -0.5293 -0.8211
vn 0.3024 0.6850 -0.6628
vn -0.3803 -0.8995 -0.2149
vn -0.5912 -0.7811 -0.2012
vn -0.4355 -0.5755 -0.6922
vn -0.0212 -0.0358 -0.9991
vn -0.0016 -0.0095 -1.0000
vn -0.7269 -0.6498 -0.2224
vn 0.6553 0.5920 -0.4691
vn 0.8036 0.4164 -0.4252
vn 0.0555 0.0377 -0.9977
vn 0.8344 0.4250 -0.3509
vn 0.9041 0.1995 -0.3778
vn 0.8976 0.1947 -0.3956
vn 0.2850 0.0608 -0.9566
vn 0.1211 -0.0123 -0.9926
vn 0.8964 0.0163 -0.4430
vn 0.0092 0.0003 -1.0000
vn 0.0034 -0.0019 -1.0000
vn 0.0110 -0.0079 -0.9999
vn -0.0003 -0.0005 -1.0000
vn -0.0023 0.0030 -1.0000
vn 0.0001 0.0002 -1.0000
vn -0.3448 0.0282 -0.9383
vn -0.1770 0.2317 -0.9566
vn -0.0142 0.0156 -0.9998
vn -0.3042 0.1088 -0.9464
vn -0.0697 0.0149 -0.9975
vn -0.0002 0.0001 -1.0000
vn -0.0336 -0.0197 -0.9992
vn 0.0011 -0.0001 -1.0000
vn 0.0013 0.0011 -1.0000
vn 0.0159 0.0026 -0.9999
vn 0.0117 0.0086 -0.9999
vn 0.0015 0.0027 -1.0000
vn 0.4091 0.2091 -0.8882
vn 0.3957 0.3520 -0.8483
vn 0.3438 0.4665 -0.8149
vn 0.6924 0.6255 -0.3596
vn 0.5559 0.7472 -0.3643
vn 0.3868 0.8551 -0.3453
vn 0.5150 0.6961 -0.5002
vn 0.3573 0.7685 -0.5308
vn 0.1457 0.8441 -0.5160
vn -0.1147 -0.2628 -0.9580
vn -0.0905 -0.4743 -0.8757
vn 0.0272 -0.7748 -0.6316
vn -0.1765 -0.9690 -0.1726
vn 0.0355 -0.9750 -0.2192
vn 0.2153 -0.9282 -0.3033
vn 0.0220 -0.2552 -0.9666
vn 0.0759 -0.2554 -0.9638
vn -0.3496 0.6473 -0.6774
vn 0.1744 -0.3502 -0.9203
vn -0.1657 0.6874 -0.7071
vn 0.1930 -0.2852 -0.9389
vn 0.5767 -0.7830 -0.2331
vn 0.4395 -0.8571 -0.2688
vn 0.2345 -0.1837 -0.9546
vn 0.7368 -0.6404 -0.2168
vn -0.7521 0.3614 -0.5511
vn 0.1219 -0.0512 -0.9912
vn -0.6698 0.5237 -0.5264
vn 0.0718 -0.0563 -0.9958
vn -0.5226 0.6261 -0.5787
vn 0.0571 -0.0684 -0.9960
vn -0.6430 0.7655 -0.0226
vn 0.0601 -0.1042 -0.9927
vn -0.4891 0.8722 0.0006
vn -0.1100 0.2153 0.9703
vn -0.2627 0.9646 0.0222
vn -0.0588 0.2014 0.9777
vn -0.6370 0.7303 0.2467
vn -0.1636 0.1935 0.9674
vn -0.4601 0.8442 0.2749
vn 0.0230 -0.0509 0.9984
vn -0.2709 0.9270 0.2593
vn 0.0184 -0.0474 0.9987
vn 0.0144 -0.0418 0.9990
vn -0.0069 -0.0291 0.9996
vn 0.0032 -0.0446 0.9990
vn -0.0941 0.9951 0.0301
vn -0.0067 -0.0458 0.9989
vn 0.1415 0.9896 0.0238
vn 0.1283 0.9767 0.1722
vn 0.3662 0.9303 0.0233
vn 0.3584 0.9129 0.1953
vn 0.3014 0.7337 0.6090
vn 0.5652 0.8025 0.1909
vn 0.4776 0.6746 0.5628
vn 0.5727 0.8197 0.0051
vn 0.6343 0.5532 0.5400
vn 0.7573 0.6528 -0.0191
vn 0.7602 0.6490 0.0299
vn 0.8813 0.4713 -0.0340
vn 0.8778 0.4740 0.0696
vn 0.8440 0.4670 -0.2638
vn 0.9499 0.3096 0.0431
vn 0.9490 0.2719 -0.1594
vn 0.6757 0.1935 -0.7114
vn 0.9906 0.0282 -0.1338
vn 0.7078 0.0166 -0.7063
vn 0.9989 0.0233 -0.0398
vn 0.6827 -0.1561 -0.7139
vn 0.9741 -0.2197 -0.0538
vn 0.9632 0.2675 -0.0251
vn 0.9600 0.2754 -0.0507
vn 0.9991 0.0228 -0.0346
vn -0.0047 -0.0006 -1.0000
vn 0.9759 -0.2168 -0.0253
vn -0.0100 0.0035 -0.9999
vn 0.4476 -0.0994 -0.8887
vn -0.0133 0.0045 -0.9999
vn 0.4084 -0.1883 -0.8932
vn 0.8998 -0.4155 -0.1329
vn 0.3046 -0.2565 -0.9173
vn 0.7585 -0.6411 -0.1172
vn 0.7522 -0.6279 -0.2001
vn 0.5933 -0.7977 -0.1079
vn 0.5804 -0.7907 -0.1947
vn 0.3801 -0.9186 -0.1082
vn 0.3968 -0.9017 -0.1714
vn 0.2263 -0.3082 -0.9240
vn 0.9368 -0.2157 -0.2754
vn 0.9668 -0.2122 -0.1420
vn 0.8884 -0.3869 -0.2469
vn 0.9590 0.0195 -0.2829
vn 0.9853 0.0069 -0.1706
vn 0.9518 0.2607 -0.1616
vn 0.3654 0.1105 -0.9243
vn 0.4309 0.0076 -0.9024
vn 0.3187 0.1740 -0.9318
vn -0.0044 -0.0030 -1.0000
vn -0.0032 0.0017 -1.0000
vn -0.0056 -0.0109 -0.9999
vn 0.7393 0.6728 -0.0267
vn 0.8791 0.4765 -0.0116
vn 0.7427 0.6650 -0.0787
vn 0.8803 0.4707 -0.0583
vn 0.5684 0.5077 -0.6474
vn 0.6377 0.3438 -0.6893
vn 0.4181 0.6094 -0.6737
vn 0.5616 0.8044 -0.1939
vn 0.7143 0.6326 -0.2992
vn 0.3648 0.9193 -0.1477
vn 0.3775 0.9260 -0.0014
vn 0.5705 0.8213 -0.0002
vn 0.1109 0.9938 0.0009
vn 0.1135 0.9935 0.0129
vn 0.3805 0.9247 0.0124
vn -0.0801 0.9964 0.0260
vn -0.0663 0.7645 0.6413
vn 0.0926 0.7533 0.6512
vn -0.2425 0.7587 0.6046
vn -0.2856 0.9354 0.2084
vn -0.0825 0.9806 0.1776
vn -0.5074 0.8418 0.1843
vn -0.5079 0.8610 0.0276
vn -0.2807 0.9593 0.0297
vn -0.6881 0.7246 0.0383
vn 0.0310 -0.0328 0.9990
vn 0.0221 -0.0395 0.9990
vn 0.0518 -0.0273 0.9983
vn 0.0159 -0.0007 0.9999
vn 0.0381 -0.0356 0.9986
vn 0.0228 -0.0237 0.9995
vn -0.9034 0.3838 0.1912
vn -0.8050 0.5593 0.1979
vn -0.1920 0.0762 0.9784
vn -0.1882 0.1323 0.9732
vn -0.9159 0.3969 0.0597
vn -0.8057 0.5924 -0.0016
vn -0.9797 0.1823 0.0835
vn 0.0856 -0.0144 -0.9962
vn 0.0857 -0.0354 -0.9957
vn 0.1116 -0.0073 -0.9937
vn -0.6930 0.0070 -0.7209
vn -0.7521 0.1704 -0.6366
vn 0.3819 0.0033 -0.9242
vn 0.1133 -0.0093 -0.9935
vn 0.9656 -0.0212 -0.2593
vn 0.9278 -0.2716 -0.2558
vn 0.9517 0.1762 -0.2514
vn -0.4446 -0.0723 -0.8928
vn 0.0134 0.0564 -0.9983
vn -0.8743 -0.1350 -0.4663
vn -0.8260 0.0655 -0.5598
vn -0.8807 -0.1211 -0.4579
vn -0.8760 0.0389 -0.4808
vn -0.1817 0.0030 -0.9834
vn -0.2406 0.0407 -0.9698
vn -0.7943 0.1811 -0.5799
vn -0.2175 0.1043 -0.9705
vn -0.7200 0.3209 -0.6153
vn -0.8303 0.3592 -0.4261
vn -0.6392 0.4212 -0.6435
vn -0.7591 0.5107 -0.4036
vn -0.5925 0.3791 -0.7108
vn -0.6670 0.6198 -0.4134
vn -0.5623 0.5332 -0.6321
vn -0.5367 0.4976 -0.6814
vn -0.4591 0.6119 -0.6440
vn -0.5578 0.7524 -0.3505
vn -0.3282 0.7308 -0.5985
vn -0.3790 0.8437 -0.3802
vn -0.3072 0.6669 -0.6789
vn -0.1805 0.8866 -0.4258
vn -0.1405 0.7112 -0.6888
vn -0.0012 0.9096 -0.4154
vn -0.0155 0.7804 -0.6250
vn 0.0005 0.8481 -0.5298
vn 0.1332 0.7372 -0.6624
vn 0.1665 0.9146 -0.3685
vn 0.0071 0.0377 -0.9993
vn 0.0475 0.0671 -0.9966
vn 0.2682 0.5878 -0.7633
vn 0.0388 0.0498 -0.9980
vn -0.0090 0.0371 -0.9993
vn 0.0137 0.0463 -0.9988
vn -0.0498 -0.0062 -0.9987
vn -0.0168 -0.0208 -0.9996
vn -0.0046 0.0771 -0.9970
vn 0.0643 0.0748 -0.9951
vn 0.0240 0.0354 -0.9991
vn 0.0006 -0.0025 -1.0000
vn -0.0001 -0.0017 -1.0000
vn 0.0014 0.0042 -1.0000
vn 0.0131 0.0673 -0.9976
vn -0.0156 0.1905 -0.9816
vn -0.0042 0.0083 -1.0000
vn -0.0012 -0.0029 -1.0000
vn 0.0019 -0.0057 -1.0000
vn -0.0043 0.0067 -1.0000
vn 0.0045 -0.0010 -1.0000
vn -0.0060 0.0048 -1.0000
vn 0.0135 -0.0099 -0.9999
vn 0.0265 -0.0088 -0.9996
vn 0.1650 -0.2224 -0.9609
vn 0.2431 -0.0920 -0.9656
vn -0.0094 0.0042 -0.9999
vn 0.0201 -0.0137 -0.9997
vn -0.0026 0.0038 -1.0000
vn -0.0202 0.0042 -0.9998
vn 0.0060 -0.0041 -1.0000
vn -0.0181 -0.0001 -0.9998
vn -0.0012 0.0002 -1.0000
vn -0.0000 -0.0005 -1.0000
vn 0.0950 -0.0393 -0.9947
vn 0.1129 0.0444 -0.9926
vn 0.2324 -0.1782 -0.9562
vn 0.2813 0.2679 -0.9215
vn 0.0059 0.0030 -1.0000
vn 0.2232 0.1256 -0.9666
vn 0.0125 0.0044 -0.9999
vn 0.2576 -0.0502 -0.9650
vn 0.0037 0.0042 -1.0000
vn 0.1152 0.1912 -0.9748
vn 0.0005 0.0001 -1.0000
vn -0.0006 -0.0015 -1.0000
vn -0.0010 -0.0003 -1.0000
vn -0.0406 -0.0172 -0.9990
vn -0.0080 -0.0032 -1.0000
vn -0.1277 -0.0276 -0.9914
vn -0.0827 -0.0829 -0.9931
vn 0.0004 0.0006 -1.0000
vn -0.3828 -0.2041 -0.9010
vn -0.8095 -0.4111 -0.4191
vn -0.7167 -0.1999 -0.6681
vn -0.8612 -0.2726 -0.4290
vn -0.0005 0.0013 -1.0000
vn -0.0003 -0.0000 -1.0000
vn 0.0002 0.0004 -1.0000
vn 0.0276 0.0701 -0.9972
vn 0.0068 0.0043 -1.0000
vn 0.1057 0.3428 -0.9334
vn 0.2405 0.0672 -0.9683
vn 0.0006 0.0008 -1.0000
vn 0.0617 0.0562 -0.9965
vn 0.0002 0.0008 -1.0000
vn 0.0075 0.0394 -0.9992
vn 0.0002 0.0009 -1.0000
vn 0.0004 0.1066 -0.9943
vn -0.0015 -0.0062 -1.0000
vn -0.0000 -0.0002 -1.0000
vn 0.0005 -0.0013 -1.0000
vn -0.0367 -0.3570 -0.9334
vn -0.0009 -0.0016 -1.0000
vn -0.1222 -0.3285 -0.9366
vn -0.3062 -0.8388 -0.4503
vn -0.1745 -0.2891 -0.9413
vn -0.4642 -0.7702 -0.4375
vn -0.2754 -0.3200 -0.9065
vn -0.6095 -0.6843 -0.4004
vn -0.4738 -0.4044 -0.7823
vn -0.6599 -0.5590 -0.5021
vn -0.0006 -0.0012 -1.0000
vn -0.0015 -0.0021 -1.0000
vn -0.1002 -0.8328 -0.5444
vn -0.0981 -0.8932 -0.4388
vn -0.2866 -0.7674 -0.5735
vn 0.0900 -0.8637 -0.4958
vn 0.1070 -0.9186 -0.3804
vn 0.2819 -0.9005 -0.3310
vn 0.0954 -0.3035 -0.9480
vn 0.0351 -0.3116 -0.9496
vn 0.2089 -0.3265 -0.9218
vn 0.0061 -0.0110 -0.9999
vn 0.0042 -0.0105 -0.9999
vn 0.0007 -0.0015 -1.0000
vn 0.0004 -0.0014 -1.0000
vn 0.0109 -0.0106 -0.9999
vn 0.2964 -0.3175 -0.9007
vn 0.5199 -0.7934 -0.3166
vn 0.6714 -0.6009 -0.4338
vn 0.2633 -0.8014 -0.5370
vn 0.4203 -0.6626 -0.6199
vn -0.2831 0.8071 -0.5181
vn -0.5551 0.7884 -0.2649
vn -0.3882 0.5876 -0.7100
vn -0.4464 0.4721 -0.7602
vn 0.3995 -0.5837 -0.7069
vn 0.5595 -0.5347 -0.6333
vn 0.7267 -0.4218 -0.5422
vn -0.0940 0.0889 -0.9916
vn -0.1080 0.0569 -0.9925
vn 0.9718 -0.2357 0.0057
vn -0.1056 0.0294 -0.9940
vn 0.8752 -0.4820 -0.0417
vn 0.2087 -0.1079 0.9720
vn 0.7196 -0.6800 -0.1404
vn 0.1396 -0.1329 0.9813
vn 0.7114 -0.6803 0.1762
vn 0.1599 -0.2381 0.9580
vn 0.5537 -0.8279 0.0895
vn 0.0361 -0.0628 0.9974
vn 0.3201 -0.9471 0.0250
vn 0.0040 -0.0357 0.9994
vn -0.0117 0.0337 0.9994
vn 0.0063 -0.0172 0.9998
vn -0.0039 0.0389 0.9992
vn 0.1324 -0.9896 0.0562
vn 0.0022 0.0383 0.9993
vn -0.0784 -0.9947 0.0658
vn -0.0778 -0.9843 0.1585
vn -0.2988 -0.9536 0.0363
vn -0.3059 -0.9490 0.0763
vn -0.1850 -0.7308 0.6571
vn -0.5066 -0.8618 0.0244
vn -0.3611 -0.6212 0.6955
vn -0.4922 -0.8595 0.1380
vn -0.4836 -0.5216 0.7029
vn -0.6679 -0.7314 0.1380
vn -0.6675 -0.7447 -0.0010
vn -0.8257 -0.5507 0.1225
vn -0.8229 -0.5681 0.0008
vn -0.8090 -0.5859 -0.0468
vn -0.9421 -0.3351 -0.0097
vn -0.9404 -0.3398 -0.0147
vn -0.6718 -0.2490 -0.6976
vn -0.9871 -0.1603 0.0054
vn -0.6935 -0.1294 -0.7088
vn -0.9778 -0.1803 -0.1071
vn -0.7096 0.0564 -0.7023
vn -0.9944 0.0620 -0.0859
vn -0.9978 0.0533 -0.0395
vn -0.9537 0.2804 -0.1092
vn -0.9624 0.2702 -0.0275
vn 0.0461 -0.0129 -0.9989
vn -0.8767 0.4807 -0.0194
vn 0.0151 -0.0096 -0.9998
vn -0.3349 0.1674 -0.9273
vn -0.0043 -0.0017 -1.0000
vn -0.2985 0.2700 -0.9154
vn -0.7353 0.6691 -0.1077
vn -0.1984 0.2999 -0.9331
vn -0.5452 0.8275 -0.1344
vn -0.5379 0.7992 -0.2682
vn -0.3619 0.9177 -0.1641
vn -0.3638 0.9014 -0.2349
vn 0.0351 -0.0639 0.9973
vn -0.1345 0.9669 -0.2170
vn 0.0135 -0.0841 0.9964
vn -0.0893 0.6239 0.7763
vn -0.0096 -0.0828 0.9965
vn 0.0368 0.6435 0.7646
vn -0.0572 -0.9666 0.2500
vn 0.2266 0.6112 0.7583
vn -0.3380 -0.9034 0.2639
vn 0.2981 0.7937 0.5303
vn -0.5361 -0.7991 0.2721
vn 0.4792 0.7107 0.5151
vn 0.6434 0.5776 0.5023
vn 0.4042 0.3580 0.8417
vn 0.2747 0.3954 0.8765
vn 0.1769 0.4773 0.8608
vn 0.0062 0.0071 1.0000
vn 0.0105 0.0201 0.9997
vn 0.0013 0.0014 1.0000
vn 0.0012 0.0034 1.0000
vn 0.0111 0.0239 0.9997
vn 0.0180 0.5183 0.8550
vn -0.0025 0.0183 0.9998
vn -0.0016 0.0197 0.9998
vn -0.0038 -0.0143 0.9999
vn 0.0011 -0.0014 1.0000
vn 0.0072 -0.0071 0.9999
vn 0.0430 -0.0853 0.9954
vn 0.0498 -0.1070 0.9930
vn 0.0222 -0.0638 0.9977
vn 0.0844 -0.0772 0.9934
vn 0.0497 -0.1916 0.9802
vn 0.3743 -0.3973 0.8379
vn 0.0958 -0.4210 0.9020
vn -0.0189 0.0125 0.9997
vn -0.0169 0.0381 0.9991
vn 0.0023 -0.0105 0.9999
vn -0.4335 0.5826 0.6875
vn -0.2853 0.6267 0.7252
vn -0.3329 0.7750 0.5371
vn -0.1424 0.8333 0.5341
vn -0.1095 0.5541 0.8252
vn 0.3807 -0.8939 0.2368
vn 0.1536 -0.9508 0.2690
vn 0.5576 -0.7892 0.2575
vn -0.3624 0.5146 0.7771
vn -0.2315 0.5706 0.7879
vn -0.4711 0.4280 0.7713
vn 0.0495 -0.0330 0.9982
vn 0.0389 -0.0640 0.9972
vn 0.0440 -0.0329 0.9985
vn -0.8582 0.4368 -0.2698
vn -0.7143 0.6402 -0.2826
vn -0.9466 0.2087 -0.2458
vn -0.9617 0.2195 -0.1640
vn -0.8808 0.4566 -0.1251
vn -0.9885 0.0014 -0.1515
vn -0.2182 -0.0108 -0.9759
vn -0.3164 0.0701 -0.9460
vn -0.1555 -0.0265 -0.9875
vn 0.0465 0.0131 -0.9988
vn 0.0459 -0.0052 -0.9989
vn 0.0453 0.0172 -0.9988
vn -0.9301 -0.3655 -0.0352
vn -0.9796 -0.1969 -0.0397
vn -0.8123 -0.5818 -0.0417
vn -0.8156 -0.5770 -0.0436
vn -0.9253 -0.3664 -0.0982
vn -0.6499 -0.7589 -0.0416
vn -0.4655 -0.5573 -0.6876
vn -0.6029 -0.4037 -0.6881
vn -0.3321 -0.6625 -0.6714
vn -0.4783 -0.8782 0.0033
vn -0.6677 -0.7428 -0.0498
vn -0.2567 -0.9593 -0.1176
vn -0.1938 -0.7744 -0.6023
vn -0.4615 -0.8835 -0.0800
vn -0.4453 -0.8954 -0.0018
vn -0.6533 -0.7565 -0.0293
vn 0.0295 0.0251 -0.9992
vn 0.0385 0.0299 -0.9988
vn -0.1224 -0.1014 -0.9873
vn -0.1595 -0.0588 -0.9854
vn -0.8748 -0.3962 -0.2790
vn -0.9633 -0.2027 -0.1759
vn -0.9443 -0.2345 -0.2310
vn -0.9721 -0.0067 -0.2346
vn 0.0970 0.0074 0.9953
vn 0.0895 -0.0245 0.9957
vn -0.6168 0.1239 0.7773
vn -0.5604 0.2799 0.7794
vn 0.8670 -0.4237 0.2621
vn 0.7091 -0.6483 0.2773
vn -0.6352 0.5619 0.5300
vn -0.4967 0.6874 0.5299
vn -0.5257 0.4605 0.7152
vn 0.0030 -0.0021 1.0000
vn -0.0012 0.0016 1.0000
vn 0.0019 -0.0011 1.0000
vn 0.0018 -0.0011 1.0000
vn -0.0065 -0.0444 0.9990
vn 0.0404 0.8346 0.5493
vn -0.7037 -0.6416 0.3053
vn -0.8523 -0.4425 0.2789
vn 0.7611 0.4008 0.5100
vn 0.5597 0.2926 0.7753
vn 0.6056 0.1490 0.7817
vn -0.9226 -0.2291 0.3103
vn -0.0936 -0.0449 0.9946
vn -0.0905 -0.0231 0.9956
vn 0.8563 0.4551 -0.2444
vn 0.9301 0.2386 -0.2793
vn 0.7342 0.6427 -0.2189
vn 0.7445 0.6493 -0.1552
vn 0.8677 0.4790 -0.1327
vn 0.5520 0.7961 -0.2479
vn 0.0659 0.1468 -0.9870
vn 0.2354 0.1953 -0.9521
vn 0.0206 0.0458 -0.9987
vn -0.0060 -0.0142 -0.9999
vn -0.0099 -0.0137 -0.9999
vn 0.3433 0.9385 -0.0380
vn 0.5628 0.8257 -0.0371
vn 0.3451 0.9355 -0.0757
vn 0.5618 0.8241 -0.0733
vn 0.1231 0.9879 -0.0942
vn 0.0749 0.7212 -0.6887
vn 0.2385 0.6464 -0.7248
vn -0.0871 0.7733 -0.6280
vn -0.0963 0.9886 -0.1158
vn 0.1024 0.9850 -0.1388
vn -0.3358 0.9386 -0.0796
vn -0.3325 0.9431 -0.0074
vn -0.0857 0.9963 -0.0026
vn -0.5292 0.8485 -0.0051
vn -0.5262 0.8502 0.0156
vn -0.3193 0.9474 0.0205
vn -0.7010 0.7129 0.0212
vn -0.5181 0.5317 0.6700
vn -0.4050 0.6761 0.6155
vn -0.5962 0.3900 0.7018
vn -0.8363 0.5461 0.0496
vn -0.6943 0.7071 0.1340
vn -0.9399 0.3400 0.0305
vn -0.9283 0.3631 0.0807
vn -0.8361 0.5435 0.0752
vn -0.9884 0.1471 0.0370
vn 0.0438 -0.0084 0.9990
vn 0.0557 -0.0274 0.9981
vn 0.0435 0.0051 0.9990
vn 0.0257 0.0060 0.9997
vn 0.0531 -0.0032 0.9986
vn -0.9753 -0.0434 0.2166
vn -0.9609 0.1795 0.2110
vn -0.1994 -0.0027 0.9799
vn -0.1909 0.0441 0.9806
vn -0.2199 -0.0602 0.9737
vn -0.9660 -0.2571 0.0263
vn -0.9993 -0.0036 0.0360
vn -0.8833 -0.4689 -0.0049
vn 0.0967 0.0473 -0.9942
vn 0.1278 0.0351 -0.9912
vn -0.7687 -0.3835 -0.5119
vn -0.7666 -0.1962 -0.6114
vn 0.0640 0.0622 -0.9960
vn -0.6242 -0.5227 -0.5807
vn 0.0588 0.0872 -0.9945
vn -0.4217 -0.6783 -0.6017
vn 0.0321 0.1004 -0.9944
vn -0.2836 -0.7792 -0.5589
vn -0.0879 -0.7846 -0.6138
vn 0.0836 0.6826 -0.7260
vn 0.2454 0.6577 -0.7122
vn 0.1244 0.9557 -0.2669
vn 0.3434 0.9175 -0.2006
vn -0.0710 0.9114 -0.4053
vn -0.0829 0.7157 -0.6935
vn -0.2342 0.6757 -0.6990
vn 0.0539 -0.7221 -0.6897
vn 0.2338 -0.6376 -0.7340
vn -0.0108 0.1035 -0.9946
vn -0.0407 0.1135 -0.9927
vn 0.5279 -0.8235 -0.2076
vn -0.0719 0.1073 -0.9916
vn 0.3549 -0.9091 -0.2182
vn 0.1067 -0.3030 0.9470
vn 0.1213 -0.9812 -0.1500
vn 0.0386 -0.2539 0.9665
vn 0.1571 -0.9829 0.0963
vn -0.0271 -0.2618 0.9647
vn -0.0948 -0.9864 0.1342
vn -0.0062 -0.0063 1.0000
vn -0.3017 -0.9480 0.1012
vn 0.0057 -0.0229 0.9997
vn 0.0103 0.0330 0.9994
vn -0.0232 -0.0242 0.9994
vn 0.0229 0.0329 0.9992
vn -0.5201 -0.8537 0.0260
vn 0.0339 0.0335 0.9989
vn -0.6891 -0.7233 0.0452
vn -0.6825 -0.7292 0.0496
vn -0.8527 -0.5204 0.0454
vn -0.8474 -0.5276 0.0597
vn -0.5759 -0.3620 0.7330
vn -0.9458 -0.3126 0.0882
vn -0.6076 -0.1934 0.7703
vn -0.9345 -0.3478 0.0757
vn -0.6730 -0.0888 0.7343
vn -0.9924 -0.1204 0.0246
vn -0.9902 -0.1388 -0.0131
vn -0.9937 0.1073 0.0327
vn -0.9961 0.0886 -0.0030
vn -0.9967 0.0803 -0.0081
vn -0.9462 0.3236 -0.0069
vn -0.9478 0.3169 -0.0362
vn -0.6863 0.2097 -0.6964
vn -0.8611 0.5071 -0.0364
vn -0.6191 0.3628 -0.6964
vn -0.8635 0.4983 -0.0773
vn -0.5478 0.5304 -0.6469
vn -0.7266 0.6855 -0.0467
vn -0.7270 0.6865 -0.0140
vn -0.5432 0.8359 -0.0788
vn -0.5424 0.8401 -0.0124
vn 0.0028 -0.0040 -1.0000
vn -0.3332 0.9425 -0.0249
vn -0.0002 -0.0138 -0.9999
vn -0.0999 0.2610 -0.9601
vn 0.0035 -0.0197 -0.9998
vn 0.0017 0.1541 -0.9880
vn -0.1484 0.9533 -0.2630
vn 0.0065 0.0601 -0.9982
vn 0.0981 0.9455 -0.3105
vn 0.0869 0.9719 -0.2189
vn 0.3199 0.8982 -0.3014
vn 0.3300 0.9218 -0.2034
vn -0.0295 -0.0920 0.9953
vn 0.5433 0.8147 -0.2026
vn -0.0649 -0.0932 0.9935
vn 0.3868 0.5640 0.7296
vn -0.0847 -0.0740 0.9937
vn 0.4816 0.4403 0.7578
vn -0.0010 -0.0165 -0.9999
vn -0.1268 0.9913 -0.0367
vn 0.1151 0.9927 -0.0351
vn -0.3302 0.9352 -0.1281
vn -0.1141 0.9858 -0.1229
vn -0.4409 0.6892 -0.5750
vn -0.2622 0.7500 -0.6073
vn -0.7029 0.7062 -0.0851
vn -0.5358 0.8384 -0.1000
vn -0.8531 0.5217 -0.0049
vn -0.7093 0.7049 -0.0003
vn -0.9441 0.3285 0.0260
vn -0.8462 0.5324 0.0211
vn -0.7261 0.0861 0.6822
vn -0.6705 0.2458 0.7000
vn -0.9912 -0.1106 0.0727
vn -0.9901 0.1375 0.0292
vn -0.9514 -0.3059 0.0355
vn -0.9940 -0.1014 0.0411
vn 0.0410 0.0251 0.9988
vn 0.0472 0.0148 0.9988
vn 0.0191 0.0158 0.9997
vn 0.0246 0.0033 0.9997
vn -0.8481 -0.4815 0.2209
vn -0.9377 -0.2698 0.2189
vn -0.7053 -0.6821 0.1932
vn -0.1351 -0.1404 0.9808
vn -0.1975 -0.1067 0.9745
vn -0.0991 -0.1459 0.9843
vn -0.5424 -0.8394 -0.0355
vn -0.7391 -0.6711 -0.0583
vn -0.0711 -0.2077 0.9756
vn -0.3123 -0.9491 -0.0415
vn -0.5285 -0.8372 0.1404
vn -0.0032 0.0032 1.0000
vn -0.1058 -0.9907 -0.0857
vn 0.0130 0.0915 -0.9957
vn -0.4846 -0.8747 -0.0066
vn -0.0601 -0.9974 -0.0400
vn -0.0402 -0.8381 0.5441
vn -0.2881 -0.9554 0.0649
vn 0.1304 -0.9908 -0.0370
vn 0.0942 -0.8382 0.5372
vn 0.2688 -0.7112 0.6495
vn 0.3778 -0.9213 0.0917
vn 0.1348 -0.9773 0.1632
vn 0.5603 -0.8264 0.0553
vn 0.5665 -0.8237 0.0254
vn 0.3579 -0.9334 0.0265
vn 0.7315 -0.6814 0.0255
vn -0.0291 0.0312 0.9991
vn -0.0264 0.0327 0.9991
vn -0.0371 0.0157 0.9992
vn 0.0050 -0.0190 0.9998
vn 0.0303 -0.0037 0.9995
vn 0.0242 0.0042 0.9997
vn 0.9434 -0.2266 0.2421
vn 0.8525 -0.4750 0.2183
vn 0.9690 0.0090 0.2467
vn 0.1939 0.0059 0.9810
vn 0.2236 -0.0665 0.9724
vn 0.1919 0.0518 0.9800
vn 0.9724 0.2253 0.0606
vn 0.9996 0.0238 0.0158
vn -0.1049 -0.0314 -0.9940
vn -0.0958 -0.0009 -0.9954
vn 0.7037 0.1669 -0.6906
vn 0.7420 0.0032 -0.6704
vn 0.8970 0.4386 0.0555
vn -0.1103 -0.0474 -0.9928
vn 0.8119 -0.2126 -0.5438
vn -0.6941 -0.4598 -0.5539
vn -0.1706 0.1026 -0.9800
vn -0.1468 0.1380 -0.9795
vn -0.1114 0.1549 -0.9816
vn -0.0944 0.2012 -0.9750
vn -0.1433 0.8320 -0.5360
vn 0.3679 -0.7419 -0.5605
vn 0.1810 -0.8489 -0.4965
vn -0.6767 -0.2301 -0.6994
vn 0.7726 0.2836 -0.5680
vn 0.5820 0.1165 -0.8048
vn -0.1082 -0.0081 0.9941
vn -0.0078 0.0023 -1.0000
vn 0.9098 -0.4137 -0.0335
vn 0.9687 -0.2160 -0.1220
vn 0.9995 0.0310 -0.0016
vn 0.9553 0.2940 -0.0318
vn 0.7781 0.4048 0.4803
vn 0.7333 0.6424 0.2226
vn 0.5789 0.8151 0.0244
vn -0.0150 -0.0408 0.9991
vn -0.0020 0.0068 1.0000
vn -0.0441 0.9849 0.1672
vn 0.0180 -0.1255 -0.9919
vn -0.0383 -0.0130 -0.9992
vn 0.1846 -0.9673 -0.1739
vn -0.0092 -0.8406 0.5415
vn -0.1943 -0.8520 0.4862
vn -0.0316 -0.0118 0.9994
vn 0.8084 -0.3689 0.4587
vn -0.0714 0.0743 0.9947
vn 0.0055 -0.7557 0.6549
vn 0.0048 0.0020 1.0000
vn -0.8439 -0.2067 0.4951
vn -0.5961 -0.5886 0.5460
vn -0.0279 -0.8585 -0.5121
vn -0.7780 -0.0043 -0.6282
vn 0.4165 -0.2947 -0.8600
vn -0.3979 0.9108 0.1100
vn -0.1708 0.9852 0.0164
vn -0.1771 0.9842 -0.0053
vn -0.1427 0.9885 0.0497
vn -0.0468 0.9967 -0.0668
vn -0.8613 0.4932 -0.1220
vn -0.4838 0.6125 -0.6251
vn 0.5194 0.7938 -0.3163
vn 0.6220 0.6640 -0.4150
vn 0.2679 0.9486 -0.1685
vn 0.0918 0.9658 -0.2427
vn -0.1366 0.2998 0.9442
vn 0.0515 -0.1007 0.9936
vn -0.1554 0.9797 0.1264
vn -0.5703 0.8185 -0.0694
vn -0.1373 0.9059 0.4005
vn -0.1248 -0.1883 0.9741
vn 0.5661 0.3242 0.7579
vn 0.8411 0.4310 0.3267
vn -0.8982 0.2849 0.3348
vn -0.2215 0.1443 -0.9644
vn 0.0139 0.8834 -0.4683
vn -0.4194 0.5624 -0.7126
vn -0.5360 0.4677 -0.7028
vn -0.6816 0.7209 0.1255
vn -0.2840 0.9494 0.1338
vn -0.6972 0.7048 0.1309
vn -0.5780 0.7795 -0.2414
vn -0.3280 0.9210 -0.2104
vn 0.3030 0.8929 0.3331
vn -0.6871 0.7205 -0.0940
vn -0.2710 0.7148 0.6447
vn -0.1511 0.9522 0.2655
vn -0.6244 0.6644 0.4107
vn -0.7275 0.6859 -0.0155
vn -0.9883 0.0689 -0.1360
vn 0.1769 0.5039 -0.8454
vn -0.8464 0.3754 0.3778
vn -0.1720 0.9681 0.1824
vn 0.6259 0.7623 0.1647
vn -0.6066 0.7808 -0.1493
vn -0.4801 0.8245 -0.2994
vn -0.3583 0.7699 -0.5281
vn -0.9063 0.3914 0.1593
vn -0.8647 0.4854 -0.1291
vn -0.3744 -0.1395 0.9167
vn -0.1119 0.4709 -0.8751
vn 0.2575 0.6900 -0.6764
vn -0.6314 0.7382 -0.2376
vn 0.1107 -0.0980 0.9890
vn 0.4814 0.8487 0.2192
vn -0.4732 0.8312 0.2918
vn 0.5430 -0.7377 0.4012
vn -0.4901 0.6724 0.5546
vn -0.8761 0.2058 0.4360
vn 0.3341 0.9417 0.0392
vn 0.4134 0.8928 0.1788
vn 0.4404 0.8972 0.0328
vn 0.3383 0.7257 0.5990
vn -0.4291 0.8802 0.2029
vn 0.3655 0.0621 0.9287
vn 0.4126 0.9101 -0.0379
vn -0.1636 -0.7527 -0.6377
vn -0.0888 0.9736 0.2100
vn -0.8276 -0.2079 0.5214
vn 0.4934 0.8558 -0.1551
vn 0.4450 0.4112 -0.7956
vn -0.7520 0.1933 -0.6301
vn -0.9735 0.1830 -0.1371
vn -0.9701 0.1620 -0.1808
vn -0.5852 0.2726 -0.7637
vn -0.8639 -0.0815 -0.4970
vn -0.2462 0.1311 0.9603
vn -0.4439 0.2734 0.8534
vn 0.5859 0.7931 0.1663
vn 0.9974 -0.0084 0.0721
vn 0.8751 0.2784 -0.3958
vn 0.9133 0.4055 0.0374
vn 0.8864 0.4556 0.0826
vn 0.4792 0.3110 -0.8208
vn 0.3352 0.3448 0.8768
vn 0.3101 0.2654 0.9129
vn 0.6656 0.7460 -0.0232
vn -0.6584 0.1565 0.7362
vn -0.6118 0.7319 0.3000
vn -0.7771 0.3203 -0.5418
vn -0.5132 0.2727 -0.8138
vn -0.5536 0.1348 -0.8218
vn -0.9868 0.1236 0.1050
vn -0.8058 0.1629 -0.5694
vn -0.9135 -0.3131 -0.2599
vn -0.9682 0.0570 -0.2437
vn -0.8869 -0.2572 -0.3838
vn -0.9169 -0.2029 -0.3436
vn -0.9996 0.0233 -0.0134
vn -0.9160 -0.2532 0.3111
vn -0.9725 0.0810 0.2182
vn -0.9635 -0.0700 0.2583
vn -0.3980 0.1833 0.8989
vn -0.7730 0.3315 -0.5409
vn -0.9757 0.1576 0.1522
vn -0.9388 -0.0508 0.3408
vn -0.9825 0.1369 -0.1260
vn -0.9980 -0.0159 -0.0604
vn -0.9700 -0.2297 -0.0801
vn -0.7762 -0.0124 -0.6304
vn -0.9057 -0.1191 -0.4069
vn -0.9042 -0.3580 0.2329
vn -0.9268 -0.1925 0.3226
vn -0.9443 -0.3285 -0.0191
vn -0.9216 -0.3853 0.0473
vn -0.9400 -0.3361 -0.0585
vn -0.8668 -0.4408 -0.2333
vn -0.9496 -0.2843 0.1317
vn -0.8018 -0.5956 0.0489
vn -0.9294 -0.3153 -0.1918
vn -0.7246 -0.6852 -0.0731
vn -0.6436 -0.3962 0.6549
vn -0.7968 -0.2994 0.5249
vn -0.8561 -0.5006 0.1286
vn -0.8172 -0.5566 0.1499
vn -0.8144 -0.4890 -0.3124
vn -0.7962 -0.5237 -0.3030
vn -0.8067 -0.5506 0.2147
vn -0.6887 -0.5043 0.5209
vn -0.7996 -0.5990 0.0422
vn -0.7625 -0.6464 -0.0282
vn -0.7703 -0.5546 -0.3147
vn -0.7404 -0.6123 -0.2773
vn -0.6513 -0.7364 -0.1830
vn -0.3958 -0.3698 -0.8406
vn -0.4481 -0.4656 -0.7632
vn -0.5241 -0.4346 0.7325
vn -0.5964 -0.4476 0.6663
vn -0.7214 -0.6196 0.3094
vn -0.6824 -0.7069 0.1861
vn -0.3580 -0.8779 0.3180
vn -0.6312 -0.7754 0.0177
vn -0.5075 -0.8535 0.1180
vn -0.5081 -0.8239 0.2509
vn -0.5644 -0.8238 -0.0536
vn -0.4637 -0.8856 -0.0251
vn -0.6018 -0.7986 -0.0102
vn -0.4343 -0.5684 -0.6988
vn -0.5855 -0.6977 -0.4128
vn -0.7723 -0.6348 0.0239
vn -0.6183 -0.5444 -0.5669
vn -0.7845 -0.5793 -0.2213
vn -0.7432 -0.4160 -0.5240
vn -0.5045 -0.4906 -0.7105
vn -0.7372 -0.5256 -0.4246
vn -0.7522 -0.4411 -0.4896
vn -0.8593 -0.3987 0.3203
vn -0.7144 -0.5184 -0.4701
vn -0.6557 -0.1026 0.7480
vn -0.2513 -0.6860 0.6828
vn -0.5220 -0.2494 -0.8156
vn -0.9107 -0.3086 0.2747
vn -0.3775 -0.3027 -0.8752
vn -0.7414 -0.5542 -0.3784
vn -0.8114 -0.4743 -0.3416
vn -0.7634 -0.6453 0.0276
vn -0.8478 -0.5301 -0.0132
vn -0.7301 -0.6648 0.1583
vn -0.8677 -0.3923 0.3053
vn -0.7631 -0.6432 0.0632
vn -0.4578 -0.4882 0.7430
vn -0.5813 -0.3868 -0.7158
vn -0.5293 -0.8484 -0.0096
vn -0.6658 -0.7454 -0.0316
vn -0.5214 -0.8507 -0.0665
vn -0.5008 -0.7318 0.4622
vn -0.6452 -0.7380 0.1978
vn -0.3769 -0.4746 0.7954
vn -0.5606 -0.5424 0.6257
vn -0.7571 -0.6488 0.0767
vn -0.5482 -0.6702 0.5004
vn -0.6887 -0.5420 -0.4816
vn -0.7746 -0.4661 0.4274
vn -0.7100 -0.1479 -0.6885
vn -0.7485 -0.4967 0.4394
vn -0.2893 -0.6629 0.6905
vn -0.4245 -0.9015 0.0845
vn -0.3516 -0.9035 0.2451
vn -0.4548 -0.8902 -0.0256
vn -0.4064 -0.9137 -0.0007
vn -0.3243 -0.9385 0.1184
vn -0.4099 -0.8828 -0.2294
vn -0.3406 -0.9276 -0.1533
vn -0.2619 -0.7309 0.6302
vn -0.2834 -0.8773 0.3872
vn -0.2935 -0.9407 0.1699
vn -0.1156 -0.9894 0.0883
vn -0.2748 -0.9600 -0.0534
vn -0.1204 -0.9926 0.0158
vn -0.0186 -0.9996 0.0203
vn -0.1856 -0.8952 -0.4051
vn -0.0160 -0.9671 -0.2540
vn 0.1114 -0.9549 -0.2752
vn -0.0307 -0.6299 -0.7761
vn 0.1313 -0.7079 -0.6940
vn 0.2372 -0.9714 -0.0029
vn 0.0498 -0.9987 0.0106
vn 0.2053 -0.9454 -0.2529
vn 0.2304 -0.8814 0.4124
vn 0.0955 -0.9758 0.1966
vn 0.1551 -0.7123 0.6845
vn -0.0758 -0.7708 0.6325
vn -0.0321 -0.9981 0.0523
vn -0.0778 -0.6015 0.7951
vn -0.1162 -0.7218 0.6823
vn -0.1243 -0.6877 0.7153
vn -0.1504 -0.9826 -0.1089
vn -0.0755 -0.9912 -0.1087
vn -0.2050 -0.8048 0.5570
vn -0.2783 -0.9531 -0.1187
vn -0.2668 -0.7513 0.6037
vn 0.0296 -0.6554 -0.7547
vn -0.0328 -0.6685 -0.7430
vn -0.0054 -0.5585 -0.8295
vn -0.1196 -0.7909 -0.6002
vn -0.2985 -0.9535 -0.0425
vn -0.4271 -0.8903 -0.1580
vn -0.4639 -0.5996 -0.6521
vn -0.5271 -0.7719 -0.3554
vn -0.3849 -0.5639 -0.7307
vn -0.5133 -0.8570 -0.0454
vn -0.4849 -0.8714 -0.0743
vn -0.4010 -0.8180 -0.4124
vn -0.6694 -0.7406 -0.0588
vn -0.6799 -0.5600 -0.4734
vn -0.6115 -0.7879 0.0725
vn -0.7620 -0.6476 -0.0048
vn -0.7657 -0.6326 -0.1164
vn -0.3889 -0.6388 0.6638
vn -0.3371 -0.5565 0.7594
vn -0.5218 -0.8489 0.0842
vn -0.4844 -0.8740 0.0382
vn -0.3623 -0.9305 0.0542
vn -0.3733 -0.9273 0.0262
vn -0.2778 -0.7761 0.5661
vn -0.2861 -0.7456 0.6018
vn -0.2978 -0.9517 0.0750
vn -0.2429 -0.9666 0.0823
vn -0.3078 -0.9504 0.0450
vn -0.2320 -0.9721 0.0350
vn -0.0841 -0.9964 0.0082
vn -0.2060 -0.9736 -0.0982
vn -0.1130 -0.9891 -0.0940
vn -0.0114 -0.9995 -0.0282
vn -0.1761 -0.4522 -0.8744
vn -0.0283 -0.5426 -0.8395
vn 0.2192 -0.5122 -0.8304
vn -0.0334 -0.1799 -0.9831
vn 0.1833 -0.5623 -0.8064
vn -0.0584 -0.9942 -0.0898
vn 0.1564 -0.9767 -0.1468
vn 0.0832 -0.9959 -0.0367
vn 0.3490 -0.6139 -0.7081
vn 0.2129 -0.9767 0.0266
vn 0.0655 -0.9973 0.0336
vn 0.2072 -0.9725 0.1062
vn 0.0704 -0.9960 0.0547
vn 0.0447 -0.7931 0.6074
vn 0.0741 -0.8332 0.5479
vn -0.1297 -0.4304 -0.8933
vn -0.0051 -0.9996 0.0291
vn -0.2038 -0.4671 0.8604
vn -0.2069 -0.5395 0.8162
vn 0.1650 -0.6495 0.7423
vn 0.1322 -0.9168 0.3767
vn 0.1792 -0.5826 0.7927
vn 0.0125 -0.9338 -0.3576
vn 0.1622 -0.9010 0.4023
vn 0.3789 -0.7934 0.4764
vn 0.2647 -0.8994 0.3479
vn 0.3874 -0.8843 0.2607
vn 0.4614 -0.8676 0.1852
vn 0.3966 -0.9178 0.0181
vn 0.4972 -0.8675 0.0149
vn 0.5976 -0.8015 0.0185
vn 0.4875 -0.8643 -0.1235
vn 0.6055 -0.7957 -0.0141
vn 0.7547 -0.6560 -0.0072
vn 0.5291 -0.6172 -0.5823
vn 0.6812 -0.6168 -0.3944
vn 0.7974 -0.6026 0.0327
vn 0.5243 -0.5412 -0.6574
vn 0.7363 -0.4552 -0.5007
vn 0.7383 -0.5556 0.3825
vn 0.7890 -0.5924 0.1627
vn 0.8483 -0.5293 0.0175
vn 0.8896 -0.4460 0.0987
vn 0.7676 -0.4965 -0.4054
vn 0.8366 -0.4667 -0.2868
vn 0.8992 -0.3387 -0.2769
vn 0.8053 -0.4639 -0.3691
vn 0.8808 -0.4624 -0.1024
vn 0.9549 -0.2692 0.1254
vn 0.6787 -0.5118 0.5267
vn 0.7588 -0.1276 0.6387
vn 0.9921 -0.0715 -0.1032
vn 0.5613 0.2510 0.7886
vn 0.3981 -0.2724 0.8760
vn 0.7866 -0.5248 -0.3255
vn 0.3513 0.0140 0.9362
vn 0.8128 -0.2536 0.5245
vn 0.9051 -0.2581 0.3378
vn 0.9362 -0.3020 -0.1798
vn 0.7199 -0.5494 0.4241
vn 0.7905 -0.5421 0.2851
vn 0.4100 -0.4176 -0.8109
vn 0.4618 -0.8451 -0.2694
vn 0.1545 -0.7168 0.6800
vn 0.6975 -0.5848 0.4142
vn 0.2375 -0.7578 0.6078
vn 0.4424 -0.2928 0.8477
vn 0.4934 -0.8682 0.0527
vn 0.6228 -0.7189 0.3087
vn 0.5174 -0.8548 -0.0396
vn 0.6049 -0.7963 -0.0060
vn 0.7778 -0.6277 0.0335
vn 0.5905 -0.8009 -0.0994
vn 0.7590 -0.6511 0.0032
vn 0.7651 -0.6436 -0.0209
vn 0.6787 -0.6712 -0.2982
vn 0.8094 -0.5180 -0.2768
vn 0.7968 -0.4635 -0.3876
vn 0.6897 -0.2846 -0.6658
vn 0.7460 -0.2876 -0.6006
vn 0.3998 -0.6375 -0.6586
vn 0.8131 -0.4741 -0.3377
vn 0.6997 -0.6242 -0.3476
vn 0.6145 -0.5337 -0.5810
vn 0.8467 -0.3840 0.3684
vn 0.9498 -0.2736 0.1516
vn 0.5757 -0.6585 0.4847
vn 0.3175 -0.6018 0.7328
vn 0.5139 -0.0627 0.8556
vn 0.7622 -0.6147 0.2030
vn 0.8848 -0.4226 0.1962
vn 0.8766 -0.4803 -0.0286
vn 0.8907 -0.4545 -0.0123
vn 0.4759 -0.0174 -0.8793
vn 0.3004 -0.5786 -0.7583
vn 0.8082 -0.1901 -0.5573
vn 0.7589 0.0772 -0.6467
vn 0.9429 -0.3016 0.1412
vn 0.8872 -0.0725 0.4556
vn 0.8457 -0.2607 -0.4656
vn 0.7949 -0.2549 -0.5506
vn 0.2381 -0.3354 -0.9115
vn 0.6215 -0.3401 -0.7057
vn 0.8642 -0.4638 -0.1951
vn 0.7327 -0.6203 -0.2798
vn 0.8431 -0.5344 -0.0591
vn 0.7841 -0.6132 -0.0963
vn 0.7437 -0.3171 0.5885
vn 0.7065 -0.6252 0.3315
vn 0.3558 -0.4941 -0.7933
vn 0.3678 -0.4723 -0.8010
vn 0.4537 -0.6233 -0.6369
vn 0.4204 -0.5200 -0.7435
vn 0.1851 -0.5177 0.8353
vn 0.7911 -0.5795 0.1961
vn 0.5219 -0.7108 -0.4715
vn 0.7226 -0.6873 0.0742
vn 0.4820 -0.8748 0.0485
vn 0.4860 -0.8733 -0.0327
vn 0.3206 -0.9347 -0.1535
vn 0.2796 -0.6906 -0.6670
vn 0.4267 -0.8375 -0.3413
vn 0.1105 -0.2429 -0.9637
vn 0.2434 -0.6208 -0.7453
vn 0.6262 -0.4220 -0.6556
vn 0.4646 -0.7759 -0.4266
vn 0.1915 -0.8888 -0.4165
vn -0.2615 -0.9120 0.3160
vn 0.0739 -0.6450 0.7606
vn 0.7749 -0.6104 -0.1642
vn 0.8492 -0.4279 -0.3093
vn 0.3162 -0.9487 0.0022
vn 0.3105 -0.9503 0.0221
vn 0.2256 -0.9741 0.0179
vn 0.2428 -0.9690 -0.0455
vn 0.1041 -0.9945 0.0111
vn 0.1068 -0.9908 -0.0836
vn 0.0059 -1.0000 0.0050
vn -0.1079 -0.9332 -0.3427
vn 0.0268 -0.9978 0.0598
vn 0.0242 -0.9968 0.0768
vn 0.0445 -0.9990 0.0027
vn -0.2182 -0.9432 0.2506
vn -0.1209 -0.9926 -0.0071
vn 0.2056 -0.9517 0.2279
vn 0.1095 -0.9803 0.1641
vn 0.3033 -0.9520 0.0406
vn 0.6372 -0.7030 0.3158
vn 0.1785 -0.8639 0.4709
vn 0.5824 -0.6919 0.4267
vn 0.4534 -0.8144 -0.3623
vn 0.2826 -0.9589 -0.0244
vn 0.3806 -0.9048 -0.1908
vn 0.3004 -0.9399 -0.1624
vn 0.4616 -0.7878 0.4078
vn 0.3849 -0.6302 -0.6743
vn 0.7548 -0.6542 0.0479
vn 0.3058 -0.9520 0.0121
vn 0.4187 -0.4732 0.7751
vn 0.3407 -0.6512 0.6781
vn 0.5999 -0.7658 0.2318
vn 0.4356 -0.5595 -0.7051
vn 0.3339 -0.6688 -0.6642
vn 0.4739 -0.8373 -0.2729
vn 0.4239 -0.8422 -0.3331
vn 0.5201 -0.6441 -0.5609
vn 0.4893 -0.8695 0.0677
vn 0.2137 -0.9689 0.1249
vn 0.4363 -0.8821 0.1777
vn 0.5421 -0.8396 0.0341
vn 0.5562 -0.8212 -0.1275
vn 0.6945 -0.7195 0.0020
vn 0.7288 -0.6108 -0.3094
vn 0.7661 -0.6289 0.1326
vn 0.6490 -0.7274 0.2230
vn 0.7571 -0.6529 -0.0225
vn 0.7686 -0.6390 0.0307
vn 0.5444 -0.7442 -0.3871
vn 0.7340 -0.6764 -0.0620
vn 0.8024 -0.5203 0.2921
vn 0.7695 -0.6327 0.0868
vn 0.8363 -0.5456 0.0534
vn 0.9380 -0.3399 0.0674
vn 0.8537 -0.5205 0.0119
vn 0.9454 -0.3252 0.0233
vn 0.9771 -0.2129 0.0057
vn 0.6423 0.0205 -0.7662
vn 0.9106 -0.2089 -0.3567
vn 0.8103 -0.2526 -0.5287
vn 0.8535 -0.5199 0.0347
vn 0.5593 -0.0236 -0.8286
vn 0.7076 -0.1416 -0.6923
vn 0.7282 -0.3780 0.5717
vn 0.7714 -0.6187 0.1489
vn 0.4974 -0.4088 0.7652
vn 0.7790 -0.4179 0.4675
vn 0.6763 -0.6097 0.4134
vn 0.2643 -0.2741 0.9247
vn -0.1683 -0.6951 -0.6989
vn -0.1971 -0.9032 -0.3814
vn -0.1846 -0.6431 0.7432
vn 0.0939 -0.1344 0.9865
vn 0.2715 0.6096 0.7448
vn 0.8602 -0.4007 0.3153
vn 0.8210 -0.3231 0.4706
vn 0.9656 0.1427 0.2174
vn 0.6184 -0.7779 0.1113
vn 0.3914 0.7536 0.5281
vn 0.6834 0.7268 0.0690
vn 0.3479 0.1507 -0.9253
vn 0.7616 0.5788 0.2915
vn 0.6261 0.5484 0.5542
vn 0.7581 -0.6448 0.0979
vn 0.8699 0.4859 0.0843
vn 0.3293 0.6461 -0.6886
vn -0.2800 -0.0778 0.9568
vn -0.3556 -0.1857 0.9160
vn -0.6352 0.0041 0.7724
vn 0.7527 -0.6211 -0.2183
vn 0.3108 -0.1028 -0.9449
vn 0.6442 0.7487 0.1561
vn 0.0781 0.0709 0.9944
vn 0.3742 0.2001 -0.9055
vn 0.4224 -0.0817 -0.9027
vn 0.9969 0.0282 -0.0732
vn -0.9325 -0.3585 -0.0446
vn -0.8150 -0.5106 -0.2738
vn -0.7892 -0.5773 -0.2092
vn -0.7574 -0.5116 -0.4057
vn 0.5815 0.0648 0.8110
vn 0.8821 0.4258 0.2015
vn 0.4922 0.8176 0.2988
vn -0.8756 -0.3149 0.3663
vn 0.8437 0.2976 -0.4468
vn 0.8559 0.5086 0.0935
vn 0.2062 -0.0127 0.9784
vn 0.8798 0.4527 0.1450
vn 0.9327 0.0033 0.3607
vn -0.8726 -0.2512 -0.4189
vn -0.8332 -0.3994 0.3825
vn -0.9452 0.2779 -0.1716
vn 0.9856 0.1623 0.0469
vn -0.9559 -0.2917 -0.0329
vn -0.5878 0.1869 -0.7871
vn -0.8890 -0.3873 0.2443
vn -0.8093 -0.4053 0.4252
vn -0.9604 -0.2011 0.1927
vn -0.9857 -0.1521 -0.0718
vn -0.7608 -0.3101 0.5701
vn -0.7550 -0.1631 0.6351
vn -0.9122 -0.4096 -0.0134
vn 0.9129 0.2238 -0.3414
vn 0.8813 0.4253 -0.2060
vn 0.9920 0.1256 0.0148
vn -0.9071 -0.4184 0.0465
vn 0.9474 0.3191 0.0249
vn 0.8562 0.4762 -0.2003
vn 0.9270 0.2340 0.2931
vn 0.9502 0.3080 0.0485
vn 0.8968 0.4243 0.1256
vn 0.9138 0.3879 0.1200
vn 0.8992 0.4351 -0.0466
vn 0.9564 0.2577 0.1377
vn 0.9764 0.2144 0.0250
vn 0.9781 0.1849 0.0955
vn 0.9893 0.1452 0.0127
vn 0.9135 0.1105 -0.3917
vn 0.9990 0.0080 0.0439
vn 0.9289 -0.0953 -0.3580
vn 0.9983 0.0279 0.0506
vn 0.6758 0.3575 0.6446
vn 0.8802 0.1783 0.4399
vn 0.2874 0.3519 0.8908
vn 0.0747 -0.2472 0.9661
vn 0.8502 -0.1746 0.4966
vn 0.3030 -0.3480 0.8872
vn 0.5043 -0.3975 0.7666
vn 0.8706 -0.3139 0.3789
vn 0.5658 -0.3520 0.7456
vn 0.9416 -0.1938 0.2753
vn 0.8358 -0.1425 -0.5302
vn 0.8289 0.1546 -0.5376
vn 0.5676 0.0080 -0.8233
vn 0.8210 0.2605 -0.5080
vn 0.7981 -0.0504 -0.6004
vn 0.5075 -0.1488 0.8487
vn 0.9996 0.0074 -0.0278
vn 0.4746 0.3358 0.8136
vn 0.9933 0.0645 -0.0960
vn 0.8549 0.2707 0.4425
vn 0.9612 0.1590 -0.2256
vn 0.1966 0.3031 0.9324
vn 0.9592 0.2304 -0.1639
vn 0.7284 0.0646 -0.6822
vn 0.8576 0.1584 -0.4894
vn 0.0669 -0.2432 0.9677
vn 0.5767 -0.7448 0.3357
vn -0.8195 -0.4360 0.3720
vn -0.7949 -0.3305 0.5089
vn -0.5749 -0.7763 0.2587
vn -0.8717 -0.4438 0.2077
vn -0.9598 -0.0817 0.2684
vn -0.8708 -0.4714 0.1396
vn -0.9875 -0.1169 0.1060
vn -0.6160 -0.7395 0.2713
vn 0.3597 -0.9084 0.2129
vn 0.9547 0.0260 -0.2964
vn 0.9885 -0.1104 0.1030
vn 0.9502 -0.2023 -0.2370
vn 0.8933 0.1689 -0.4165
vn -0.5155 -0.0326 -0.8563
vn -0.0512 0.0630 -0.9967
vn 0.9696 0.1554 0.1888
vn -0.1582 -0.2833 0.9459
vn 0.1443 -0.1764 0.9737
vn 0.9392 0.2694 0.2130
vn 0.9009 0.1507 -0.4071
vn -0.8350 -0.5498 0.0238
vn 0.9654 -0.0700 0.2512
vn 0.9861 -0.1550 -0.0597
vn 0.9727 -0.2254 -0.0559
vn 0.9729 -0.2141 -0.0872
vn 0.1824 -0.6193 0.7637
vn -0.6331 -0.2589 0.7294
vn 0.2400 -0.0141 -0.9707
vn 0.3037 -0.5363 -0.7875
vn -0.4586 -0.7668 -0.4491
vn 0.1682 -0.8564 -0.4881
vn -0.0299 -0.5440 -0.8385
vn -0.8850 -0.4633 -0.0464
vn -0.5200 -0.8321 -0.1928
vn -0.7900 -0.4824 -0.3784
vn -0.8750 -0.2158 -0.4334
vn -0.4758 -0.2299 -0.8490
vn -0.5779 0.0391 -0.8152
vn -0.4159 -0.9068 -0.0685
vn -0.9256 -0.3700 -0.0802
vn -0.4173 -0.7066 -0.5715
vn -0.1937 -0.3578 -0.9135
vn 0.9965 0.0799 0.0255
vn 0.9997 -0.0234 -0.0040
vn 0.7849 0.0402 -0.6184
vn 0.8027 0.1462 0.5782
vn 0.8442 -0.0737 0.5309
vn 0.4548 -0.0770 0.8873
vn 0.7859 -0.0640 -0.6151
vn -0.9939 -0.0789 0.0764
vn 0.7378 -0.1889 -0.6480
vn -0.2321 -0.2703 -0.9344
vn -0.5324 -0.6640 -0.5250
vn 0.7327 -0.0031 0.6806
vn 0.0208 0.2401 0.9705
vn -0.4698 -0.7813 0.4110
vn -0.7232 -0.6905 -0.0120
vn 0.8017 -0.5521 -0.2290
vn -0.0717 -0.9045 -0.4205
vn -0.0392 -0.8970 -0.4404
vn 0.6989 -0.6572 -0.2820
vn 0.9877 -0.1561 0.0062
vn 0.9792 -0.1597 0.1249
vn -0.6390 -0.6190 0.4565
vn 0.9469 0.1265 0.2957
vn 0.8733 -0.4095 0.2640
vn 0.7548 -0.3024 -0.5821
vn 0.7572 0.5530 -0.3477
vn 0.9126 0.3730 -0.1672
vn 0.0232 0.0873 -0.9959
vn 0.8656 -0.4893 -0.1067
vn 0.5662 -0.1811 0.8042
vn 0.8950 -0.0700 0.4405
vn 0.8222 -0.4726 0.3170
vn 0.0593 -0.8986 0.4348
vn 0.0249 -0.1224 -0.9922
vn 0.7872 -0.2503 0.5636
vn -0.0089 -0.9224 0.3862
vn 0.5394 -0.5490 -0.6385
vn 0.9195 -0.3031 0.2503
vn 0.8146 -0.5630 0.1395
vn -0.2719 -0.6447 -0.7144
vn 0.9737 -0.2188 -0.0635
vn 0.9908 0.0520 0.1251
vn 0.8983 -0.1949 -0.3938
vn 0.9087 -0.4040 -0.1045
vn -0.3068 -0.9190 -0.2478
vn -0.1859 -0.9361 -0.2987
vn -0.5213 -0.8203 -0.2354
vn 0.6175 -0.7754 -0.1323
vn -0.1563 -0.2271 -0.9612
vn 0.5627 -0.8002 -0.2075
vn 0.5907 -0.1630 0.7902
vn 0.9428 -0.3191 -0.0964
vn 0.8544 -0.2381 -0.4618
vn 0.9102 -0.1807 -0.3727
vn 0.2453 -0.5441 -0.8023
vn -0.2940 -0.8309 -0.4725
vn -0.0452 -0.9915 0.1222
vn -0.3413 -0.7962 -0.4996
vn 0.3515 -0.9362 0.0031
vn 0.7762 -0.2048 0.5963
vn 0.5771 -0.7234 0.3791
vn 0.0410 -0.8095 0.5857
vn -0.2459 -0.9338 -0.2598
vn 0.2471 -0.8257 0.5072
vn 0.3767 -0.9129 0.1572
vn 0.6437 -0.6669 -0.3753
vn 0.1380 0.0261 -0.9901
vn 0.6985 -0.7154 -0.0149
vn 0.8680 -0.4683 -0.1652
vn 0.7589 -0.6275 0.1738
vn -0.2515 -0.9661 0.0577
vn -0.2178 -0.9757 0.0231
vn 0.4637 -0.8808 0.0960
vn -0.2156 -0.9744 -0.0642
vn 0.8918 -0.3969 0.2172
vn 0.1988 -0.9671 0.1586
vn 0.1336 -0.9467 0.2932
vn 0.6797 -0.3409 0.6494
vn 0.4736 -0.0417 0.8798
vn -0.2613 -0.4988 0.8264
vn 0.6058 -0.7938 -0.0540
vn -0.5127 -0.8464 -0.1438
vn -0.5702 -0.7527 0.3290
vn 0.3413 -0.8211 -0.4576
vn 0.0620 -0.9127 -0.4040
vn 0.5636 -0.5595 0.6077
vn 0.7472 -0.5414 -0.3856
vn -0.2047 -0.9787 0.0168
vn 0.6611 0.4761 0.5799
vn 0.3583 -0.9055 0.2273
vn 0.7271 -0.5391 -0.4251
vn 0.7099 -0.7040 -0.0234
vn 0.6311 -0.1820 -0.7541
vn -0.1126 0.0973 -0.9889
vn 0.5005 -0.7098 -0.4957
vn 0.1579 -0.9865 -0.0435
vn 0.3505 -0.9324 0.0877
vn -0.0944 -0.2760 -0.9565
vn -0.2042 0.0010 -0.9789
vn -0.0716 -0.2858 0.9556
vn 0.1490 -0.7948 -0.5883
vn 0.0474 -0.7380 -0.6731
vn 0.5731 -0.2220 0.7888
vn 0.2397 -0.5878 0.7727
vn 0.0963 -0.5647 0.8196
vn 0.4096 -0.9123 0.0046
vn 0.2288 -0.8267 0.5141
vn 0.4530 -0.8897 0.0567
vn 0.0651 -0.5204 0.8514
vn 0.1431 -0.9740 -0.1758
vn 0.3199 -0.9236 -0.2111
vn 0.3691 -0.8226 -0.4325
vn 0.7748 -0.5008 0.3859
vn 0.0254 -0.9621 -0.2715
vn 0.5283 0.7427 -0.4115
vn -0.9170 0.1340 0.3758
vn 0.7204 -0.5039 -0.4765
vn -0.3381 -0.2699 0.9016
vn 0.9787 -0.2043 -0.0191
vn -0.7114 0.2813 -0.6440
vn -0.3536 0.3768 0.8562
vn 0.1326 0.4638 0.8759
vn -0.0055 -0.1941 -0.9810
vn 0.3348 -0.3601 -0.8708
vn -0.9407 -0.2450 -0.2347
vn -0.8654 -0.4916 -0.0975
vn -0.8569 -0.5102 -0.0738
vn -0.7810 -0.1108 -0.6146
vn -0.9537 0.2949 -0.0592
vn -0.1524 0.0317 0.9878
vn -0.1729 0.0190 0.9848
vn -0.1027 -0.0911 0.9905
vn 0.0441 -0.0776 0.9960
vn 0.8150 0.4638 0.3473
vn 0.5020 0.0474 0.8636
vn 0.1443 -0.9646 -0.2208
vn 0.5170 -0.7862 -0.3386
vn 0.2180 -0.9087 0.3561
vn -0.1162 -0.7983 0.5910
vn -0.0531 -0.9800 0.1917
vn -0.1740 -0.9429 0.2839
vn -0.7397 0.6212 0.2589
vn 0.2426 -0.5711 0.7843
vn -0.3632 0.8695 0.3347
vn 0.1401 -0.5890 0.7959
vn -0.2198 0.8987 0.3796
vn -0.8954 0.4133 0.1655
vn 0.5666 -0.2593 0.7821
vn -0.7999 0.5691 0.1906
vn 0.4707 -0.3574 0.8066
vn 0.2762 -0.9607 -0.0274
vn 0.9925 0.0868 -0.0861
vn -0.5059 -0.1719 0.8453
vn -0.9517 -0.1794 -0.2491
vn 0.6844 0.7147 -0.1439
vn -0.7248 0.2971 -0.6216
vn -0.9027 0.0031 -0.4302
vn 0.6557 0.6912 -0.3039
vn -0.7380 0.1647 -0.6544
vn 0.8920 0.4518 0.0134
vn 0.8920 0.4518 0.0133
vn 0.8920 0.4519 0.0131
vn 0.8920 0.4519 0.0129
vn 0.8920 0.4518 0.0130
vn -0.4816 -0.1650 0.8607
vn -0.4953 -0.1605 0.8537
vn -0.9795 -0.1570 0.1264
vn -0.8711 -0.1700 0.4608
vn -0.7931 -0.1571 0.5885
vn -0.9027 0.0028 -0.4302
vn -0.8956 -0.0193 -0.4444
vn -0.9011 -0.0002 -0.4335
vn -0.0346 -0.7277 -0.6851
vn 0.8807 -0.3406 -0.3292
vn 0.9652 -0.1128 -0.2358
vn 0.5926 -0.7081 -0.3839
vn 0.8919 0.4520 0.0131
vn -0.6664 0.0208 0.7453
vn 0.2104 0.1515 -0.9658
vn -0.2673 -0.9564 0.1178
vn -0.2714 0.9620 0.0307
vn -0.0581 -0.1633 0.9849
vn 0.0099 0.5228 0.8524
vn -0.2512 0.6729 0.6957
vn -0.1650 0.9838 0.0700
vn -0.1487 0.0467 0.9878
vn -0.1476 0.9753 0.1641
vn -0.1650 0.9838 0.0702
vn -0.1649 0.9838 0.0699
vn -0.1649 0.9838 0.0698
vn -0.1649 0.9838 0.0700
vt 0.058016 0.666750
vt 0.061293 0.668112
vt 0.061664 0.678898
vt 0.056702 0.675347
vt 0.056833 0.660549
vt 0.061359 0.658013
vt 0.038943 0.685892
vt 0.038835 0.689085
vt 0.028931 0.682447
vt 0.031153 0.679458
vt 0.035180 0.665716
vt 0.041198 0.665766
vt 0.050474 0.670082
vt 0.050191 0.670105
vt 0.053996 0.656638
vt 0.030995 0.694137
vt 0.028339 0.685376
vt 0.871177 0.942362
vt 0.875131 0.939757
vt 0.876160 0.967700
vt 0.873618 0.966717
vt 0.031344 0.713871
vt 0.023406 0.711984
vt 0.271508 0.966034
vt 0.267406 0.966965
vt 0.269994 0.951800
vt 0.272802 0.951884
vt 0.264081 0.968447
vt 0.267179 0.952158
vt 0.087310 0.664965
vt 0.079546 0.665185
vt 0.081668 0.651161
vt 0.086888 0.653042
vt 0.488558 0.980741
vt 0.488422 0.988846
vt 0.483750 0.987730
vt 0.481460 0.980741
vt 0.091892 0.651925
vt 0.093227 0.661726
vt 0.251991 0.967896
vt 0.254133 0.957130
vt 0.259735 0.957999
vt 0.256797 0.968409
vt 0.029609 0.732813
vt 0.022077 0.732221
vt 0.016857 0.713248
vt 0.008898 0.710107
vt 0.013545 0.689240
vt 0.012130 0.737387
vt 0.114950 0.664285
vt 0.107417 0.678820
vt 0.103834 0.676427
vt 0.107846 0.660814
vt 0.129490 0.658032
vt 0.127574 0.665370
vt 0.117172 0.672042
vt 0.109410 0.681114
vt 0.031969 0.739163
vt 0.033738 0.716850
vt 0.037354 0.716935
vt 0.034227 0.743137
vt 0.028967 0.735188
vt 0.032281 0.714363
vt 0.031306 0.747612
vt 0.029202 0.746780
vt 0.875546 0.988121
vt 0.871177 0.985164
vt 0.264699 0.992796
vt 0.264081 0.983467
vt 0.270617 0.986231
vt 0.269381 0.993658
vt 0.021140 0.746547
vt 0.019902 0.738082
vt 0.007723 0.731919
vt 0.266106 0.939726
vt 0.270644 0.939321
vt 0.704308 0.336920
vt 0.699035 0.333905
vt 0.708785 0.325944
vt 0.711278 0.326142
vt 0.943425 0.993447
vt 0.943425 0.981793
vt 0.946132 0.978997
vt 0.947105 0.988378
vt 0.895570 0.881341
vt 0.899756 0.877290
vt 0.900189 0.889438
vt 0.896203 0.888905
vt 0.108331 0.720265
vt 0.113267 0.727715
vt 0.107493 0.738612
vt 0.103808 0.737477
vt 0.099874 0.736464
vt 0.103913 0.716227
vt 0.088604 0.641365
vt 0.086014 0.640554
vt 0.085692 0.625775
vt 0.089072 0.626675
vt 0.782964 0.965379
vt 0.781750 0.961605
vt 0.786958 0.957967
vt 0.789243 0.964527
vt 0.192892 0.906531
vt 0.184889 0.906531
vt 0.184736 0.902131
vt 0.194873 0.901937
vt 0.791196 0.976226
vt 0.782827 0.973062
vt 0.040960 0.721396
vt 0.040309 0.745321
vt 0.255981 0.944912
vt 0.260406 0.944904
vt 0.255481 0.926347
vt 0.260729 0.926123
vt 0.131501 0.682622
vt 0.120569 0.683814
vt 0.118930 0.679769
vt 0.131134 0.672327
vt 0.011972 0.200100
vt 0.012181 0.183098
vt 0.021686 0.192655
vt 0.013023 0.207687
vt 0.787123 0.982457
vt 0.781750 0.982817
vt 0.992890 0.956579
vt 0.990899 0.956328
vt 0.991290 0.933466
vt 0.996207 0.934830
vt 0.060536 0.774028
vt 0.064236 0.752210
vt 0.069078 0.753105
vt 0.066605 0.775888
vt 0.062992 0.796177
vt 0.059798 0.796456
vt 0.194782 0.909883
vt 0.190789 0.932329
vt 0.185737 0.932562
vt 0.189581 0.913391
vt 0.054855 0.779316
vt 0.051202 0.769704
vt 0.059474 0.773674
vt 0.053999 0.750009
vt 0.060703 0.750701
vt 0.704078 0.322807
vt 0.697043 0.325712
vt 0.117062 0.714871
vt 0.112321 0.716279
vt 0.109068 0.697300
vt 0.111757 0.697740
vt 0.992934 0.647757
vt 0.996204 0.630424
vt 0.998324 0.631209
vt 0.996196 0.645482
vt 0.117816 0.711868
vt 0.129024 0.713018
vt 0.128111 0.717247
vt 0.128324 0.730037
vt 0.118142 0.729881
vt 0.113892 0.728396
vt 0.190958 0.881167
vt 0.193832 0.891900
vt 0.183597 0.893273
vt 0.181013 0.884438
vt 0.955651 0.546323
vt 0.958761 0.556332
vt 0.954433 0.557374
vt 0.952191 0.546336
vt 0.191427 0.878538
vt 0.198987 0.891115
vt 0.900805 0.900295
vt 0.897449 0.899596
vt 0.573925 0.028973
vt 0.581261 0.029255
vt 0.601565 0.041395
vt 0.584339 0.043524
vt 0.553847 0.017025
vt 0.569393 0.017710
vt 0.552364 0.028784
vt 0.117155 0.649712
vt 0.110634 0.648419
vt 0.130164 0.648868
vt 0.497676 0.893005
vt 0.496790 0.886693
vt 0.509670 0.892290
vt 0.509913 0.895490
vt 0.505580 0.906992
vt 0.496790 0.906052
vt 0.573693 0.010967
vt 0.578245 0.015844
vt 0.565616 0.010937
vt 0.564865 0.007766
vt 0.689616 0.326514
vt 0.689789 0.333184
vt 0.130173 0.739585
vt 0.121343 0.737843
vt 0.114844 0.740031
vt 0.113055 0.740184
vt 0.109796 0.739387
vt 0.016543 0.160881
vt 0.026443 0.162772
vt 0.036470 0.166132
vt 0.035888 0.197005
vt 0.632951 0.060210
vt 0.640126 0.057623
vt 0.651714 0.070093
vt 0.649005 0.074033
vt 0.270920 0.975757
vt 0.264081 0.971799
vt 0.646118 0.076858
vt 0.625688 0.058885
vt 0.091095 0.767056
vt 0.088660 0.754087
vt 0.092743 0.753991
vt 0.094334 0.769031
vt 0.088823 0.781529
vt 0.085852 0.776046
vt 0.997192 0.606707
vt 0.995505 0.615636
vt 0.992934 0.593625
vt 0.997844 0.593034
vt 0.138949 0.658280
vt 0.131738 0.669445
vt 0.006155 0.214057
vt 0.008574 0.210252
vt 0.012416 0.221320
vt 0.008308 0.222258
vt 0.175597 0.902637
vt 0.174093 0.905352
vt 0.174286 0.894439
vt 0.229148 0.895350
vt 0.225055 0.886383
vt 0.230061 0.880240
vt 0.232393 0.885402
vt 0.706450 0.310147
vt 0.712171 0.304017
vt 0.714912 0.315986
vt 0.710040 0.317234
vt 0.239735 0.886637
vt 0.236613 0.900118
vt 0.037357 0.624440
vt 0.046503 0.624398
vt 0.045621 0.638756
vt 0.039517 0.639347
vt 0.035214 0.642599
vt 0.032505 0.627911
vt 0.040760 0.611967
vt 0.046410 0.612156
vt 0.033546 0.620928
vt 0.033448 0.610601
vt 0.136307 0.715277
vt 0.134650 0.732215
vt 0.951228 0.566194
vt 0.951228 0.557342
vt 0.957673 0.566921
vt 0.023108 0.231280
vt 0.016508 0.231147
vt 0.017283 0.220214
vt 0.024224 0.217700
vt 0.027989 0.231919
vt 0.037188 0.249681
vt 0.029710 0.246888
vt 0.081680 0.777315
vt 0.083140 0.753919
vt 0.088148 0.753601
vt 0.095840 0.919775
vt 0.101215 0.923910
vt 0.101018 0.942514
vt 0.097245 0.941395
vt 0.082425 0.797271
vt 0.079325 0.797601
vt 0.012339 0.749249
vt 0.012564 0.760399
vt 0.003825 0.758580
vt 0.008478 0.740886
vt 0.237780 0.878538
vt 0.269485 0.907595
vt 0.270682 0.924976
vt 0.266001 0.928378
vt 0.264081 0.913838
vt 0.010828 0.229874
vt 0.174167 0.886283
vt 0.960819 0.563129
vt 0.245277 0.878554
vt 0.248639 0.880101
vt 0.556225 0.010157
vt 0.248639 0.892756
vt 0.245414 0.907639
vt 0.380452 0.971793
vt 0.385277 0.972359
vt 0.384461 0.979016
vt 0.379073 0.979048
vt 0.337381 0.594350
vt 0.329765 0.592907
vt 0.329960 0.583155
vt 0.337381 0.581928
vt 0.340839 0.529830
vt 0.341177 0.542158
vt 0.336662 0.543432
vt 0.336073 0.530876
vt 0.115057 0.990703
vt 0.115057 0.974908
vt 0.118826 0.982242
vt 0.117407 0.994934
vt 0.689300 0.318132
vt 0.696745 0.316884
vt 0.138574 0.649865
vt 0.497698 0.914274
vt 0.502786 0.916632
vt 0.001676 0.168733
vt 0.006972 0.167945
vt 0.007124 0.178710
vt 0.002685 0.177723
vt 0.021538 0.772635
vt 0.022923 0.759773
vt 0.027822 0.760586
vt 0.028019 0.774271
vt 0.012149 0.767955
vt 0.015217 0.783973
vt 0.012924 0.767895
vt 0.115886 0.625453
vt 0.105398 0.623077
vt 0.107888 0.612815
vt 0.115250 0.613831
vt 0.115568 0.639487
vt 0.104722 0.636523
vt 0.130888 0.620626
vt 0.129236 0.637420
vt 0.118889 0.633620
vt 0.852855 0.551212
vt 0.866928 0.554570
vt 0.867707 0.564203
vt 0.851987 0.557641
vt 0.131316 0.648740
vt 0.119335 0.644222
vt 0.029720 0.782983
vt 0.033009 0.763340
vt 0.033882 0.764053
vt 0.034355 0.783346
vt 0.031401 0.795515
vt 0.023353 0.798634
vt 0.023192 0.789012
vt 0.034723 0.795507
vt 0.041916 0.231512
vt 0.057775 0.258166
vt 0.050392 0.268895
vt 0.045960 0.277968
vt 0.033574 0.263220
vt 0.029333 0.257663
vt 0.514506 0.914046
vt 0.517455 0.905914
vt 0.017876 0.136503
vt 0.033525 0.136272
vt 0.001676 0.759848
vt 0.801170 0.013617
vt 0.810215 0.009795
vt 0.809351 0.017538
vt 0.806026 0.024641
vt 0.797650 0.023127
vt 0.792893 0.021213
vt 0.793810 0.009687
vt 0.751171 0.028532
vt 0.755020 0.027038
vt 0.752161 0.043726
vt 0.745772 0.046575
vt 0.025090 0.261080
vt 0.029676 0.267750
vt 0.379790 0.995473
vt 0.378873 0.988550
vt 0.384548 0.987644
vt 0.385277 0.994506
vt 0.313198 0.591771
vt 0.311416 0.583806
vt 0.319795 0.583593
vt 0.320177 0.592686
vt 0.732789 0.024706
vt 0.726227 0.024209
vt 0.733272 0.011906
vt 0.739367 0.014870
vt 0.741975 0.020062
vt 0.733011 0.030903
vt 0.720895 0.036738
vt 0.111461 0.785708
vt 0.106148 0.785642
vt 0.110932 0.768606
vt 0.112883 0.768841
vt 0.119664 0.785852
vt 0.119808 0.790894
vt 0.114121 0.792037
vt 0.118389 0.770486
vt 0.118041 0.766594
vt 0.127201 0.769766
vt 0.127094 0.779014
vt 0.126873 0.788931
vt 0.742526 0.029339
vt 0.735461 0.046066
vt 0.727895 0.047484
vt 0.717930 0.051826
vt 0.690813 0.297024
vt 0.689300 0.286774
vt 0.698084 0.293185
vt 0.699192 0.303509
vt 0.528891 0.012775
vt 0.520917 0.023533
vt 0.501597 0.015360
vt 0.508995 0.005660
vt 0.521857 0.005264
vt 0.699290 0.284713
vt 0.696836 0.289270
vt 0.690803 0.283219
vt 0.698107 0.280672
vt 0.819068 0.015825
vt 0.818931 0.023408
vt 0.818516 0.033400
vt 0.806918 0.036068
vt 0.799306 0.035336
vt 0.800137 0.027795
vt 0.986231 0.556343
vt 0.987664 0.568675
vt 0.980235 0.568280
vt 0.979628 0.556203
vt 0.983449 0.546323
vt 0.987664 0.551720
vt 0.563749 0.725736
vt 0.561117 0.737492
vt 0.558269 0.738057
vt 0.559879 0.724833
vt 0.560385 0.707384
vt 0.562726 0.708056
vt 0.984400 0.057218
vt 0.985647 0.039605
vt 0.990468 0.038190
vt 0.987175 0.055356
vt 0.772330 0.050332
vt 0.768974 0.050979
vt 0.767447 0.039841
vt 0.769968 0.038668
vt 0.059237 0.828857
vt 0.061453 0.812854
vt 0.066325 0.813994
vt 0.064148 0.826122
vt 0.063836 0.831266
vt 0.062090 0.834832
vt 0.052943 0.826839
vt 0.057041 0.811400
vt 0.061070 0.846889
vt 0.054366 0.845607
vt 0.015749 0.798548
vt 0.014504 0.808678
vt 0.007126 0.801569
vt 0.013977 0.792343
vt 0.221703 0.886603
vt 0.215962 0.887855
vt 0.211202 0.881831
vt 0.216101 0.878538
vt 0.706078 0.051044
vt 0.705684 0.042731
vt 0.220708 0.902552
vt 0.216515 0.901392
vt 0.750798 0.053198
vt 0.746213 0.054837
vt 0.149787 0.913675
vt 0.152792 0.911668
vt 0.151203 0.929223
vt 0.146445 0.926989
vt 0.654146 0.113106
vt 0.653269 0.096236
vt 0.665332 0.104645
vt 0.670831 0.129141
vt 0.633353 0.086659
vt 0.640619 0.080331
vt 0.639152 0.119294
vt 0.620276 0.092461
vt 0.217573 0.981121
vt 0.221226 0.979902
vt 0.219783 0.986778
vt 0.215969 0.986645
vt 0.215969 0.976882
vt 0.218936 0.974352
vt 0.170741 0.884381
vt 0.169893 0.890049
vt 0.164789 0.888906
vt 0.167835 0.880570
vt 0.602360 0.975905
vt 0.608449 0.978610
vt 0.607156 0.990951
vt 0.602360 0.989188
vt 0.210026 0.896425
vt 0.209101 0.887160
vt 0.139043 0.767179
vt 0.134729 0.784049
vt 0.066864 0.288388
vt 0.058787 0.290135
vt 0.710132 0.027230
vt 0.707084 0.016092
vt 0.720095 0.013274
vt 0.718509 0.026045
vt 0.716708 0.037320
vt 0.708211 0.039122
vt 0.203048 0.891540
vt 0.207628 0.909998
vt 0.206098 0.907962
vt 0.749712 0.064969
vt 0.742074 0.066849
vt 0.400039 0.988060
vt 0.403284 0.973040
vt 0.406106 0.974569
vt 0.406106 0.994243
vt 0.028796 0.807151
vt 0.031932 0.806830
vt 0.028271 0.819048
vt 0.024700 0.815880
vt 0.510419 0.001676
vt 0.520163 0.002039
vt 0.826540 0.015211
vt 0.819881 0.008235
vt 0.827279 0.008526
vt 0.827924 0.018988
vt 0.287846 0.587791
vt 0.286895 0.574779
vt 0.297017 0.574805
vt 0.297778 0.585837
vt 0.299010 0.592773
vt 0.294256 0.596200
vt 0.291748 0.599683
vt 0.284240 0.594487
vt 0.756172 0.052391
vt 0.754865 0.065004
vt 0.751780 0.080410
vt 0.747551 0.080492
vt 0.986948 0.018604
vt 0.990465 0.018061
vt 0.771182 0.065880
vt 0.773433 0.065396
vt 0.770227 0.086000
vt 0.768991 0.084523
vt 0.025748 0.834490
vt 0.018028 0.826421
vt 0.029711 0.831474
vt 0.038088 0.840428
vt 0.038635 0.836773
vt 0.042233 0.838105
vt 0.041254 0.845863
vt 0.981341 0.744434
vt 0.981341 0.734993
vt 0.985532 0.734231
vt 0.986860 0.739444
vt 0.034662 0.842847
vt 0.031314 0.832677
vt 0.095195 0.826607
vt 0.091808 0.818064
vt 0.097717 0.817995
vt 0.103298 0.828738
vt 0.088497 0.830643
vt 0.087395 0.816038
vt 0.096379 0.836727
vt 0.033948 0.833229
vt 0.035946 0.824179
vt 0.041568 0.825687
vt 0.537296 0.992471
vt 0.534045 0.993448
vt 0.535618 0.979738
vt 0.538631 0.981406
vt 0.140031 0.794565
vt 0.139219 0.795013
vt 0.133378 0.793607
vt 0.085076 0.308638
vt 0.071328 0.308391
vt 0.062794 0.300552
vt 0.064937 0.298943
vt 0.284008 0.869551
vt 0.284672 0.853631
vt 0.286875 0.856040
vt 0.287128 0.877617
vt 0.556140 0.881661
vt 0.559363 0.875116
vt 0.558417 0.896707
vt 0.556620 0.897612
vt 0.825281 0.031160
vt 0.491034 0.025106
vt 0.284240 0.566309
vt 0.295904 0.569059
vt 0.467797 0.019120
vt 0.485142 0.014583
vt 0.806767 0.041851
vt 0.810562 0.050720
vt 0.808434 0.065622
vt 0.801951 0.044108
vt 0.812496 0.037371
vt 0.817470 0.046169
vt 0.035775 0.950681
vt 0.034527 0.935877
vt 0.039618 0.939054
vt 0.037348 0.946403
vt 0.723147 0.064328
vt 0.718152 0.065572
vt 0.715089 0.056480
vt 0.707275 0.057266
vt 0.741381 0.079082
vt 0.717390 0.064096
vt 0.709159 0.065282
vt 0.059550 0.306033
vt 0.060406 0.303234
vt 0.067020 0.309669
vt 0.063986 0.311155
vt 0.168096 0.902537
vt 0.161690 0.904277
vt 0.162690 0.897466
vt 0.168208 0.898065
vt 0.170741 0.897712
vt 0.170272 0.902994
vt 0.128427 0.972004
vt 0.125513 0.982819
vt 0.122178 0.982356
vt 0.123158 0.975419
vt 0.025960 0.840340
vt 0.019566 0.840406
vt 0.032802 0.844772
vt 0.800851 0.064693
vt 0.797910 0.046267
vt 0.813941 0.059423
vt 0.815665 0.073336
vt 0.994745 0.155166
vt 0.995116 0.176099
vt 0.992488 0.176640
vt 0.990942 0.155196
vt 0.798172 0.062635
vt 0.793517 0.083150
vt 0.788764 0.081651
vt 0.790597 0.062282
vt 0.797977 0.085439
vt 0.791052 0.043895
vt 0.795029 0.045304
vt 0.110988 0.834195
vt 0.111745 0.826902
vt 0.111621 0.833128
vt 0.886253 0.559116
vt 0.882884 0.561313
vt 0.871142 0.562300
vt 0.871244 0.555523
vt 0.878715 0.546323
vt 0.886253 0.551097
vt 0.090405 0.848266
vt 0.084260 0.845389
vt 0.918502 0.556248
vt 0.919066 0.563560
vt 0.914071 0.565091
vt 0.914817 0.553357
vt 0.047014 0.848455
vt 0.043908 0.848334
vt 0.045183 0.839814
vt 0.048987 0.842584
vt 0.049488 0.851740
vt 0.044475 0.859724
vt 0.906615 0.564423
vt 0.906615 0.546323
vt 0.025877 0.843256
vt 0.026904 0.847960
vt 0.020700 0.848517
vt 0.019340 0.843631
vt 0.030913 0.846403
vt 0.106943 0.954469
vt 0.116343 0.946138
vt 0.118826 0.953138
vt 0.112937 0.957483
vt 0.104894 0.948949
vt 0.112072 0.944647
vt 0.112263 0.963446
vt 0.105527 0.962848
vt 0.123424 0.823773
vt 0.131531 0.823085
vt 0.131425 0.840935
vt 0.123807 0.838755
vt 0.116634 0.836147
vt 0.117672 0.823631
vt 0.212850 0.910980
vt 0.695080 0.038923
vt 0.705211 0.036812
vt 0.694923 0.045092
vt 0.146445 0.993568
vt 0.146445 0.986016
vt 0.150741 0.988015
vt 0.151562 0.995304
vt 0.077698 0.859963
vt 0.081441 0.857917
vt 0.083508 0.861800
vt 0.079278 0.870799
vt 0.071915 0.852581
vt 0.078041 0.851936
vt 0.069444 0.868982
vt 0.563159 0.686000
vt 0.557811 0.684499
vt 0.563122 0.669515
vt 0.566662 0.670722
vt 0.557504 0.707041
vt 0.772753 0.101213
vt 0.769381 0.100569
vt 0.472479 0.008302
vt 0.485777 0.009668
vt 0.034390 0.919803
vt 0.038252 0.919666
vt 0.038802 0.930016
vt 0.041494 0.933704
vt 0.717068 0.069778
vt 0.710340 0.074526
vt 0.054935 0.862120
vt 0.045775 0.872383
vt 0.477040 0.036844
vt 0.512990 0.034022
vt 0.509911 0.042851
vt 0.475969 0.048155
vt 0.456713 0.030743
vt 0.816743 0.055818
vt 0.820174 0.052924
vt 0.826401 0.052928
vt 0.821522 0.060923
vt 0.118771 0.961971
vt 0.039889 0.919584
vt 0.148531 0.949494
vt 0.152792 0.953428
vt 0.916337 0.834185
vt 0.915744 0.821390
vt 0.922318 0.815971
vt 0.920255 0.828543
vt 0.040904 0.866042
vt 0.037069 0.865360
vt 0.039780 0.857270
vt 0.123583 0.842667
vt 0.116074 0.841527
vt 0.114853 0.833668
vt 0.116324 0.823797
vt 0.083940 0.921930
vt 0.091292 0.922344
vt 0.091765 0.932044
vt 0.087455 0.931808
vt 0.084086 0.931140
vt 0.082338 0.919775
vt 0.928912 0.813243
vt 0.924045 0.828718
vt 0.806055 0.086408
vt 0.459332 0.994595
vt 0.455485 0.988519
vt 0.455485 0.975728
vt 0.459961 0.977457
vt 0.044886 0.108911
vt 0.042173 0.139141
vt 0.040275 0.106983
vt 0.031692 0.095694
vt 0.037863 0.091114
vt 0.046817 0.085265
vt 0.061305 0.085517
vt 0.006537 0.836970
vt 0.012550 0.840002
vt 0.011588 0.844942
vt 0.003586 0.846406
vt 0.003028 0.815127
vt 0.011131 0.821005
vt 0.673786 0.156750
vt 0.666061 0.159149
vt 0.681993 0.161410
vt 0.678421 0.188596
vt 0.466342 0.010780
vt 0.461845 0.017377
vt 0.826248 0.046829
vt 0.071555 0.317358
vt 0.078528 0.320469
vt 0.152672 0.904979
vt 0.147123 0.908316
vt 0.146445 0.898890
vt 0.154982 0.897324
vt 0.089920 0.315704
vt 0.082833 0.318074
vt 0.091103 0.291981
vt 0.113019 0.303320
vt 0.110975 0.322982
vt 0.108996 0.326092
vt 0.122211 0.849062
vt 0.115720 0.849087
vt 0.522266 0.915060
vt 0.523434 0.910803
vt 0.525764 0.912711
vt 0.522245 0.917940
vt 0.874782 0.827323
vt 0.873397 0.825167
vt 0.874085 0.821026
vt 0.877478 0.827109
vt 0.879326 0.832024
vt 0.875926 0.831280
vt 0.026652 0.115669
vt 0.007226 0.851559
vt 0.012842 0.849616
vt 0.013431 0.856952
vt 0.007813 0.858470
vt 0.685932 0.165318
vt 0.685948 0.174837
vt 0.526407 0.921453
vt 0.522183 0.923327
vt 0.649396 0.157578
vt 0.830431 0.057649
vt 0.826526 0.073832
vt 0.821880 0.076590
vt 0.893808 0.546323
vt 0.900777 0.547225
vt 0.903263 0.555267
vt 0.896675 0.555954
vt 0.710886 0.084428
vt 0.718322 0.082727
vt 0.719266 0.099407
vt 0.716031 0.098088
vt 0.701016 0.087180
vt 0.702953 0.080904
vt 0.802059 0.095015
vt 0.798941 0.094745
vt 0.806862 0.104813
vt 0.802308 0.104234
vt 0.811818 0.102504
vt 0.135161 0.308580
vt 0.133961 0.322977
vt 0.118886 0.332626
vt 0.109633 0.331715
vt 0.135878 0.332987
vt 0.566213 0.653298
vt 0.568055 0.653215
vt 0.772807 0.116736
vt 0.775698 0.100668
vt 0.780091 0.099014
vt 0.779306 0.116191
vt 0.570220 0.637182
vt 0.573606 0.637247
vt 0.777316 0.130662
vt 0.772372 0.133025
vt 0.406971 0.841431
vt 0.400081 0.849982
vt 0.398542 0.836642
vt 0.404060 0.831312
vt 0.411695 0.840760
vt 0.409651 0.857476
vt 0.404659 0.859460
vt 0.400831 0.823298
vt 0.408268 0.821406
vt 0.414010 0.822796
vt 0.819489 0.083534
vt 0.816600 0.087936
vt 0.819108 0.101330
vt 0.286612 0.921654
vt 0.286581 0.902610
vt 0.290675 0.905654
vt 0.290942 0.926432
vt 0.115646 0.270085
vt 0.118923 0.274926
vt 0.105550 0.266932
vt 0.106712 0.263942
vt 0.284616 0.912116
vt 0.284169 0.898713
vt 0.110454 0.336076
vt 0.119260 0.338418
vt 0.140620 0.848644
vt 0.131612 0.849343
vt 0.132090 0.844649
vt 0.139208 0.844441
vt 0.141774 0.854792
vt 0.133462 0.856726
vt 0.707606 0.085688
vt 0.709626 0.096042
vt 0.700680 0.096166
vt 0.699369 0.088613
vt 0.824149 0.100531
vt 0.391714 0.840219
vt 0.394313 0.859576
vt 0.670713 0.208743
vt 0.660495 0.197070
vt 0.787277 0.125766
vt 0.787395 0.114800
vt 0.795658 0.111272
vt 0.801444 0.122654
vt 0.798765 0.138230
vt 0.789049 0.144855
vt 0.799137 0.108802
vt 0.795186 0.096112
vt 0.808057 0.111457
vt 0.998020 0.710867
vt 0.992934 0.709151
vt 0.993684 0.695601
vt 0.997576 0.695120
vt 0.082338 0.967225
vt 0.084472 0.947264
vt 0.089342 0.946991
vt 0.091120 0.962141
vt 0.104894 0.925966
vt 0.115426 0.925039
vt 0.117630 0.926268
vt 0.106397 0.933388
vt 0.848440 0.551736
vt 0.828755 0.549773
vt 0.833442 0.546323
vt 0.848635 0.546360
vt 0.119431 0.913016
vt 0.123893 0.914944
vt 0.041494 0.879285
vt 0.038249 0.901140
vt 0.034642 0.900521
vt 0.038822 0.878060
vt 0.718489 0.121664
vt 0.716809 0.129609
vt 0.707042 0.122499
vt 0.714341 0.115506
vt 0.721144 0.099739
vt 0.068489 0.067352
vt 0.060284 0.072154
vt 0.066688 0.056807
vt 0.083012 0.045956
vt 0.084637 0.065054
vt 0.897701 0.781416
vt 0.894607 0.792193
vt 0.895709 0.773527
vt 0.904096 0.774162
vt 0.910094 0.788511
vt 0.903204 0.789083
vt 0.904034 0.803406
vt 0.899863 0.800769
vt 0.693012 0.975905
vt 0.693012 0.989391
vt 0.689781 0.992231
vt 0.688653 0.979483
vt 0.411363 0.870504
vt 0.407350 0.870241
vt 0.399919 0.859995
vt 0.976276 0.557309
vt 0.974595 0.562713
vt 0.969358 0.562714
vt 0.971431 0.557775
vt 0.813983 0.112060
vt 0.811771 0.124437
vt 0.808325 0.132681
vt 0.520807 0.954129
vt 0.522492 0.931101
vt 0.525287 0.947554
vt 0.521682 0.960254
vt 0.877194 0.796704
vt 0.879234 0.792577
vt 0.885932 0.793082
vt 0.884914 0.802862
vt 0.903263 0.562868
vt 0.898673 0.564268
vt 0.057853 0.048914
vt 0.062154 0.044593
vt 0.065125 0.049446
vt 0.059036 0.053715
vt 0.692436 0.091457
vt 0.691384 0.097275
vt 0.403928 0.859590
vt 0.403029 0.870330
vt 0.397482 0.871603
vt 0.398643 0.861246
vt 0.676406 0.218838
vt 0.670811 0.240497
vt 0.662630 0.233827
vt 0.967547 0.547408
vt 0.972903 0.546323
vt 0.964177 0.558347
vt 0.648910 0.233788
vt 0.139173 0.283655
vt 0.139972 0.286762
vt 0.120567 0.278218
vt 0.140697 0.282069
vt 0.107615 0.937563
vt 0.120584 0.929822
vt 0.123893 0.935089
vt 0.120323 0.941295
vt 0.144804 0.339017
vt 0.133823 0.339798
vt 0.149420 0.332497
vt 0.173541 0.339720
vt 0.172096 0.346031
vt 0.848635 0.563469
vt 0.829738 0.569110
vt 0.826181 0.560488
vt 0.847422 0.559191
vt 0.707987 0.106134
vt 0.711038 0.112467
vt 0.702147 0.115323
vt 0.700173 0.107415
vt 0.419495 0.030661
vt 0.434246 0.024064
vt 0.430280 0.031210
vt 0.415412 0.039254
vt 0.827555 0.100169
vt 0.826195 0.109167
vt 0.822670 0.110339
vt 0.824196 0.085150
vt 0.138913 0.865032
vt 0.132907 0.867631
vt 0.125626 0.857614
vt 0.143093 0.862771
vt 0.874521 0.804687
vt 0.863381 0.815753
vt 0.862581 0.790537
vt 0.872941 0.784493
vt 0.881162 0.780940
vt 0.714733 0.133615
vt 0.705094 0.133658
vt 0.898332 0.983450
vt 0.897406 0.996652
vt 0.894982 0.995206
vt 0.894982 0.978918
vt 0.078986 0.929338
vt 0.072112 0.933240
vt 0.069243 0.914168
vt 0.075415 0.914653
vt 0.076530 0.938184
vt 0.076937 0.948747
vt 0.779293 0.146721
vt 0.775367 0.145525
vt 0.888072 0.779251
vt 0.894258 0.756661
vt 0.899121 0.752951
vt 0.749393 0.142414
vt 0.753259 0.140261
vt 0.752678 0.153123
vt 0.748743 0.153469
vt 0.259254 0.971761
vt 0.259254 0.994206
vt 0.255524 0.993750
vt 0.251991 0.974267
vt 0.747098 0.168028
vt 0.743909 0.164993
vt 0.852441 0.987158
vt 0.849105 0.977475
vt 0.854461 0.981143
vt 0.855142 0.987443
vt 0.026217 0.912641
vt 0.026630 0.912873
vt 0.020686 0.900479
vt 0.028133 0.902078
vt 0.906249 0.749846
vt 0.422424 0.048672
vt 0.439272 0.055246
vt 0.412054 0.078065
vt 0.400396 0.073670
vt 0.379539 0.080104
vt 0.401799 0.057669
vt 0.852811 0.976130
vt 0.848121 0.973154
vt 0.854133 0.967979
vt 0.857139 0.971593
vt 0.020157 0.912623
vt 0.011868 0.907277
vt 0.393252 0.865137
vt 0.392801 0.873454
vt 0.964171 0.562714
vt 0.677101 0.224151
vt 0.674034 0.233176
vt 0.070306 0.038560
vt 0.076930 0.040919
vt 0.691087 0.107278
vt 0.689804 0.112201
vt 0.751906 0.168997
vt 0.777321 0.151430
vt 0.781448 0.153059
vt 0.787527 0.171042
vt 0.782407 0.172452
vt 0.581595 0.622048
vt 0.592376 0.603723
vt 0.597438 0.605050
vt 0.585753 0.623271
vt 0.924837 0.303447
vt 0.927917 0.287509
vt 0.932300 0.286339
vt 0.929869 0.297190
vt 0.933412 0.299709
vt 0.927829 0.311250
vt 0.417704 0.895909
vt 0.413251 0.897066
vt 0.416258 0.883715
vt 0.419980 0.881389
vt 0.840832 0.796953
vt 0.838897 0.777975
vt 0.845594 0.775807
vt 0.844119 0.798748
vt 0.854537 0.802409
vt 0.850002 0.788301
vt 0.854714 0.783146
vt 0.855418 0.820197
vt 0.691179 0.115351
vt 0.691731 0.141980
vt 0.105980 0.032335
vt 0.111779 0.046072
vt 0.162756 0.991950
vt 0.156144 0.989410
vt 0.158131 0.976418
vt 0.162756 0.973914
vt 0.824200 0.131875
vt 0.824581 0.137711
vt 0.818856 0.135421
vt 0.820432 0.126922
vt 0.379274 0.066133
vt 0.392279 0.056376
vt 0.988031 0.121919
vt 0.984731 0.131637
vt 0.984400 0.133931
vt 0.984703 0.111731
vt 0.022884 0.883666
vt 0.026610 0.892620
vt 0.936546 0.285226
vt 0.101215 0.989281
vt 0.096640 0.992946
vt 0.096640 0.981157
vt 0.100160 0.979806
vt 0.449497 0.944936
vt 0.450805 0.955122
vt 0.444562 0.955730
vt 0.443376 0.945310
vt 0.712124 0.135638
vt 0.713770 0.144880
vt 0.703436 0.145069
vt 0.702808 0.138688
vt 0.850782 0.768361
vt 0.856024 0.762181
vt 0.780387 0.173515
vt 0.792532 0.193448
vt 0.788140 0.198278
vt 0.775267 0.186096
vt 0.770723 0.186019
vt 0.773222 0.170613
vt 0.770581 0.152607
vt 0.774251 0.152231
vt 0.004977 0.904017
vt 0.009811 0.894053
vt 0.007383 0.909467
vt 0.001676 0.905941
vt 0.003233 0.895136
vt 0.401051 0.894851
vt 0.407380 0.884524
vt 0.411239 0.884465
vt 0.407423 0.895848
vt 0.400742 0.909910
vt 0.394195 0.910633
vt 0.392599 0.897785
vt 0.397059 0.891973
vt 0.399382 0.888194
vt 0.390820 0.880679
vt 0.395223 0.883836
vt 0.443376 0.972376
vt 0.453412 0.968913
vt 0.106387 0.020185
vt 0.130380 0.016403
vt 0.141774 0.022747
vt 0.148183 0.033336
vt 0.779120 0.200566
vt 0.772048 0.201899
vt 0.664754 0.250232
vt 0.656174 0.249682
vt 0.645878 0.254717
vt 0.626684 0.256918
vt 0.621068 0.249258
vt 0.638841 0.222044
vt 0.628373 0.271429
vt 0.957056 0.951974
vt 0.957667 0.964908
vt 0.953382 0.965283
vt 0.953645 0.951977
vt 0.930943 0.747460
vt 0.933235 0.746578
vt 0.925259 0.762708
vt 0.920670 0.758384
vt 0.693825 0.148361
vt 0.703750 0.158643
vt 0.696642 0.162675
vt 0.104441 0.014792
vt 0.118199 0.010110
vt 0.456781 0.962700
vt 0.454494 0.952720
vt 0.904402 0.731006
vt 0.907366 0.729823
vt 0.909613 0.741294
vt 0.900344 0.732654
vt 0.917218 0.741701
vt 0.914298 0.754140
vt 0.875630 0.736906
vt 0.878198 0.739432
vt 0.868288 0.756330
vt 0.870245 0.742182
vt 0.735305 0.175153
vt 0.735678 0.164143
vt 0.740419 0.164889
vt 0.736883 0.179502
vt 0.729052 0.177966
vt 0.729726 0.163635
vt 0.733209 0.191004
vt 0.951312 0.952311
vt 0.950503 0.936214
vt 0.951981 0.935196
vt 0.408163 0.912304
vt 0.947876 0.568776
vt 0.940177 0.566879
vt 0.938085 0.559960
vt 0.947769 0.561079
vt 0.974159 0.933892
vt 0.971982 0.947798
vt 0.966544 0.947512
vt 0.967124 0.938583
vt 0.951305 0.966413
vt 0.913111 0.728070
vt 0.843224 0.767164
vt 0.837120 0.768614
vt 0.835184 0.756173
vt 0.843659 0.744336
vt 0.915367 0.964817
vt 0.909590 0.972241
vt 0.909590 0.958941
vt 0.914012 0.955548
vt 0.885179 0.739526
vt 0.880744 0.758449
vt 0.864260 0.744687
vt 0.830131 0.780434
vt 0.830212 0.795823
vt 0.821470 0.792834
vt 0.826283 0.771940
vt 0.913261 0.987757
vt 0.912773 0.995167
vt 0.848444 0.755956
vt 0.851352 0.753986
vt 0.712057 0.175388
vt 0.708970 0.169509
vt 0.711095 0.159444
vt 0.715398 0.159897
vt 0.718369 0.161911
vt 0.717952 0.185859
vt 0.706263 0.177832
vt 0.703923 0.170515
vt 0.728448 0.188773
vt 0.723344 0.178871
vt 0.739567 0.181436
vt 0.737464 0.198581
vt 0.001676 0.888506
vt 0.014298 0.878060
vt 0.277406 0.568079
vt 0.279125 0.577432
vt 0.272543 0.577874
vt 0.270373 0.566567
vt 0.728355 0.202945
vt 0.722286 0.179762
vt 0.736408 0.214093
vt 0.383942 0.101989
vt 0.370914 0.104841
vt 0.830431 0.163300
vt 0.830402 0.186861
vt 0.824051 0.190200
vt 0.819386 0.172839
vt 0.371418 0.084969
vt 0.369274 0.075272
vt 0.799033 0.193235
vt 0.803841 0.180446
vt 0.806836 0.185346
vt 0.803360 0.200615
vt 0.816550 0.235224
vt 0.811253 0.228345
vt 0.807546 0.225057
vt 0.174093 0.975749
vt 0.179875 0.974318
vt 0.179268 0.986089
vt 0.174922 0.986819
vt 0.812892 0.184885
vt 0.809760 0.172792
vt 0.179875 0.993041
vt 0.174944 0.992966
vt 0.098334 0.916423
vt 0.092415 0.911980
vt 0.095372 0.901455
vt 0.101542 0.901946
vt 0.653983 0.976492
vt 0.653983 0.991964
vt 0.648861 0.991677
vt 0.648733 0.975905
vt 0.201544 0.338921
vt 0.178263 0.326485
vt 0.203550 0.327648
vt 0.196234 0.346717
vt 0.826151 0.763506
vt 0.947876 0.554450
vt 0.938168 0.552784
vt 0.651642 0.263706
vt 0.647086 0.267887
vt 0.939207 0.546578
vt 0.945822 0.546323
vt 0.859079 0.743717
vt 0.856381 0.731703
vt 0.863445 0.728650
vt 0.209647 0.970078
vt 0.209647 0.995334
vt 0.207147 0.996087
vt 0.203048 0.978060
vt 0.717758 0.195309
vt 0.713316 0.193515
vt 0.721689 0.182013
vt 0.724826 0.207723
vt 0.721692 0.210119
vt 0.786397 0.210676
vt 0.781896 0.217325
vt 0.799316 0.225525
vt 0.791642 0.226698
vt 0.784865 0.228739
vt 0.786337 0.246476
vt 0.780778 0.244040
vt 0.774986 0.220403
vt 0.776459 0.244690
vt 0.257172 0.566463
vt 0.263236 0.566308
vt 0.264236 0.578837
vt 0.256436 0.580688
vt 0.650469 0.273579
vt 0.642001 0.285242
vt 0.628278 0.287674
vt 0.719547 0.211571
vt 0.715290 0.210945
vt 0.087104 0.896019
vt 0.082338 0.903607
vt 0.082338 0.878060
vt 0.088622 0.878594
vt 0.280888 0.597281
vt 0.266093 0.598811
vt 0.265608 0.590440
vt 0.276251 0.589303
vt 0.636779 0.993686
vt 0.632349 0.987774
vt 0.632349 0.975905
vt 0.637091 0.977736
vt 0.963878 0.966929
vt 0.963367 0.959995
vt 0.967163 0.958128
vt 0.970448 0.969686
vt 0.052122 0.960040
vt 0.044846 0.964311
vt 0.049846 0.948764
vt 0.051861 0.948862
vt 0.743638 0.207017
vt 0.752879 0.202953
vt 0.752002 0.225439
vt 0.747950 0.216133
vt 0.746233 0.217147
vt 0.640521 0.543311
vt 0.621902 0.521802
vt 0.625784 0.522666
vt 0.645037 0.542809
vt 0.276154 0.915827
vt 0.276245 0.907595
vt 0.279302 0.916553
vt 0.279581 0.926844
vt 0.481790 0.899861
vt 0.486172 0.901724
vt 0.484596 0.914950
vt 0.481861 0.910174
vt 0.484436 0.890709
vt 0.487844 0.889296
vt 0.964273 0.738831
vt 0.962147 0.745194
vt 0.954121 0.730212
vt 0.957195 0.725134
vt 0.270828 0.904243
vt 0.255226 0.903163
vt 0.254713 0.895939
vt 0.261096 0.895708
vt 0.266938 0.894600
vt 0.276630 0.904243
vt 0.152114 0.013152
vt 0.154172 0.007324
vt 0.164712 0.001676
vt 0.162050 0.009933
vt 0.698160 0.191635
vt 0.696377 0.170783
vt 0.702181 0.177035
vt 0.700352 0.196004
vt 0.255666 0.589931
vt 0.628997 0.975905
vt 0.626245 0.985705
vt 0.619649 0.984344
vt 0.619307 0.975905
vt 0.636535 0.292945
vt 0.626274 0.292263
vt 0.166548 0.019640
vt 0.177222 0.010844
vt 0.189308 0.014686
vt 0.181741 0.026267
vt 0.547847 0.989993
vt 0.548141 0.944504
vt 0.547847 0.943327
vt 0.552754 0.966993
vt 0.906145 0.956294
vt 0.902907 0.973749
vt 0.895570 0.968240
vt 0.895570 0.932974
vt 0.822712 0.236596
vt 0.808719 0.202182
vt 0.613645 0.295157
vt 0.603513 0.293511
vt 0.277158 0.878538
vt 0.273344 0.886284
vt 0.263399 0.887576
vt 0.261763 0.884099
vt 0.097339 0.879879
vt 0.946548 0.718605
vt 0.950347 0.716086
vt 0.921293 0.318559
vt 0.921293 0.331208
vt 0.918708 0.330366
vt 0.919324 0.319480
vt 0.358117 0.986612
vt 0.355330 0.986317
vt 0.352593 0.979172
vt 0.357361 0.979156
vt 0.346833 0.127104
vt 0.357858 0.169267
vt 0.347808 0.177906
vt 0.347425 0.129266
vt 0.355553 0.100850
vt 0.363036 0.101362
vt 0.357637 0.130959
vt 0.844716 0.710258
vt 0.845752 0.719830
vt 0.835746 0.720237
vt 0.834700 0.711615
vt 0.060548 0.983560
vt 0.055474 0.985551
vt 0.058026 0.972703
vt 0.063820 0.974265
vt 0.716975 0.231463
vt 0.720252 0.230407
vt 0.725182 0.249085
vt 0.722268 0.252546
vt 0.717393 0.250452
vt 0.709278 0.247444
vt 0.706162 0.226418
vt 0.706531 0.209298
vt 0.245342 0.337159
vt 0.230875 0.341759
vt 0.230786 0.330841
vt 0.248990 0.325296
vt 0.825658 0.724397
vt 0.834049 0.737400
vt 0.823981 0.739327
vt 0.824901 0.715450
vt 0.840888 0.693289
vt 0.845183 0.695284
vt 0.846919 0.707662
vt 0.831755 0.694289
vt 0.925178 0.905896
vt 0.923370 0.898981
vt 0.927146 0.896396
vt 0.929179 0.905497
vt 0.849430 0.696319
vt 0.846667 0.696143
vt 0.850591 0.686841
vt 0.854938 0.689642
vt 0.856042 0.700721
vt 0.850545 0.703407
vt 0.561904 0.313725
vt 0.566348 0.299943
vt 0.601517 0.280557
vt 0.596413 0.307000
vt 0.568993 0.315844
vt 0.926625 0.990616
vt 0.923320 0.992942
vt 0.923312 0.982939
vt 0.926987 0.982576
vt 0.125629 0.886601
vt 0.124600 0.894473
vt 0.118564 0.894141
vt 0.118825 0.884295
vt 0.120446 0.879350
vt 0.127759 0.883931
vt 0.666720 0.560166
vt 0.668851 0.558298
vt 0.661215 0.562151
vt 0.645355 0.550696
vt 0.668255 0.562837
vt 0.671741 0.567093
vt 0.695866 0.566187
vt 0.695285 0.568636
vt 0.221226 0.919713
vt 0.220906 0.947905
vt 0.216684 0.948130
vt 0.217469 0.922385
vt 0.862121 0.685565
vt 0.863509 0.697536
vt 0.695580 0.220325
vt 0.697905 0.208048
vt 0.179853 0.004725
vt 0.188110 0.006824
vt 0.481460 0.865169
vt 0.482491 0.839936
vt 0.487305 0.837006
vt 0.486161 0.859841
vt 0.823919 0.689362
vt 0.248917 0.311211
vt 0.271814 0.302764
vt 0.272376 0.313632
vt 0.230794 0.316920
vt 0.213156 0.009726
vt 0.214882 0.016257
vt 0.756297 0.247254
vt 0.761772 0.249263
vt 0.758716 0.262341
vt 0.751534 0.254528
vt 0.816007 0.249771
vt 0.812004 0.245456
vt 0.222442 0.868839
vt 0.232391 0.855979
vt 0.233490 0.863877
vt 0.229566 0.874049
vt 0.751402 0.277320
vt 0.745434 0.269113
vt 0.828994 0.687316
vt 0.837721 0.684683
vt 0.947062 0.975645
vt 0.938870 0.968509
vt 0.940764 0.964867
vt 0.945312 0.966943
vt 0.843852 0.684326
vt 0.847483 0.685716
vt 0.997395 0.651109
vt 0.997395 0.675757
vt 0.994717 0.680810
vt 0.992934 0.670524
vt 0.982811 0.994043
vt 0.982607 0.989033
vt 0.986786 0.987489
vt 0.986786 0.994859
vt 0.987964 0.697580
vt 0.987961 0.709274
vt 0.982281 0.709374
vt 0.981835 0.693675
vt 0.934733 0.561628
vt 0.931962 0.565116
vt 0.922418 0.559115
vt 0.931254 0.554442
vt 0.122730 0.906795
vt 0.125241 0.907644
vt 0.827057 0.677349
vt 0.299968 0.829009
vt 0.294579 0.832335
vt 0.299042 0.821763
vt 0.302123 0.824117
vt 0.853276 0.667814
vt 0.855797 0.658159
vt 0.856924 0.672591
vt 0.851499 0.674171
vt 0.976368 0.772616
vt 0.975903 0.784009
vt 0.974541 0.809239
vt 0.970287 0.804426
vt 0.964403 0.802139
vt 0.968610 0.771605
vt 0.847473 0.675318
vt 0.846104 0.665356
vt 0.849291 0.664278
vt 0.437162 0.968817
vt 0.438763 0.985129
vt 0.433257 0.983466
vt 0.433524 0.965890
vt 0.820545 0.260473
vt 0.812637 0.264374
vt 0.718279 0.258387
vt 0.711177 0.259975
vt 0.239640 0.860238
vt 0.236614 0.875186
vt 0.237502 0.849544
vt 0.973093 0.996287
vt 0.973093 0.978541
vt 0.975719 0.981030
vt 0.976466 0.984929
vt 0.855856 0.895303
vt 0.850466 0.912944
vt 0.848121 0.882395
vt 0.853387 0.878442
vt 0.911395 0.889487
vt 0.913866 0.880264
vt 0.916200 0.899155
vt 0.909993 0.878962
vt 0.835441 0.673234
vt 0.842178 0.681390
vt 0.842886 0.672865
vt 0.936927 0.956993
vt 0.942905 0.956876
vt 0.299478 0.529437
vt 0.306568 0.524518
vt 0.288430 0.541822
vt 0.292842 0.535368
vt 0.993515 0.756352
vt 0.997308 0.748546
vt 0.997308 0.779424
vt 0.993731 0.780566
vt 0.910050 0.875854
vt 0.909590 0.860189
vt 0.916126 0.863480
vt 0.857311 0.881169
vt 0.852794 0.863251
vt 0.857865 0.864770
vt 0.851107 0.663198
vt 0.852550 0.658599
vt 0.860507 0.654147
vt 0.862621 0.669356
vt 0.213608 0.028038
vt 0.243873 0.022177
vt 0.245333 0.035611
vt 0.225731 0.011281
vt 0.242508 0.014306
vt 0.701880 0.246329
vt 0.702777 0.258235
vt 0.258331 0.562957
vt 0.255666 0.560729
vt 0.822829 0.481556
vt 0.821054 0.472652
vt 0.820287 0.440205
vt 0.822829 0.440751
vt 0.816058 0.503504
vt 0.814305 0.501322
vt 0.516513 0.838261
vt 0.522512 0.845716
vt 0.518925 0.854403
vt 0.513694 0.851812
vt 0.525449 0.828131
vt 0.525810 0.828377
vt 0.508567 0.850094
vt 0.504804 0.830141
vt 0.113290 0.909664
vt 0.110733 0.895371
vt 0.922999 0.546323
vt 0.932999 0.546323
vt 0.526195 0.859470
vt 0.523925 0.861356
vt 0.946745 0.681359
vt 0.943780 0.685767
vt 0.941079 0.669072
vt 0.943616 0.667734
vt 0.310888 0.815344
vt 0.307413 0.823548
vt 0.307593 0.813242
vt 0.563789 0.325075
vt 0.549901 0.330586
vt 0.531892 0.322355
vt 0.531657 0.308878
vt 0.534350 0.333655
vt 0.588955 0.323687
vt 0.567370 0.329252
vt 0.593707 0.316061
vt 0.434432 0.997196
vt 0.433257 0.993560
vt 0.163366 0.855678
vt 0.154800 0.856822
vt 0.153566 0.850572
vt 0.162822 0.845614
vt 0.823458 0.266627
vt 0.843406 0.340249
vt 0.838643 0.342005
vt 0.839486 0.331825
vt 0.843339 0.330973
vt 0.293742 0.305472
vt 0.285393 0.312506
vt 0.293460 0.300318
vt 0.824673 0.666695
vt 0.833915 0.664188
vt 0.727688 0.265606
vt 0.731082 0.264983
vt 0.729816 0.274934
vt 0.724214 0.271036
vt 0.611802 0.993242
vt 0.613050 0.977986
vt 0.615955 0.975905
vt 0.615955 0.995511
vt 0.216420 0.838418
vt 0.209108 0.860502
vt 0.201299 0.858608
vt 0.206065 0.835983
vt 0.206874 0.817630
vt 0.215547 0.818603
vt 0.227853 0.850958
vt 0.217114 0.861738
vt 0.221244 0.817509
vt 0.224059 0.831120
vt 0.233134 0.843773
vt 0.242976 0.853812
vt 0.247254 0.844769
vt 0.248093 0.846939
vt 0.245226 0.855104
vt 0.240416 0.846241
vt 0.244395 0.843177
vt 0.168038 0.847193
vt 0.172559 0.841174
vt 0.171385 0.852943
vt 0.166401 0.852179
vt 0.168011 0.832107
vt 0.290951 0.290979
vt 0.281979 0.279839
vt 0.300382 0.256981
vt 0.307824 0.273647
vt 0.823044 0.662118
vt 0.822146 0.638955
vt 0.831418 0.647231
vt 0.833663 0.658454
vt 0.829075 0.342005
vt 0.833227 0.331279
vt 0.269570 0.851782
vt 0.266355 0.859167
vt 0.260248 0.854058
vt 0.260892 0.836210
vt 0.156877 0.835627
vt 0.168389 0.820922
vt 0.168933 0.823779
vt 0.996944 0.846603
vt 0.996944 0.860122
vt 0.993659 0.858790
vt 0.993515 0.850199
vt 0.803528 0.332055
vt 0.803182 0.337469
vt 0.794906 0.334584
vt 0.795442 0.329080
vt 0.503390 0.849688
vt 0.505441 0.857506
vt 0.496790 0.860956
vt 0.558045 0.335990
vt 0.548545 0.337956
vt 0.839164 0.321424
vt 0.835316 0.323457
vt 0.843417 0.656934
vt 0.842505 0.663238
vt 0.833049 0.659566
vt 0.938288 0.940433
vt 0.942289 0.940664
vt 0.941865 0.947292
vt 0.936587 0.947215
vt 0.840329 0.653753
vt 0.843197 0.652879
vt 0.841452 0.658053
vt 0.947151 0.935196
vt 0.946330 0.947399
vt 0.244248 0.839796
vt 0.240968 0.842501
vt 0.233639 0.830580
vt 0.240231 0.830729
vt 0.419561 0.967451
vt 0.419557 0.972710
vt 0.413884 0.973473
vt 0.415996 0.967082
vt 0.246077 0.830012
vt 0.248227 0.840334
vt 0.514018 0.861294
vt 0.515444 0.866445
vt 0.508591 0.866632
vt 0.509053 0.861496
vt 0.790253 0.991293
vt 0.790253 0.986169
vt 0.793458 0.987414
vt 0.793607 0.992587
vt 0.516372 0.858728
vt 0.521273 0.863869
vt 0.803721 0.344109
vt 0.792096 0.344109
vt 0.504401 0.860742
vt 0.501250 0.864851
vt 0.359546 0.211233
vt 0.371853 0.166117
vt 0.372324 0.206767
vt 0.349702 0.212988
vt 0.821470 0.613205
vt 0.829592 0.636526
vt 0.284008 0.949961
vt 0.285171 0.950193
vt 0.287904 0.964488
vt 0.284362 0.964932
vt 0.252884 0.838508
vt 0.251194 0.826068
vt 0.255239 0.826615
vt 0.250135 0.838606
vt 0.254181 0.849554
vt 0.361516 0.238972
vt 0.346833 0.233073
vt 0.249431 0.852756
vt 0.253295 0.860075
vt 0.182755 0.835056
vt 0.173196 0.828264
vt 0.180377 0.816362
vt 0.187491 0.817687
vt 0.193398 0.816666
vt 0.192594 0.834578
vt 0.776325 0.343970
vt 0.773925 0.335678
vt 0.788248 0.337045
vt 0.787148 0.343970
vt 0.265500 0.032773
vt 0.282327 0.043024
vt 0.271626 0.049665
vt 0.411326 0.939111
vt 0.405282 0.938983
vt 0.405994 0.932389
vt 0.412371 0.931464
vt 0.469701 0.973977
vt 0.470706 0.985876
vt 0.466632 0.986015
vt 0.464719 0.970624
vt 0.523445 0.883341
vt 0.515932 0.882907
vt 0.516249 0.874685
vt 0.523223 0.873870
vt 0.839366 0.636196
vt 0.996978 0.863474
vt 0.996560 0.873300
vt 0.993515 0.876354
vt 0.993515 0.863869
vt 0.844269 0.619178
vt 0.844671 0.618365
vt 0.843364 0.634870
vt 0.538314 0.340989
vt 0.509972 0.337084
vt 0.494425 0.323134
vt 0.398666 0.918728
vt 0.406461 0.915657
vt 0.406351 0.924106
vt 0.397214 0.926006
vt 0.806296 0.280672
vt 0.804650 0.291843
vt 0.792831 0.300988
vt 0.791518 0.294705
vt 0.906145 0.992115
vt 0.902115 0.994042
vt 0.902115 0.979756
vt 0.905335 0.977101
vt 0.390820 0.940397
vt 0.395311 0.933532
vt 0.513727 0.986970
vt 0.510385 0.994944
vt 0.508510 0.970232
vt 0.512507 0.972992
vt 0.762541 0.327356
vt 0.750662 0.331063
vt 0.750652 0.322187
vt 0.767626 0.324065
vt 0.770573 0.336279
vt 0.761912 0.336683
vt 0.411631 0.916267
vt 0.412371 0.923258
vt 0.500969 0.878667
vt 0.500661 0.871972
vt 0.508216 0.873659
vt 0.507902 0.880399
vt 0.542127 0.344453
vt 0.549059 0.342170
vt 0.390820 0.950971
vt 0.390820 0.943749
vt 0.402486 0.947120
vt 0.398496 0.951494
vt 0.398603 0.960034
vt 0.393070 0.959786
vt 0.326657 0.254535
vt 0.322203 0.237862
vt 0.332940 0.236733
vt 0.129763 0.966171
vt 0.122405 0.956128
vt 0.130264 0.955981
vt 0.131998 0.968652
vt 0.247896 0.935770
vt 0.234399 0.931450
vt 0.234757 0.921890
vt 0.245163 0.924306
vt 0.136722 0.966312
vt 0.137741 0.953466
vt 0.337260 0.765045
vt 0.329502 0.780985
vt 0.325843 0.779552
vt 0.332075 0.760671
vt 0.847610 0.599543
vt 0.853138 0.601932
vt 0.853983 0.613524
vt 0.850199 0.615300
vt 0.848008 0.593669
vt 0.852646 0.592359
vt 0.500456 0.338585
vt 0.482603 0.327885
vt 0.784182 0.305281
vt 0.782903 0.297322
vt 0.865846 0.341247
vt 0.862551 0.341417
vt 0.862551 0.321424
vt 0.867058 0.338479
vt 0.923885 0.954615
vt 0.924667 0.934661
vt 0.929232 0.935394
vt 0.929343 0.964667
vt 0.815364 0.282525
vt 0.825723 0.280672
vt 0.822270 0.294332
vt 0.815197 0.298794
vt 0.146445 0.807483
vt 0.146445 0.792279
vt 0.156479 0.793931
vt 0.156918 0.807194
vt 0.458736 0.310494
vt 0.463854 0.300541
vt 0.497392 0.309301
vt 0.454997 0.321153
vt 0.186421 0.990030
vt 0.185737 0.992588
vt 0.185737 0.969604
vt 0.189588 0.972149
vt 0.805762 0.309508
vt 0.799722 0.315083
vt 0.795566 0.308777
vt 0.806296 0.300277
vt 0.153668 0.769088
vt 0.154877 0.762657
vt 0.163150 0.763234
vt 0.161017 0.770806
vt 0.404346 0.952740
vt 0.404418 0.960286
vt 0.406106 0.952465
vt 0.417985 0.920698
vt 0.419554 0.920951
vt 0.415723 0.937007
vt 0.415723 0.915656
vt 0.135781 0.892926
vt 0.131111 0.895648
vt 0.131327 0.885676
vt 0.132895 0.885471
vt 0.135235 0.880062
vt 0.136907 0.878060
vt 0.205417 0.766888
vt 0.215489 0.760445
vt 0.211725 0.787617
vt 0.204467 0.788194
vt 0.201728 0.781485
vt 0.199284 0.771233
vt 0.205084 0.752828
vt 0.193009 0.968342
vt 0.193350 0.984950
vt 0.129200 0.945354
vt 0.122178 0.949006
vt 0.137741 0.944647
vt 0.799286 0.960023
vt 0.805150 0.956379
vt 0.802690 0.971072
vt 0.796959 0.971409
vt 0.685300 0.987381
vt 0.680654 0.991656
vt 0.680654 0.978164
vt 0.681358 0.975905
vt 0.279141 0.793023
vt 0.272850 0.803204
vt 0.271417 0.789984
vt 0.279826 0.784674
vt 0.290805 0.066571
vt 0.300834 0.076838
vt 0.290064 0.083046
vt 0.279077 0.071031
vt 0.303637 0.070073
vt 0.308711 0.074604
vt 0.396162 0.969368
vt 0.401440 0.969688
vt 0.953251 0.270936
vt 0.958353 0.272526
vt 0.959264 0.281312
vt 0.955388 0.280752
vt 0.169528 0.773903
vt 0.174401 0.765271
vt 0.178995 0.764233
vt 0.177399 0.780168
vt 0.330936 0.213242
vt 0.339823 0.226360
vt 0.228943 0.934514
vt 0.225436 0.919754
vt 0.298631 0.881966
vt 0.294579 0.883777
vt 0.296699 0.870867
vt 0.300003 0.869740
vt 0.001676 0.975761
vt 0.002507 0.963952
vt 0.007988 0.961838
vt 0.006204 0.972764
vt 0.302019 0.879746
vt 0.303420 0.896347
vt 0.298018 0.897415
vt 0.370128 0.997660
vt 0.369518 0.985537
vt 0.374274 0.984968
vt 0.375521 0.994765
vt 0.253537 0.805961
vt 0.252467 0.805531
vt 0.256274 0.795558
vt 0.258528 0.804797
vt 0.259728 0.816896
vt 0.253386 0.817026
vt 0.249203 0.804825
vt 0.252326 0.795084
vt 0.361469 0.962991
vt 0.365259 0.964444
vt 0.365889 0.980952
vt 0.362506 0.979186
vt 0.254635 0.780562
vt 0.258645 0.781067
vt 0.262961 0.794080
vt 0.266643 0.804326
vt 0.791232 0.325161
vt 0.788847 0.314166
vt 0.390156 0.282953
vt 0.380669 0.286582
vt 0.367835 0.269330
vt 0.377253 0.262219
vt 0.153020 0.715255
vt 0.158981 0.725250
vt 0.150040 0.745606
vt 0.147712 0.740403
vt 0.402797 0.280801
vt 0.410954 0.298292
vt 0.404691 0.968715
vt 0.169353 0.772173
vt 0.169674 0.764896
vt 0.961380 0.274260
vt 0.963186 0.282007
vt 0.302601 0.868516
vt 0.311264 0.070987
vt 0.308314 0.068479
vt 0.325780 0.085416
vt 0.321659 0.095066
vt 0.725902 0.799747
vt 0.719257 0.822576
vt 0.707275 0.821973
vt 0.711478 0.799251
vt 0.742762 0.800407
vt 0.743533 0.823809
vt 0.867335 0.540027
vt 0.852926 0.540936
vt 0.854844 0.520426
vt 0.867092 0.520836
vt 0.880420 0.521517
vt 0.884520 0.541818
vt 0.772809 0.307875
vt 0.777937 0.311240
vt 0.761310 0.312524
vt 0.755466 0.310026
vt 0.768563 0.297530
vt 0.773436 0.296488
vt 0.777558 0.308261
vt 0.755192 0.300118
vt 0.721232 0.329812
vt 0.720525 0.321614
vt 0.733877 0.314912
vt 0.734406 0.323028
vt 0.339464 0.239317
vt 0.343481 0.228582
vt 0.312102 0.066452
vt 0.315864 0.070281
vt 0.065891 0.913056
vt 0.061690 0.910069
vt 0.062572 0.897982
vt 0.065891 0.892525
vt 0.139732 0.916080
vt 0.131717 0.915172
vt 0.773443 0.288129
vt 0.768880 0.288109
vt 0.770230 0.280672
vt 0.778706 0.285952
vt 0.331194 0.190358
vt 0.338000 0.186221
vt 0.335711 0.207091
vt 0.322025 0.205948
vt 0.325923 0.172940
vt 0.341331 0.216937
vt 0.313141 0.232471
vt 0.074843 0.989920
vt 0.072577 0.966033
vt 0.075510 0.963672
vt 0.076374 0.983791
vt 0.247896 0.917682
vt 0.236528 0.914341
vt 0.070026 0.978884
vt 0.069243 0.965012
vt 0.859199 0.340810
vt 0.855180 0.342417
vt 0.851771 0.334684
vt 0.856014 0.332942
vt 0.060196 0.914877
vt 0.051993 0.912403
vt 0.052393 0.907104
vt 0.236259 0.792483
vt 0.234638 0.805006
vt 0.228634 0.804551
vt 0.232755 0.785355
vt 0.241170 0.792124
vt 0.240645 0.805021
vt 0.237902 0.778974
vt 0.226677 0.778486
vt 0.227015 0.754609
vt 0.229708 0.752338
vt 0.230640 0.769354
vt 0.231294 0.774650
vt 0.228232 0.783398
vt 0.218825 0.784428
vt 0.222187 0.756804
vt 0.232314 0.777433
vt 0.234039 0.775107
vt 0.514678 0.919984
vt 0.516651 0.922181
vt 0.514061 0.924891
vt 0.512231 0.923064
vt 0.777044 0.306005
vt 0.779551 0.295662
vt 0.157723 0.735543
vt 0.156081 0.748933
vt 0.167029 0.733416
vt 0.166028 0.740368
vt 0.225055 0.910991
vt 0.234246 0.767362
vt 0.238764 0.766295
vt 0.271306 0.782617
vt 0.252850 0.764881
vt 0.255878 0.764784
vt 0.039825 0.954033
vt 0.038662 0.969681
vt 0.036214 0.970360
vt 0.035691 0.955419
vt 0.848458 0.322436
vt 0.852606 0.321424
vt 0.957876 0.586129
vt 0.950260 0.605180
vt 0.945525 0.605972
vt 0.951965 0.587051
vt 0.961616 0.573411
vt 0.964273 0.575108
vt 0.750681 0.318835
vt 0.750652 0.318390
vt 0.334135 0.154794
vt 0.719595 0.310109
vt 0.722341 0.298750
vt 0.726026 0.298882
vt 0.723189 0.310266
vt 0.718264 0.318173
vt 0.516082 0.927348
vt 0.512614 0.930271
vt 0.507595 0.931496
vt 0.465872 0.330045
vt 0.458895 0.331911
vt 0.445614 0.325334
vt 0.478678 0.333396
vt 0.465651 0.335196
vt 0.312678 0.200909
vt 0.314812 0.168378
vt 0.402224 0.295395
vt 0.409533 0.307277
vt 0.407251 0.304700
vt 0.157527 0.714658
vt 0.166210 0.725761
vt 0.031607 0.959632
vt 0.031485 0.971483
vt 0.857426 0.321879
vt 0.859199 0.329932
vt 0.044846 0.903782
vt 0.046403 0.891473
vt 0.053558 0.893741
vt 0.056511 0.883127
vt 0.060195 0.935953
vt 0.052874 0.933294
vt 0.053724 0.926658
vt 0.062661 0.925780
vt 0.051253 0.944466
vt 0.048497 0.938619
vt 0.718264 0.280672
vt 0.725108 0.287705
vt 0.018992 0.940880
vt 0.014524 0.946094
vt 0.011161 0.939259
vt 0.016584 0.934418
vt 0.339941 0.161070
vt 0.343481 0.182904
vt 0.076374 0.952293
vt 0.072112 0.952099
vt 0.742660 0.306293
vt 0.746658 0.303643
vt 0.747300 0.314461
vt 0.746291 0.318172
vt 0.743026 0.309499
vt 0.733893 0.307146
vt 0.732686 0.297608
vt 0.740348 0.295162
vt 0.744716 0.293830
vt 0.214243 0.643835
vt 0.216629 0.644731
vt 0.215814 0.654840
vt 0.211847 0.649306
vt 0.332656 0.119583
vt 0.325702 0.126330
vt 0.312815 0.099133
vt 0.090623 0.991459
vt 0.082338 0.990902
vt 0.082338 0.978469
vt 0.089921 0.979317
vt 0.857561 0.306006
vt 0.846178 0.299882
vt 0.850105 0.280143
vt 0.860391 0.279279
vt 0.170895 0.754182
vt 0.165137 0.751056
vt 0.175679 0.751189
vt 0.742707 0.319892
vt 0.967720 0.004943
vt 0.963029 0.009236
vt 0.959151 0.008014
vt 0.964767 0.001676
vt 0.213835 0.660760
vt 0.209282 0.659137
vt 0.217659 0.660714
vt 0.217142 0.671121
vt 0.212853 0.669512
vt 0.206847 0.665862
vt 0.335370 0.993365
vt 0.335842 0.982402
vt 0.340375 0.982840
vt 0.338987 0.993316
vt 0.190583 0.654756
vt 0.193725 0.646865
vt 0.198803 0.646048
vt 0.196799 0.654217
vt 0.048207 0.945412
vt 0.045511 0.939729
vt 0.194292 0.660592
vt 0.186282 0.664123
vt 0.183250 0.663589
vt 0.184388 0.655594
vt 0.176300 0.739936
vt 0.177198 0.719192
vt 0.178688 0.729888
vt 0.181060 0.748157
vt 0.166653 0.714645
vt 0.176586 0.747612
vt 0.406205 0.310934
vt 0.418905 0.315440
vt 0.413307 0.316169
vt 0.154007 0.710313
vt 0.154844 0.701502
vt 0.159656 0.700709
vt 0.158043 0.711092
vt 0.022735 0.987664
vt 0.026912 0.986116
vt 0.026912 0.993066
vt 0.020895 0.992498
vt 0.208148 0.672593
vt 0.204045 0.672331
vt 0.048252 0.930425
vt 0.048635 0.925308
vt 0.046168 0.932863
vt 0.176568 0.648442
vt 0.178205 0.651751
vt 0.170904 0.652510
vt 0.171284 0.649524
vt 0.164127 0.653208
vt 0.170293 0.657776
vt 0.162221 0.658091
vt 0.458451 0.339641
vt 0.452676 0.338268
vt 0.454718 0.335073
vt 0.462060 0.338258
vt 0.044846 0.919280
vt 0.048340 0.918229
vt 0.044945 0.925886
vt 0.160182 0.671931
vt 0.163780 0.684128
vt 0.155281 0.691640
vt 0.155421 0.666627
vt 0.326336 0.976589
vt 0.332018 0.975103
vt 0.332018 0.983757
vt 0.326909 0.983094
vt 0.166343 0.672569
vt 0.168381 0.681527
vt 0.867265 0.215312
vt 0.867274 0.217304
vt 0.859396 0.238143
vt 0.854995 0.230601
vt 0.012985 0.946630
vt 0.005771 0.942277
vt 0.238487 0.676441
vt 0.238101 0.664283
vt 0.242882 0.663675
vt 0.244229 0.670596
vt 0.247699 0.671045
vt 0.245439 0.678286
vt 0.232597 0.674143
vt 0.234783 0.662414
vt 0.233178 0.696512
vt 0.229827 0.687423
vt 0.181433 0.729236
vt 0.191813 0.726329
vt 0.192614 0.751701
vt 0.185485 0.751174
vt 0.942271 0.227633
vt 0.944458 0.207290
vt 0.948842 0.209722
vt 0.949899 0.227204
vt 0.945492 0.247045
vt 0.943053 0.227654
vt 0.167492 0.702150
vt 0.180151 0.705599
vt 0.183435 0.710250
vt 0.002018 0.921190
vt 0.009076 0.916225
vt 0.013517 0.918846
vt 0.007465 0.922658
vt 0.840260 0.208139
vt 0.837620 0.210680
vt 0.838498 0.199492
vt 0.839968 0.200249
vt 0.995346 0.562707
vt 0.996048 0.569028
vt 0.991347 0.567523
vt 0.991202 0.560370
vt 0.217359 0.684863
vt 0.214850 0.682028
vt 0.210210 0.680575
vt 0.090153 0.972418
vt 0.084575 0.970577
vt 0.839170 0.300625
vt 0.841556 0.278799
vt 0.835682 0.317832
vt 0.834133 0.317831
vt 0.834913 0.300431
vt 0.837803 0.282202
vt 0.175965 0.673030
vt 0.177201 0.678045
vt 0.331525 0.993212
vt 0.328172 0.993226
vt 0.160985 0.665386
vt 0.168518 0.664473
vt 0.166326 0.669722
vt 0.158357 0.667013
vt 0.445199 0.335494
vt 0.445279 0.332184
vt 0.430563 0.311701
vt 0.428833 0.295194
vt 0.435606 0.319868
vt 0.424168 0.323887
vt 0.153901 0.697552
vt 0.160128 0.689153
vt 0.309806 0.837472
vt 0.308297 0.844935
vt 0.304320 0.845222
vt 0.307438 0.835687
vt 0.002991 0.924347
vt 0.013083 0.928499
vt 0.007227 0.931759
vt 0.844153 0.202582
vt 0.852247 0.206952
vt 0.850999 0.210389
vt 0.842881 0.208669
vt 0.033883 0.984803
vt 0.039825 0.987549
vt 0.049897 0.878060
vt 0.949027 0.296498
vt 0.949027 0.308052
vt 0.944652 0.307463
vt 0.941694 0.298895
vt 0.168015 0.688642
vt 0.849280 0.218261
vt 0.860295 0.213028
vt 0.853413 0.224363
vt 0.204242 0.679830
vt 0.949899 0.284534
vt 0.945292 0.288171
vt 0.942172 0.274862
vt 0.948992 0.274195
vt 0.185677 0.673008
vt 0.187137 0.683794
vt 0.184880 0.684303
vt 0.181916 0.675463
vt 0.181343 0.672132
vt 0.181467 0.670157
vt 0.175939 0.669272
vt 0.177011 0.663738
vt 0.746511 0.334708
vt 0.746088 0.341865
vt 0.743689 0.342448
vt 0.743689 0.333477
vt 0.317283 0.136992
vt 0.341900 0.135436
vt 0.343384 0.143878
vt 0.918708 0.306377
vt 0.921132 0.300291
vt 0.921132 0.315207
vt 0.919157 0.314804
vt 0.199407 0.678885
vt 0.200209 0.670742
vt 0.204060 0.689673
vt 0.197562 0.683762
vt 0.834417 0.266533
vt 0.837296 0.265791
vt 0.838867 0.262796
vt 0.845555 0.265489
vt 0.857316 0.265169
vt 0.208443 0.714298
vt 0.209016 0.731863
vt 0.205808 0.728571
vt 0.205231 0.709697
vt 0.215781 0.714020
vt 0.217319 0.731221
vt 0.186749 0.697118
vt 0.181665 0.688388
vt 0.844068 0.234167
vt 0.849765 0.246061
vt 0.837803 0.237824
vt 0.838683 0.222815
vt 0.842235 0.220477
vt 0.225974 0.701530
vt 0.224652 0.687406
vt 0.190756 0.682114
vt 0.192030 0.668499
vt 0.197600 0.669397
vt 0.857676 0.256182
vt 0.859771 0.252580
vt 0.867274 0.261551
vt 0.721235 0.344103
vt 0.718264 0.334159
vt 0.727729 0.333164
vt 0.727729 0.344176
vt 0.847441 0.254388
vt 0.209562 0.694037
vt 0.212545 0.697161
vt 0.216192 0.699499
vt 0.839189 0.251780
vt 0.836488 0.252796
vt 0.240173 0.696932
vt 0.236999 0.715087
vt 0.232696 0.714891
vt 0.229041 0.715109
vt 0.010677 0.981612
vt 0.015039 0.979113
vt 0.015039 0.991975
vt 0.012004 0.992924
vt 0.661766 0.993320
vt 0.657335 0.993555
vt 0.658431 0.976218
vt 0.661766 0.975905
vt 0.229016 0.732581
vt 0.223555 0.732039
vt 0.222699 0.714464
vt 0.220553 0.701302
vt 0.219984 0.685546
vt 0.220850 0.671700
vt 0.226692 0.672405
vt 0.222263 0.660345
vt 0.228417 0.660973
vt 0.223288 0.650712
vt 0.229338 0.650460
vt 0.235457 0.650997
vt 0.997129 0.827311
vt 0.993515 0.827409
vt 0.993515 0.815014
vt 0.997574 0.815067
vt 0.229585 0.640740
vt 0.236123 0.640704
vt 0.240633 0.641674
vt 0.239349 0.652652
vt 0.242913 0.642141
vt 0.242693 0.652798
vt 0.235901 0.629630
vt 0.240240 0.631452
vt 0.445049 0.813712
vt 0.449356 0.825374
vt 0.446484 0.826826
vt 0.443377 0.815938
vt 0.870567 0.576432
vt 0.875106 0.573411
vt 0.877964 0.585035
vt 0.873402 0.587367
vt 0.454200 0.840509
vt 0.448847 0.843400
vt 0.880058 0.598220
vt 0.876726 0.600052
vt 0.457867 0.857013
vt 0.455406 0.858131
vt 0.300589 0.911827
vt 0.295136 0.912574
vt 0.461367 0.874559
vt 0.457420 0.874802
vt 0.302214 0.928568
vt 0.296003 0.929865
vt 0.871444 0.612982
vt 0.864543 0.612596
vt 0.864841 0.600206
vt 0.870959 0.599362
vt 0.309806 0.945450
vt 0.302918 0.948151
vt 0.865679 0.631495
vt 0.860644 0.630855
vt 0.856317 0.632187
vt 0.858700 0.612769
vt 0.866513 0.652644
vt 0.870676 0.633829
vt 0.874753 0.651755
vt 0.874652 0.666893
vt 0.868872 0.667643
vt 0.872675 0.681496
vt 0.868019 0.683091
vt 0.874927 0.694551
vt 0.871088 0.695324
vt 0.877192 0.709020
vt 0.872154 0.709888
vt 0.864852 0.710979
vt 0.858242 0.712798
vt 0.869913 0.728063
vt 0.874396 0.726899
vt 0.996137 0.975364
vt 0.996137 0.993259
vt 0.993450 0.993497
vt 0.990899 0.976517
vt 0.991562 0.964776
vt 0.994415 0.959931
vt 0.876318 0.725137
vt 0.879407 0.708434
vt 0.883895 0.707950
vt 0.880844 0.724234
vt 0.888841 0.707117
vt 0.886249 0.723233
vt 0.893499 0.705859
vt 0.892013 0.721615
vt 0.892098 0.737726
vt 0.896553 0.719760
vt 0.897986 0.735804
vt 0.887635 0.758918
vt 0.965747 0.201176
vt 0.958190 0.186957
vt 0.960757 0.184102
vt 0.967720 0.196865
vt 0.952242 0.172733
vt 0.954389 0.169917
vt 0.898191 0.718201
vt 0.900172 0.702592
vt 0.904082 0.700522
vt 0.903019 0.716354
vt 0.908011 0.698573
vt 0.907199 0.714777
vt 0.912559 0.696526
vt 0.912132 0.713378
vt 0.918038 0.695179
vt 0.917669 0.712239
vt 0.918384 0.726681
vt 0.921911 0.711364
vt 0.923106 0.725144
vt 0.926157 0.735177
vt 0.920451 0.735146
vt 0.957589 0.975305
vt 0.954378 0.988734
vt 0.950503 0.989677
vt 0.953362 0.975840
vt 0.429505 0.976192
vt 0.429904 0.990320
vt 0.423332 0.994910
vt 0.426528 0.977657
vt 0.423332 0.967430
vt 0.426670 0.965890
vt 0.970471 0.958123
vt 0.974159 0.975188
vt 0.923510 0.693965
vt 0.928141 0.692347
vt 0.924306 0.709455
vt 0.915727 0.681195
vt 0.920540 0.679780
vt 0.924958 0.678648
vt 0.911194 0.666819
vt 0.915996 0.665348
vt 0.920642 0.664320
vt 0.914680 0.650787
vt 0.919432 0.649987
vt 0.923701 0.649479
vt 0.923860 0.664276
vt 0.940791 0.705325
vt 0.943771 0.703851
vt 0.941048 0.688622
vt 0.946887 0.702655
vt 0.952358 0.714531
vt 0.528462 0.826971
vt 0.525746 0.843303
vt 0.523260 0.814339
vt 0.524871 0.813712
vt 0.919055 0.632421
vt 0.922307 0.631453
vt 0.937463 0.670167
vt 0.916187 0.618902
vt 0.918488 0.619124
vt 0.936587 0.656648
vt 0.940257 0.656400
vt 0.938088 0.642560
vt 0.942110 0.642156
vt 0.945389 0.641650
vt 0.943005 0.656029
vt 0.835437 0.995706
vt 0.835373 0.985969
vt 0.839499 0.985969
vt 0.837424 0.997309
vt 0.528462 0.870291
vt 0.526517 0.871701
vt 0.940995 0.625690
vt 0.945556 0.625249
vt 0.949225 0.623660
vt 0.953134 0.600980
vt 0.194104 0.605712
vt 0.198334 0.604490
vt 0.197150 0.618856
vt 0.194612 0.620626
vt 0.920579 0.593513
vt 0.918751 0.607258
vt 0.915385 0.606714
vt 0.916609 0.593383
vt 0.910797 0.607172
vt 0.912036 0.594178
vt 0.912021 0.619625
vt 0.908293 0.620557
vt 0.905921 0.607780
vt 0.915087 0.633627
vt 0.910921 0.634748
vt 0.906865 0.635752
vt 0.904341 0.621988
vt 0.909438 0.651810
vt 0.904798 0.652898
vt 0.900702 0.654335
vt 0.904394 0.637434
vt 0.906658 0.668611
vt 0.903785 0.670399
vt 0.881550 0.331429
vt 0.876756 0.330514
vt 0.882508 0.316307
vt 0.886859 0.315883
vt 0.910702 0.682971
vt 0.906663 0.684537
vt 0.874847 0.343969
vt 0.870626 0.343591
vt 0.904763 0.686339
vt 0.901407 0.688379
vt 0.900130 0.673483
vt 0.902274 0.672004
vt 0.945509 0.141962
vt 0.942940 0.144220
vt 0.938809 0.129736
vt 0.941109 0.127885
vt 0.874053 0.330613
vt 0.879388 0.316830
vt 0.950059 0.156304
vt 0.947263 0.158589
vt 0.944547 0.160837
vt 0.940185 0.146420
vt 0.898719 0.689354
vt 0.897164 0.704330
vt 0.895526 0.690343
vt 0.894304 0.675456
vt 0.889612 0.676671
vt 0.888328 0.661321
vt 0.892706 0.660396
vt 0.935912 0.131760
vt 0.890612 0.691499
vt 0.884755 0.692059
vt 0.883400 0.677719
vt 0.877038 0.679172
vt 0.877874 0.664497
vt 0.883028 0.662553
vt 0.878928 0.692842
vt 0.877706 0.649072
vt 0.883075 0.646938
vt 0.888565 0.645162
vt 0.882064 0.629748
vt 0.887749 0.628867
vt 0.892183 0.627891
vt 0.893044 0.643634
vt 0.933095 0.114609
vt 0.931881 0.097801
vt 0.935538 0.096483
vt 0.936411 0.112712
vt 0.938968 0.095277
vt 0.939376 0.110886
vt 0.940073 0.978997
vt 0.940073 0.993392
vt 0.937784 0.995081
vt 0.936587 0.980612
vt 0.882578 0.300082
vt 0.884160 0.298766
vt 0.886876 0.283875
vt 0.891189 0.283517
vt 0.887923 0.297206
vt 0.889330 0.268580
vt 0.892694 0.267924
vt 0.900249 0.624024
vt 0.896897 0.609798
vt 0.901269 0.608647
vt 0.897514 0.594594
vt 0.901879 0.593944
vt 0.906991 0.594375
vt 0.903403 0.579420
vt 0.907444 0.578731
vt 0.911130 0.578250
vt 0.201329 0.618419
vt 0.205141 0.618018
vt 0.205853 0.633304
vt 0.200564 0.634024
vt 0.195473 0.634714
vt 0.915174 0.577930
vt 0.190873 0.651648
vt 0.191715 0.635967
vt 0.204079 0.646465
vt 0.208633 0.647618
vt 0.206455 0.656716
vt 0.201852 0.655018
vt 0.210412 0.632291
vt 0.214242 0.633063
vt 0.209326 0.617558
vt 0.591713 0.992596
vt 0.592054 0.981362
vt 0.595979 0.979970
vt 0.595979 0.992291
vt 0.883908 0.231293
vt 0.881000 0.233137
vt 0.878020 0.217976
vt 0.879515 0.215442
vt 0.570799 0.977959
vt 0.574315 0.979242
vt 0.575200 0.993139
vt 0.570799 0.993402
vt 0.889973 0.248955
vt 0.887234 0.249776
vt 0.884877 0.251333
vt 0.879109 0.234493
vt 0.886872 0.268782
vt 0.937261 0.079506
vt 0.935107 0.080118
vt 0.938708 0.062825
vt 0.940547 0.062322
vt 0.884126 0.284492
vt 0.935754 0.062554
vt 0.940311 0.045695
vt 0.944431 0.046113
vt 0.947816 0.045919
vt 0.931823 0.080984
vt 0.888976 0.612690
vt 0.885466 0.613218
vt 0.884377 0.597555
vt 0.887631 0.597651
vt 0.883297 0.584158
vt 0.887999 0.584254
vt 0.881331 0.613311
vt 0.876793 0.613828
vt 0.875952 0.630560
vt 0.459950 0.892775
vt 0.453359 0.892753
vt 0.456220 0.911851
vt 0.452491 0.912786
vt 0.229849 0.617150
vt 0.235272 0.617124
vt 0.229921 0.629563
vt 0.223948 0.629315
vt 0.224945 0.617966
vt 0.223415 0.641045
vt 0.219008 0.642166
vt 0.219968 0.630541
vt 0.944694 0.030805
vt 0.947205 0.030961
vt 0.952282 0.016746
vt 0.956328 0.017662
vt 0.950010 0.030787
vt 0.217638 0.632580
vt 0.214945 0.632934
vt 0.343285 0.957285
vt 0.340604 0.958133
vt 0.340143 0.946334
vt 0.343285 0.944442
vt 0.218533 0.652660
vt 0.872878 0.206308
vt 0.870626 0.199492
vt 0.203907 0.663733
vt 0.199506 0.661551
vt 0.339593 0.975332
vt 0.335370 0.975103
vt 0.452056 0.927131
vt 0.447760 0.927426
vt 0.447564 0.941350
vt 0.443376 0.941584
vt 0.853623 0.715165
vt 0.851861 0.733260
vt 0.923315 0.868709
vt 0.926997 0.864539
vt 0.925993 0.884708
vt 0.921769 0.887242
vt 0.919552 0.870772
vt 0.923365 0.847720
vt 0.928335 0.844992
vt 0.932137 0.841836
vt 0.996573 0.217938
vt 0.993780 0.221836
vt 0.990942 0.209030
vt 0.991880 0.206692
vt 0.995419 0.237951
vt 0.990942 0.245848
vt 0.858419 0.601242
vt 0.852323 0.632910
vt 0.848546 0.633048
vt 0.849922 0.650940
vt 0.320913 0.798916
vt 0.318057 0.796433
vt 0.845987 0.633892
vt 0.847628 0.617420
vt 0.847042 0.652374
vt 0.857248 0.590587
vt 0.014537 0.950237
vt 0.013277 0.960908
vt 0.008008 0.949982
vt 0.852825 0.579376
vt 0.856923 0.578453
vt 0.861476 0.577504
vt 0.862214 0.589952
vt 0.255040 0.625878
vt 0.259317 0.625237
vt 0.258389 0.636566
vt 0.253674 0.636945
vt 0.248502 0.637505
vt 0.250251 0.626824
vt 0.257951 0.646940
vt 0.252976 0.647743
vt 0.247909 0.648720
vt 0.253659 0.658133
vt 0.249383 0.659140
vt 0.245513 0.661251
vt 0.244174 0.650668
vt 0.244965 0.639865
vt 0.301886 0.856739
vt 0.305027 0.856407
vt 0.254710 0.670297
vt 0.251231 0.670543
vt 0.253557 0.681563
vt 0.249939 0.680478
vt 0.250283 0.697038
vt 0.245793 0.696822
vt 0.247989 0.714345
vt 0.242607 0.714978
vt 0.245784 0.731485
vt 0.239748 0.731292
vt 0.235283 0.731918
vt 0.234981 0.750463
vt 0.231385 0.751180
vt 0.514080 0.965666
vt 0.510889 0.946281
vt 0.514450 0.944186
vt 0.516651 0.964161
vt 0.232509 0.732384
vt 0.506793 0.948466
vt 0.240724 0.749623
vt 0.246607 0.749318
vt 0.244800 0.765584
vt 0.251467 0.731359
vt 0.256700 0.731260
vt 0.252220 0.749399
vt 0.252328 0.713829
vt 0.256168 0.713484
vt 0.258248 0.713372
vt 0.260791 0.730928
vt 0.253925 0.697408
vt 0.256900 0.697847
vt 0.327701 0.644899
vt 0.333589 0.659591
vt 0.331406 0.660403
vt 0.326152 0.646326
vt 0.328555 0.661254
vt 0.322947 0.648191
vt 0.338699 0.674309
vt 0.335768 0.675142
vt 0.332879 0.675975
vt 0.836057 0.237724
vt 0.833783 0.252377
vt 0.339118 0.688704
vt 0.336446 0.689789
vt 0.836700 0.224112
vt 0.341756 0.701690
vt 0.339312 0.703852
vt 0.341470 0.687837
vt 0.343481 0.700870
vt 0.264228 0.658398
vt 0.261547 0.657814
vt 0.262634 0.646324
vt 0.266387 0.645674
vt 0.342925 0.716144
vt 0.339076 0.717205
vt 0.262688 0.636264
vt 0.265752 0.636381
vt 0.342102 0.727385
vt 0.338897 0.728194
vt 0.336802 0.729477
vt 0.336101 0.718303
vt 0.340774 0.742544
vt 0.337638 0.741486
vt 0.336717 0.742276
vt 0.329370 0.760995
vt 0.265812 0.624091
vt 0.264054 0.624009
vt 0.342410 0.741342
vt 0.339206 0.757924
vt 0.848380 0.581063
vt 0.257534 0.657754
vt 0.260673 0.669943
vt 0.257931 0.670060
vt 0.260024 0.682935
vt 0.257084 0.682380
vt 0.317774 0.631467
vt 0.315971 0.634468
vt 0.305344 0.619402
vt 0.307171 0.616071
vt 0.256004 0.749116
vt 0.294579 0.605598
vt 0.296633 0.603723
vt 0.249681 0.765372
vt 0.365301 0.995807
vt 0.361469 0.995254
vt 0.252198 0.779849
vt 0.246541 0.779863
vt 0.248056 0.793855
vt 0.246157 0.805399
vt 0.246064 0.817278
vt 0.241453 0.818032
vt 0.287743 0.991375
vt 0.284008 0.989980
vt 0.285145 0.978393
vt 0.290183 0.978726
vt 0.248139 0.814938
vt 0.252171 0.814819
vt 0.235743 0.818468
vt 0.248790 0.828145
vt 0.229283 0.819066
vt 0.417597 0.943881
vt 0.416216 0.954011
vt 0.409458 0.952972
vt 0.410761 0.943749
vt 0.640443 0.977688
vt 0.645381 0.975905
vt 0.645381 0.991488
vt 0.641783 0.993095
vt 0.224169 0.803089
vt 0.225072 0.817129
vt 0.221138 0.801263
vt 0.215484 0.804486
vt 0.208981 0.804748
vt 0.199687 0.816044
vt 0.203433 0.803439
vt 0.199112 0.804899
vt 0.201847 0.790145
vt 0.192663 0.804425
vt 0.195706 0.790173
vt 0.185285 0.802754
vt 0.188505 0.788121
vt 0.188602 0.771349
vt 0.194013 0.773239
vt 0.197529 0.774609
vt 0.200476 0.752878
vt 0.181553 0.784533
vt 0.183803 0.767984
vt 0.208061 0.965478
vt 0.203048 0.948479
vt 0.210043 0.947488
vt 0.213332 0.966726
vt 0.178027 0.801731
vt 0.821470 0.986983
vt 0.822488 0.974197
vt 0.827160 0.975813
vt 0.827160 0.993403
vt 0.175395 0.799077
vt 0.170327 0.795472
vt 0.204026 0.933768
vt 0.210005 0.934699
vt 0.209467 0.919713
vt 0.213332 0.920878
vt 0.174836 0.814323
vt 0.167966 0.810699
vt 0.158897 0.777264
vt 0.159786 0.822389
vt 0.151112 0.822779
vt 0.452133 0.986750
vt 0.444882 0.985072
vt 0.443376 0.976575
vt 0.452133 0.975727
vt 0.148996 0.839359
vt 0.147403 0.833037
vt 0.199749 0.833630
vt 0.197389 0.855581
vt 0.190858 0.858336
vt 0.185225 0.873840
vt 0.177586 0.872503
vt 0.182317 0.854259
vt 0.785230 0.264795
vt 0.779330 0.262048
vt 0.170688 0.870530
vt 0.176316 0.854948
vt 0.175644 0.838892
vt 0.164837 0.865479
vt 0.813765 0.949252
vt 0.814074 0.921262
vt 0.817208 0.928453
vt 0.817208 0.951061
vt 0.666444 0.977367
vt 0.670196 0.975905
vt 0.670196 0.990580
vt 0.665118 0.990728
vt 0.808103 0.246455
vt 0.801367 0.248460
vt 0.794153 0.247681
vt 0.195014 0.874878
vt 0.190616 0.874615
vt 0.228614 0.829334
vt 0.236248 0.842768
vt 0.411418 0.965016
vt 0.409458 0.973046
vt 0.001676 0.950266
vt 0.200236 0.705817
vt 0.199505 0.727276
vt 0.195096 0.702807
vt 0.189083 0.702636
vt 0.176557 0.728174
vt 0.186701 0.700834
vt 0.186856 0.682289
vt 0.941694 0.256600
vt 0.945886 0.260710
vt 0.135751 0.941011
vt 0.131111 0.939656
vt 0.188116 0.669348
vt 0.991016 0.546901
vt 0.996048 0.546323
vt 0.307346 0.137267
vt 0.294907 0.109631
vt 0.303836 0.105414
vt 0.281641 0.090192
vt 0.269047 0.077452
vt 0.288286 0.113827
vt 0.275200 0.095083
vt 0.262529 0.083150
vt 0.248674 0.073026
vt 0.253050 0.065970
vt 0.269910 0.097880
vt 0.258504 0.086778
vt 0.246289 0.077544
vt 0.229191 0.068353
vt 0.231187 0.063341
vt 0.255918 0.089088
vt 0.246077 0.081576
vt 0.228704 0.071578
vt 0.336223 0.506669
vt 0.337694 0.524632
vt 0.333272 0.526478
vt 0.332448 0.509468
vt 0.335443 0.489741
vt 0.341792 0.479681
vt 0.340961 0.502571
vt 0.342527 0.522728
vt 0.967625 0.737957
vt 0.968488 0.716559
vt 0.972995 0.717839
vt 0.972543 0.739124
vt 0.319746 0.500971
vt 0.316874 0.501175
vt 0.324900 0.474816
vt 0.327016 0.475364
vt 0.326856 0.448526
vt 0.329096 0.448478
vt 0.862736 0.864456
vt 0.861217 0.841836
vt 0.864619 0.841930
vt 0.866174 0.865455
vt 0.866971 0.889449
vt 0.864041 0.888881
vt 0.867825 0.914983
vt 0.864658 0.915095
vt 0.801187 0.391384
vt 0.814272 0.413567
vt 0.812247 0.413789
vt 0.799178 0.392537
vt 0.781874 0.374842
vt 0.783442 0.372651
vt 0.760326 0.360816
vt 0.761054 0.358920
vt 0.817831 0.870588
vt 0.816923 0.894942
vt 0.814195 0.893816
vt 0.814842 0.870459
vt 0.814769 0.845396
vt 0.817822 0.844899
vt 0.814451 0.821352
vt 0.817525 0.820484
vt 0.759664 0.362623
vt 0.780601 0.376426
vt 0.777791 0.381643
vt 0.756897 0.368074
vt 0.734379 0.360597
vt 0.735996 0.354416
vt 0.822395 0.950985
vt 0.831383 0.951198
vt 0.832020 0.970687
vt 0.822932 0.970845
vt 0.711849 0.358003
vt 0.711834 0.351962
vt 0.821763 0.928304
vt 0.830576 0.928275
vt 0.379492 0.637104
vt 0.376133 0.633640
vt 0.396140 0.618759
vt 0.397684 0.621861
vt 0.821470 0.903415
vt 0.830652 0.903393
vt 0.363593 0.656344
vt 0.360455 0.654344
vt 0.326335 0.900745
vt 0.335874 0.901468
vt 0.335969 0.927654
vt 0.327471 0.926694
vt 0.354415 0.677052
vt 0.350848 0.675952
vt 0.326465 0.877538
vt 0.335929 0.876941
vt 0.024430 0.448784
vt 0.016293 0.446021
vt 0.026771 0.421186
vt 0.034791 0.426333
vt 0.326781 0.858279
vt 0.336146 0.856986
vt 0.021228 0.470325
vt 0.012786 0.469772
vt 0.001676 0.469344
vt 0.005606 0.442673
vt 0.023539 0.496906
vt 0.014827 0.497853
vt 0.003700 0.499705
vt 0.604223 0.803843
vt 0.616178 0.803256
vt 0.615644 0.828517
vt 0.603202 0.828497
vt 0.024297 0.526741
vt 0.014010 0.531229
vt 0.920383 0.352962
vt 0.920942 0.378106
vt 0.908666 0.377528
vt 0.908397 0.352546
vt 0.901208 0.376466
vt 0.901149 0.351991
vt 0.921193 0.406153
vt 0.909668 0.405326
vt 0.902466 0.403868
vt 0.787125 0.893529
vt 0.781750 0.892737
vt 0.782666 0.861581
vt 0.787438 0.862799
vt 0.909615 0.435036
vt 0.902355 0.434506
vt 0.795225 0.923453
vt 0.790161 0.923904
vt 0.897804 0.433199
vt 0.886065 0.432566
vt 0.884487 0.401201
vt 0.897047 0.401409
vt 0.810413 0.950812
vt 0.805561 0.953027
vt 0.897540 0.466423
vt 0.886328 0.466250
vt 0.859838 0.465638
vt 0.859050 0.432181
vt 0.895857 0.497186
vt 0.883912 0.497812
vt 0.861739 0.496808
vt 0.851740 0.495716
vt 0.849488 0.464766
vt 0.845104 0.463679
vt 0.845262 0.432143
vt 0.849385 0.431898
vt 0.845418 0.492552
vt 0.838454 0.491670
vt 0.838322 0.463305
vt 0.846120 0.517264
vt 0.839120 0.516139
vt 0.826756 0.515446
vt 0.827213 0.490963
vt 0.845299 0.537566
vt 0.838266 0.536977
vt 0.826181 0.536225
vt 0.599008 0.487039
vt 0.583673 0.484913
vt 0.583493 0.461752
vt 0.598903 0.460523
vt 0.955392 0.931029
vt 0.943486 0.931240
vt 0.946099 0.910957
vt 0.957106 0.911335
vt 0.593949 0.512824
vt 0.579888 0.507905
vt 0.572818 0.504526
vt 0.575960 0.483290
vt 0.582367 0.539241
vt 0.570102 0.531010
vt 0.563306 0.526325
vt 0.364459 0.850125
vt 0.357478 0.849632
vt 0.358926 0.830080
vt 0.366166 0.829327
vt 0.552888 0.554517
vt 0.548089 0.547502
vt 0.364142 0.875080
vt 0.356375 0.873763
vt 0.346937 0.871935
vt 0.347631 0.848988
vt 0.363633 0.897574
vt 0.356418 0.895096
vt 0.346833 0.893211
vt 0.811592 0.697547
vt 0.818118 0.699350
vt 0.812446 0.722156
vt 0.806915 0.718336
vt 0.356912 0.916821
vt 0.347676 0.915311
vt 0.811841 0.675191
vt 0.818118 0.675152
vt 0.987054 0.961131
vt 0.982607 0.961160
vt 0.982644 0.935501
vt 0.986916 0.937254
vt 0.807580 0.653490
vt 0.813878 0.652314
vt 0.987547 0.982978
vt 0.983251 0.984137
vt 0.982303 0.595240
vt 0.988598 0.595141
vt 0.987990 0.618100
vt 0.981666 0.617766
vt 0.817772 0.651684
vt 0.803515 0.629513
vt 0.807143 0.627701
vt 0.983404 0.574028
vt 0.989582 0.573411
vt 0.977495 0.908956
vt 0.970589 0.910782
vt 0.968780 0.887742
vt 0.975822 0.886527
vt 0.284008 0.603723
vt 0.290287 0.605433
vt 0.290739 0.624799
vt 0.285013 0.623458
vt 0.979255 0.927556
vt 0.972947 0.930540
vt 0.575179 0.819188
vt 0.581207 0.821999
vt 0.581139 0.847089
vt 0.574920 0.844866
vt 0.626405 0.156557
vt 0.618586 0.127360
vt 0.622442 0.126164
vt 0.630492 0.156359
vt 0.630788 0.185515
vt 0.626678 0.184846
vt 0.624285 0.213630
vt 0.620592 0.211394
vt 0.637999 0.156488
vt 0.638192 0.187468
vt 0.630690 0.217004
vt 0.615526 0.243927
vt 0.611217 0.239206
vt 0.649110 0.190559
vt 0.963537 0.861448
vt 0.963367 0.832646
vt 0.967777 0.834643
vt 0.967731 0.862160
vt 0.964573 0.888751
vt 0.594467 0.266226
vt 0.592178 0.260906
vt 0.565774 0.283636
vt 0.566043 0.277893
vt 0.597623 0.272686
vt 0.566183 0.290959
vt 0.532475 0.299596
vt 0.532833 0.292560
vt 0.500376 0.292913
vt 0.501579 0.289126
vt 0.533113 0.288112
vt 0.498952 0.299438
vt 0.467185 0.291758
vt 0.470093 0.285997
vt 0.436941 0.276378
vt 0.443993 0.270795
vt 0.431873 0.283711
vt 0.403401 0.264928
vt 0.410133 0.255458
vt 0.391086 0.230917
vt 0.397329 0.223057
vt 0.415110 0.249274
vt 0.380859 0.241611
vt 0.399968 0.215584
vt 0.416327 0.242256
vt 0.452296 0.270784
vt 0.389220 0.196384
vt 0.394203 0.193292
vt 0.381988 0.200482
vt 0.381523 0.167686
vt 0.387600 0.167386
vt 0.391571 0.136380
vt 0.396778 0.138111
vt 0.392915 0.166780
vt 0.385237 0.134300
vt 0.393149 0.106786
vt 0.400845 0.110033
vt 0.376829 0.132540
vt 0.418306 0.084043
vt 0.424108 0.088506
vt 0.406901 0.112512
vt 0.428423 0.091501
vt 0.411378 0.114258
vt 0.400471 0.139357
vt 0.983460 0.884444
vt 0.983818 0.859519
vt 0.989986 0.857367
vt 0.988966 0.882617
vt 0.987957 0.903100
vt 0.982607 0.906050
vt 0.395610 0.166195
vt 0.992934 0.714219
vt 0.997040 0.714551
vt 0.996790 0.740317
vt 0.992934 0.740895
vt 0.852344 0.842818
vt 0.848185 0.862106
vt 0.848121 0.841836
vt 0.974283 0.305634
vt 0.972548 0.284430
vt 0.979057 0.283690
vt 0.980807 0.304227
vt 0.909773 0.841836
vt 0.916200 0.843212
vt 0.618514 0.742372
vt 0.607812 0.719770
vt 0.612833 0.718104
vt 0.622645 0.739935
vt 0.637109 0.758742
vt 0.636162 0.764457
vt 0.627822 0.736641
vt 0.641557 0.753856
vt 0.658242 0.769124
vt 0.654100 0.773406
vt 0.682553 0.780495
vt 0.680536 0.786624
vt 0.705523 0.784860
vt 0.705540 0.791439
vt 0.309806 0.962248
vt 0.309776 0.987903
vt 0.306142 0.993355
vt 0.306142 0.951503
vt 0.725914 0.784550
vt 0.725678 0.790651
vt 0.745836 0.779289
vt 0.746751 0.785838
vt 0.765320 0.769728
vt 0.768563 0.775144
vt 0.770170 0.778787
vt 0.744017 0.791350
vt 0.556140 0.971509
vt 0.562374 0.970743
vt 0.562019 0.994095
vt 0.556140 0.996222
vt 0.788060 0.759902
vt 0.791038 0.762678
vt 0.983439 0.729511
vt 0.989582 0.730879
vt 0.783088 0.755695
vt 0.796668 0.739895
vt 0.800978 0.744333
vt 0.802702 0.749129
vt 0.815484 0.727056
vt 0.981514 0.669408
vt 0.987377 0.671885
vt 0.983510 0.909402
vt 0.987547 0.913833
vt 0.981341 0.643230
vt 0.987369 0.644197
vt 0.974184 0.836822
vt 0.974813 0.863097
vt 0.349121 0.831179
vt 0.351054 0.814426
vt 0.360638 0.813712
vt 0.433238 0.961238
vt 0.423332 0.959193
vt 0.423772 0.941689
vt 0.433593 0.944193
vt 0.439242 0.945895
vt 0.438630 0.962538
vt 0.365845 0.813919
vt 0.433859 0.924794
vt 0.439603 0.925925
vt 0.576329 0.461691
vt 0.570786 0.440562
vt 0.577806 0.438727
vt 0.561188 0.419662
vt 0.567145 0.416315
vt 0.581197 0.407631
vt 0.593320 0.433650
vt 0.550467 0.394835
vt 0.561789 0.383408
vt 0.827404 0.463060
vt 0.827412 0.432002
vt 0.839092 0.432095
vt 0.827003 0.401017
vt 0.838485 0.400969
vt 0.844581 0.401353
vt 0.838089 0.375266
vt 0.844641 0.375600
vt 0.871177 0.934111
vt 0.877953 0.905586
vt 0.882268 0.907014
vt 0.875508 0.936405
vt 0.849687 0.399987
vt 0.849108 0.373622
vt 0.857933 0.373678
vt 0.858802 0.399794
vt 0.883478 0.373477
vt 0.856931 0.347862
vt 0.880890 0.347805
vt 0.895429 0.348462
vt 0.896519 0.373803
vt 0.628973 0.799251
vt 0.643437 0.799651
vt 0.646946 0.827159
vt 0.628859 0.826634
vt 0.791124 0.829088
vt 0.807290 0.799251
vt 0.810413 0.802804
vt 0.795657 0.831529
vt 0.622934 0.827945
vt 0.629702 0.854178
vt 0.621987 0.854251
vt 0.614970 0.853997
vt 0.623404 0.802312
vt 0.622045 0.882870
vt 0.614411 0.882651
vt 0.602360 0.882349
vt 0.602571 0.853185
vt 0.614031 0.912690
vt 0.602484 0.912684
vt 0.016814 0.415280
vt 0.034518 0.390575
vt 0.042962 0.398369
vt 0.057491 0.370573
vt 0.063911 0.380596
vt 0.068827 0.388830
vt 0.049063 0.404373
vt 0.087258 0.368897
vt 0.089926 0.377936
vt 0.336403 0.951318
vt 0.336791 0.971751
vt 0.327799 0.970621
vt 0.327017 0.950368
vt 0.322983 0.984597
vt 0.313958 0.984655
vt 0.313707 0.966274
vt 0.322884 0.966425
vt 0.417214 0.608799
vt 0.440842 0.603723
vt 0.441443 0.607391
vt 0.418140 0.612402
vt 0.466126 0.604411
vt 0.465645 0.608056
vt 0.835637 0.964561
vt 0.835384 0.943003
vt 0.844372 0.943047
vt 0.844628 0.964719
vt 0.844769 0.982617
vt 0.835673 0.982472
vt 0.688596 0.361524
vt 0.665813 0.370437
vt 0.665152 0.364202
vt 0.687538 0.355295
vt 0.918708 0.220894
vt 0.919220 0.199492
vt 0.921438 0.201581
vt 0.921438 0.222908
vt 0.688042 0.353327
vt 0.712184 0.349754
vt 0.688448 0.350662
vt 0.712710 0.347805
vt 0.736940 0.350236
vt 0.736408 0.352321
vt 0.816056 0.799251
vt 0.813765 0.800238
vt 0.866258 0.965395
vt 0.864773 0.985949
vt 0.861217 0.986088
vt 0.862624 0.965784
vt 0.863755 0.941291
vt 0.867129 0.941068
vt 0.310720 0.398661
vt 0.295615 0.377797
vt 0.296679 0.376574
vt 0.312334 0.397078
vt 0.323847 0.421645
vt 0.321903 0.422585
vt 0.969642 0.665173
vt 0.969758 0.638126
vt 0.973637 0.637597
vt 0.973453 0.665128
vt 0.973355 0.692885
vt 0.969126 0.692132
vt 0.977891 0.665343
vt 0.977699 0.693796
vt 0.977245 0.719165
vt 0.180373 0.058275
vt 0.152573 0.060524
vt 0.151991 0.056804
vt 0.180770 0.053312
vt 0.207949 0.055921
vt 0.206690 0.060962
vt 0.977026 0.740837
vt 0.181197 0.047110
vt 0.210522 0.049413
vt 0.234279 0.056090
vt 0.212574 0.040166
vt 0.239116 0.046572
vt 0.259670 0.057248
vt 0.182948 0.038642
vt 0.149177 0.043796
vt 0.150828 0.051120
vt 0.121669 0.061999
vt 0.118472 0.056254
vt 0.123856 0.066881
vt 0.099472 0.082748
vt 0.096089 0.078607
vt 0.125225 0.069904
vt 0.101832 0.085474
vt 0.083261 0.104311
vt 0.080135 0.102550
vt 0.977989 0.637328
vt 0.973020 0.612599
vt 0.977381 0.611926
vt 0.971980 0.591416
vt 0.976391 0.590757
vt 0.969294 0.613416
vt 0.968482 0.592252
vt 0.967625 0.574752
vt 0.970793 0.574064
vt 0.278715 0.360730
vt 0.277069 0.362448
vt 0.255666 0.351624
vt 0.257384 0.350069
vt 0.287308 0.793588
vt 0.287402 0.813529
vt 0.285241 0.811875
vt 0.285800 0.791504
vt 0.287257 0.776945
vt 0.290942 0.777791
vt 0.290846 0.794623
vt 0.290742 0.815294
vt 0.289661 0.837039
vt 0.286689 0.835575
vt 0.665383 0.359207
vt 0.665123 0.361626
vt 0.645620 0.373065
vt 0.644845 0.370940
vt 0.340916 0.835687
vt 0.343080 0.836955
vt 0.343046 0.857966
vt 0.340846 0.857000
vt 0.630534 0.388183
vt 0.629798 0.385771
vt 0.646273 0.375214
vt 0.617039 0.408442
vt 0.615762 0.405082
vt 0.289850 0.857933
vt 0.290358 0.881801
vt 0.608422 0.430558
vt 0.606495 0.427934
vt 0.340475 0.903522
vt 0.343022 0.904087
vt 0.343026 0.923284
vt 0.340806 0.923313
vt 0.605090 0.453822
vt 0.602360 0.450783
vt 0.340143 0.881139
vt 0.343080 0.882313
vt 0.617832 0.410556
vt 0.622391 0.415116
vt 0.615281 0.436263
vt 0.609814 0.432401
vt 0.631450 0.390160
vt 0.636459 0.393773
vt 0.844519 0.906173
vt 0.835668 0.905412
vt 0.835767 0.880358
vt 0.844551 0.880814
vt 0.648944 0.380891
vt 0.844718 0.924103
vt 0.835373 0.923648
vt 0.485153 0.612604
vt 0.486218 0.609474
vt 0.503427 0.617801
vt 0.501295 0.620896
vt 0.322825 0.904585
vt 0.313158 0.902724
vt 0.313451 0.876189
vt 0.322840 0.878441
vt 0.524236 0.633678
vt 0.521088 0.636394
vt 0.322767 0.923804
vt 0.313343 0.923890
vt 0.159524 0.373563
vt 0.162555 0.365670
vt 0.184717 0.375556
vt 0.178847 0.381826
vt 0.322794 0.943930
vt 0.313188 0.944743
vt 0.138297 0.369677
vt 0.139274 0.361548
vt 0.140667 0.350069
vt 0.166710 0.354895
vt 0.113351 0.371880
vt 0.112787 0.362427
vt 0.111871 0.350176
vt 0.833951 0.028261
vt 0.845545 0.028299
vt 0.845785 0.054393
vt 0.834120 0.054156
vt 0.083598 0.357131
vt 0.833783 0.005939
vt 0.845183 0.005995
vt 0.853005 0.005041
vt 0.853262 0.027864
vt 0.615374 0.967489
vt 0.603997 0.967083
vt 0.603085 0.941831
vt 0.614493 0.942326
vt 0.622359 0.943364
vt 0.623105 0.968755
vt 0.953251 0.208205
vt 0.957960 0.207290
vt 0.962251 0.237507
vt 0.956927 0.237584
vt 0.621916 0.913017
vt 0.627684 0.913891
vt 0.627969 0.945539
vt 0.648324 0.913967
vt 0.644650 0.946201
vt 0.628177 0.883155
vt 0.653931 0.882410
vt 0.668401 0.883360
vt 0.668072 0.914246
vt 0.654313 0.857671
vt 0.667274 0.855737
vt 0.674269 0.855433
vt 0.674984 0.883837
vt 0.666301 0.827276
vt 0.674871 0.827003
vt 0.679440 0.828450
vt 0.678861 0.856443
vt 0.667361 0.799608
vt 0.676065 0.800100
vt 0.874871 0.841836
vt 0.882576 0.874172
vt 0.878387 0.874582
vt 0.871177 0.843904
vt 0.680437 0.803002
vt 0.686923 0.803414
vt 0.686135 0.828165
vt 0.844023 0.352271
vt 0.837517 0.352299
vt 0.697134 0.827940
vt 0.696393 0.856523
vt 0.685507 0.856451
vt 0.698254 0.803646
vt 0.479322 0.347805
vt 0.478763 0.364507
vt 0.453092 0.365736
vt 0.449281 0.349846
vt 0.826181 0.352619
vt 0.826610 0.374851
vt 0.508600 0.352819
vt 0.503683 0.368774
vt 0.501651 0.374704
vt 0.478557 0.370739
vt 0.536421 0.364042
vt 0.527706 0.378413
vt 0.523992 0.383858
vt 0.439573 0.852377
vt 0.434125 0.852511
vt 0.433696 0.831777
vt 0.439344 0.831253
vt 0.545282 0.400314
vt 0.440025 0.878535
vt 0.434084 0.878915
vt 0.424247 0.879257
vt 0.424013 0.853066
vt 0.439844 0.903599
vt 0.434039 0.903278
vt 0.424175 0.902822
vt 0.423861 0.922973
vt 0.423913 0.833659
vt 0.423332 0.816858
vt 0.433357 0.814755
vt 0.438903 0.813712
vt 0.905258 0.199613
vt 0.915356 0.201259
vt 0.914334 0.219785
vt 0.904261 0.218424
vt 0.898429 0.217993
vt 0.899660 0.199492
vt 0.903629 0.243708
vt 0.897575 0.243619
vt 0.455322 0.371863
vt 0.429038 0.380429
vt 0.426539 0.374762
vt 0.410378 0.391978
vt 0.405793 0.386952
vt 0.395365 0.374085
vt 0.419839 0.359257
vt 0.385606 0.404305
vt 0.374438 0.395113
vt 0.696192 0.884795
vt 0.696602 0.914346
vt 0.685038 0.914100
vt 0.685149 0.884618
vt 0.678787 0.913899
vt 0.678739 0.884290
vt 0.674454 0.914492
vt 0.679347 0.944282
vt 0.674610 0.946102
vt 0.667646 0.946475
vt 0.675249 0.972294
vt 0.667325 0.972553
vt 0.642981 0.972071
vt 0.873171 0.001676
vt 0.897539 0.002116
vt 0.896961 0.026766
vt 0.871554 0.026071
vt 0.858462 0.025610
vt 0.858751 0.001806
vt 0.628598 0.971969
vt 0.871471 0.053354
vt 0.859177 0.053030
vt 0.853506 0.054253
vt 0.958157 0.267584
vt 0.953251 0.266589
vt 0.859236 0.080750
vt 0.853531 0.080582
vt 0.846110 0.080223
vt 0.853417 0.110423
vt 0.846518 0.109164
vt 0.834177 0.107872
vt 0.834126 0.079786
vt 0.845885 0.138970
vt 0.834137 0.138187
vt 0.191989 0.366653
vt 0.216189 0.385503
vt 0.207247 0.392876
vt 0.232989 0.407386
vt 0.222919 0.412393
vt 0.215095 0.416234
vt 0.200238 0.397969
vt 0.234485 0.434855
vt 0.225958 0.436262
vt 0.313966 0.854603
vt 0.313463 0.835687
vt 0.322983 0.838659
vt 0.322971 0.856582
vt 0.538669 0.652187
vt 0.547958 0.671804
vt 0.544458 0.672524
vt 0.535466 0.653946
vt 0.835604 0.858987
vt 0.835572 0.841836
vt 0.844769 0.843369
vt 0.844729 0.860165
vt 0.544495 0.961277
vt 0.535179 0.960913
vt 0.533806 0.946564
vt 0.542810 0.946808
vt 0.613059 0.456542
vt 0.615281 0.477119
vt 0.608838 0.477988
vt 0.606528 0.454934
vt 0.622076 0.500453
vt 0.616229 0.502700
vt 0.613209 0.501221
vt 0.606618 0.477599
vt 0.610121 0.500039
vt 0.603447 0.476051
vt 0.276154 0.985089
vt 0.277352 0.965676
vt 0.280132 0.967984
vt 0.277920 0.988350
vt 0.290763 0.946034
vt 0.288907 0.943871
vt 0.276961 0.943457
vt 0.280425 0.947382
vt 0.166694 0.287101
vt 0.190018 0.286686
vt 0.187594 0.289425
vt 0.164394 0.289172
vt 0.484113 0.955139
vt 0.483703 0.934484
vt 0.487743 0.937034
vt 0.488068 0.956991
vt 0.163531 0.291519
vt 0.491377 0.939191
vt 0.491997 0.958714
vt 0.493438 0.977389
vt 0.489969 0.975971
vt 0.139659 0.289245
vt 0.162567 0.293370
vt 0.161102 0.298366
vt 0.138286 0.294082
vt 0.117958 0.286320
vt 0.119745 0.281373
vt 0.099993 0.276196
vt 0.102994 0.271409
vt 0.567083 0.819188
vt 0.567447 0.835077
vt 0.563218 0.837178
vt 0.563083 0.821575
vt 0.559371 0.837800
vt 0.559420 0.825094
vt 0.567075 0.849784
vt 0.563435 0.850478
vt 0.559583 0.851564
vt 0.094266 0.256878
vt 0.095587 0.254646
vt 0.563352 0.871972
vt 0.556508 0.852944
vt 0.566919 0.870955
vt 0.566771 0.896501
vt 0.562566 0.896578
vt 0.566177 0.922005
vt 0.562238 0.920473
vt 0.558408 0.918633
vt 0.556499 0.917499
vt 0.562722 0.944452
vt 0.558377 0.942202
vt 0.918708 0.251328
vt 0.918708 0.226260
vt 0.920737 0.227510
vt 0.920240 0.251886
vt 0.563781 0.965244
vt 0.559619 0.963341
vt 0.556595 0.961501
vt 0.556494 0.940249
vt 0.566837 0.946160
vt 0.567447 0.967391
vt 0.062898 0.146812
vt 0.060482 0.145705
vt 0.067730 0.122993
vt 0.070432 0.124742
vt 0.975100 0.573411
vt 0.056052 0.143867
vt 0.063028 0.120135
vt 0.075029 0.099769
vt 0.056273 0.116131
vt 0.068442 0.095795
vt 0.091996 0.073735
vt 0.050409 0.142011
vt 0.045746 0.167866
vt 0.052228 0.168911
vt 0.052798 0.196563
vt 0.045686 0.196721
vt 0.057633 0.170092
vt 0.058274 0.196135
vt 0.060000 0.223860
vt 0.052895 0.227908
vt 0.072277 0.247042
vt 0.066300 0.251295
vt 0.086456 0.264742
vt 0.080665 0.270540
vt 0.073035 0.278880
vt 0.095980 0.282283
vt 0.115790 0.292712
vt 0.136858 0.299754
vt 0.159456 0.304255
vt 0.157117 0.312265
vt 0.182779 0.305879
vt 0.181873 0.314161
vt 0.154075 0.323341
vt 0.205909 0.305687
vt 0.205695 0.315763
vt 0.227664 0.303675
vt 0.224345 0.295923
vt 0.240236 0.290602
vt 0.244269 0.299697
vt 0.206080 0.298813
vt 0.206301 0.293205
vt 0.222250 0.289990
vt 0.183657 0.299484
vt 0.184812 0.294247
vt 0.221119 0.285533
vt 0.234770 0.280806
vt 0.237297 0.284964
vt 0.206872 0.289256
vt 0.488527 0.917196
vt 0.489937 0.902796
vt 0.185959 0.291784
vt 0.250184 0.272471
vt 0.253482 0.276786
vt 0.257649 0.282164
vt 0.266933 0.266744
vt 0.273235 0.272338
vt 0.263733 0.290616
vt 0.284428 0.246983
vt 0.291860 0.251606
vt 0.297371 0.222438
vt 0.305649 0.226342
vt 0.304106 0.197094
vt 0.297908 0.194805
vt 0.299184 0.166762
vt 0.306052 0.166805
vt 0.291243 0.219736
vt 0.286959 0.217873
vt 0.293500 0.193306
vt 0.278641 0.243493
vt 0.274618 0.241152
vt 0.491734 0.835129
vt 0.488939 0.815238
vt 0.493438 0.813712
vt 0.262468 0.262921
vt 0.258772 0.260372
vt 0.490340 0.857874
vt 0.248040 0.269068
vt 0.489321 0.871351
vt 0.485670 0.871170
vt 0.232594 0.278335
vt 0.337932 0.351774
vt 0.342639 0.353883
vt 0.342321 0.371970
vt 0.337413 0.370783
vt 0.332687 0.368791
vt 0.333144 0.350069
vt 0.484590 0.817783
vt 0.340948 0.394447
vt 0.337064 0.393322
vt 0.332448 0.392159
vt 0.337719 0.416999
vt 0.332720 0.416062
vt 0.294213 0.166553
vt 0.290177 0.141673
vt 0.294531 0.140975
vt 0.279466 0.118457
vt 0.283316 0.116952
vt 0.300478 0.139250
vt 0.263763 0.097646
vt 0.333158 0.441600
vt 0.339315 0.444372
vt 0.334159 0.467314
vt 0.341180 0.417846
vt 0.342862 0.442430
vt 0.890784 0.909072
vt 0.890670 0.932901
vt 0.888442 0.931767
vt 0.887996 0.908062
vt 0.887775 0.884664
vt 0.892218 0.884506
vt 0.805373 0.523085
vt 0.790746 0.541342
vt 0.789523 0.539361
vt 0.803961 0.521520
vt 0.987163 0.230087
vt 0.986634 0.253043
vt 0.984159 0.251924
vt 0.984404 0.229055
vt 0.984450 0.205644
vt 0.987590 0.207698
vt 0.984380 0.179225
vt 0.987318 0.180695
vt 0.813310 0.497911
vt 0.802600 0.519123
vt 0.797763 0.515450
vt 0.808259 0.493826
vt 0.813227 0.467707
vt 0.819658 0.469677
vt 0.971642 0.130581
vt 0.980813 0.131205
vt 0.981048 0.151741
vt 0.972009 0.151814
vt 0.811766 0.440101
vt 0.817954 0.440440
vt 0.971187 0.106690
vt 0.980403 0.107390
vt 0.372411 0.770781
vt 0.369147 0.772919
vt 0.355151 0.750093
vt 0.358608 0.748842
vt 0.971098 0.083075
vt 0.980301 0.083511
vt 0.389790 0.787428
vt 0.387132 0.790210
vt 0.584558 0.904052
vt 0.593021 0.905777
vt 0.594125 0.930673
vt 0.584735 0.928791
vt 0.408572 0.798117
vt 0.406126 0.802257
vt 0.585087 0.881323
vt 0.593259 0.881510
vt 0.088175 0.573054
vt 0.084587 0.581382
vt 0.060534 0.568439
vt 0.066789 0.561965
vt 0.584928 0.860204
vt 0.593825 0.860011
vt 0.109962 0.578040
vt 0.108600 0.587888
vt 0.106794 0.600280
vt 0.079646 0.593000
vt 0.133301 0.580129
vt 0.133669 0.589375
vt 0.134762 0.601138
vt 0.920799 0.518725
vt 0.909005 0.519275
vt 0.909411 0.494405
vt 0.921097 0.494048
vt 0.161428 0.584271
vt 0.164176 0.595882
vt 0.920226 0.541527
vt 0.909156 0.540978
vt 0.901024 0.540690
vt 0.901524 0.519976
vt 0.767449 0.808215
vt 0.778398 0.809682
vt 0.776123 0.832131
vt 0.765910 0.830738
vt 0.758810 0.829341
vt 0.759378 0.806246
vt 0.754367 0.825841
vt 0.753011 0.801687
vt 0.763703 0.856852
vt 0.757028 0.855963
vt 0.752703 0.853886
vt 0.742879 0.852497
vt 0.755750 0.886454
vt 0.751552 0.885030
vt 0.740210 0.883864
vt 0.714114 0.882253
vt 0.714490 0.850810
vt 0.751037 0.916300
vt 0.738902 0.914941
vt 0.713953 0.913077
vt 0.703394 0.911851
vt 0.701606 0.881029
vt 0.740037 0.944085
vt 0.713906 0.941709
vt 0.703754 0.940306
vt 0.925931 0.412465
vt 0.930587 0.414418
vt 0.930610 0.442307
vt 0.924837 0.441852
vt 0.715557 0.969117
vt 0.705058 0.968039
vt 0.932598 0.382590
vt 0.937248 0.385436
vt 0.939202 0.770606
vt 0.946203 0.771824
vt 0.947445 0.799167
vt 0.939851 0.797455
vt 0.946144 0.356160
vt 0.949486 0.360121
vt 0.936587 0.748546
vt 0.943863 0.750248
vt 0.955653 0.751425
vt 0.957558 0.773083
vt 0.916423 0.194158
vt 0.909181 0.193672
vt 0.909603 0.171663
vt 0.916922 0.172546
vt 0.928331 0.173666
vt 0.928211 0.194722
vt 0.431650 0.594090
vt 0.438021 0.579632
vt 0.462545 0.585070
vt 0.459579 0.600371
vt 0.917594 0.145702
vt 0.928041 0.146494
vt 0.403478 0.580562
vt 0.412837 0.566595
vt 0.416994 0.561495
vt 0.441514 0.573226
vt 0.379220 0.559676
vt 0.391750 0.548772
vt 0.397282 0.545041
vt 0.385504 0.878951
vt 0.380005 0.878033
vt 0.380157 0.853561
vt 0.385912 0.854204
vt 0.376012 0.528751
vt 0.383244 0.525677
vt 0.385663 0.902889
vt 0.379134 0.902221
vt 0.369983 0.901716
vt 0.369943 0.878089
vt 0.385971 0.924658
vt 0.378959 0.923358
vt 0.369596 0.922124
vt 0.696275 0.585299
vt 0.695754 0.579328
vt 0.717322 0.578065
vt 0.716820 0.584287
vt 0.378938 0.945477
vt 0.369518 0.943529
vt 0.674058 0.592349
vt 0.671976 0.586657
vt 0.671000 0.582038
vt 0.695309 0.574510
vt 0.651176 0.605748
vt 0.647865 0.600292
vt 0.645461 0.596167
vt 0.290401 0.771447
vt 0.284008 0.773593
vt 0.284868 0.748016
vt 0.291005 0.748793
vt 0.628672 0.620061
vt 0.625013 0.617082
vt 0.980807 0.155580
vt 0.978902 0.179569
vt 0.972410 0.178494
vt 0.974189 0.155166
vt 0.989889 0.776762
vt 0.983018 0.774224
vt 0.982607 0.748546
vt 0.989197 0.752721
vt 0.977920 0.205719
vt 0.971304 0.205603
vt 0.990163 0.804352
vt 0.983310 0.803635
vt 0.990028 0.830674
vt 0.983763 0.831611
vt 0.450472 0.074177
vt 0.447386 0.069159
vt 0.476851 0.055932
vt 0.478659 0.061497
vt 0.509408 0.050732
vt 0.508829 0.056575
vt 0.443346 0.062810
vt 0.542883 0.055260
vt 0.540523 0.060491
vt 0.546318 0.048289
vt 0.572333 0.061141
vt 0.568090 0.066272
vt 0.548299 0.040367
vt 0.577646 0.054536
vt 0.600558 0.072032
vt 0.593719 0.077834
vt 0.610088 0.063970
vt 0.619633 0.059224
vt 0.614296 0.040043
vt 0.612703 0.097795
vt 0.607337 0.101011
vt 0.588876 0.081675
vt 0.570963 0.897570
vt 0.570799 0.870641
vt 0.575034 0.872624
vt 0.574852 0.899137
vt 0.585634 0.083672
vt 0.565737 0.069792
vt 0.573974 0.923279
vt 0.581066 0.900595
vt 0.580714 0.922993
vt 0.580439 0.945992
vt 0.573660 0.948330
vt 0.284972 0.725737
vt 0.284887 0.703638
vt 0.291194 0.704309
vt 0.291190 0.726150
vt 0.284955 0.678189
vt 0.291227 0.678804
vt 0.717589 0.573411
vt 0.742504 0.577836
vt 0.741569 0.582053
vt 0.768981 0.588636
vt 0.766714 0.592524
vt 0.763114 0.597665
vt 0.739975 0.587901
vt 0.788443 0.609461
vt 0.783550 0.613623
vt 0.370605 0.853838
vt 0.370429 0.831450
vt 0.380309 0.830426
vt 0.370493 0.814795
vt 0.380397 0.813722
vt 0.387468 0.813712
vt 0.386711 0.830623
vt 0.366166 0.959639
vt 0.359132 0.957714
vt 0.357681 0.938771
vt 0.365572 0.941036
vt 0.464754 0.577741
vt 0.487562 0.576931
vt 0.486556 0.585696
vt 0.511407 0.571360
vt 0.512516 0.579350
vt 0.515748 0.593099
vt 0.486857 0.600371
vt 0.533712 0.570066
vt 0.539949 0.582209
vt 0.959207 0.800443
vt 0.959909 0.826278
vt 0.949116 0.825709
vt 0.960015 0.854766
vt 0.949389 0.854396
vt 0.942325 0.854137
vt 0.941879 0.824686
vt 0.948135 0.885182
vt 0.941116 0.884216
vt 0.937190 0.471014
vt 0.951296 0.498693
vt 0.946379 0.500766
vt 0.932705 0.471658
vt 0.969897 0.521836
vt 0.965775 0.524862
vt 0.704270 0.849672
vt 0.938250 0.910840
vt 0.936587 0.931844
vt 0.991846 0.538477
vt 0.989216 0.542971
vt 0.958762 0.886080
vt 0.562261 0.564489
vt 0.530875 0.562024
vt 0.364288 0.918710
vt 0.348073 0.936017
vt 0.349418 0.955241
vt 0.797958 0.632405
vt 0.791592 0.606572
vt 0.291114 0.650554
vt 0.285136 0.649609
vt 0.581207 0.875178
vt 0.603700 0.102897
vt 0.628924 0.124084
vt 0.580711 0.972991
vt 0.573906 0.974607
vt 0.971072 0.231807
vt 0.977296 0.231732
vt 0.977834 0.257131
vt 0.971123 0.258683
vt 0.602360 0.691938
vt 0.603223 0.666333
vt 0.608363 0.667453
vt 0.607261 0.691010
vt 0.614297 0.668643
vt 0.613462 0.690010
vt 0.618743 0.715744
vt 0.913779 0.243836
vt 0.913732 0.264902
vt 0.903983 0.264842
vt 0.913970 0.289909
vt 0.904395 0.290363
vt 0.897464 0.290584
vt 0.897423 0.265333
vt 0.904806 0.313826
vt 0.896046 0.315287
vt 0.391970 0.409321
vt 0.377513 0.430489
vt 0.369901 0.427213
vt 0.370070 0.455252
vt 0.361308 0.453294
vt 0.348881 0.450678
vt 0.358052 0.421778
vt 0.697238 0.944056
vt 0.698254 0.969686
vt 0.686966 0.969497
vt 0.685926 0.944214
vt 0.679855 0.969470
vt 0.909739 0.007136
vt 0.916813 0.007936
vt 0.916965 0.031892
vt 0.909863 0.030789
vt 0.178928 0.940351
vt 0.182385 0.970761
vt 0.178348 0.970966
vt 0.174093 0.940088
vt 0.178250 0.909883
vt 0.182385 0.910872
vt 0.904756 0.027859
vt 0.909435 0.057357
vt 0.904303 0.055178
vt 0.894644 0.054213
vt 0.905398 0.003332
vt 0.904277 0.083238
vt 0.893975 0.082652
vt 0.869959 0.081572
vt 0.894810 0.114556
vt 0.868224 0.112912
vt 0.858478 0.111900
vt 0.868045 0.143323
vt 0.858232 0.142355
vt 0.852882 0.139845
vt 0.156144 0.912544
vt 0.161041 0.911668
vt 0.164268 0.941840
vt 0.159314 0.941257
vt 0.852503 0.166084
vt 0.844863 0.165075
vt 0.851794 0.187901
vt 0.844564 0.186784
vt 0.833889 0.185820
vt 0.833783 0.163175
vt 0.778398 0.992798
vt 0.767682 0.992368
vt 0.765316 0.972043
vt 0.776181 0.973181
vt 0.245876 0.431747
vt 0.252314 0.457862
vt 0.240432 0.457383
vt 0.252314 0.487757
vt 0.241335 0.485395
vt 0.232494 0.482958
vt 0.231428 0.456607
vt 0.466864 0.952213
vt 0.465661 0.929761
vt 0.475203 0.930636
vt 0.476594 0.952561
vt 0.478108 0.967030
vt 0.468296 0.967272
vt 0.552788 0.691974
vt 0.552788 0.717911
vt 0.549261 0.717174
vt 0.548803 0.692243
vt 0.547275 0.741689
vt 0.544139 0.740109
vt 0.532480 0.925731
vt 0.531823 0.903605
vt 0.540856 0.904482
vt 0.541665 0.927046
vt 0.531814 0.878969
vt 0.540650 0.879483
vt 0.634776 0.520805
vt 0.652289 0.538977
vt 0.647386 0.542952
vt 0.629049 0.523658
vt 0.551590 0.839958
vt 0.552446 0.866282
vt 0.550151 0.864385
vt 0.548886 0.836823
vt 0.547847 0.813712
vt 0.550097 0.816963
vt 0.673609 0.551749
vt 0.670380 0.557039
vt 0.552692 0.893070
vt 0.551268 0.892667
vt 0.697387 0.558356
vt 0.696276 0.564182
vt 0.551984 0.917874
vt 0.549239 0.918836
vt 0.720224 0.558999
vt 0.721465 0.565420
vt 0.550620 0.938490
vt 0.547847 0.939975
vt 0.721558 0.567630
vt 0.746583 0.560502
vt 0.747010 0.563090
vt 0.747378 0.565622
vt 0.721868 0.570059
vt 0.887958 0.974891
vt 0.887883 0.954825
vt 0.892024 0.956304
vt 0.892218 0.975566
vt 0.221226 0.970415
vt 0.216898 0.971000
vt 0.770561 0.553593
vt 0.771185 0.555725
vt 0.885974 0.930480
vt 0.885928 0.907294
vt 0.769842 0.551018
vt 0.788197 0.536892
vt 0.745362 0.554373
vt 0.767387 0.545002
vt 0.784098 0.532093
vt 0.971072 0.061551
vt 0.979722 0.061861
vt 0.971322 0.041184
vt 0.980365 0.041879
vt 0.427886 0.804765
vt 0.427245 0.808418
vt 0.971637 0.020466
vt 0.980599 0.021233
vt 0.451030 0.806975
vt 0.450676 0.810360
vt 0.585054 0.839481
vt 0.593944 0.838722
vt 0.476282 0.803288
vt 0.476979 0.806894
vt 0.585656 0.819328
vt 0.594702 0.819188
vt 0.158968 0.574771
vt 0.469094 0.813712
vt 0.478108 0.814918
vt 0.476322 0.833860
vt 0.467745 0.832586
vt 0.180943 0.565474
vt 0.185071 0.574143
vt 0.190246 0.584779
vt 0.200164 0.551053
vt 0.205742 0.558859
vt 0.212470 0.567796
vt 0.774728 0.857823
vt 0.223744 0.536915
vt 0.232806 0.544065
vt 0.773817 0.888474
vt 0.762673 0.887439
vt 0.773813 0.918268
vt 0.762206 0.917277
vt 0.755303 0.916464
vt 0.762922 0.945976
vt 0.755273 0.944937
vt 0.750419 0.945456
vt 0.758030 0.970638
vt 0.751846 0.972147
vt 0.741533 0.971150
vt 0.754203 0.994753
vt 0.743478 0.993885
vt 0.717828 0.992228
vt 0.707097 0.990924
vt 0.893730 0.195448
vt 0.868087 0.193945
vt 0.868360 0.170812
vt 0.893845 0.171903
vt 0.904873 0.172924
vt 0.904447 0.196140
vt 0.965769 0.333237
vt 0.967930 0.337451
vt 0.894648 0.144924
vt 0.904875 0.145832
vt 0.990045 0.314602
vt 0.991846 0.319569
vt 0.909944 0.145066
vt 0.904979 0.115079
vt 0.910595 0.115149
vt 0.917913 0.115369
vt 0.928309 0.115511
vt 0.910064 0.084439
vt 0.917625 0.085315
vt 0.928297 0.086040
vt 0.362117 0.535691
vt 0.916996 0.058538
vt 0.928470 0.059604
vt 0.351955 0.510589
vt 0.365659 0.507390
vt 0.374042 0.505612
vt 0.346833 0.481550
vt 0.359645 0.481204
vt 0.368330 0.481457
vt 0.387468 0.947857
vt 0.387454 0.968441
vt 0.379033 0.966461
vt 0.369549 0.964861
vt 0.905770 0.335338
vt 0.897214 0.336926
vt 0.914545 0.312770
vt 0.915356 0.334138
vt 0.633298 0.623764
vt 0.621029 0.644511
vt 0.615454 0.642510
vt 0.611183 0.641287
vt 0.928309 0.032783
vt 0.928088 0.008531
vt 0.857455 0.192578
vt 0.857629 0.169845
vt 0.760365 0.991656
vt 0.160766 0.970562
vt 0.156144 0.968783
vt 0.774701 0.947120
vt 0.245813 0.517199
vt 0.235323 0.512285
vt 0.216853 0.530871
vt 0.227517 0.507782
vt 0.464719 0.905676
vt 0.464918 0.880327
vt 0.474452 0.882180
vt 0.474366 0.907589
vt 0.465981 0.854563
vt 0.474881 0.856568
vt 0.535812 0.764506
vt 0.519021 0.784188
vt 0.516940 0.781334
vt 0.533030 0.762233
vt 0.499168 0.798508
vt 0.497605 0.795296
vt 0.532179 0.854222
vt 0.533559 0.832096
vt 0.542798 0.832059
vt 0.541199 0.854829
vt 0.535756 0.813961
vt 0.544495 0.813712
vt 0.981048 0.002105
vt 0.972190 0.001676
vt 0.894961 0.542971
vt 0.892709 0.522621
vt 0.901763 0.495096
vt 0.902857 0.465949
vt 0.909873 0.466413
vt 0.921485 0.435662
vt 0.921267 0.466777
vt 0.052716 0.577931
vt 0.030298 0.558291
vt 0.040109 0.550731
vt 0.032586 0.523423
vt 0.047617 0.545624
vt 0.593674 0.955213
vt 0.594702 0.976618
vt 0.585373 0.974529
vt 0.585399 0.953234
vt 0.327583 0.836896
vt 0.336791 0.835687
vt 0.347647 0.723345
vt 0.346833 0.696658
vt 0.350758 0.696993
vt 0.351446 0.722879
vt 0.831207 0.862742
vt 0.830895 0.881169
vt 0.821715 0.881655
vt 0.822209 0.862853
vt 0.822995 0.841836
vt 0.832020 0.841942
vt 0.803344 0.415691
vt 0.792918 0.397914
vt 0.797125 0.393496
vt 0.809936 0.415070
vt 0.813765 0.916759
vt 0.816604 0.917910
vt 0.984159 0.156828
vt 0.987095 0.155166
vt 0.490898 0.888477
vt 0.090804 0.260696
vt 0.077012 0.243645
vt 0.064894 0.221084
vt 0.284822 0.833943
vt 0.211843 0.283616
vt 0.208140 0.286841
vt 0.848273 0.349018
vt 0.919552 0.913936
vt 0.925820 0.911748
vt 0.919875 0.936178
vt 0.979255 0.751904
vt 0.972670 0.748546
vt 0.929343 0.909276
vt 0.178379 0.656441
vt 0.184292 0.651729
vt 0.001676 0.933663
vt 0.018992 0.924641
vt 0.731974 0.289852
vt 0.053298 0.919655
vt 0.956201 0.299046
vt 0.960026 0.296061
vt 0.953251 0.306175
vt 0.953888 0.282145
vt 0.963499 0.293056
vt 0.064072 0.918229
vt 0.752059 0.293250
vt 0.750652 0.288576
vt 0.148383 0.766897
vt 0.850564 0.344121
vt 0.846758 0.337901
vt 0.269644 0.816717
vt 0.280116 0.818365
vt 0.262001 0.829963
vt 0.255733 0.826975
vt 0.269436 0.828875
vt 0.370607 0.974342
vt 0.375521 0.971793
vt 0.291269 0.054413
vt 0.842761 0.603514
vt 0.843607 0.601139
vt 0.916133 0.940828
vt 0.909913 0.944917
vt 0.026912 0.982764
vt 0.023085 0.968220
vt 0.022344 0.927495
vt 0.026912 0.916225
vt 0.909737 0.929791
vt 0.911446 0.952196
vt 0.856910 0.935995
vt 0.854773 0.958178
vt 0.151370 0.770517
vt 0.819520 0.309726
vt 0.809648 0.321690
vt 0.557083 0.340394
vt 0.805150 0.989157
vt 0.800635 0.988448
vt 0.750652 0.343970
vt 0.506793 0.995048
vt 0.506793 0.969018
vt 0.788744 0.330281
vt 0.783321 0.329080
vt 0.468679 0.996345
vt 0.464719 0.996930
vt 0.277245 0.032287
vt 0.288323 0.040608
vt 0.719063 0.276820
vt 0.711696 0.271601
vt 0.287468 0.949386
vt 0.290754 0.963764
vt 0.419340 0.974836
vt 0.413351 0.978056
vt 0.373689 0.258715
vt 0.511409 0.857767
vt 0.305020 0.810508
vt 0.947151 0.957446
vt 0.233905 0.985174
vt 0.225055 0.971941
vt 0.233905 0.939122
vt 0.231501 0.979639
vt 0.243674 0.872800
vt 0.984809 0.108379
vt 0.984400 0.106359
vt 0.986827 0.085774
vt 0.991180 0.086714
vt 0.986310 0.061005
vt 0.989858 0.060570
vt 0.918708 0.294647
vt 0.919396 0.280571
vt 0.921473 0.279981
vt 0.921473 0.296939
vt 0.984707 0.085944
vt 0.984400 0.060728
vt 0.725848 0.233778
vt 0.733449 0.232293
vt 0.736255 0.253960
vt 0.729891 0.253857
vt 0.722232 0.231831
vt 0.741161 0.232538
vt 0.743415 0.254471
vt 0.748370 0.232977
vt 0.888413 0.978983
vt 0.891630 0.991187
vt 0.885928 0.990465
vt 0.885928 0.978918
vt 0.774978 0.264816
vt 0.766949 0.265132
vt 0.770077 0.248111
vt 0.768807 0.224123
vt 0.759923 0.226226
vt 0.759241 0.201910
vt 0.765531 0.202072
vt 0.527551 0.963606
vt 0.527551 0.991578
vt 0.521932 0.992761
vt 0.520723 0.966994
vt 0.764954 0.184872
vt 0.758162 0.184382
vt 0.758940 0.169540
vt 0.767791 0.170532
vt 0.751670 0.184658
vt 0.745165 0.184529
vt 0.766413 0.152653
vt 0.759583 0.153462
vt 0.758032 0.138596
vt 0.762882 0.137221
vt 0.760774 0.117859
vt 0.765582 0.117429
vt 0.766546 0.135896
vt 0.755686 0.118455
vt 0.754904 0.099533
vt 0.760415 0.099608
vt 0.750532 0.118715
vt 0.749887 0.099423
vt 0.756879 0.081410
vt 0.496790 0.962442
vt 0.497603 0.943098
vt 0.503041 0.942684
vt 0.503441 0.962707
vt 0.501295 0.982122
vt 0.498273 0.981694
vt 0.747433 0.100040
vt 0.746892 0.119902
vt 0.740125 0.119049
vt 0.740543 0.099037
vt 0.734721 0.119426
vt 0.734102 0.097593
vt 0.735009 0.078866
vt 0.737022 0.064355
vt 0.728502 0.097462
vt 0.729348 0.078990
vt 0.729424 0.063625
vt 0.724202 0.079761
vt 0.724149 0.097612
vt 0.032063 0.920015
vt 0.031485 0.901129
vt 0.721752 0.080747
vt 0.729763 0.120150
vt 0.724852 0.120955
vt 0.721181 0.121936
vt 0.721876 0.099220
vt 0.731834 0.143918
vt 0.727874 0.143542
vt 0.726423 0.143172
vt 0.294579 0.951562
vt 0.296621 0.951503
vt 0.300528 0.970200
vt 0.297886 0.969582
vt 0.723309 0.161584
vt 0.721055 0.161142
vt 0.722553 0.142987
vt 0.722001 0.144360
vt 0.719210 0.144603
vt 0.295782 0.969554
vt 0.297459 0.988333
vt 0.294579 0.991317
vt 0.301976 0.986369
vt 0.725299 0.162734
vt 0.736186 0.145195
vt 0.742470 0.145604
vt 0.499212 0.921508
vt 0.503441 0.919984
vt 0.759875 0.065161
vt 0.764295 0.064797
vt 0.761473 0.082414
vt 0.767924 0.065267
vt 0.765643 0.083661
vt 0.765740 0.099615
vt 0.987950 0.001676
vt 0.984400 0.002124
vt 0.768970 0.117395
vt 0.770563 0.117685
vt 0.770470 0.134497
vt 0.768422 0.134945
vt 0.576090 0.638020
vt 0.765897 0.050713
vt 0.761145 0.051597
vt 0.760941 0.040937
vt 0.765161 0.040161
vt 0.756903 0.041837
vt 0.759163 0.026132
vt 0.763496 0.025979
vt 0.766384 0.012299
vt 0.770112 0.014647
vt 0.766984 0.026811
vt 0.761602 0.012191
vt 0.073229 0.611602
vt 0.072489 0.624016
vt 0.067377 0.624070
vt 0.068481 0.612042
vt 0.757083 0.012865
vt 0.077772 0.611273
vt 0.078278 0.623359
vt 0.076890 0.638296
vt 0.071096 0.637924
vt 0.082350 0.611923
vt 0.083688 0.623860
vt 0.082828 0.639562
vt 0.075303 0.650263
vt 0.984315 0.297664
vt 0.984159 0.277647
vt 0.987322 0.277625
vt 0.987500 0.296480
vt 0.991326 0.309466
vt 0.986754 0.310556
vt 0.073336 0.665576
vt 0.069322 0.665826
vt 0.069946 0.651127
vt 0.066076 0.666885
vt 0.065829 0.652804
vt 0.066096 0.638302
vt 0.063723 0.655363
vt 0.062677 0.640010
vt 0.993515 0.830761
vt 0.997469 0.831498
vt 0.997469 0.843251
vt 0.993757 0.841933
vt 0.242137 0.955209
vt 0.243154 0.973262
vt 0.240509 0.973429
vt 0.239503 0.955720
vt 0.237257 0.939365
vt 0.239666 0.939508
vt 0.242978 0.939122
vt 0.244779 0.955319
vt 0.061813 0.616511
vt 0.061808 0.628263
vt 0.058387 0.628291
vt 0.058507 0.616371
vt 0.061070 0.604532
vt 0.065306 0.604490
vt 0.773786 0.016573
vt 0.769581 0.027153
vt 0.773755 0.026371
vt 0.564360 0.752533
vt 0.570762 0.766931
vt 0.568089 0.768672
vt 0.562154 0.754684
vt 0.564533 0.770359
vt 0.559927 0.755836
vt 0.556481 0.739302
vt 0.775159 0.034850
vt 0.778486 0.021310
vt 0.782715 0.021110
vt 0.780060 0.033811
vt 0.779900 0.045820
vt 0.775727 0.047686
vt 0.556140 0.724890
vt 0.780463 0.062918
vt 0.776723 0.064346
vt 0.785131 0.044732
vt 0.785301 0.062268
vt 0.783638 0.081876
vt 0.778212 0.083017
vt 0.772696 0.084954
vt 0.785719 0.097695
vt 0.791030 0.096694
vt 0.785421 0.033000
vt 0.791286 0.032307
vt 0.796217 0.033403
vt 0.787394 0.021146
vt 0.788170 0.009050
vt 0.784169 0.009397
vt 0.050435 0.612025
vt 0.051807 0.624129
vt 0.780624 0.010126
vt 0.054064 0.612229
vt 0.055806 0.623961
vt 0.055585 0.638732
vt 0.050930 0.638574
vt 0.570808 0.785066
vt 0.573815 0.783550
vt 0.582557 0.799989
vt 0.579664 0.801309
vt 0.593406 0.814257
vt 0.589513 0.815836
vt 0.576759 0.782582
vt 0.584959 0.798977
vt 0.597438 0.815019
vt 0.058412 0.642520
vt 0.060943 0.641960
vt 0.051947 0.653797
vt 0.048468 0.653351
vt 0.049058 0.670198
vt 0.045143 0.667426
vt 0.043314 0.653066
vt 0.038344 0.653502
vt 0.030886 0.667444
vt 0.034254 0.655573
vt 0.995133 0.190514
vt 0.994575 0.203340
vt 0.990942 0.200086
vt 0.991151 0.190805
vt 0.239523 0.989801
vt 0.237257 0.991034
vt 0.064411 0.667935
vt 0.167620 0.913027
vt 0.170447 0.911668
vt 0.170447 0.926711
vt 0.168383 0.926814
vt 0.064075 0.681736
vt 0.065907 0.683936
vt 0.064432 0.703504
vt 0.060053 0.701623
vt 0.069256 0.685712
vt 0.070044 0.705415
vt 0.069868 0.727621
vt 0.063957 0.726851
vt 0.073813 0.687509
vt 0.076238 0.707396
vt 0.074964 0.728897
vt 0.073491 0.753438
vt 0.081342 0.709230
vt 0.078659 0.730221
vt 0.077265 0.754047
vt 0.075197 0.777067
vt 0.071106 0.776651
vt 0.082291 0.731756
vt 0.080717 0.753975
vt 0.078088 0.777332
vt 0.075362 0.798674
vt 0.070858 0.798350
vt 0.066532 0.797375
vt 0.074212 0.814253
vt 0.073756 0.826354
vt 0.081216 0.813497
vt 0.080373 0.826503
vt 0.076808 0.837553
vt 0.072477 0.835788
vt 0.086356 0.813009
vt 0.084909 0.827224
vt 0.080470 0.840457
vt 0.082739 0.852801
vt 0.520807 0.886693
vt 0.524254 0.890911
vt 0.527551 0.906130
vt 0.523925 0.902586
vt 0.877746 0.837774
vt 0.882389 0.838484
vt 0.095891 0.974118
vt 0.095840 0.959188
vt 0.100409 0.960779
vt 0.100440 0.976454
vt 0.064041 0.845201
vt 0.474057 0.992661
vt 0.476660 0.970624
vt 0.477469 0.971910
vt 0.477469 0.993233
vt 0.083051 0.732874
vt 0.084386 0.710770
vt 0.088822 0.712924
vt 0.091999 0.713771
vt 0.084327 0.734234
vt 0.094309 0.714025
vt 0.088715 0.735152
vt 0.992934 0.573411
vt 0.996473 0.574051
vt 0.099581 0.714330
vt 0.094167 0.735666
vt 0.097458 0.753315
vt 0.098169 0.769032
vt 0.102164 0.752970
vt 0.103502 0.769109
vt 0.098245 0.784863
vt 0.093532 0.783207
vt 0.105994 0.752668
vt 0.108445 0.768691
vt 0.102353 0.786312
vt 0.096813 0.801245
vt 0.092098 0.801411
vt 0.101093 0.800439
vt 0.106648 0.813761
vt 0.103333 0.815972
vt 0.106894 0.800162
vt 0.110183 0.812290
vt 0.113878 0.825542
vt 0.110347 0.801119
vt 0.113693 0.812718
vt 0.391424 0.982098
vt 0.390820 0.973040
vt 0.395416 0.975469
vt 0.396550 0.983087
vt 0.395603 0.996511
vt 0.390820 0.995296
vt 0.159632 0.878538
vt 0.158388 0.887934
vt 0.148002 0.889689
vt 0.148210 0.882264
vt 0.169757 0.988173
vt 0.170613 0.997290
vt 0.167680 0.995939
vt 0.166108 0.987156
vt 0.166790 0.973914
vt 0.170613 0.974048
vt 0.112788 0.832484
vt 0.880461 0.563659
vt 0.871059 0.563842
vt 0.112666 0.843549
vt 0.109793 0.842184
vt 0.995111 0.684162
vt 0.998020 0.684341
vt 0.997295 0.784823
vt 0.996815 0.797361
vt 0.993515 0.798049
vt 0.996096 0.783918
vt 0.997295 0.811662
vt 0.994949 0.811259
vt 0.075813 0.896708
vt 0.070602 0.896052
vt 0.075580 0.878060
vt 0.078986 0.878883
vt 0.088162 0.801233
vt 0.084223 0.799479
vt 0.900488 0.929589
vt 0.896937 0.913639
vt 0.900105 0.913097
vt 0.903862 0.929432
vt 0.108707 0.752184
vt 0.111010 0.752250
vt 0.902371 0.913133
vt 0.906237 0.929622
vt 0.334818 0.542732
vt 0.332448 0.531164
vt 0.112391 0.752965
vt 0.097109 0.692579
vt 0.101235 0.693268
vt 0.104345 0.694453
vt 0.108295 0.697212
vt 0.899154 0.858127
vt 0.904306 0.841836
vt 0.906237 0.844793
vt 0.901134 0.858154
vt 0.109914 0.684136
vt 0.118054 0.675897
vt 0.112442 0.687057
vt 0.791493 0.956379
vt 0.793607 0.964299
vt 0.992934 0.618988
vt 0.996704 0.620647
vt 0.099986 0.674459
vt 0.093375 0.692052
vt 0.096514 0.672396
vt 0.099747 0.658447
vt 0.103581 0.659072
vt 0.098332 0.647670
vt 0.103730 0.647336
vt 0.097439 0.637426
vt 0.093492 0.649042
vt 0.092241 0.638248
vt 0.092564 0.622903
vt 0.098387 0.622633
vt 0.737180 0.001676
vt 0.743035 0.002142
vt 0.101674 0.611609
vt 0.095121 0.659004
vt 0.092411 0.668961
vt 0.088027 0.691605
vt 0.083250 0.690576
vt 0.079315 0.689573
vt 0.994774 0.909614
vt 0.990899 0.909402
vt 0.060639 0.726588
vt 0.053769 0.724477
vt 0.055316 0.699760
vt 0.046333 0.723415
vt 0.050604 0.696715
vt 0.046135 0.692003
vt 0.049280 0.672054
vt 0.044309 0.683863
vt 0.046419 0.747651
vt 0.046478 0.768127
vt 0.041384 0.766018
vt 0.043857 0.782784
vt 0.038601 0.783029
vt 0.036174 0.764421
vt 0.049706 0.782085
vt 0.050662 0.798169
vt 0.044466 0.797433
vt 0.056759 0.798556
vt 0.040096 0.811854
vt 0.034736 0.809665
vt 0.038865 0.796492
vt 0.045883 0.812973
vt 0.051340 0.814024
vt 0.046435 0.827074
vt 0.190588 0.964605
vt 0.186633 0.949287
vt 0.191152 0.949390
vt 0.194094 0.964990
vt 0.049138 0.826113
vt 0.054265 0.812431
vt 0.193479 0.933150
vt 0.194782 0.949750
vt 0.536392 0.965723
vt 0.531814 0.978536
vt 0.532144 0.964628
vt 0.031059 0.821745
vt 0.921473 0.276629
vt 0.918962 0.276118
vt 0.918708 0.262354
vt 0.921473 0.255238
vt 0.986898 0.260051
vt 0.991326 0.256395
vt 0.752819 0.016497
vt 0.343191 0.939515
vt 0.341351 0.941090
vt 0.340143 0.928333
vt 0.343191 0.926665
vt 0.608118 0.303303
vt 0.608767 0.307958
vt 0.608186 0.314051
vt 0.350896 0.962991
vt 0.356045 0.965101
vt 0.358117 0.971332
vt 0.354250 0.970774
vt 0.349921 0.971360
vt 0.347741 0.965804
vt 0.252529 0.887132
vt 0.256235 0.888758
vt 0.104894 0.903609
vt 0.104894 0.881604
vt 0.111387 0.882361
vt 0.922333 0.968019
vt 0.924464 0.968947
vt 0.844570 0.673953
vt 0.348601 0.980104
vt 0.346833 0.974098
vt 0.114249 0.878060
vt 0.366746 0.130064
vt 0.050505 0.993033
vt 0.052122 0.985686
vt 0.352264 0.987781
vt 0.919744 0.992942
vt 0.919552 0.982465
vt 0.929097 0.893834
vt 0.932137 0.905924
vt 0.706448 0.195972
vt 0.055474 0.948764
vt 0.063094 0.958235
vt 0.842035 0.735796
vt 0.274469 0.893303
vt 0.280888 0.588601
vt 0.786375 0.986169
vt 0.786375 0.994486
vt 0.781750 0.994026
vt 0.782043 0.986501
vt 0.699382 0.170822
vt 0.126774 0.008849
vt 0.136183 0.013590
vt 0.793794 0.163244
vt 0.801530 0.159664
vt 0.847250 0.771436
vt 0.845504 0.758539
vt 0.846943 0.790714
vt 0.917275 0.771070
vt 0.912042 0.772395
vt 0.920220 0.784462
vt 0.915665 0.786674
vt 0.925675 0.797591
vt 0.920371 0.799812
vt 0.913280 0.801687
vt 0.906024 0.825388
vt 0.938342 0.269983
vt 0.935289 0.271376
vt 0.927746 0.794586
vt 0.933155 0.810317
vt 0.936919 0.252760
vt 0.930948 0.272207
vt 0.932867 0.255828
vt 0.932105 0.236100
vt 0.935414 0.233171
vt 0.588362 0.979970
vt 0.588362 0.994110
vt 0.584797 0.994820
vt 0.584559 0.981873
vt 0.928969 0.222023
vt 0.931777 0.221539
vt 0.935848 0.220980
vt 0.938146 0.231019
vt 0.037838 0.854495
vt 0.035652 0.852740
vt 0.924837 0.207290
vt 0.929651 0.210477
vt 0.032444 0.863942
vt 0.028928 0.862968
vt 0.032600 0.852501
vt 0.419980 0.827434
vt 0.414849 0.839867
vt 0.417568 0.825376
vt 0.128427 0.994445
vt 0.125581 0.995130
vt 0.415490 0.813712
vt 0.419473 0.815410
vt 0.929608 0.237212
vt 0.929729 0.257065
vt 0.412028 0.855580
vt 0.928619 0.273420
vt 0.415247 0.869483
vt 0.417297 0.867199
vt 0.677302 0.991671
vt 0.673549 0.994117
vt 0.673549 0.977587
vt 0.676620 0.975905
vt 0.380081 0.058517
vt 0.389390 0.052546
vt 0.853718 0.961587
vt 0.848121 0.967170
vt 0.848934 0.961530
vt 0.812731 0.133046
vt 0.816377 0.125282
vt 0.818674 0.111314
vt 0.847425 0.821109
vt 0.849700 0.805217
vt 0.865779 0.834028
vt 0.857936 0.831232
vt 0.106328 0.874708
vt 0.103233 0.864426
vt 0.107334 0.859443
vt 0.114204 0.872407
vt 0.575981 0.625975
vt 0.449521 0.027205
vt 0.872657 0.825246
vt 0.128532 0.868749
vt 0.120033 0.859165
vt 0.450194 0.022993
vt 0.059955 0.060827
vt 0.696070 0.087897
vt 0.697054 0.073945
vt 0.702064 0.068406
vt 0.891402 0.563326
vt 0.889604 0.556205
vt 0.050602 0.073241
vt 0.698859 0.058513
vt 0.693303 0.060549
vt 0.689300 0.053810
vt 0.696243 0.052096
vt 0.039225 0.080718
vt 0.032960 0.083557
vt 0.689675 0.046128
vt 0.027745 0.090274
vt 0.893606 0.802930
vt 0.891924 0.824843
vt 0.882206 0.822469
vt 0.875064 0.815311
vt 0.811828 0.986601
vt 0.808502 0.985745
vt 0.808502 0.956379
vt 0.817466 0.959449
vt 0.152243 0.982664
vt 0.150737 0.980207
vt 0.720620 0.082077
vt 0.092488 0.945656
vt 0.135729 0.839263
vt 0.026582 0.857279
vt 0.020681 0.856081
vt 0.394968 0.825529
vt 0.136723 0.821145
vt 0.112750 0.970959
vt 0.104894 0.968265
vt 0.117831 0.971556
vt 0.674002 0.135487
vt 0.674526 0.107801
vt 0.131779 0.991115
vt 0.131779 0.972004
vt 0.138384 0.974883
vt 0.138096 0.993332
vt 0.058333 0.862003
vt 0.307589 0.575580
vt 0.306642 0.584592
vt 0.210234 0.916275
vt 0.203048 0.916361
vt 0.005232 0.133578
vt 0.009505 0.119627
vt 0.085734 0.857533
vt 0.095120 0.859835
vt 0.875023 0.837535
vt 0.873526 0.831424
vt 0.102300 0.843824
vt 0.219897 0.993876
vt 0.217365 0.993906
vt 0.134101 0.795123
vt 0.126753 0.793016
vt 0.340391 0.961736
vt 0.343451 0.961485
vt 0.343451 0.967156
vt 0.340143 0.966748
vt 0.531814 0.993189
vt 0.027573 0.098209
vt 0.696193 0.042207
vt 0.696545 0.033576
vt 0.128095 0.610350
vt 0.727179 0.011153
vt 0.721683 0.024940
vt 0.651027 0.084936
vt 0.007592 0.792848
vt 0.008244 0.778273
vt 0.310941 0.570426
vt 0.318308 0.573968
vt 0.038041 0.278476
vt 0.327716 0.571548
vt 0.323043 0.566308
vt 0.333514 0.567283
vt 0.811166 0.003141
vt 0.818523 0.003626
vt 0.706643 0.286066
vt 0.705973 0.291115
vt 0.801540 0.001902
vt 0.707345 0.296664
vt 0.714607 0.297058
vt 0.528578 0.002664
vt 0.529478 0.007248
vt 0.338684 0.557503
vt 0.332448 0.562023
vt 0.256742 0.910010
vt 0.251991 0.907595
vt 0.143093 0.628774
vt 0.138763 0.649846
vt 0.137190 0.741505
vt 0.034698 0.750100
vt 0.104894 0.990872
vt 0.104923 0.976023
vt 0.107990 0.974908
vt 0.111588 0.990872
vt 0.001676 0.990496
vt 0.001718 0.979113
vt 0.005803 0.979113
vt 0.007325 0.989000
vt 0.008864 0.190093
vt 0.004849 0.188971
vt 0.141080 0.661166
vt 0.141995 0.667383
vt 0.704558 0.316299
vt 0.414414 0.984301
vt 0.419561 0.981408
vt 0.419561 0.992143
vt 0.415239 0.991706
vt 0.578251 0.019635
vt 0.601378 0.024492
vt 0.199696 0.901512
vt 0.038948 0.692556
vt 0.879017 0.970795
vt 0.879138 0.947043
vt 0.014203 0.669617
vt 0.025834 0.669662
vt 0.852216 0.546323
vt 0.863952 0.546323
vt 0.825723 0.342005
vt 0.822452 0.310171
vt 0.333838 0.478569
vt 0.457901 0.272441
vt 0.443912 0.262388
vt 0.260453 0.030447
vt 0.947771 0.293146
vt 0.921163 0.338521
vt 0.918708 0.343322
vt 0.918708 0.334560
vt 0.921064 0.337131
vt 0.991702 0.137770
vt 0.984400 0.147715
vt 0.731081 0.343235
vt 0.731081 0.333477
vt 0.739288 0.334609
vt 0.740338 0.344176
vt 0.367870 0.151987
vt 0.362768 0.154293
vt 0.251991 0.882485
vt 0.045761 0.675633
vt 0.963367 0.981342
vt 0.969132 0.978541
vt 0.969741 0.983408
vt 0.963367 0.989996
vt 0.496415 0.985474
vt 0.503442 0.992946
vt 0.496415 0.993345
vt 0.888374 0.841836
vt 0.887018 0.862828
vt 0.725857 0.795111
vt 0.709744 0.795899
vt 0.342890 0.582340
vt 0.340733 0.583281
vt 0.342863 0.566309
vt 0.342890 0.600064
vt 0.916119 0.880167
vt 0.651333 0.777191
vt 0.669119 0.787158
vt 0.330531 0.599020
vt 0.330135 0.598644
vt 0.330219 0.598267
vt 0.330586 0.598428
vt 0.316312 0.597702
vt 0.316914 0.597780
vt 0.316887 0.598160
vt 0.316288 0.598156
vt 0.326223 0.599703
vt 0.326135 0.599200
vt 0.326633 0.599129
vt 0.326684 0.599544
vt 0.321733 0.599380
vt 0.321871 0.599065
vt 0.322374 0.599273
vt 0.322058 0.599552
vt 0.317410 0.599564
vt 0.317047 0.599524
vt 0.317052 0.599207
vt 0.317582 0.599200
vt 0.705133 0.342679
vt 0.705458 0.342850
vt 0.705384 0.343071
vt 0.705133 0.343119
vt 0.321465 0.598791
vt 0.321624 0.598419
vt 0.322026 0.598687
vt 0.317809 0.599057
vt 0.317562 0.598730
vt 0.318000 0.598701
vt 0.334199 0.597702
vt 0.334398 0.598004
vt 0.334092 0.598227
vt 0.333938 0.598148
vt 0.317491 0.598238
vt 0.317933 0.598326
vt 0.316969 0.598686
vt 0.316494 0.599212
vt 0.316398 0.598688
vt 0.326205 0.598653
vt 0.326276 0.598116
vt 0.326684 0.598099
vt 0.326651 0.598620
vt 0.322549 0.598796
vt 0.322118 0.598311
vt 0.322709 0.598328
vt 0.322163 0.598031
vt 0.322783 0.597945
vt 0.321747 0.598050
vt 0.321871 0.597702
vt 0.321352 0.598214
vt 0.321363 0.597789
vt 0.701424 0.342969
vt 0.701548 0.342757
vt 0.701781 0.342679
vt 0.701781 0.343238
vt 0.697698 0.343244
vt 0.697558 0.342679
vt 0.698072 0.342824
vt 0.698072 0.343260
vt 0.317532 0.597959
vt 0.330586 0.597825
vt 0.330036 0.597702
vt 0.316572 0.599564
vt 0.326322 0.597754
vt 0.326642 0.597702
vt 0.334398 0.598391
vt 0.333939 0.598656
vt 0.322467 0.597702
vt 0.694206 0.342943
vt 0.694080 0.343492
vt 0.693862 0.343066
vt 0.693862 0.342679
vt 0.689300 0.340272
vt 0.690007 0.340724
vt 0.689671 0.341970
vt 0.689300 0.341908
vt 0.689300 0.343492
vt 0.689524 0.343177
vt 0.690086 0.342075
vt 0.689660 0.342985
vt 0.311897 0.600024
vt 0.312143 0.599764
vt 0.312936 0.599909
vt 0.312936 0.600331
vt 0.690510 0.341045
vt 0.310941 0.599552
vt 0.311246 0.599156
vt 0.312936 0.599321
vt 0.311614 0.598731
vt 0.311890 0.598412
vt 0.312936 0.598909
vt 0.312163 0.598096
vt 0.312936 0.598481
vt 0.312501 0.597705
vt 0.312936 0.598036
vt 0.312936 0.597702
s 0
usemtl Material.006
f 1/1/1 403/2/1 404/3/1 405/4/1
f 1/1/2 3/5/2 406/6/2 403/2/2
f 2/7/3 4/8/3 407/9/3 6/10/3
f 2/7/4 6/10/4 408/11/4 409/12/4
f 3/5/5 410/13/5 411/14/5 412/15/5
f 4/8/6 413/16/6 7/17/6 407/9/6
f 4/18/7 2/19/7 414/20/7 415/21/7
f 4/8/8 415/22/8 10/23/8 413/16/8
f 6/24/9 407/25/9 417/26/9 408/27/9
f 7/28/10 15/29/10 417/26/10 407/25/10
f 8/30/11 418/31/11 419/32/11 420/33/11
f 8/34/12 9/35/12 421/36/12 422/37/12
f 8/30/13 420/33/13 423/38/13 9/39/13
f 9/40/14 423/41/14 424/42/14 421/43/14
f 10/23/15 415/22/15 21/44/15 425/45/15
f 10/23/16 14/46/16 426/47/16 427/48/16
f 10/23/17 425/45/17 32/49/17 14/46/17
f 11/50/18 428/51/18 429/52/18 430/53/18
f 11/50/19 431/54/19 432/55/19 433/56/19
f 11/50/20 433/56/20 434/57/20 428/51/20
f 12/58/21 435/59/21 436/60/21 19/61/21
f 12/58/22 13/62/22 414/63/22 435/59/22
f 12/58/23 438/64/23 439/65/23 13/62/23
f 13/66/24 21/67/24 415/21/24 414/20/24
f 13/68/25 440/69/25 425/70/25 21/71/25
f 13/62/26 439/65/26 441/72/26 440/73/26
f 14/46/27 32/49/27 442/74/27 426/47/27
f 15/29/28 443/75/28 444/76/28 417/26/28
f 15/77/29 445/78/29 446/79/29 443/80/29
f 15/81/30 447/82/30 448/83/30 445/84/30
f 16/85/31 449/86/31 450/87/31 26/88/31
f 16/89/32 26/90/32 451/91/32 452/92/32
f 16/89/33 452/92/33 453/93/33 454/94/33
f 17/95/34 455/96/34 456/97/34 457/98/34
f 17/95/35 423/38/35 420/33/35 455/96/35
f 18/99/36 458/100/36 459/101/36 460/102/36
f 18/103/37 461/104/37 462/105/37 458/106/37
f 18/99/38 460/102/38 20/107/38 461/108/38
f 19/61/39 436/60/39 463/109/39 464/110/39
f 17/111/40 465/112/40 424/42/40 423/41/40
f 17/111/41 457/113/41 466/114/41 465/112/41
f 20/115/42 460/116/42 467/117/42 468/118/42
f 20/119/43 469/120/43 31/121/43 470/122/43
f 20/107/44 470/123/44 471/124/44 461/108/44
f 22/125/45 23/126/45 472/127/45 473/128/45
f 22/129/46 473/130/46 474/131/46 475/132/46
f 22/129/47 475/132/47 476/133/47 477/134/47
f 22/135/48 477/136/48 478/137/48 479/138/48
f 22/129/49 479/139/49 480/140/49 23/141/49
f 23/141/50 480/140/50 481/142/50 472/143/50
f 482/144/51 446/79/51 445/78/51 483/145/51
f 24/146/52 449/147/52 484/148/52 485/149/52
f 24/150/53 485/151/53 486/152/53 487/153/53
f 24/146/54 487/154/54 488/155/54 489/156/54
f 24/146/55 489/156/55 490/157/55 30/158/55
f 24/146/56 30/158/56 450/159/56 449/147/56
f 25/160/57 491/161/57 492/162/57 493/163/57
f 25/164/58 493/165/58 488/166/58 487/167/58
f 25/160/59 487/168/59 486/169/59 491/161/59
f 26/88/60 450/87/60 494/170/60 451/171/60
f 27/172/61 495/173/61 496/174/61 497/175/61
f 499/176/62 500/177/62 495/173/62 27/172/62
f 27/172/63 497/175/63 498/178/63 499/176/63
f 28/179/64 11/50/64 430/53/64 501/180/64
f 28/179/65 502/181/65 431/54/65 11/50/65
f 28/182/66 501/183/66 44/184/66 503/185/66
f 28/182/67 503/185/67 504/186/67 502/187/67
f 29/188/68 448/189/68 505/190/68 45/191/68
f 29/192/69 483/145/69 445/78/69 448/193/69
f 30/158/70 490/157/70 506/194/70 507/195/70
f 30/158/71 507/195/71 508/196/71 509/197/71
f 30/158/72 509/197/72 494/198/72 450/159/72
f 31/121/73 469/120/73 53/199/73 510/200/73
f 31/121/74 510/200/74 511/201/74 512/202/74
f 32/203/75 513/204/75 54/205/75 514/206/75
f 32/207/76 425/70/76 440/69/76 513/208/76
f 32/203/77 514/206/77 515/209/77 442/210/77
f 33/211/78 516/212/78 517/213/78 518/214/78
f 33/211/79 518/214/79 519/215/79 38/216/79
f 33/217/80 38/218/80 520/219/80 516/220/80
f 432/55/81 431/54/81 521/221/81 522/222/81
f 34/223/82 471/224/82 523/225/82 524/226/82
f 34/227/83 462/105/83 461/104/83 471/228/83
f 34/227/84 524/229/84 492/162/84 462/105/84
f 35/230/85 525/231/85 526/232/85 39/233/85
f 35/234/86 527/235/86 528/236/86 525/237/86
f 35/230/87 39/233/87 42/238/87 529/239/87
f 36/240/88 530/241/88 531/242/88 532/243/88
f 36/240/89 532/243/89 533/244/89 40/245/89
f 36/240/90 534/246/90 535/247/90 530/241/90
f 36/240/91 536/248/91 55/249/91 534/246/91
f 37/250/92 537/251/92 490/157/92 489/156/92
f 37/252/93 489/253/93 488/166/93 538/254/93
f 37/255/94 538/256/94 523/225/94 539/257/94
f 37/255/95 539/257/95 540/258/95 541/259/95
f 37/255/96 541/259/96 52/260/96 537/261/96
f 38/216/97 542/262/97 543/263/97 520/264/97
f 38/265/98 519/266/98 544/267/98 545/268/98
f 38/216/99 545/269/99 546/270/99 542/262/99
f 547/271/100 548/272/100 54/273/100 513/274/100
f 39/233/101 526/232/101 549/275/101 42/238/101
f 40/276/102 533/277/102 528/278/102 527/279/102
f 41/280/103 524/226/103 523/225/103 538/256/103
f 41/281/104 493/163/104 492/162/104 524/229/104
f 41/282/105 538/254/105 488/166/105 493/165/105
f 42/238/106 549/275/106 45/283/106 505/284/106
f 42/285/107 505/190/107 500/177/107 499/176/107
f 42/238/108 499/286/108 62/287/108 529/239/108
f 43/288/109 508/289/109 507/290/109 550/291/109
f 43/292/110 550/293/110 551/294/110 552/295/110
f 43/296/111 552/297/111 553/298/111 508/299/111
f 44/300/112 48/301/112 50/302/112 503/303/112
f 45/304/113 549/305/113 483/145/113 29/192/113
f 46/306/114 521/221/114 431/54/114 502/181/114
f 46/307/115 502/187/115 504/186/115 554/308/115
f 46/309/116 554/310/116 555/311/116 521/312/116
f 47/313/117 558/314/117 559/315/117 560/316/117
f 47/313/118 561/317/118 548/272/118 558/314/118
f 47/313/119 562/318/119 563/319/119 561/317/119
f 48/320/120 564/321/120 565/322/120 566/323/120
f 48/320/121 44/324/121 567/325/121 564/321/121
f 48/320/122 568/326/122 569/327/122 50/328/122
f 49/329/123 557/330/123 61/331/123 570/332/123
f 50/328/124 569/327/124 504/333/124 503/334/124
f 51/335/125 571/336/125 572/337/125 573/338/125
f 51/335/126 560/316/126 559/315/126 571/336/126
f 51/335/127 574/339/127 575/340/127 576/341/127
f 51/335/128 573/338/128 577/342/128 574/339/128
f 52/260/129 578/343/129 579/344/129 580/345/129
f 52/260/130 580/345/130 74/346/130 581/347/130
f 52/260/131 581/347/131 582/348/131 537/261/131
f 53/349/132 554/308/132 504/186/132 569/350/132
f 53/199/133 583/351/133 584/352/133 510/200/133
f 54/273/134 548/272/134 561/317/134 514/353/134
f 55/354/135 585/355/135 67/356/135 63/357/135
f 55/354/136 586/358/136 587/359/136 534/360/136
f 56/361/137 588/362/137 589/363/137 69/364/137
f 57/365/138 582/348/138 581/347/138 590/366/138
f 57/367/139 591/368/139 506/369/139 582/370/139
f 57/371/140 590/372/140 592/373/140 591/374/140
f 58/375/141 593/376/141 594/377/141 595/378/141
f 58/375/142 595/378/142 570/379/142 61/380/142
f 58/375/143 61/380/143 68/381/143 593/376/143
f 59/382/144 596/383/144 597/384/144 598/385/144
f 59/382/145 599/386/145 600/387/145 601/388/145
f 59/382/146 598/385/146 60/389/146 599/386/146
f 60/389/147 602/390/147 603/391/147 604/392/147
f 60/389/148 604/392/148 605/393/148 599/386/148
f 61/380/149 557/394/149 606/395/149 607/396/149
f 61/380/150 607/396/150 90/397/150 68/381/150
f 62/398/151 608/399/151 609/400/151 529/401/151
f 62/402/152 499/176/152 498/178/152 610/403/152
f 62/402/153 88/404/153 611/405/153 608/406/153
f 612/407/154 613/408/154 614/409/154 615/410/154
f 63/357/155 67/356/155 616/411/155 617/412/155
f 63/357/156 617/412/156 618/413/156 80/414/156
f 63/357/157 80/414/157 619/415/157 620/416/157
f 64/417/158 621/418/158 74/419/158 603/420/158
f 64/417/159 603/420/159 602/421/159 622/422/159
f 65/423/160 623/424/160 624/425/160 625/426/160
f 65/423/161 625/426/161 626/427/161 78/428/161
f 65/429/162 78/430/162 627/431/162 628/432/162
f 65/433/163 628/434/163 629/435/163 623/436/163
f 66/437/164 630/438/164 631/439/164 632/440/164
f 66/437/165 632/440/165 633/441/165 70/442/165
f 66/437/166 634/443/166 635/444/166 630/438/166
f 66/437/167 70/442/167 636/445/167 637/446/167
f 638/447/168 639/448/168 640/449/168 641/450/168
f 68/451/169 73/452/169 642/453/169 593/454/169
f 68/381/170 90/397/170 643/455/170 644/456/170
f 68/451/171 644/457/171 645/458/171 73/452/171
f 69/364/172 589/363/172 646/459/172 77/460/172
f 69/364/173 606/395/173 557/394/173 56/361/173
f 70/461/174 633/462/174 647/463/174 636/464/174
f 71/465/175 648/466/175 649/467/175 650/468/175
f 71/465/176 651/469/176 652/470/176 648/466/176
f 71/465/177 653/471/177 654/472/177 651/469/177
f 72/473/178 600/474/178 655/475/178 656/476/178
f 72/473/179 657/477/179 601/478/179 600/474/179
f 72/479/180 656/480/180 658/481/180 657/482/180
f 73/483/181 76/484/181 659/485/181 642/486/181
f 73/452/182 645/458/182 660/487/182 76/488/182
f 74/489/183 661/490/183 604/392/183 603/391/183
f 74/346/184 580/345/184 662/491/184 661/492/184
f 75/493/185 663/494/185 566/495/185 659/496/185
f 76/497/186 660/498/186 75/493/186 659/496/186
f 75/499/187 660/487/187 664/500/187 665/501/187
f 77/460/188 646/459/188 81/502/188 666/503/188
f 77/504/189 666/505/189 667/506/189 69/507/189
f 668/508/190 669/509/190 670/510/190 82/511/190
f 79/512/191 614/513/191 608/406/191 611/405/191
f 79/514/192 616/411/192 615/515/192 614/516/192
f 79/514/193 611/517/193 617/412/193 616/411/193
f 80/518/194 618/519/194 671/520/194 672/521/194
f 80/518/195 672/521/195 89/522/195 673/523/195
f 80/518/196 673/523/196 674/524/196 619/525/196
f 81/502/197 646/459/197 675/526/197 676/527/197
f 81/502/198 676/527/198 677/528/198 678/529/198
f 78/430/199 679/530/199 680/531/199 627/431/199
f 78/532/200 626/533/200 104/534/200 679/535/200
f 82/511/201 93/536/201 681/537/201 639/448/201
f 82/511/202 670/510/202 682/538/202 93/536/202
f 83/539/203 683/540/203 684/541/203 685/542/203
f 83/543/204 686/544/204 85/545/204 683/546/204
f 83/539/205 687/547/205 682/538/205 686/548/205
f 84/549/206 688/550/206 689/551/206 690/552/206
f 692/553/207 693/554/207 688/550/207 84/549/207
f 84/549/208 690/552/208 691/555/208 692/553/208
f 85/556/209 694/557/209 695/558/209 683/540/209
f 85/559/210 686/560/210 696/561/210 694/562/210
f 86/563/211 697/564/211 698/565/211 661/490/211
f 121/566/212 699/567/212 697/568/212 86/569/212
f 86/569/213 661/492/213 662/491/213 121/566/213
f 87/570/214 700/571/214 701/572/214 702/573/214
f 87/574/215 703/575/215 704/576/215 700/577/215
f 88/578/216 618/413/216 617/412/216 611/517/216
f 88/404/217 62/402/217 610/403/217 705/579/217
f 88/580/218 105/581/218 671/520/218 618/519/218
f 88/404/219 705/579/219 127/582/219 105/583/219
f 89/584/220 706/585/220 94/586/220 673/587/220
f 89/584/221 672/588/221 707/589/221 706/585/221
f 90/590/222 708/591/222 709/592/222 91/593/222
f 90/397/223 607/396/223 710/594/223 708/595/223
f 90/397/224 91/596/224 711/597/224 643/455/224
f 81/502/225 678/529/225 712/598/225 666/503/225
f 91/596/226 709/599/226 713/600/226 711/597/226
f 92/601/227 714/602/227 715/603/227 716/604/227
f 92/605/228 716/606/228 717/607/228 718/608/228
f 92/605/229 718/608/229 719/609/229 714/610/229
f 93/611/230 720/612/230 721/613/230 722/614/230
f 93/536/231 722/615/231 723/616/231 681/537/231
f 93/536/232 682/538/232 687/547/232 720/617/232
f 94/586/233 724/618/233 674/619/233 673/587/233
f 94/586/234 706/585/234 108/620/234 725/621/234
f 95/622/235 726/623/235 674/624/235 724/625/235
f 95/626/236 727/627/236 728/628/236 729/629/236
f 95/626/237 724/618/237 730/630/237 727/627/237
f 95/626/238 729/629/238 731/631/238 726/632/238
f 96/633/239 690/552/239 732/634/239 733/635/239
f 96/636/240 733/637/240 734/638/240 735/639/240
f 96/636/241 735/639/241 691/640/241 690/641/241
f 97/642/242 736/643/242 692/553/242 691/555/242
f 98/644/243 737/645/243 637/646/243 99/647/243
f 98/648/244 738/649/244 739/650/244 737/651/244
f 98/648/245 99/652/245 112/653/245 738/649/245
f 99/647/246 637/646/246 636/654/246 111/655/246
f 100/656/247 740/657/247 741/658/247 742/659/247
f 100/656/248 742/659/248 723/616/248 722/615/248
f 100/656/249 722/615/249 721/660/249 740/657/249
f 101/661/250 743/662/250 744/663/250 109/664/250
f 101/661/251 745/665/251 746/666/251 743/662/251
f 101/661/252 109/664/252 747/667/252 748/668/252
f 101/669/253 748/670/253 749/671/253 750/672/253
f 101/669/254 750/672/254 113/673/254 745/674/254
f 102/675/255 664/500/255 660/487/255 645/458/255
f 102/676/256 645/677/256 644/456/256 751/678/256
f 102/679/257 751/680/257 752/681/257 664/682/257
f 103/683/258 753/684/258 754/685/258 755/686/258
f 757/687/259 758/688/259 753/684/259 103/683/259
f 103/683/260 755/686/260 756/689/260 757/687/260
f 104/690/261 759/691/261 760/692/261 761/693/261
f 104/690/262 626/427/262 762/694/262 759/691/262
f 104/534/263 761/695/263 763/696/263 679/535/263
f 105/583/264 127/582/264 764/697/264 671/698/264
f 708/591/265 765/699/265 766/700/265 110/701/265
f 106/702/266 709/592/266 708/591/266 110/701/266
f 106/703/267 767/704/267 713/600/267 709/599/267
f 99/652/268 111/705/268 768/706/268 112/653/268
f 107/707/269 769/708/269 770/709/269 771/710/269
f 107/707/270 705/579/270 610/403/270 769/708/270
f 107/707/271 772/711/271 127/582/271 705/579/271
f 115/712/272 119/713/272 118/714/272 773/715/272
f 706/585/273 707/589/273 119/713/273 115/712/273
f 108/620/274 706/585/274 115/712/274 773/715/274
f 109/664/275 744/663/275 774/716/275 747/667/275
f 110/701/276 766/700/276 775/717/276 106/702/276
f 111/718/277 636/464/277 647/463/277 776/719/277
f 112/720/278 768/721/278 777/722/278 114/723/278
f 112/653/279 114/724/279 778/725/279 779/726/279
f 112/653/280 779/726/280 685/542/280 738/649/280
f 113/673/281 750/672/281 780/727/281 122/728/281
f 113/673/282 781/729/282 782/730/282 745/674/282
f 113/731/283 122/732/283 783/733/283 784/734/283
f 113/731/284 784/734/284 785/735/284 781/736/284
f 114/723/285 777/722/285 786/737/285 778/738/285
f 94/586/286 134/739/286 730/630/286 724/618/286
f 94/740/287 725/741/287 787/742/287 788/743/287
f 116/744/288 789/745/288 584/352/288 790/746/288
f 116/744/289 790/746/289 791/747/289 792/748/289
f 116/744/290 792/748/290 793/749/290 794/750/290
f 117/751/291 795/752/291 796/753/291 797/754/291
f 117/751/292 650/755/292 798/756/292 795/752/292
f 117/757/293 126/758/293 71/465/293 650/468/293
f 117/757/294 797/759/294 140/760/294 126/758/294
f 118/761/295 764/697/295 127/582/295 773/762/295
f 118/714/296 119/713/296 707/589/296 764/763/296
f 120/764/297 716/604/297 715/603/297 799/765/297
f 120/766/298 799/767/298 774/768/298 800/769/298
f 121/566/299 801/770/299 802/771/299 699/567/299
f 121/566/300 803/772/300 804/773/300 130/774/300
f 121/566/301 130/774/301 805/775/301 801/770/301
f 122/728/302 780/727/302 806/776/302 783/777/302
f 123/778/303 807/779/303 808/780/303 125/781/303
f 123/782/304 125/783/304 809/784/304 754/785/304
f 123/782/305 754/785/305 753/786/305 807/787/305
f 810/788/306 790/746/306 584/352/306 583/351/306
f 124/789/307 811/790/307 812/791/307 813/792/307
f 124/793/308 813/794/308 140/760/308 797/759/308
f 124/789/309 797/754/309 796/753/309 811/790/309
f 125/781/310 808/780/310 814/795/310 809/796/310
f 126/758/311 815/797/311 653/471/311 71/465/311
f 127/798/312 772/799/312 816/800/312 773/715/312
f 128/801/313 137/802/313 817/803/313 818/804/313
f 128/805/314 775/806/314 819/807/314 820/808/314
f 128/805/315 767/704/315 106/703/315 775/806/315
f 128/805/316 818/809/316 821/810/316 767/704/316
f 129/811/317 822/812/317 730/630/317 134/739/317
f 129/811/318 823/813/318 142/814/318 822/812/318
f 129/811/319 134/739/319 824/815/319 823/813/319
f 130/774/320 804/773/320 825/816/320 826/817/320
f 130/774/321 827/818/321 828/819/321 805/775/321
f 130/774/322 826/817/322 829/820/322 827/818/322
f 131/821/323 830/822/323 761/693/323 760/692/323
f 131/823/324 760/824/324 831/825/324 832/826/324
f 131/821/325 833/827/325 834/828/325 830/822/325
f 131/823/326 832/826/326 835/829/326 833/830/326
f 132/831/327 836/832/327 837/833/327 133/834/327
f 132/831/328 838/835/328 839/836/328 148/837/328
f 133/834/329 837/833/329 812/838/329 840/839/329
f 133/834/330 840/839/330 841/840/330 132/831/330
f 134/739/331 94/586/331 788/841/331 139/842/331
f 134/739/332 139/842/332 842/843/332 824/815/332
f 135/844/333 843/845/333 844/846/333 845/847/333
f 135/848/334 846/849/334 847/850/334 138/851/334
f 135/844/335 138/852/335 848/853/335 843/845/335
f 136/854/336 828/819/336 827/818/336 849/855/336
f 136/856/337 850/857/337 851/858/337 828/859/337
f 136/856/338 849/860/338 852/861/338 850/857/338
f 137/862/339 128/805/339 820/808/339 853/863/339
f 137/862/340 853/863/340 854/864/340 817/865/340
f 139/842/341 788/841/341 855/866/341 842/843/341
f 140/867/342 837/833/342 836/832/342 152/868/342
f 140/760/343 152/869/343 856/870/343 126/758/343
f 141/871/344 857/872/344 858/873/344 149/874/344
f 141/871/345 149/874/345 164/875/345 859/876/345
f 142/814/346 860/877/346 861/878/346 822/812/346
f 142/814/347 823/813/347 862/879/347 860/877/347
f 143/880/348 863/881/348 864/882/348 865/883/348
f 143/884/349 865/885/349 866/886/349 144/887/349
f 143/888/350 144/889/350 867/890/350 868/891/350
f 143/892/351 173/893/351 163/894/351 863/895/351
f 144/889/352 866/896/352 869/897/352 867/890/352
f 145/898/353 870/899/353 871/900/353 872/901/353
f 145/902/354 873/903/354 159/904/354 874/905/354
f 145/902/355 874/905/355 819/807/355 870/906/355
f 146/907/356 875/908/356 876/909/356 175/910/356
f 794/750/357 793/749/357 875/908/357 146/907/357
f 146/907/358 175/910/358 877/911/358 794/750/358
f 402/912/359 878/913/359 162/914/359 879/915/359
f 402/912/360 879/915/360 880/916/360 147/917/360
f 147/917/361 881/918/361 882/919/361 402/912/361
f 148/920/362 883/921/362 884/922/362 151/923/362
f 148/837/363 839/836/363 885/924/363 883/925/363
f 148/837/364 886/926/364 836/832/364 132/831/364
f 148/927/365 151/928/365 887/929/365 886/930/365
f 149/874/366 862/879/366 888/931/366 889/932/366
f 149/874/367 858/873/367 860/877/367 862/879/367
f 149/874/368 889/932/368 890/933/368 164/875/368
f 891/934/369 892/935/369 158/936/369 893/937/369
f 891/938/370 893/939/370 894/940/370 895/941/370
f 150/942/371 896/943/371 818/804/371 817/803/371
f 150/944/372 897/945/372 898/946/372 896/947/372
f 150/948/373 817/865/373 854/864/373 897/949/373
f 151/950/374 884/951/374 899/952/374 887/953/374
f 152/869/375 900/954/375 190/955/375 901/956/375
f 152/957/376 836/958/376 886/930/376 900/959/376
f 152/869/377 901/956/377 191/960/377 856/870/377
f 153/961/378 902/962/378 903/963/378 846/849/378
f 153/961/379 846/849/379 135/848/379 904/964/379
f 154/965/380 905/966/380 157/967/380 906/968/380
f 154/969/381 906/970/381 829/820/381 907/971/381
f 154/965/382 868/891/382 867/890/382 905/966/382
f 154/969/383 907/971/383 908/972/383 909/973/383
f 154/974/384 909/975/384 910/976/384 868/977/384
f 155/978/385 911/979/385 912/980/385 913/981/385
f 155/978/386 853/863/386 820/808/386 911/979/386
f 155/978/387 913/981/387 854/864/387 853/863/387
f 156/982/388 787/983/388 914/984/388 915/985/388
f 156/986/389 915/987/389 916/988/389 855/866/389
f 156/986/390 855/866/390 788/841/390 787/989/390
f 157/990/391 905/991/391 917/992/391 852/861/391
f 157/990/392 852/861/392 849/860/392 906/993/392
f 158/994/393 918/995/393 174/996/393 919/997/393
f 158/994/394 919/997/394 920/998/394 893/939/394
f 159/904/395 912/980/395 911/979/395 874/905/395
f 159/904/396 873/903/396 921/999/396 922/1000/396
f 160/1001/397 923/1002/397 863/1003/397 163/1004/397
f 160/1005/398 924/1006/398 925/1007/398 923/1008/398
f 160/1005/399 163/1009/399 926/1010/399 924/1006/399
f 161/1011/400 927/1012/400 833/830/400 835/829/400
f 162/914/401 928/1013/401 929/1014/401 930/1015/401
f 931/1016/402 932/1017/402 933/1018/402 170/1019/402
f 931/1020/403 934/1021/403 935/1022/403 936/1023/403
f 931/1016/404 170/1019/404 937/1024/404 934/1025/404
f 164/1026/405 890/1027/405 938/1028/405 167/1029/405
f 164/1030/406 167/1031/406 180/1032/406 177/1033/406
f 162/914/407 930/1015/407 194/1034/407 879/915/407
f 165/1035/408 939/1036/408 940/1037/408 941/1038/408
f 165/1035/409 941/1038/409 206/1039/409 176/1040/409
f 165/1035/410 176/1040/410 915/985/410 914/984/410
f 166/1041/411 938/1028/411 890/1027/411 942/1042/411
f 166/1041/412 943/1043/412 944/1044/412 938/1028/412
f 167/1031/413 938/1045/413 944/1046/413 180/1032/413
f 168/1047/414 887/953/414 899/952/414 945/1048/414
f 168/1049/415 900/959/415 886/930/415 887/929/415
f 168/1050/416 945/1051/416 190/955/416 900/954/416
f 169/1052/417 946/1053/417 898/946/417 897/945/417
f 169/1054/418 897/949/418 854/864/418 913/981/418
f 169/1054/419 913/981/419 912/980/419 946/1055/419
f 170/1019/420 933/1018/420 947/1056/420 937/1024/420
f 171/1057/421 948/1058/421 949/1059/421 950/1060/421
f 171/1061/422 950/1062/422 183/1063/422 951/1064/422
f 172/1065/423 952/1066/423 953/1067/423 178/1068/423
f 172/1065/424 178/1068/424 954/1069/424 955/1070/424
f 172/1071/425 956/1072/425 957/1073/425 952/1074/425
f 173/1075/426 958/1076/426 959/1077/426 163/1078/426
f 174/996/427 960/1079/427 961/1080/427 181/1081/427
f 174/996/428 918/995/428 962/1082/428 960/1079/428
f 175/1083/429 159/904/429 922/1000/429 187/1084/429
f 175/910/430 187/1085/430 963/1086/430 877/911/430
f 175/1087/431 946/1088/431 912/1089/431 159/1090/431
f 176/1091/432 964/1092/432 965/1093/432 966/1094/432
f 176/1040/433 206/1039/433 967/1095/433 964/1096/433
f 177/1097/434 182/1098/434 968/1099/434 164/1100/434
f 177/1033/435 180/1032/435 969/1101/435 182/1102/435
f 178/1068/436 953/1067/436 970/1103/436 954/1069/436
f 179/1104/437 921/1105/437 971/1106/437 972/1107/437
f 179/1108/438 973/1109/438 922/1110/438 921/1111/438
f 179/1112/439 972/1113/439 974/1114/439 973/1115/439
f 181/1081/440 961/1080/440 975/1116/440 200/1117/440
f 183/1118/441 950/1060/441 976/1119/441 977/1120/441
f 183/1118/442 188/1121/442 978/1122/442 979/1123/442
f 183/1118/443 979/1123/443 980/1124/443 951/1125/443
f 184/1126/444 981/1127/444 180/1032/444 944/1046/444
f 184/1126/445 944/1046/445 943/1128/445 982/1129/445
f 184/1126/446 982/1129/446 983/1130/446 981/1127/446
f 185/1131/447 984/1132/447 985/1133/447 986/1134/447
f 185/1131/448 986/1134/448 987/1135/448 212/1136/448
f 185/1131/449 212/1136/449 989/1137/449 988/1138/449
f 186/1139/450 988/1138/450 190/1140/450 189/1141/450
f 187/1142/451 922/1110/451 973/1109/451 990/1143/451
f 187/1085/452 990/1144/452 211/1145/452 991/1146/452
f 187/1085/453 991/1146/453 992/1147/453 963/1086/453
f 188/1121/454 183/1118/454 977/1120/454 993/1148/454
f 188/1121/455 993/1148/455 994/1149/455 978/1122/455
f 189/1141/456 899/952/456 884/951/456 186/1139/456
f 190/955/457 988/1150/457 989/1151/457 901/956/457
f 191/960/458 901/956/458 989/1151/458 995/1152/458
f 191/960/459 996/1153/459 997/1154/459 998/1155/459
f 191/960/460 995/1152/460 999/1156/460 996/1153/460
f 192/1157/461 1000/1158/461 1001/1159/461 1002/1160/461
f 192/1161/462 1002/1162/462 172/1163/462 955/1164/462
f 193/1165/463 974/1114/463 1003/1166/463 1004/1167/463
f 193/1168/464 1004/1169/464 211/1145/464 990/1144/464
f 193/1170/465 990/1143/465 973/1109/465 974/1171/465
f 194/1034/466 1005/1172/466 1006/1173/466 197/1174/466
f 194/1034/467 930/1015/467 1007/1175/467 1005/1172/467
f 194/1034/468 197/1174/468 1008/1176/468 1009/1177/468
f 1010/1178/469 1011/1179/469 199/1180/469 1012/1181/469
f 195/1182/470 1013/1183/470 935/1184/470 1014/1185/470
f 195/1182/471 1015/1186/471 1016/1187/471 1013/1183/471
f 195/1182/472 1014/1185/472 202/1188/472 1015/1186/472
f 196/1189/473 956/1190/473 172/1191/473 1002/1160/473
f 196/1192/474 987/1135/474 986/1134/474 956/1072/474
f 196/1193/475 203/1194/475 1017/1195/475 987/1196/475
f 196/1197/476 1018/1198/476 1019/1199/476 203/1200/476
f 196/1189/477 1002/1160/477 1001/1159/477 1018/1201/477
f 197/1174/478 1006/1173/478 1020/1202/478 1008/1176/478
f 198/1203/479 959/1077/479 958/1076/479 1021/1204/479
f 198/1203/480 1021/1204/480 1022/1205/480 215/1206/480
f 198/1207/481 1023/1208/481 1024/1209/481 959/1210/481
f 199/1180/482 1011/1179/482 1025/1211/482 1026/1212/482
f 199/1180/483 200/1117/483 1027/1213/483 1012/1181/483
f 1028/1214/484 910/1215/484 909/1216/484 1029/1217/484
f 198/1207/485 215/1218/485 1030/1219/485 1023/1208/485
f 200/1117/486 975/1116/486 1031/1220/486 1032/1221/486
f 200/1117/487 199/1180/487 174/996/487 181/1081/487
f 201/1222/488 205/1223/488 1033/1224/488 1034/1225/488
f 201/1222/489 1034/1225/489 1035/1226/489 213/1227/489
f 201/1222/490 1036/1228/490 1037/1229/490 205/1223/490
f 202/1188/491 204/1230/491 1038/1231/491 1015/1186/491
f 202/1188/492 1014/1185/492 1039/1232/492 1040/1233/492
f 983/1130/493 967/1234/493 1041/1235/493 981/1127/493
f 203/1236/494 1019/1237/494 1042/1238/494 1017/1239/494
f 204/1230/495 216/1240/495 1043/1241/495 1038/1231/495
f 204/1230/496 202/1188/496 1044/1242/496 216/1240/496
f 205/1223/497 1037/1229/497 1003/1166/497 1033/1224/497
f 206/1039/498 941/1038/498 1045/1243/498 1046/1244/498
f 206/1245/499 1046/1246/499 208/1247/499 1047/1248/499
f 206/1039/500 1047/1249/500 1041/1250/500 967/1095/500
f 207/1251/501 1048/1252/501 1049/1253/501 1050/1254/501
f 207/1251/502 1050/1254/502 248/1255/502 1051/1256/502
f 207/1251/503 1051/1256/503 1052/1257/503 976/1119/503
f 208/1258/504 1053/1259/504 1054/1260/504 1055/1261/504
f 208/1247/505 1055/1262/505 1056/1263/505 1047/1248/505
f 209/1264/506 1049/1265/506 1055/1261/506 1054/1260/506
f 209/1266/507 1054/1267/507 1057/1268/507 1058/1269/507
f 209/1270/508 1058/1271/508 1050/1272/508 1049/1273/508
f 210/1274/509 908/972/509 1059/1275/509 1060/1276/509
f 210/1274/510 1029/1277/510 909/973/510 908/972/510
f 210/1278/511 1022/1205/511 1021/1204/511 1029/1217/511
f 212/1279/512 987/1196/512 1017/1195/512 1061/1280/512
f 212/1281/513 1062/1282/513 995/1152/513 989/1151/513
f 212/1279/514 1061/1280/514 218/1283/514 1062/1284/514
f 1063/1285/515 1032/1221/515 1064/1286/515 1065/1287/515
f 213/1288/516 1066/1289/516 1067/1290/516 219/1291/516
f 213/1227/517 219/1292/517 1068/1293/517 201/1222/517
f 213/1227/518 1069/1294/518 1070/1295/518 1066/1296/518
f 214/1297/519 217/1298/519 993/1148/519 977/1120/519
f 214/1297/520 977/1120/520 1071/1299/520 1072/1300/520
f 216/1240/521 1070/1295/521 1069/1294/521 1043/1241/521
f 217/1298/522 1073/1301/522 1074/1302/522 1075/1303/522
f 217/1298/523 1076/1304/523 994/1149/523 993/1148/523
f 217/1298/524 1075/1303/524 1077/1305/524 1076/1304/524
f 218/1306/525 1061/1307/525 1078/1308/525 1079/1309/525
f 218/1310/526 1079/1311/526 232/1312/526 1062/1282/526
f 219/1292/527 1067/1313/527 1080/1314/527 1068/1293/527
f 220/1315/528 1053/1316/528 235/1317/528 1081/1318/528
f 220/1315/529 1057/1268/529 1054/1267/529 1053/1316/529
f 221/1319/530 1082/1320/530 1083/1321/530 1084/1322/530
f 221/1323/531 1085/1324/531 1086/1325/531 1082/1326/531
f 221/1327/532 1084/1328/532 1087/1329/532 1085/1330/532
f 1089/1331/533 1090/1332/533 226/1333/533 224/1334/533
f 222/1335/534 1088/1336/534 1089/1337/534 224/1338/534
f 222/1335/535 224/1338/535 226/1339/535 1040/1233/535
f 223/1340/536 1091/1341/536 1092/1342/536 1093/1343/536
f 223/1344/537 1094/1345/537 225/1346/537 1095/1347/537
f 225/1348/538 1096/1349/538 1097/1350/538 1095/1351/538
f 225/1348/539 1094/1352/539 1098/1353/539 1096/1349/539
f 227/1354/540 1099/1355/540 1100/1356/540 234/1357/540
f 227/1358/541 234/1359/541 1101/1360/541 1102/1361/541
f 227/1358/542 1102/1361/542 1086/1362/542 1085/1363/542
f 228/1364/543 1103/1365/543 1104/1366/543 1105/1367/543
f 228/1364/544 1105/1367/544 991/1146/544 211/1145/544
f 228/1368/545 211/1369/545 1106/1370/545 1103/1371/545
f 229/1372/546 1079/1309/546 1078/1308/546 1083/1321/546
f 229/1373/547 1083/1374/547 1082/1375/547 1107/1376/547
f 229/1377/548 1107/1378/548 232/1312/548 1079/1311/548
f 230/1379/549 1108/1380/549 1109/1381/549 1110/1382/549
f 991/1146/550 1105/1367/550 1108/1380/550 230/1379/550
f 230/1379/551 1110/1382/551 992/1147/551 991/1146/551
f 231/1383/552 1058/1384/552 1057/1385/552 233/1386/552
f 231/1387/553 233/1388/553 1081/1389/553 1111/1390/553
f 231/1391/554 248/1255/554 1050/1254/554 1058/1392/554
f 232/1312/555 1113/1393/555 240/1394/555 999/1156/555
f 232/1395/556 1107/1396/556 1114/1397/556 1113/1398/556
f 233/1399/557 1057/1268/557 220/1315/557 1081/1318/557
f 234/1357/558 1100/1356/558 1115/1400/558 1116/1401/558
f 234/1402/559 1116/1403/559 1117/1404/559 1118/1405/559
f 234/1406/560 1118/1407/560 1119/1408/560 1101/1409/560
f 235/1410/561 1120/1411/561 1111/1412/561 1081/1413/561
f 235/1410/562 1053/1414/562 208/1415/562 1121/1416/562
f 236/1417/563 1122/1418/563 1123/1419/563 1124/1420/563
f 236/1421/564 1125/1422/564 1126/1423/564 1122/1424/564
f 237/1425/565 1127/1426/565 1128/1427/565 1129/1428/565
f 237/1425/566 256/1429/566 1130/1430/566 247/1431/566
f 237/1425/567 1080/1314/567 1067/1313/567 1127/1426/567
f 237/1425/568 247/1431/568 1131/1432/568 1080/1314/568
f 238/1433/569 1132/1434/569 1133/1435/569 246/1436/569
f 238/1437/570 1123/1419/570 1134/1438/570 1132/1439/570
f 238/1437/571 246/1440/571 1124/1420/571 1123/1419/571
f 236/1417/572 250/1441/572 1135/1442/572 1125/1443/572
f 236/1417/573 1124/1420/573 1136/1444/573 250/1441/573
f 239/1445/574 1137/1446/574 1138/1447/574 1139/1448/574
f 239/1449/575 1139/1450/575 1140/1451/575 243/1452/575
f 239/1449/576 243/1452/576 1141/1453/576 1137/1454/576
f 240/1394/577 271/1455/577 1142/1456/577 1143/1457/577
f 240/1394/578 1144/1458/578 276/1459/578 271/1455/578
f 241/1460/579 1145/1461/579 1146/1462/579 1147/1463/579
f 241/1464/580 1147/1465/580 1148/1466/580 1149/1467/580
f 241/1464/581 1149/1467/581 1150/1468/581 1145/1469/581
f 242/1470/582 223/1340/582 1093/1343/582 1151/1471/582
f 242/1470/583 1152/1472/583 1094/1473/583 223/1340/583
f 242/1470/584 245/1474/584 1153/1475/584 1152/1472/584
f 242/1470/585 1151/1471/585 1154/1476/585 1155/1477/585
f 242/1478/586 1155/1479/586 1156/1480/586 245/1481/586
f 243/1452/587 1157/1482/587 1158/1483/587 1141/1453/587
f 244/1484/588 1104/1485/588 1131/1432/588 247/1431/588
f 244/1486/589 247/1487/589 1109/1381/589 1108/1380/589
f 244/1486/590 1108/1380/590 1105/1367/590 1104/1366/590
f 245/1488/591 1156/1489/591 1159/1490/591 1153/1491/591
f 246/1440/592 252/1492/592 1136/1444/592 1124/1420/592
f 246/1436/593 1160/1493/593 1161/1494/593 252/1495/593
f 246/1436/594 1133/1435/594 1162/1496/594 1160/1493/594
f 247/1487/595 1130/1497/595 265/1498/595 1109/1381/595
f 1163/1499/596 1164/1500/596 1165/1501/596 249/1502/596
f 248/1255/597 255/1503/597 1166/1504/597 1051/1256/597
f 249/1505/598 1167/1506/598 257/1507/598 1168/1508/598
f 249/1502/599 1165/1501/599 1169/1509/599 1167/1510/599
f 250/1441/600 1136/1444/600 259/1511/600 1170/1512/600
f 250/1513/601 1170/1514/601 260/1515/601 1171/1516/601
f 250/1441/602 1171/1517/602 1172/1518/602 1135/1442/602
f 237/1519/603 1129/1520/603 1173/1521/603 256/1522/603
f 1174/1523/604 1175/1524/604 1176/1525/604 1177/1526/604
f 1178/1527/605 1179/1528/605 1180/1529/605 1181/1530/605
f 251/1531/606 1182/1532/606 267/1533/606 268/1534/606
f 251/1535/607 1148/1466/607 1147/1465/607 1182/1536/607
f 252/1492/608 1183/1537/608 259/1511/608 1136/1444/608
f 253/1538/609 254/1539/609 1184/1540/609 1185/1541/609
f 253/1542/610 264/1543/610 1186/1544/610 254/1545/610
f 1179/1546/611 1178/1547/611 1187/1548/611 1188/1549/611
f 1179/1546/612 1188/1549/612 1189/1550/612 1190/1551/612
f 254/1545/613 1186/1544/613 243/1452/613 1140/1451/613
f 254/1545/614 1140/1451/614 1172/1518/614 1191/1552/614
f 254/1545/615 1191/1552/615 1192/1553/615 1184/1554/615
f 255/1555/616 274/1556/616 1193/1557/616 1166/1558/616
f 255/1503/617 248/1255/617 1194/1559/617 274/1560/617
f 256/1429/618 1173/1561/618 1195/1562/618 1130/1430/618
f 257/1507/619 1196/1563/619 1197/1564/619 1168/1508/619
f 257/1507/620 1167/1506/620 1198/1565/620 1196/1563/620
f 258/1566/621 1199/1567/621 262/1568/621 263/1569/621
f 258/1570/622 1200/1571/622 1201/1572/622 1199/1573/622
f 258/1574/623 263/1575/623 1202/1576/623 272/1577/623
f 259/1511/624 1183/1537/624 1203/1578/624 1170/1512/624
f 260/1579/625 1170/1512/625 1203/1578/625 1204/1580/625
f 260/1515/626 1204/1581/626 1205/1582/626 1171/1516/626
f 261/1583/627 1206/1584/627 277/1585/627 266/1586/627
f 261/1587/628 266/1588/628 1207/1589/628 1208/1590/628
f 262/1591/629 1209/1592/629 1210/1593/629 263/1575/629
f 262/1594/630 1199/1573/630 1211/1595/630 1209/1596/630
f 264/1543/631 253/1542/631 1185/1597/631 1212/1598/631
f 264/1543/632 1213/1599/632 1214/1600/632 1186/1544/632
f 265/1498/633 1215/1601/633 1110/1382/633 1109/1381/633
f 265/1498/634 284/1602/634 1216/1603/634 1215/1601/634
f 265/1498/635 273/1604/635 296/1605/635 284/1602/635
f 265/1606/636 1130/1430/636 1195/1562/636 273/1607/636
f 266/1586/637 277/1585/637 1217/1608/637 1218/1609/637
f 266/1610/638 1219/1611/638 1220/1612/638 1207/1613/638
f 266/1610/639 1221/1614/639 1222/1615/639 1219/1611/639
f 267/1616/640 269/1617/640 1223/1618/640 1224/1619/640
f 267/1616/641 1182/1620/641 1225/1621/641 269/1617/641
f 267/1616/642 1224/1619/642 1226/1622/642 275/1623/642
f 268/1624/643 1227/1625/643 1148/1466/643 251/1535/643
f 268/1534/644 267/1533/644 275/1626/644 1227/1627/644
f 269/1617/645 1228/1628/645 1229/1629/645 1223/1618/645
f 269/1630/646 1230/1631/646 1231/1632/646 1228/1633/646
f 270/1634/647 1212/1635/647 1185/1541/647 1232/1636/647
f 271/1455/648 276/1459/648 286/1637/648 1233/1638/648
f 271/1455/649 1234/1639/649 1235/1640/649 1142/1456/649
f 271/1455/650 1233/1638/650 303/1641/650 1234/1639/650
f 275/1642/651 1226/1643/651 286/1637/651 1236/1644/651
f 274/1556/652 1237/1645/652 282/1646/652 1193/1557/652
f 274/1647/653 1194/1648/653 1238/1649/653 1237/1650/653
f 1194/1559/654 248/1255/654 231/1391/654 1238/1651/654
f 278/1652/655 1241/1653/655 1242/1654/655 1243/1655/655
f 278/1656/656 1183/1657/656 252/1495/656 1241/1658/656
f 278/1659/657 1243/1660/657 1203/1578/657 1183/1537/657
f 279/1661/658 1244/1662/658 1245/1663/658 1246/1664/658
f 279/1665/659 1129/1666/659 1128/1667/659 1244/1668/659
f 279/1661/660 1246/1664/660 1173/1561/660 1129/1428/660
f 280/1669/661 1248/1670/661 1249/1671/661 1250/1672/661
f 280/1669/662 1250/1672/662 1251/1673/662 1252/1674/662
f 280/1669/663 1169/1675/663 1165/1676/663 1248/1670/663
f 280/1669/664 1252/1674/664 1253/1677/664 1254/1678/664
f 280/1669/665 1254/1678/665 1255/1679/665 1169/1675/665
f 281/1680/666 1256/1681/666 1257/1682/666 1258/1683/666
f 281/1680/667 1259/1684/667 1260/1685/667 1256/1681/667
f 281/1680/668 1196/1563/668 1198/1565/668 1259/1684/668
f 282/1686/669 1261/1687/669 1262/1688/669 1193/1689/669
f 282/1686/670 1237/1650/670 285/1690/670 1261/1687/670
f 283/1691/671 1241/1658/671 252/1495/671 1161/1494/671
f 283/1691/672 1263/1692/672 1264/1693/672 293/1694/672
f 283/1695/673 293/1696/673 1265/1697/673 1266/1698/673
f 283/1699/674 1266/1700/674 1242/1654/674 1241/1653/674
f 284/1701/675 296/1702/675 298/1703/675 302/1704/675
f 285/1690/676 1268/1705/676 1269/1706/676 1270/1707/676
f 285/1708/677 1270/1709/677 1271/1710/677 291/1711/677
f 285/1712/678 291/1713/678 1272/1714/678 1261/1715/678
f 286/1637/679 276/1459/679 1144/1458/679 1236/1644/679
f 286/1716/680 1226/1622/680 1273/1717/680 1274/1718/680
f 286/1637/681 1274/1719/681 1275/1720/681 1233/1638/681
f 287/1721/682 1242/1654/682 1266/1700/682 1276/1722/682
f 287/1723/683 1277/1724/683 1243/1660/683 1242/1725/683
f 287/1726/684 1276/1727/684 1278/1728/684 1277/1729/684
f 288/1730/685 1279/1731/685 1184/1554/685 1192/1553/685
f 288/1730/686 1276/1732/686 1266/1698/686 1265/1697/686
f 288/1733/687 1192/1734/687 1278/1728/687 1276/1727/687
f 289/1735/688 1280/1736/688 1281/1737/688 1282/1738/688
f 289/1739/689 1283/1740/689 1260/1741/689 1280/1742/689
f 289/1735/690 1282/1738/690 1284/1743/690 1283/1744/690
f 290/1745/691 1285/1746/691 1286/1747/691 1287/1748/691
f 290/1749/692 1287/1750/692 1288/1751/692 1289/1752/692
f 290/1745/693 1289/1753/693 1290/1754/693 1285/1746/693
f 291/1713/694 1271/1755/694 297/1756/694 1272/1714/694
f 1291/1757/695 1292/1758/695 1274/1718/695 1273/1717/695
f 292/1759/696 1120/1411/696 1293/1760/696 1294/1761/696
f 292/1759/697 1295/1762/697 1111/1412/697 1120/1411/697
f 293/1696/698 308/1763/698 1296/1764/698 1265/1697/698
f 294/1765/699 1297/1766/699 1298/1767/699 1299/1768/699
f 294/1769/700 1299/1770/700 1300/1771/700 302/1704/700
f 294/1769/701 1257/1682/701 1256/1681/701 1297/1772/701
f 294/1769/702 302/1704/702 298/1703/702 295/1773/702
f 292/1759/703 1301/1774/703 313/1775/703 1295/1762/703
f 295/1773/704 1245/1776/704 1257/1682/704 294/1769/704
f 295/1773/705 298/1703/705 1246/1777/705 1245/1776/705
f 297/1778/706 1271/1779/706 1302/1780/706 1303/1781/706
f 297/1778/707 1303/1781/707 1304/1782/707 1305/1783/707
f 299/1784/708 302/1785/708 1306/1786/708 1307/1787/708
f 299/1788/709 1308/1789/709 1309/1790/709 1216/1603/709
f 300/1791/710 304/1792/710 1310/1793/710 1311/1794/710
f 300/1795/711 1312/1796/711 1313/1797/711 304/1798/711
f 300/1799/712 1311/1800/712 1314/1801/712 1312/1802/712
f 301/1803/713 288/1730/713 1265/1697/713 1296/1764/713
f 301/1804/714 1296/1805/714 1315/1806/714 1316/1807/714
f 301/1803/715 1317/1808/715 1318/1809/715 1319/1810/715
f 301/1803/716 1319/1810/716 1279/1731/716 288/1730/716
f 303/1641/717 1233/1638/717 1275/1720/717 1320/1811/717
f 303/1641/718 311/1812/718 315/1813/718 1234/1639/718
f 303/1814/719 1320/1815/719 1321/1816/719 1322/1817/719
f 303/1818/720 1322/1819/720 1323/1820/720 311/1821/720
f 304/1822/721 1324/1823/721 1325/1824/721 316/1825/721
f 304/1792/722 316/1826/722 1326/1827/722 1310/1793/722
f 1327/1828/723 1315/1829/723 1328/1830/723 309/1831/723
f 305/1832/724 1329/1833/724 1330/1834/724 1316/1835/724
f 305/1832/725 1316/1835/725 1315/1836/725 1327/1837/725
f 306/1838/726 1331/1839/726 1321/1816/726 1320/1815/726
f 306/1840/727 1332/1841/727 1333/1842/727 1331/1843/727
f 306/1844/728 1320/1811/728 1275/1720/728 1332/1845/728
f 307/1846/729 1334/1847/729 1335/1848/729 1336/1849/729
f 307/1846/730 1336/1849/730 1337/1850/730 1338/1851/730
f 308/1852/731 293/1694/731 1339/1853/731 326/1854/731
f 308/1855/732 1340/1856/732 1341/1857/732 1328/1858/732
f 308/1859/733 326/1860/733 1342/1861/733 1340/1862/733
f 309/1863/734 1328/1858/734 1341/1857/734 1329/1864/734
f 310/1865/735 1343/1866/735 1344/1867/735 1345/1868/735
f 310/1869/736 1346/1870/736 1347/1871/736 1343/1872/736
f 310/1869/737 314/1873/737 1348/1874/737 1346/1870/737
f 311/1812/738 1349/1875/738 1350/1876/738 315/1813/738
f 311/1821/739 1323/1820/739 1351/1877/739 1349/1878/739
f 1352/1879/740 1353/1880/740 312/1881/740 1354/1882/740
f 312/1883/741 1353/1884/741 1355/1885/741 1356/1886/741
f 313/1887/742 1357/1888/742 1358/1889/742 1295/1890/742
f 313/1891/743 1301/1892/743 1359/1893/743 1357/1894/743
f 315/1813/744 1360/1895/744 1361/1896/744 1362/1897/744
f 315/1813/745 1362/1897/745 1235/1640/745 1234/1639/745
f 315/1813/746 1350/1876/746 1363/1898/746 1360/1895/746
f 316/1899/747 1325/1900/747 336/1901/747 1364/1902/747
f 316/1903/748 331/1904/748 1365/1905/748 1326/1906/748
f 318/1907/749 1366/1908/749 1367/1909/749 1368/1910/749
f 318/1911/750 1368/1912/750 1337/1850/750 1336/1849/750
f 318/1911/751 1336/1849/751 1335/1848/751 1366/1913/751
f 324/1914/752 330/1915/752 319/1916/752 1369/1917/752
f 1371/1918/753 338/1919/753 330/1920/753 324/1921/753
f 1369/1922/754 1370/1923/754 1371/1918/754 324/1921/754
f 319/1924/755 1372/1925/755 1373/1926/755 1369/1927/755
f 319/1924/756 330/1928/756 338/1929/756 1374/1930/756
f 316/1899/757 1364/1902/757 345/1931/757 331/1932/757
f 321/1933/758 1341/1857/758 1340/1856/758 322/1934/758
f 321/1933/759 1330/1935/759 1329/1864/759 1341/1857/759
f 321/1936/760 322/1937/760 1317/1938/760 1330/1939/760
f 322/1940/761 1375/1941/761 1318/1942/761 1317/1943/761
f 323/1944/762 1376/1945/762 1377/1946/762 1378/1947/762
f 323/1948/763 1379/1949/763 1380/1950/763 1381/1951/763
f 323/1948/764 1378/1952/764 1382/1953/764 1379/1949/764
f 325/1954/765 1338/1851/765 1337/1850/765 1383/1955/765
f 325/1956/766 1383/1957/766 1384/1958/766 1385/1959/766
f 325/1960/767 1385/1961/767 1386/1962/767 1387/1963/767
f 326/1854/768 1339/1853/768 339/1964/768 1388/1965/768
f 326/1860/769 337/1966/769 1389/1967/769 1342/1861/769
f 327/1968/770 1390/1969/770 1391/1970/770 1392/1971/770
f 327/1972/771 1393/1973/771 1394/1974/771 1390/1975/771
f 327/1968/772 1395/1976/772 1396/1977/772 1393/1978/772
f 328/1979/773 1397/1980/773 1398/1981/773 1399/1982/773
f 328/1983/774 1399/1984/774 329/1985/774 1400/1986/774
f 328/1983/775 1400/1986/775 1401/1987/775 1397/1988/775
f 329/1985/776 1399/1984/776 1402/1989/776 1403/1990/776
f 329/1991/777 1403/1992/777 1404/1993/777 1405/1994/777
f 329/1985/778 1405/1995/778 349/1996/778 1406/1997/778
f 329/1985/779 1406/1997/779 1407/1998/779 1400/1986/779
f 331/1904/780 345/1999/780 1408/2000/780 1365/1905/780
f 332/2001/781 1409/2002/781 1335/2003/781 1334/2004/781
f 1411/2005/782 356/2006/782 1409/2007/782 332/2008/782
f 332/2001/783 1334/2004/783 1410/2009/783 1411/2010/783
f 333/2011/784 1383/1955/784 1337/1850/784 1368/1912/784
f 333/2012/785 1368/1910/785 1367/1909/785 1412/2013/785
f 333/2014/786 1412/2015/786 1384/1958/786 1383/1957/786
f 327/1968/787 1392/1971/787 1413/2016/787 1395/1976/787
f 334/2017/788 1382/1953/788 1378/1952/788 1414/2018/788
f 334/2017/789 1415/2019/789 362/2020/789 1382/1953/789
f 335/2021/790 1416/2022/790 1417/2023/790 1418/2024/790
f 335/2021/791 1419/2025/791 1420/2026/791 1416/2022/791
f 335/2027/792 1418/2028/792 1421/2029/792 1422/2030/792
f 335/2027/793 1422/2030/793 1423/2031/793 1419/2032/793
f 336/2033/794 1424/2034/794 350/2035/794 359/2036/794
f 336/2033/795 1425/2037/795 1426/2038/795 1364/2039/795
f 336/2033/796 359/2036/796 1427/2040/796 1425/2037/796
f 337/2041/797 1428/2042/797 1429/2043/797 1389/2044/797
f 337/2045/798 326/1854/798 1388/1965/798 1428/2046/798
f 334/2017/799 1414/2018/799 340/2047/799 1430/2048/799
f 334/2049/800 1430/2050/800 358/2051/800 1415/2052/800
f 338/1919/801 1371/1918/801 1431/2053/801 1374/2054/801
f 1432/2055/802 1433/2056/802 1349/2057/802 1351/2058/802
f 339/1964/803 351/2059/803 360/2060/803 1434/2061/803
f 339/1964/804 1435/2062/804 355/2063/804 351/2059/804
f 339/1964/805 1434/2061/805 352/2064/805 1388/1965/805
f 339/1964/806 1339/1853/806 1436/2065/806 1435/2062/806
f 322/2066/807 1437/2067/807 1438/2068/807 1375/2069/807
f 322/2070/808 1340/1862/808 1342/1861/808 347/2071/808
f 322/2066/809 347/2072/809 1439/2073/809 1437/2067/809
f 340/2074/810 1414/2075/810 1440/2076/810 1441/2077/810
f 340/2078/811 1441/2079/811 1442/2080/811 1430/2050/811
f 341/2081/812 1443/2082/812 1444/2083/812 343/2084/812
f 341/2081/813 1445/2085/813 1446/2086/813 1443/2082/813
f 341/2081/814 343/2084/814 348/2087/814 1445/2085/814
f 342/2088/815 1447/2089/815 1448/2090/815 1449/2091/815
f 342/2088/816 1449/2091/816 1450/2092/816 1451/2093/816
f 342/2088/817 1452/2094/817 1453/2095/817 1447/2089/817
f 343/2084/818 344/2096/818 1454/2097/818 348/2087/818
f 343/2084/819 1451/2093/819 1450/2092/819 344/2096/819
f 344/2098/820 1450/2099/820 353/2100/820 1454/2101/820
f 345/2102/821 1364/2039/821 1426/2038/821 1408/2103/821
f 346/2104/822 1455/2105/822 1409/2007/822 356/2006/822
f 346/2104/823 356/2006/823 1456/2106/823 1457/2107/823
f 347/2071/824 1342/1861/824 1389/1967/824 1439/2108/824
f 348/2087/825 1454/2097/825 1458/2109/825 1459/2110/825
f 349/1996/826 1440/2111/826 1377/1946/826 1406/1997/826
f 349/1996/827 1405/1995/827 1460/2112/827 1461/2113/827
f 349/2114/828 1461/2115/828 1462/2116/828 1463/2117/828
f 349/2118/829 1463/2119/829 1441/2077/829 1440/2076/829
f 350/2120/830 1424/2121/830 1464/2122/830 1465/2123/830
f 350/2120/831 1465/2123/831 1466/2124/831 1467/2125/831
f 350/2035/832 1467/2126/832 1468/2127/832 359/2036/832
f 351/2059/833 355/2063/833 391/2128/833 360/2060/833
f 352/2129/834 1434/2130/834 1469/2131/834 1470/2132/834
f 352/2129/835 1470/2132/835 1428/2042/835 1388/2133/835
f 353/2100/836 1450/2099/836 1449/2134/836 1471/2135/836
f 353/2100/837 1471/2135/837 1458/2136/837 1454/2101/837
f 354/2137/838 1472/2138/838 372/2139/838 1363/1898/838
f 1473/2140/839 1474/2141/839 1472/2138/839 354/2137/839
f 354/2137/840 1363/1898/840 1350/1876/840 1473/2140/840
f 355/2063/841 1435/2062/841 1475/2142/841 1476/2143/841
f 356/2144/842 1411/2010/842 1477/2145/842 1478/2146/842
f 356/2006/843 1478/2147/843 1479/2148/843 1456/2106/843
f 357/2149/844 1463/2117/844 1462/2116/844 1480/2150/844
f 357/2151/845 1442/2152/845 1441/2077/845 1463/2119/845
f 357/2153/846 1480/2154/846 1481/2155/846 1442/2080/846
f 358/2051/847 1481/2155/847 1482/2156/847 1415/2052/847
f 359/2157/848 1483/2158/848 1484/2159/848 1427/2160/848
f 359/2157/849 1468/2161/849 1485/2162/849 1483/2158/849
f 360/2163/850 1486/2164/850 1469/2131/850 1434/2130/850
f 360/2165/851 1487/2166/851 1488/2167/851 1486/2168/851
f 360/2060/852 391/2128/852 1489/2169/852 1487/2170/852
f 361/2171/853 1437/2067/853 1439/2073/853 363/2172/853
f 361/2173/854 1490/2174/854 1438/2175/854 1437/2176/854
f 361/2173/855 363/2177/855 1429/2043/855 1491/2178/855
f 361/2173/856 1491/2178/856 1492/2179/856 1493/2180/856
f 361/2173/857 1493/2180/857 1494/2181/857 1490/2174/857
f 1495/2182/858 1496/2183/858 1497/2184/858 365/2185/858
f 362/2020/859 1498/2186/859 1499/2187/859 1500/2188/859
f 362/2020/860 1500/2188/860 1379/1949/860 1382/1953/860
f 362/2189/861 1415/2190/861 1482/2191/861 1501/2192/861
f 362/2193/862 1501/2194/862 1502/2195/862 1498/2196/862
f 1503/2197/863 1504/2198/863 1457/2107/863 1505/2199/863
f 363/2177/864 1439/2200/864 1389/2044/864 1429/2043/864
f 364/2201/865 1497/2202/865 1506/2203/865 1507/2204/865
f 364/2205/866 1508/2206/866 365/2185/866 1497/2184/866
f 364/2205/867 1507/2207/867 1509/2208/867 369/2209/867
f 364/2205/868 369/2209/868 1510/2210/868 1508/2206/868
f 365/2211/869 1508/2212/869 1511/2213/869 1512/2214/869
f 366/2215/870 1513/2216/870 1514/2217/870 1515/2218/870
f 366/2219/871 1516/2220/871 1485/2162/871 1468/2161/871
f 366/2215/872 1515/2218/872 1517/2221/872 376/2222/872
f 366/2215/873 376/2222/873 1518/2223/873 1516/2224/873
f 367/2225/874 378/2226/874 1519/2227/874 1520/2228/874
f 367/2225/875 1479/2148/875 1521/2229/875 378/2226/875
f 367/2225/876 1522/2230/876 1456/2106/876 1479/2148/876
f 368/2231/877 1477/2145/877 1523/2232/877 1524/2233/877
f 368/2234/878 1524/2235/878 1525/2236/878 1526/2237/878
f 368/2238/879 1526/2239/879 1478/2240/879 1477/2241/879
f 369/2209/880 388/2242/880 1527/2243/880 1510/2210/880
f 370/2244/881 1528/2245/881 1484/2159/881 1483/2158/881
f 370/2244/882 1483/2158/882 1485/2162/882 1529/2246/882
f 370/2247/883 1529/2248/883 1530/2249/883 1528/2250/883
f 371/2251/884 1530/2249/884 1531/2252/884 1532/2253/884
f 371/2254/885 1532/2255/885 1533/2256/885 1534/2257/885
f 371/2258/886 1534/2259/886 1528/2245/886 1530/2260/886
f 372/2261/887 1535/2262/887 383/2263/887 1363/2264/887
f 372/2265/888 1536/2266/888 1537/2267/888 375/2268/888
f 372/2261/889 375/2269/889 1538/2270/889 1535/2262/889
f 373/2271/890 1487/2272/890 1489/2273/890 1539/2274/890
f 373/2275/891 1540/2276/891 1488/2167/891 1487/2166/891
f 374/2277/892 1541/2278/892 1542/2279/892 384/2280/892
f 374/2277/893 384/2280/893 1543/2281/893 1544/2282/893
f 374/2277/894 1545/2283/894 1546/2284/894 1541/2278/894
f 374/2277/895 399/2285/895 1547/2286/895 1545/2283/895
f 377/2287/896 1548/2288/896 1549/2289/896 1550/2290/896
f 377/2291/897 1550/2292/897 1520/2293/897 1519/2294/897
f 377/2291/898 1519/2294/898 1551/2295/898 379/2296/898
f 378/2226/899 1521/2229/899 1552/2297/899 1553/2298/899
f 378/2226/900 1553/2298/900 1551/2299/900 1519/2227/900
f 380/2300/901 1494/2301/901 1493/2302/901 1554/2303/901
f 380/2304/902 1555/2305/902 1556/2306/902 1494/2307/902
f 380/2308/903 1554/2309/903 385/2310/903 1557/2311/903
f 369/2209/904 1509/2208/904 1558/2312/904 1559/2313/904
f 369/2209/905 1559/2313/905 1560/2314/905 388/2242/905
f 381/2315/906 1501/2192/906 1482/2191/906 386/2316/906
f 381/2317/907 393/2318/907 1502/2195/907 1501/2194/907
f 381/2317/908 1462/2319/908 1461/2320/908 1561/2321/908
f 381/2317/909 1561/2321/909 1562/2322/909 393/2318/909
f 375/2269/910 1563/2323/910 1564/2324/910 1538/2270/910
f 375/2268/911 1537/2267/911 1565/2325/911 1563/2326/911
f 382/2327/912 1566/2328/912 1537/2329/912 1536/2330/912
f 382/2331/913 1536/2332/913 1533/2256/913 1532/2255/913
f 383/2333/914 1567/2334/914 1360/1895/914 1363/1898/914
f 383/2333/915 1535/2335/915 387/2336/915 1523/2232/915
f 1524/2235/916 1523/2337/916 387/2338/916 1525/2236/916
f 384/2339/917 1542/2340/917 1568/2341/917 1543/2342/917
f 385/2343/918 1554/2303/918 1569/2344/918 1570/2345/918
f 385/2346/919 1570/2347/919 1571/2348/919 1557/2349/919
f 386/2350/920 1480/2150/920 1462/2116/920 381/2351/920
f 386/2352/921 1482/2156/921 1481/2155/921 1480/2154/921
f 387/2353/922 1535/2354/922 1538/2355/922 1572/2356/922
f 387/2338/923 1572/2357/923 1552/2297/923 1525/2236/923
f 1573/2358/924 1571/2348/924 1540/2359/924 1574/2360/924
f 388/2242/925 1560/2314/925 1575/2361/925 1527/2243/925
f 389/2362/926 1576/2363/926 1577/2364/926 1578/2365/926
f 389/2366/927 1578/2367/927 395/2368/927 1579/2369/927
f 389/2366/928 1579/2369/928 1580/2370/928 376/2222/928
f 390/2371/929 1565/2372/929 1581/2373/929 1518/2223/929
f 390/2374/930 1518/2375/930 376/2376/930 1580/2377/930
f 390/2371/931 1580/2370/931 1563/2323/931 1565/2372/931
f 391/2128/932 355/2063/932 1582/2378/932 1499/2187/932
f 391/2128/933 1583/2379/933 1584/2380/933 1489/2169/933
f 391/2128/934 1499/2187/934 1498/2186/934 1583/2379/934
f 392/2381/935 397/2382/935 1585/2383/935 1586/2384/935
f 392/2385/936 1586/2386/936 1527/2243/936 1575/2361/936
f 392/2385/937 1575/2361/937 1587/2387/937 397/2388/937
f 393/2318/938 1562/2322/938 1588/2389/938 1589/2390/938
f 393/2318/939 1589/2390/939 401/2391/939 1590/2392/939
f 393/2318/940 1590/2392/940 1591/2393/940 1502/2195/940
f 394/2394/941 1592/2395/941 1593/2396/941 1594/2397/941
f 394/2394/942 1595/2398/942 1596/2399/942 1592/2395/942
f 395/2368/943 1578/2367/943 1597/2400/943 400/2401/943
f 395/2368/944 400/2401/944 1564/2324/944 1579/2369/944
f 396/2402/945 1574/2360/945 1539/2274/945 1598/2403/945
f 396/2402/946 1599/2404/946 1600/2405/946 1601/2406/946
f 396/2402/947 1601/2406/947 1573/2358/947 1574/2360/947
f 1547/2286/948 399/2285/948 1602/2407/948 1603/2408/948
f 397/2388/949 1604/2409/949 1605/2410/949 1585/2411/949
f 398/2412/950 1584/2413/950 1583/2414/950 1591/2393/950
f 398/2415/951 1606/2416/951 1598/2417/951 1584/2418/951
f 398/2412/952 1591/2393/952 1590/2392/952 1606/2419/952
f 394/2394/953 1594/2397/953 1607/2420/953 1608/2421/953
f 394/2394/954 1608/2421/954 1609/2422/954 1595/2398/954
f 396/2402/955 1598/2403/955 1606/2419/955 1610/2423/955
f 396/2402/956 1610/2423/956 1611/2424/956 1599/2404/956
f 399/2285/957 1612/2425/957 1613/2426/957 1614/2427/957
f 399/2285/958 1614/2427/958 1615/2428/958 1602/2407/958
f 400/2401/959 1572/2357/959 1538/2270/959 1564/2324/959
f 400/2401/960 1553/2298/960 1552/2297/960 1572/2357/960
f 400/2401/961 1597/2400/961 1551/2299/961 1553/2298/961
f 401/2429/962 1589/2430/962 1611/2431/962 1610/2432/962
f 401/2391/963 1610/2423/963 1606/2419/963 1590/2392/963
f 1615/2433/964 1614/2434/964 1616/2435/964 1617/2436/964
f 1615/2428/965 1617/2437/965 1618/2438/965 1619/2439/965
f 1615/2428/966 1619/2439/966 1620/2440/966 1602/2407/966
f 1620/2440/967 1619/2439/967 1595/2398/967 1609/2422/967
f 1620/2440/968 1609/2422/968 1558/2312/968 1621/2441/968
f 1620/2440/969 1621/2441/969 1603/2408/969 1602/2407/969
f 1621/2441/970 1558/2312/970 1509/2208/970 1622/2442/970
f 1621/2441/971 1622/2442/971 1623/2443/971 1603/2408/971
f 1623/2443/972 1622/2442/972 1624/2444/972 1625/2445/972
f 1623/2443/973 1625/2445/973 1546/2284/973 1545/2283/973
f 1623/2443/974 1545/2283/974 1547/2286/974 1603/2408/974
f 1625/2445/975 1624/2444/975 1626/2446/975 1627/2447/975
f 1625/2445/976 1627/2447/976 1628/2448/976 1546/2284/976
f 1628/2449/977 1629/2450/977 1541/2451/977 1546/2452/977
f 1628/2448/978 1627/2447/978 1630/2453/978 1631/2454/978
f 1628/2448/979 1631/2454/979 1632/2455/979 1629/2456/979
f 1632/2455/980 1413/2457/980 1633/2458/980 1629/2456/980
f 1632/2455/981 1631/2454/981 1634/2459/981 1635/2460/981
f 1632/2461/982 1635/2462/982 1395/2463/982 1413/2464/982
f 1635/2465/983 1634/2466/983 1636/2467/983 1637/2468/983
f 1635/2462/984 1637/2469/984 1396/2470/984 1395/2463/984
f 1637/2468/985 1636/2467/985 1638/2471/985 1639/2472/985
f 1637/2469/986 1639/2473/986 1640/2474/986 1396/2470/986
f 1640/2475/987 1641/2476/987 1393/1978/987 1396/1977/987
f 1640/2474/988 1639/2473/988 1642/2477/988 1643/2478/988
f 1640/2475/989 1643/2479/989 1644/2480/989 1641/2476/989
f 1644/2481/990 1645/2482/990 1646/2483/990 1641/2484/990
f 1644/2480/991 1643/2479/991 1647/2485/991 1648/2486/991
f 1644/2481/992 1648/2487/992 1649/2488/992 1645/2482/992
f 1649/2488/993 1650/2489/993 1651/2490/993 1645/2482/993
f 1649/2488/994 1648/2487/994 1652/2491/994 1213/1599/994
f 1649/2488/995 1213/1599/995 264/1543/995 1650/2489/995
f 1652/2491/996 1648/2487/996 1647/2492/996 1653/2493/996
f 1652/2491/997 1653/2493/997 1654/2494/997 1655/2495/997
f 1652/2491/998 1655/2495/998 1214/1600/998 1213/1599/998
f 1655/2495/999 1654/2494/999 1656/2496/999 1657/2497/999
f 1655/2495/1000 1657/2497/1000 1157/1482/1000 1214/1600/1000
f 1657/2497/1001 1656/2496/1001 1658/2498/1001 1659/2499/1001
f 1657/2497/1002 1659/2499/1002 1158/1483/1002 1157/1482/1002
f 1659/2499/1003 1658/2498/1003 1660/2500/1003 1661/2501/1003
f 1659/2499/1004 1661/2501/1004 1662/2502/1004 1158/1483/1004
f 1662/2502/1005 1663/2503/1005 1141/1453/1005 1158/1483/1005
f 1662/2502/1006 1661/2501/1006 1664/2504/1006 1065/1287/1006
f 1662/2502/1007 1065/1287/1007 1064/1286/1007 1663/2503/1007
f 1664/2504/1008 1661/2501/1008 1660/2500/1008 1665/2505/1008
f 1664/2504/1009 1665/2505/1009 1012/1181/1009 1027/1213/1009
f 1664/2504/1010 1027/1213/1010 1063/1285/1010 1065/1287/1010
f 1665/2506/1011 1660/2507/1011 1666/2508/1011 1667/2509/1011
f 1665/2506/1012 1667/2509/1012 1010/2510/1012 1012/2511/1012
f 1667/2512/1013 1666/2513/1013 1668/2514/1013 1669/2515/1013
f 1667/2512/1014 1669/2515/1014 1011/1179/1014 1010/1178/1014
f 1669/2515/1015 1668/2514/1015 1670/2516/1015 1671/2517/1015
f 1669/2515/1016 1671/2517/1016 1025/1211/1016 1011/1179/1016
f 1671/2517/1017 1670/2516/1017 1672/2518/1017 1673/2519/1017
f 1671/2517/1018 1673/2519/1018 1674/2520/1018 1025/1211/1018
f 1674/2520/1019 1673/2519/1019 1675/2521/1019 1676/2522/1019
f 1674/2520/1020 1676/2522/1020 929/1014/1020 1677/2523/1020
f 1674/2520/1021 1677/2523/1021 1026/1212/1021 1025/1211/1021
f 1677/2523/1022 929/1014/1022 928/1013/1022 920/998/1022
f 1677/2523/1023 920/998/1023 919/997/1023 1026/1212/1023
f 1676/2524/1024 1675/2525/1024 1678/2526/1024 1007/2527/1024
f 1676/2522/1025 1007/1175/1025 930/1015/1025 929/1014/1025
f 1678/2526/1026 1675/2525/1026 1679/2528/1026 1680/2529/1026
f 1678/2530/1027 1680/2531/1027 1681/2532/1027 1682/2533/1027
f 1678/2530/1028 1682/2533/1028 1005/1172/1028 1007/1175/1028
f 1682/2533/1029 1681/2532/1029 1683/2534/1029 1684/2535/1029
f 1682/2533/1030 1684/2535/1030 1006/1173/1030 1005/1172/1030
f 1684/2535/1031 1683/2534/1031 1685/2536/1031 1686/2537/1031
f 1684/2535/1032 1686/2537/1032 1020/1202/1032 1006/1173/1032
f 1686/2537/1033 1685/2536/1033 1687/2538/1033 1688/2539/1033
f 1686/2537/1034 1688/2539/1034 1689/2540/1034 1020/1202/1034
f 1689/2540/1035 1688/2539/1035 1690/2541/1035 1691/2542/1035
f 1689/2540/1036 1691/2542/1036 1000/2543/1036 1692/2544/1036
f 1689/2540/1037 1692/2544/1037 1008/1176/1037 1020/1202/1037
f 1691/2545/1038 1690/2546/1038 1099/2547/1038 1693/2548/1038
f 1691/2545/1039 1693/2548/1039 1001/1159/1039 1000/1158/1039
f 1693/2549/1040 1099/2550/1040 227/2551/1040 1694/2552/1040
f 1693/2549/1041 1694/2552/1041 1018/2553/1041 1001/2554/1041
f 1694/2555/1042 227/2556/1042 1085/1330/1042 1087/1329/1042
f 1694/2555/1043 1087/1329/1043 1019/1199/1043 1018/1198/1043
f 1690/2541/1044 1688/2539/1044 1687/2538/1044 1695/2557/1044
f 1690/2541/1045 1695/2557/1045 1100/2558/1045 1099/2559/1045
f 1695/2557/1046 1687/2538/1046 1696/2560/1046 1697/2561/1046
f 1695/2557/1047 1697/2561/1047 1115/2562/1047 1100/2558/1047
f 1697/2561/1048 1696/2560/1048 1698/2563/1048 1699/2564/1048
f 1697/2561/1049 1699/2564/1049 1700/2565/1049 1115/2562/1049
f 1700/2565/1050 1699/2564/1050 1701/2566/1050 1702/2567/1050
f 1700/2565/1051 1702/2567/1051 1703/2568/1051 1704/2569/1051
f 1700/2570/1052 1704/2571/1052 1116/1401/1052 1115/1400/1052
f 1704/2571/1053 1703/2572/1053 1230/1631/1053 1705/2573/1053
f 1704/2571/1054 1705/2573/1054 1117/2574/1054 1116/1401/1054
f 1705/2575/1055 1230/2576/1055 269/1617/1055 1225/1621/1055
f 1705/2575/1056 1225/1621/1056 1146/2577/1056 1117/2578/1056
f 1703/2568/1057 1702/2567/1057 1706/2579/1057 1707/2580/1057
f 1703/2572/1058 1707/2581/1058 1231/1632/1058 1230/1631/1058
f 1707/2580/1059 1706/2579/1059 1708/2582/1059 1709/2583/1059
f 1707/2581/1060 1709/2584/1060 1710/2585/1060 1231/1632/1060
f 1710/2585/1061 1709/2584/1061 1711/2586/1061 1712/2587/1061
f 1710/2585/1062 1712/2587/1062 1324/2588/1062 1713/2589/1062
f 1710/2585/1063 1713/2589/1063 1228/1633/1063 1231/1632/1063
f 1713/2590/1064 1324/2591/1064 304/2592/1064 1313/2593/1064
f 1713/2594/1065 1313/2595/1065 1229/1629/1065 1228/1628/1065
f 1712/2587/1066 1711/2586/1066 1714/2596/1066 1715/2597/1066
f 1712/2587/1067 1715/2597/1067 1325/2598/1067 1324/2588/1067
f 1715/2597/1068 1714/2596/1068 1464/2122/1068 1424/2121/1068
f 1715/2597/1069 1424/2121/1069 336/2599/1069 1325/2598/1069
f 1714/2600/1070 1716/2601/1070 1717/2602/1070 1464/2603/1070
f 1714/2604/1071 1711/2605/1071 1718/2606/1071 1716/2607/1071
f 1718/2606/1072 1719/2608/1072 1720/2609/1072 1716/2607/1072
f 1718/2606/1073 1711/2605/1073 1709/2583/1073 1708/2582/1073
f 1718/2606/1074 1708/2582/1074 1721/2610/1074 1719/2608/1074
f 1721/2610/1075 1722/2611/1075 1723/2612/1075 1719/2608/1075
f 1721/2610/1076 1708/2582/1076 1706/2579/1076 1724/2613/1076
f 1721/2610/1077 1724/2613/1077 1725/2614/1077 1722/2611/1077
f 1725/2614/1078 1726/2615/1078 1727/2616/1078 1722/2611/1078
f 1725/2614/1079 1724/2613/1079 1701/2566/1079 1728/2617/1079
f 1725/2614/1080 1728/2617/1080 1729/2618/1080 1726/2615/1080
f 1729/2618/1081 1730/2619/1081 1731/2620/1081 1726/2615/1081
f 1729/2618/1082 1728/2617/1082 1698/2563/1082 1732/2621/1082
f 1729/2618/1083 1732/2621/1083 1733/2622/1083 1730/2619/1083
f 1733/2623/1084 1734/2624/1084 1735/2625/1084 1730/2626/1084
f 1733/2622/1085 1732/2621/1085 1736/2627/1085 1737/2628/1085
f 1733/2623/1086 1737/2629/1086 1738/2630/1086 1734/2624/1086
f 1738/2631/1087 1739/2632/1087 1740/2633/1087 1734/2634/1087
f 1738/2631/1088 1737/2628/1088 1683/2534/1088 1681/2532/1088
f 1738/2631/1089 1681/2532/1089 1680/2531/1089 1739/2632/1089
f 1740/2635/1090 1741/2636/1090 1742/2637/1090 1743/2638/1090
f 1740/2639/1091 1743/2640/1091 1735/2625/1091 1734/2624/1091
f 1740/2635/1092 1739/2641/1092 1744/2642/1092 1741/2636/1092
f 1744/2642/1093 1745/2643/1093 1746/2644/1093 1741/2636/1093
f 1744/2642/1094 1739/2641/1094 1680/2529/1094 1679/2528/1094
f 1744/2645/1095 1679/2646/1095 1672/2518/1095 1745/2647/1095
f 1746/2648/1096 1747/2649/1096 1748/2650/1096 1749/2651/1096
f 1746/2644/1097 1749/2652/1097 1742/2637/1097 1741/2636/1097
f 1746/2648/1098 1745/2647/1098 1750/2653/1098 1747/2649/1098
f 1750/2653/1099 1751/2654/1099 1752/2655/1099 1747/2649/1099
f 1750/2653/1100 1745/2647/1100 1672/2518/1100 1670/2516/1100
f 1750/2653/1101 1670/2516/1101 1668/2514/1101 1751/2654/1101
f 1752/2655/1102 1753/2656/1102 1754/2657/1102 1755/2658/1102
f 1752/2655/1103 1755/2658/1103 1748/2650/1103 1747/2649/1103
f 1752/2655/1104 1751/2654/1104 1756/2659/1104 1753/2656/1104
f 1756/2659/1105 1658/2498/1105 1656/2496/1105 1753/2656/1105
f 1756/2659/1106 1751/2654/1106 1668/2514/1106 1666/2513/1106
f 1756/2659/1107 1666/2513/1107 1660/2500/1107 1658/2498/1107
f 1755/2658/1108 1754/2657/1108 1757/2660/1108 1758/2661/1108
f 1755/2658/1109 1758/2661/1109 1759/2662/1109 1748/2650/1109
f 1759/2662/1110 1758/2661/1110 1760/2663/1110 1761/2664/1110
f 1759/2662/1111 1761/2664/1111 1762/2665/1111 1763/2666/1111
f 1759/2662/1112 1763/2666/1112 1749/2651/1112 1748/2650/1112
f 1763/2667/1113 1762/2668/1113 1764/2669/1113 1765/2670/1113
f 1763/2667/1114 1765/2670/1114 1742/2637/1114 1749/2652/1114
f 1765/2670/1115 1764/2669/1115 1766/2671/1115 1767/2672/1115
f 1765/2670/1116 1767/2672/1116 1743/2638/1116 1742/2637/1116
f 1767/2673/1117 1766/2674/1117 1768/2675/1117 1769/2676/1117
f 1767/2677/1118 1769/2678/1118 1735/2625/1118 1743/2640/1118
f 1769/2678/1119 1768/2679/1119 1770/2680/1119 1731/2681/1119
f 1769/2678/1120 1731/2681/1120 1730/2626/1120 1735/2625/1120
f 1770/2680/1121 1768/2679/1121 1771/2682/1121 1772/2683/1121
f 1770/2684/1122 1772/2685/1122 1773/2686/1122 1727/2616/1122
f 1770/2684/1123 1727/2616/1123 1726/2615/1123 1731/2620/1123
f 1773/2686/1124 1772/2685/1124 1774/2687/1124 1775/2688/1124
f 1773/2686/1125 1775/2688/1125 1776/2689/1125 1723/2612/1125
f 1773/2686/1126 1723/2612/1126 1722/2611/1126 1727/2616/1126
f 1776/2689/1127 1775/2688/1127 1777/2690/1127 1778/2691/1127
f 1776/2689/1128 1778/2691/1128 1779/2692/1128 1720/2609/1128
f 1776/2689/1129 1720/2609/1129 1719/2608/1129 1723/2612/1129
f 1779/2693/1130 1778/2694/1130 1780/2695/1130 1781/2696/1130
f 1779/2693/1131 1781/2696/1131 1782/2697/1131 1717/2602/1131
f 1779/2692/1132 1717/2698/1132 1716/2607/1132 1720/2609/1132
f 1782/2697/1133 1781/2696/1133 1514/2217/1133 1513/2216/1133
f 1782/2697/1134 1513/2216/1134 1466/2699/1134 1465/2700/1134
f 1782/2697/1135 1465/2700/1135 1464/2603/1135 1717/2602/1135
f 1781/2696/1136 1780/2695/1136 1783/2701/1136 1514/2217/1136
f 1783/2701/1137 1512/2702/1137 1511/2703/1137 1784/2704/1137
f 1783/2701/1138 1784/2704/1138 1515/2218/1138 1514/2217/1138
f 1783/2701/1139 1780/2695/1139 1785/2705/1139 1512/2702/1139
f 1785/2705/1140 1786/2706/1140 365/2185/1140 1512/2702/1140
f 1785/2705/1141 1780/2695/1141 1778/2694/1141 1777/2707/1141
f 1785/2708/1142 1777/2709/1142 1787/2710/1142 1786/2711/1142
f 1787/2712/1143 1788/2713/1143 1789/2714/1143 1786/2715/1143
f 1787/2716/1144 1777/2717/1144 1775/2718/1144 1774/2719/1144
f 1787/2712/1145 1774/2720/1145 1790/2721/1145 1788/2713/1145
f 1790/2721/1146 1791/2722/1146 1792/2723/1146 1788/2713/1146
f 1790/2721/1147 1774/2720/1147 1772/2683/1147 1771/2682/1147
f 1790/2721/1148 1771/2682/1148 1793/2724/1148 1791/2722/1148
f 1793/2725/1149 1794/2726/1149 1795/2727/1149 1791/2728/1149
f 1793/2724/1150 1771/2682/1150 1768/2679/1150 1766/2729/1150
f 1793/2725/1151 1766/2671/1151 1764/2669/1151 1794/2726/1151
f 1795/2727/1152 1796/2730/1152 1797/2731/1152 1798/2732/1152
f 1795/2727/1153 1798/2732/1153 1792/2733/1153 1791/2728/1153
f 1795/2727/1154 1794/2726/1154 1799/2734/1154 1796/2730/1154
f 1799/2735/1155 1800/2736/1155 1801/2737/1155 1796/2738/1155
f 1799/2734/1156 1794/2726/1156 1764/2669/1156 1762/2668/1156
f 1799/2735/1157 1762/2665/1157 1761/2664/1157 1800/2736/1157
f 1801/2737/1158 1638/2471/1158 1636/2467/1158 1802/2739/1158
f 1801/2737/1159 1802/2739/1159 1797/2740/1159 1796/2738/1159
f 1801/2737/1160 1800/2736/1160 1803/2741/1160 1638/2471/1160
f 1803/2741/1161 1642/2742/1161 1639/2472/1161 1638/2471/1161
f 1803/2741/1162 1800/2736/1162 1761/2664/1162 1760/2663/1162
f 1803/2741/1163 1760/2663/1163 1804/2743/1163 1642/2742/1163
f 1804/2744/1164 1647/2745/1164 1643/2478/1164 1642/2477/1164
f 1804/2743/1165 1760/2663/1165 1758/2661/1165 1757/2660/1165
f 1804/2744/1166 1757/2746/1166 1653/2747/1166 1647/2745/1166
f 1802/2748/1167 1636/2749/1167 1634/2459/1167 1805/2750/1167
f 1802/2748/1168 1805/2750/1168 1806/2751/1168 1797/2752/1168
f 1806/2751/1169 1805/2750/1169 1630/2453/1169 1807/2753/1169
f 1806/2751/1170 1807/2753/1170 1808/2754/1170 1809/2755/1170
f 1806/2756/1171 1809/2757/1171 1798/2732/1171 1797/2731/1171
f 1809/2757/1172 1808/2758/1172 1496/2759/1172 1810/2760/1172
f 1809/2757/1173 1810/2760/1173 1792/2733/1173 1798/2732/1173
f 1810/2761/1174 1496/2183/1174 1495/2182/1174 1789/2762/1174
f 1810/2763/1175 1789/2764/1175 1788/2765/1175 1792/2766/1175
f 1808/2754/1176 1807/2753/1176 1626/2446/1176 1506/2767/1176
f 1808/2758/1177 1506/2203/1177 1497/2202/1177 1496/2759/1177
f 1807/2753/1178 1630/2453/1178 1627/2447/1178 1626/2446/1178
f 1805/2750/1179 1634/2459/1179 1631/2454/1179 1630/2453/1179
f 1789/2714/1180 1495/2768/1180 365/2769/1180 1786/2715/1180
f 1784/2704/1181 1511/2703/1181 1811/2770/1181 1812/2771/1181
f 1784/2704/1182 1812/2771/1182 1517/2221/1182 1515/2218/1182
f 1812/2771/1183 1811/2770/1183 1586/2386/1183 1585/2411/1183
f 1812/2771/1184 1585/2411/1184 1605/2410/1184 1517/2221/1184
f 1811/2770/1185 1510/2210/1185 1527/2243/1185 1586/2386/1185
f 1811/2772/1186 1511/2213/1186 1508/2212/1186 1510/2773/1186
f 1757/2746/1187 1754/2774/1187 1654/2775/1187 1653/2747/1187
f 1754/2774/1188 1753/2776/1188 1656/2777/1188 1654/2775/1188
f 1737/2628/1189 1736/2627/1189 1685/2536/1189 1683/2534/1189
f 1736/2627/1190 1732/2621/1190 1698/2563/1190 1696/2560/1190
f 1736/2627/1191 1696/2560/1191 1687/2538/1191 1685/2536/1191
f 1728/2617/1192 1701/2566/1192 1699/2564/1192 1698/2563/1192
f 1724/2613/1193 1706/2579/1193 1702/2567/1193 1701/2566/1193
f 1679/2646/1194 1675/2521/1194 1673/2519/1194 1672/2518/1194
f 1663/2503/1195 1813/2778/1195 1137/1454/1195 1141/1453/1195
f 1663/2503/1196 1064/1286/1196 1814/2779/1196 1813/2778/1196
f 1814/2780/1197 1030/2781/1197 1815/2782/1197 1813/2783/1197
f 1814/2780/1198 1064/2784/1198 1032/2785/1198 1031/2786/1198
f 1814/2780/1199 1031/2786/1199 1023/2787/1199 1030/2781/1199
f 1815/2788/1200 1126/2789/1200 1125/2790/1200 1138/2791/1200
f 1815/2782/1201 1138/1447/1201 1137/1446/1201 1813/2783/1201
f 1815/2788/1202 1030/2792/1202 215/2793/1202 1126/2789/1202
f 1651/2490/1203 1347/1871/1203 1346/1870/1203 1816/2794/1203
f 1651/2490/1204 1816/2794/1204 1646/2483/1204 1645/2482/1204
f 1651/2490/1205 1650/2489/1205 1817/2795/1205 1347/1871/1205
f 1817/2795/1206 1818/2796/1206 1343/1872/1206 1347/1871/1206
f 1817/2795/1207 1650/2489/1207 264/1543/1207 1212/1598/1207
f 1817/2795/1208 1212/1598/1208 270/2797/1208 1818/2796/1208
f 1818/2798/1209 1819/2799/1209 1344/1867/1209 1343/1866/1209
f 1818/2798/1210 270/1634/1210 1232/1636/1210 1819/2799/1210
f 1819/2800/1211 1319/1810/1211 1318/1809/1211 1344/2801/1211
f 1819/2800/1212 1232/2802/1212 1279/1731/1212 1319/1810/1212
f 1816/2794/1213 1346/1870/1213 1348/1874/1213 1820/2803/1213
f 1816/2804/1214 1820/2805/1214 1394/1974/1214 1646/2806/1214
f 1820/2803/1215 1348/1874/1215 1821/2807/1215 1822/2808/1215
f 1820/2803/1216 1822/2808/1216 1390/2809/1216 1394/2810/1216
f 1822/2811/1217 1821/2812/1217 1823/2813/1217 1824/2814/1217
f 1822/2811/1218 1824/2814/1218 1391/2815/1218 1390/2816/1218
f 1824/2814/1219 1823/2813/1219 1825/2817/1219 1826/2818/1219
f 1824/2814/1220 1826/2818/1220 1827/2819/1220 1391/2815/1220
f 1827/2819/1221 1826/2818/1221 1828/2820/1221 1829/2821/1221
f 1827/2819/1222 1829/2821/1222 1568/2822/1222 1830/2823/1222
f 1827/2819/1223 1830/2823/1223 1392/2824/1223 1391/2815/1223
f 1830/2825/1224 1568/2341/1224 1542/2340/1224 1633/2826/1224
f 1830/2825/1225 1633/2826/1225 1413/2016/1225 1392/1971/1225
f 1829/2821/1226 1828/2820/1226 1831/2827/1226 1832/2828/1226
f 1829/2821/1227 1832/2828/1227 1543/2281/1227 1568/2822/1227
f 1832/2828/1228 1831/2827/1228 1833/2829/1228 1834/2830/1228
f 1832/2828/1229 1834/2830/1229 1544/2282/1229 1543/2281/1229
f 1834/2830/1230 1833/2829/1230 1835/2831/1230 1836/2832/1230
f 1834/2830/1231 1836/2832/1231 1612/2425/1231 1544/2282/1231
f 1836/2832/1232 1835/2831/1232 1837/2833/1232 1838/2834/1232
f 1836/2832/1233 1838/2834/1233 1613/2426/1233 1612/2425/1233
f 1838/2834/1234 1837/2833/1234 1839/2835/1234 1840/2836/1234
f 1838/2834/1235 1840/2836/1235 1841/2837/1235 1613/2426/1235
f 1841/2837/1236 1840/2836/1236 1842/2838/1236 1843/2839/1236
f 1841/2840/1237 1843/2841/1237 1448/2842/1237 1616/2843/1237
f 1841/2837/1238 1616/2844/1238 1614/2427/1238 1613/2426/1238
f 1843/2841/1239 1842/2845/1239 1458/2136/1239 1471/2135/1239
f 1843/2841/1240 1471/2135/1240 1449/2134/1240 1448/2842/1240
f 1842/2838/1241 1844/2846/1241 1459/2110/1241 1458/2109/1241
f 1842/2838/1242 1840/2836/1242 1839/2835/1242 1844/2846/1242
f 1844/2846/1243 1845/2847/1243 1846/2848/1243 1459/2110/1243
f 1844/2846/1244 1839/2835/1244 1847/2849/1244 1845/2847/1244
f 1847/2849/1245 1848/2850/1245 1849/2851/1245 1845/2847/1245
f 1847/2849/1246 1839/2835/1246 1837/2833/1246 1850/2852/1246
f 1847/2849/1247 1850/2852/1247 1851/2853/1247 1848/2850/1247
f 1851/2853/1248 1852/2854/1248 1853/2855/1248 1848/2850/1248
f 1851/2853/1249 1850/2852/1249 1854/2856/1249 1855/2857/1249
f 1851/2858/1250 1855/2859/1250 1856/2860/1250 1852/2861/1250
f 1856/2860/1251 1857/2862/1251 1588/2863/1251 1852/2861/1251
f 1856/2860/1252 1855/2859/1252 1858/2864/1252 1859/2865/1252
f 1856/2860/1253 1859/2865/1253 1860/2866/1253 1857/2862/1253
f 1860/2867/1254 1599/2404/1254 1611/2424/1254 1857/2868/1254
f 1860/2866/1255 1859/2865/1255 1861/2869/1255 1862/2870/1255
f 1860/2867/1256 1862/2871/1256 1600/2405/1256 1599/2404/1256
f 1862/2870/1257 1861/2869/1257 1863/2872/1257 1555/2873/1257
f 1862/2871/1258 1555/2305/1258 380/2304/1258 1600/2405/1258
f 1863/2872/1259 1861/2869/1259 1864/2874/1259 1865/2875/1259
f 1863/2876/1260 1865/2877/1260 1866/2878/1260 1867/2879/1260
f 1863/2872/1261 1867/2880/1261 1556/2881/1261 1555/2873/1261
f 1867/2879/1262 1866/2878/1262 1868/2882/1262 1869/2883/1262
f 1867/2880/1263 1869/2884/1263 1870/2885/1263 1556/2881/1263
f 1870/2885/1264 1490/2886/1264 1494/2887/1264 1556/2881/1264
f 1870/2885/1265 1869/2884/1265 1871/2888/1265 1872/2889/1265
f 1870/2885/1266 1872/2889/1266 1438/2890/1266 1490/2886/1266
f 1872/2889/1267 1871/2888/1267 310/1865/1267 1345/1868/1267
f 1872/2889/1268 1345/1868/1268 1375/2891/1268 1438/2890/1268
f 1871/2892/1269 1869/2883/1269 1868/2882/1269 1873/2893/1269
f 1871/2888/1270 1873/2894/1270 314/2895/1270 310/1865/1270
f 1873/2893/1271 1868/2882/1271 1823/2813/1271 1821/2812/1271
f 1873/2896/1272 1821/2807/1272 1348/1874/1272 314/1873/1272
f 1868/2882/1273 1866/2878/1273 1825/2817/1273 1823/2813/1273
f 1866/2878/1274 1865/2877/1274 1874/2897/1274 1825/2817/1274
f 1874/2897/1275 1865/2877/1275 1864/2898/1275 1875/2899/1275
f 1874/2897/1276 1875/2899/1276 1831/2827/1276 1828/2820/1276
f 1874/2897/1277 1828/2820/1277 1826/2818/1277 1825/2817/1277
f 1875/2899/1278 1864/2898/1278 1858/2900/1278 1876/2901/1278
f 1875/2899/1279 1876/2901/1279 1833/2829/1279 1831/2827/1279
f 1876/2901/1280 1858/2900/1280 1855/2857/1280 1854/2856/1280
f 1876/2901/1281 1854/2856/1281 1835/2831/1281 1833/2829/1281
f 1864/2874/1282 1861/2869/1282 1859/2865/1282 1858/2864/1282
f 1857/2868/1283 1611/2424/1283 1589/2390/1283 1588/2389/1283
f 1854/2856/1284 1850/2852/1284 1837/2833/1284 1835/2831/1284
f 1853/2902/1285 1562/2903/1285 1561/2904/1285 1877/2905/1285
f 1853/2855/1286 1877/2906/1286 1849/2851/1286 1848/2850/1286
f 1853/2902/1287 1852/2861/1287 1588/2863/1287 1562/2903/1287
f 1877/2905/1288 1561/2904/1288 1461/2907/1288 1460/2908/1288
f 1877/2906/1289 1460/2112/1289 1878/2909/1289 1849/2851/1289
f 1878/2910/1290 1460/2911/1290 1405/1994/1290 1404/1993/1290
f 1878/2909/1291 1404/2912/1291 1879/2913/1291 1846/2848/1291
f 1878/2909/1292 1846/2848/1292 1845/2847/1292 1849/2851/1292
f 1879/2913/1293 1404/2912/1293 1403/1990/1293 1880/2914/1293
f 1879/2913/1294 1880/2914/1294 1445/2085/1294 348/2087/1294
f 1879/2913/1295 348/2087/1295 1459/2110/1295 1846/2848/1295
f 1880/2914/1296 1881/2915/1296 1446/2086/1296 1445/2085/1296
f 1880/2914/1297 1403/1990/1297 1402/1989/1297 1881/2915/1297
f 1881/2915/1298 1882/2916/1298 1883/2917/1298 1446/2086/1298
f 1881/2918/1299 1402/2919/1299 1884/2920/1299 1882/2921/1299
f 1884/2920/1300 1299/1768/1300 1298/1767/1300 1882/2921/1300
f 1884/2922/1301 1402/1989/1301 1399/1984/1301 1398/2923/1301
f 1884/2922/1302 1398/2923/1302 1300/1771/1302 1299/1770/1302
f 1883/2917/1303 1284/1743/1303 1282/1738/1303 1885/2924/1303
f 1883/2917/1304 1885/2924/1304 1443/2082/1304 1446/2086/1304
f 1883/2917/1305 1882/2916/1305 1298/2925/1305 1284/1743/1305
f 1885/2924/1306 1282/1738/1306 1281/1737/1306 1886/2926/1306
f 1885/2924/1307 1886/2926/1307 1444/2083/1307 1443/2082/1307
f 1886/2927/1308 1281/2928/1308 1887/2929/1308 1888/2930/1308
f 1886/2931/1309 1888/2932/1309 1889/2933/1309 1444/2934/1309
f 1889/2935/1310 1888/2936/1310 1253/1677/1310 1890/2937/1310
f 1889/2935/1311 1890/2937/1311 342/2088/1311 1451/2093/1311
f 1889/2935/1312 1451/2093/1312 343/2084/1312 1444/2083/1312
f 1890/2937/1313 1253/1677/1313 1252/1674/1313 1891/2938/1313
f 1890/2937/1314 1891/2938/1314 1452/2094/1314 342/2088/1314
f 1891/2938/1315 1252/1674/1315 1251/1673/1315 1892/2939/1315
f 1891/2938/1316 1892/2939/1316 1373/1926/1316 1452/2094/1316
f 1892/2939/1317 1251/1673/1317 1893/2940/1317 1894/2941/1317
f 1892/2939/1318 1894/2941/1318 1369/1927/1318 1373/1926/1318
f 1894/2941/1319 1893/2940/1319 1304/1782/1319 1895/2942/1319
f 1894/2941/1320 1895/2942/1320 1370/2943/1320 1369/1927/1320
f 1895/2942/1321 1304/1782/1321 1303/1781/1321 1896/2944/1321
f 1895/2942/1322 1896/2944/1322 1897/2945/1322 1370/2943/1322
f 1897/2945/1323 1896/2944/1323 1898/2946/1323 1899/2947/1323
f 1897/2945/1324 1899/2947/1324 1900/2948/1324 1901/2949/1324
f 1897/2945/1325 1901/2949/1325 1371/2950/1325 1370/2943/1325
f 1901/2949/1326 1900/2948/1326 1550/2290/1326 1549/2289/1326
f 1901/2949/1327 1549/2289/1327 1431/2951/1327 1371/2950/1327
f 1900/2948/1328 1899/2947/1328 1902/2952/1328 1903/2953/1328
f 1900/2948/1329 1903/2953/1329 1520/2228/1329 1550/2290/1329
f 1903/2953/1330 1902/2952/1330 1387/1963/1330 1386/1962/1330
f 1903/2953/1331 1386/1962/1331 367/2225/1331 1520/2228/1331
f 1902/2954/1332 1904/2955/1332 1905/2956/1332 1387/2957/1332
f 1902/2952/1333 1899/2947/1333 1898/2946/1333 1904/2958/1333
f 1905/2959/1334 1906/2960/1334 1907/2961/1334 1908/2962/1334
f 1905/2963/1335 1908/2964/1335 325/1960/1335 1387/1963/1335
f 1905/2956/1336 1904/2955/1336 1909/2965/1336 1906/2966/1336
f 1909/2965/1337 1270/2967/1337 1269/2968/1337 1906/2966/1337
f 1909/2969/1338 1904/2958/1338 1898/2946/1338 1302/1780/1338
f 1909/2969/1339 1302/1780/1339 1271/1779/1339 1270/1707/1339
f 1908/2964/1340 1907/2970/1340 1357/1894/1340 1359/1893/1340
f 1908/2964/1341 1359/1893/1341 1338/2971/1341 325/1960/1341
f 1907/2970/1342 1910/2972/1342 1358/2973/1342 1357/1894/1342
f 1907/2974/1343 1906/2975/1343 1269/2976/1343 1910/2977/1343
f 1910/2972/1344 1267/2978/1344 1112/2979/1344 1358/2973/1344
f 1910/2972/1345 1269/1706/1345 1268/1705/1345 1267/2978/1345
f 1898/2946/1346 1896/2944/1346 1303/1781/1346 1302/1780/1346
f 1893/2940/1347 1911/2980/1347 1305/1783/1347 1304/1782/1347
f 1893/2940/1348 1251/1673/1348 1250/1672/1348 1911/2980/1348
f 1911/2980/1349 1912/2981/1349 1913/2982/1349 1305/1783/1349
f 1911/2980/1350 1250/1672/1350 1249/1671/1350 1912/2981/1350
f 1913/2982/1351 1074/2983/1351 1914/2984/1351 1915/2985/1351
f 1913/2982/1352 1915/2985/1352 297/1778/1352 1305/1783/1352
f 1913/2986/1353 1912/2987/1353 1075/1303/1353 1074/1302/1353
f 1915/2985/1354 1914/2984/1354 1916/2988/1354 1917/2989/1354
f 1915/2985/1355 1917/2989/1355 1272/2990/1355 297/1778/1355
f 1917/2989/1356 1916/2988/1356 1918/2991/1356 1262/1688/1356
f 1917/2989/1357 1262/1688/1357 1261/1687/1357 1272/2990/1357
f 1918/2992/1358 1052/2993/1358 1051/2994/1358 1166/2995/1358
f 1918/2996/1359 1166/2997/1359 1193/2998/1359 1262/2999/1359
f 1918/3000/1360 1916/3001/1360 1071/1299/1360 1052/1257/1360
f 1916/3001/1361 1914/3002/1361 1072/1300/1361 1071/1299/1361
f 1914/3002/1362 1074/1302/1362 1073/1301/1362 1072/1300/1362
f 1912/2981/1363 1249/1671/1363 1077/3003/1363 1075/3004/1363
f 1888/2936/1364 1887/3005/1364 1254/1678/1364 1253/1677/1364
f 1887/3005/1365 1919/3006/1365 1255/1679/1365 1254/1678/1365
f 1887/2929/1366 1281/2928/1366 1280/1742/1366 1919/3007/1366
f 1919/3007/1367 1280/1742/1367 1260/1741/1367 1259/3008/1367
f 1919/3006/1368 1259/1684/1368 1198/1565/1368 1255/1679/1368
f 1646/2806/1369 1394/1974/1369 1393/1973/1369 1641/3009/1369
f 1633/2458/1370 1542/2279/1370 1541/2278/1370 1629/2456/1370
f 1626/2446/1371 1624/2444/1371 1507/2207/1371 1506/2767/1371
f 1624/2444/1372 1622/2442/1372 1509/2208/1372 1507/2207/1372
f 1619/2439/1373 1618/2438/1373 1596/2399/1373 1595/2398/1373
f 1618/2438/1374 1617/2437/1374 1447/2089/1374 1453/2095/1374
f 1618/2438/1375 1453/2095/1375 1372/1925/1375 1596/2399/1375
f 1617/2437/1376 1616/2844/1376 1448/2090/1376 1447/2089/1376
f 1612/2425/1377 399/2285/1377 374/2277/1377 1544/2282/1377
f 1609/2422/1378 1608/2421/1378 1559/2313/1378 1558/2312/1378
f 1608/2421/1379 1607/2420/1379 1560/2314/1379 1559/2313/1379
f 1607/2420/1380 1594/2397/1380 1920/3010/1380 1587/2387/1380
f 1607/2420/1381 1587/2387/1381 1575/2361/1381 1560/2314/1381
f 1920/3010/1382 1921/3011/1382 1548/2288/1382 1922/3012/1382
f 1920/3010/1383 1922/3012/1383 397/2388/1383 1587/2387/1383
f 1920/3010/1384 1594/2397/1384 1593/2396/1384 1921/3011/1384
f 1922/3012/1385 1548/2288/1385 377/2287/1385 1923/3013/1385
f 1922/3012/1386 1923/3013/1386 1604/2409/1386 397/2388/1386
f 1923/3013/1387 377/2287/1387 379/3014/1387 1924/3015/1387
f 1923/3013/1388 1924/3015/1388 1577/3016/1388 1604/2409/1388
f 1924/3017/1389 379/2296/1389 1551/2295/1389 1597/3018/1389
f 1924/3017/1390 1597/3018/1390 1578/2365/1390 1577/2364/1390
f 1921/3011/1391 1431/2951/1391 1549/2289/1391 1548/2288/1391
f 1921/3019/1392 1593/3020/1392 1374/2054/1392 1431/2053/1392
f 1604/2409/1393 1577/3016/1393 1576/3021/1393 1605/2410/1393
f 1601/3022/1394 1600/3023/1394 380/2308/1394 1557/2311/1394
f 1601/2406/1395 1557/2349/1395 1571/2348/1395 1573/2358/1395
f 1598/2403/1396 1539/2274/1396 1489/2273/1396 1584/2413/1396
f 1596/2399/1397 1372/1925/1397 319/1924/1397 1592/2395/1397
f 1593/2396/1398 1592/2395/1398 319/1924/1398 1374/1930/1398
f 1591/2393/1399 1583/2414/1399 1498/2196/1399 1502/2195/1399
f 1582/2378/1400 1925/3024/1400 1926/3025/1400 1927/3026/1400
f 1582/2378/1401 1927/3026/1401 1500/2188/1401 1499/2187/1401
f 1582/2378/1402 355/2063/1402 1476/2143/1402 1925/3024/1402
f 1927/3026/1403 1380/1950/1403 1379/1949/1403 1500/2188/1403
f 1927/3026/1404 1926/3025/1404 1928/3027/1404 1380/1950/1404
f 1928/3027/1405 1929/3028/1405 1381/1951/1405 1380/1950/1405
f 1928/3027/1406 1926/3025/1406 1930/3029/1406 1931/3030/1406
f 1928/3027/1407 1931/3030/1407 1932/3031/1407 1929/3028/1407
f 1932/3031/1408 1933/3032/1408 1934/3033/1408 1929/3028/1408
f 1932/3031/1409 1931/3030/1409 1935/3034/1409 1936/3035/1409
f 1932/3031/1410 1936/3035/1410 1937/3036/1410 1933/3032/1410
f 1937/3036/1411 1938/3037/1411 1939/3038/1411 1933/3032/1411
f 1937/3036/1412 1936/3035/1412 1240/3039/1412 1239/3040/1412
f 1937/3036/1413 1239/3040/1413 1940/3041/1413 1938/3037/1413
f 1940/3042/1414 1941/3043/1414 1942/3044/1414 1938/3045/1414
f 1940/3042/1415 1239/3046/1415 277/3047/1415 1206/3048/1415
f 1940/3042/1416 1206/3048/1416 1943/3049/1416 1941/3043/1416
f 1943/3050/1417 1944/3051/1417 1945/3052/1417 1941/3053/1417
f 1943/3054/1418 1206/1584/1418 261/1583/1418 1208/3055/1418
f 1943/3054/1419 1208/3055/1419 1946/3056/1419 1944/3057/1419
f 1946/3056/1420 1947/3058/1420 1948/3059/1420 1944/3057/1420
f 1946/3060/1421 1208/3061/1421 1207/3062/1421 1949/3063/1421
f 1946/3060/1422 1949/3063/1422 1950/3064/1422 1947/3065/1422
f 1950/3064/1423 1951/3066/1423 1952/3067/1423 1947/3065/1423
f 1950/3068/1424 1949/3069/1424 1953/3070/1424 1954/3071/1424
f 1950/3068/1425 1954/3071/1425 1955/3072/1425 1951/3073/1425
f 1955/3072/1426 1956/3074/1426 1957/3075/1426 1951/3073/1426
f 1955/3076/1427 1954/3077/1427 1958/3078/1427 1959/3079/1427
f 1955/3076/1428 1959/3079/1428 1960/3080/1428 1956/3081/1428
f 1960/3080/1429 1961/3082/1429 1962/3083/1429 1956/3081/1429
f 1960/3084/1430 1959/3085/1430 1963/3086/1430 1964/3087/1430
f 1960/3084/1431 1964/3087/1431 1965/3088/1431 1961/3089/1431
f 1965/3090/1432 1966/3091/1432 1967/3092/1432 1968/3093/1432
f 1965/3088/1433 1968/3094/1433 1969/3095/1433 1961/3089/1433
f 1965/3090/1434 1964/3096/1434 1970/3097/1434 1966/3091/1434
f 1970/3098/1435 1971/3099/1435 1972/3100/1435 1966/3101/1435
f 1970/3097/1436 1964/3096/1436 1963/3102/1436 1973/3103/1436
f 1970/3098/1437 1973/3104/1437 1974/3105/1437 1971/3099/1437
f 1974/3106/1438 1975/3107/1438 1976/3108/1438 1971/3109/1438
f 1974/3105/1439 1973/3104/1439 1977/3110/1439 1978/3111/1439
f 1974/3106/1440 1978/3112/1440 1979/3113/1440 1975/3107/1440
f 1979/3114/1441 1980/3115/1441 1981/3116/1441 1975/3117/1441
f 1979/3113/1442 1978/3112/1442 1982/3118/1442 1983/3119/1442
f 1979/3114/1443 1983/3120/1443 1984/3121/1443 1980/3115/1443
f 1984/3121/1444 1985/3122/1444 1986/3123/1444 1980/3115/1444
f 1984/3121/1445 1983/3120/1445 1987/3124/1445 1988/3125/1445
f 1984/3121/1446 1988/3125/1446 1989/3126/1446 1985/3122/1446
f 1989/3127/1447 1990/3128/1447 1991/3129/1447 1985/3130/1447
f 1989/3126/1448 1988/3125/1448 1992/3131/1448 1993/3132/1448
f 1989/3133/1449 1993/3134/1449 1994/3135/1449 1990/3136/1449
f 1994/3135/1450 1995/3137/1450 1996/3138/1450 1990/3136/1450
f 1994/3135/1451 1993/3134/1451 1997/3139/1451 1998/3140/1451
f 1994/3135/1452 1998/3140/1452 1999/3141/1452 1995/3137/1452
f 1999/3142/1453 2000/3143/1453 2001/3144/1453 1995/3145/1453
f 1999/3141/1454 1998/3140/1454 2002/3146/1454 2003/3147/1454
f 1999/3142/1455 2003/3148/1455 2004/3149/1455 2000/3143/1455
f 2004/3150/1456 2005/3151/1456 2006/3152/1456 2000/3153/1456
f 2004/3149/1457 2003/3148/1457 2007/3154/1457 2008/3155/1457
f 2004/3150/1458 2008/3156/1458 2009/3157/1458 2005/3151/1458
f 2009/3157/1459 2010/3158/1459 2011/3159/1459 2005/3151/1459
f 2009/3157/1460 2008/3156/1460 2012/3160/1460 2013/3161/1460
f 2009/3157/1461 2013/3161/1461 2014/3162/1461 2010/3158/1461
f 2014/3162/1462 2015/3163/1462 2016/3164/1462 2010/3158/1462
f 2014/3162/1463 2013/3161/1463 1423/2031/1463 1422/2030/1463
f 2014/3162/1464 1422/2030/1464 1421/2029/1464 2015/3163/1464
f 2016/3164/1465 2017/3165/1465 2018/3166/1465 2019/3167/1465
f 2016/3164/1466 2019/3167/1466 2011/3159/1466 2010/3158/1466
f 2016/3164/1467 2015/3163/1467 2020/3168/1467 2017/3165/1467
f 2020/3168/1468 2021/3169/1468 2022/3170/1468 2017/3165/1468
f 2020/3168/1469 2015/3163/1469 1421/2029/1469 2023/3171/1469
f 2020/3168/1470 2023/3171/1470 2024/3172/1470 2021/3169/1470
f 2024/3172/1471 2025/3173/1471 2026/3174/1471 2021/3169/1471
f 2024/3172/1472 2023/3171/1472 2027/3175/1472 2028/3176/1472
f 2024/3172/1473 2028/3176/1473 2029/3177/1473 2025/3173/1473
f 2029/3178/1474 2030/3179/1474 2031/3180/1474 2025/3181/1474
f 2029/3182/1475 2028/3183/1475 2032/3184/1475 2033/3185/1475
f 2029/3178/1476 2033/3186/1476 2034/3187/1476 2030/3179/1476
f 2034/3187/1477 2035/3188/1477 2036/3189/1477 2030/3179/1477
f 2034/3187/1478 2033/3186/1478 2037/3190/1478 2038/3191/1478
f 2034/3187/1479 2038/3191/1479 2039/3192/1479 2035/3188/1479
f 2039/3193/1480 2040/3194/1480 2041/3195/1480 2035/3196/1480
f 2039/3192/1481 2038/3191/1481 2042/3197/1481 2043/3198/1481
f 2039/3193/1482 2043/3199/1482 2044/3200/1482 2040/3194/1482
f 2044/3200/1483 2045/3201/1483 2046/3202/1483 2040/3194/1483
f 2044/3200/1484 2043/3199/1484 2047/3203/1484 2048/3204/1484
f 2044/3200/1485 2048/3204/1485 2049/3205/1485 2045/3201/1485
f 2049/3206/1486 2050/3207/1486 2051/3208/1486 2045/3209/1486
f 2049/3205/1487 2048/3204/1487 2052/3210/1487 2053/3211/1487
f 2049/3206/1488 2053/3212/1488 2054/3213/1488 2050/3207/1488
f 2054/3214/1489 2055/3215/1489 2056/3216/1489 2050/3217/1489
f 2054/3213/1490 2053/3212/1490 2057/3218/1490 2058/3219/1490
f 2054/3214/1491 2058/3220/1491 2059/3221/1491 2055/3215/1491
f 2059/3222/1492 2060/3223/1492 2061/3224/1492 2055/3225/1492
f 2059/3226/1493 2058/3219/1493 2062/3227/1493 2063/3228/1493
f 2059/3222/1494 2063/3229/1494 2064/3230/1494 2060/3223/1494
f 2064/3231/1495 2065/3232/1495 2066/3233/1495 2060/3234/1495
f 2064/3235/1496 2063/3236/1496 2067/3237/1496 2068/3238/1496
f 2064/3231/1497 2068/3239/1497 2069/3240/1497 2065/3232/1497
f 2069/3241/1498 2068/3242/1498 2070/3243/1498 2071/3244/1498
f 2069/3245/1499 2071/3246/1499 2072/3247/1499 2073/3248/1499
f 2069/3245/1500 2073/3248/1500 2074/3249/1500 2065/3250/1500
f 2074/3249/1501 2075/3251/1501 2066/3252/1501 2065/3250/1501
f 2074/3249/1502 2073/3248/1502 2076/3253/1502 2077/3254/1502
f 2074/3249/1503 2077/3254/1503 2078/3255/1503 2075/3251/1503
f 2078/3255/1504 2079/3256/1504 2080/3257/1504 2075/3251/1504
f 2078/3255/1505 2077/3254/1505 2081/3258/1505 998/1155/1505
f 2078/3255/1506 998/1155/1506 997/1154/1506 2079/3256/1506
f 2081/3258/1507 2077/3254/1507 2076/3253/1507 815/797/1507
f 2081/3258/1508 815/797/1508 126/758/1508 856/870/1508
f 2081/3258/1509 856/870/1509 191/960/1509 998/1155/1509
f 2080/3259/1510 2082/3260/1510 2083/3261/1510 2084/3262/1510
f 2080/3259/1511 2084/3262/1511 2066/3233/1511 2075/3263/1511
f 2080/3257/1512 2079/3256/1512 2085/3264/1512 2082/3265/1512
f 2085/3264/1513 2086/3266/1513 1189/3267/1513 2082/3265/1513
f 2085/3264/1514 2079/3256/1514 997/1154/1514 2087/3268/1514
f 2085/3264/1515 2087/3268/1515 2088/3269/1515 2086/3266/1515
f 2088/3269/1516 2089/3270/1516 2090/3271/1516 2086/3266/1516
f 2088/3269/1517 2087/3268/1517 1143/1457/1517 1142/1456/1517
f 2088/3269/1518 1142/1456/1518 1235/1640/1518 2089/3270/1518
f 2090/3271/1519 2091/3272/1519 2092/3273/1519 1190/3274/1519
f 2090/3271/1520 1190/3274/1520 1189/3267/1520 2086/3266/1520
f 2090/3271/1521 2089/3270/1521 2093/3275/1521 2091/3272/1521
f 2093/3275/1522 2094/3276/1522 1355/3277/1522 2091/3272/1522
f 2093/3275/1523 2089/3270/1523 1235/1640/1523 1362/1897/1523
f 2093/3275/1524 1362/1897/1524 1361/1896/1524 2094/3276/1524
f 2094/3276/1525 2095/3278/1525 1356/3279/1525 1355/3277/1525
f 2094/3276/1526 1361/1896/1526 2096/3280/1526 2095/3278/1526
f 2096/3280/1527 2097/3281/1527 2098/3282/1527 2095/3278/1527
f 2096/3280/1528 1361/1896/1528 1360/1895/1528 1567/2334/1528
f 2096/3280/1529 1567/2334/1529 1410/2009/1529 2097/3281/1529
f 2098/3282/1530 2099/3283/1530 2100/3284/1530 2101/3285/1530
f 2098/3282/1531 2101/3285/1531 1356/3279/1531 2095/3278/1531
f 2098/3282/1532 2097/3281/1532 2102/3286/1532 2099/3283/1532
f 2101/3285/1533 2100/3284/1533 1201/3287/1533 1200/3288/1533
f 2101/3285/1534 1200/3288/1534 320/3289/1534 1356/3279/1534
f 2100/3284/1535 2103/3290/1535 2104/3291/1535 1201/3287/1535
f 2100/3284/1536 2099/3283/1536 2105/3292/1536 2103/3290/1536
f 2105/3292/1537 2106/3293/1537 2107/3294/1537 2103/3290/1537
f 2105/3292/1538 2099/3283/1538 2102/3286/1538 1294/1761/1538
f 2105/3292/1539 1294/1761/1539 1293/1760/1539 2106/3293/1539
f 2107/3294/1540 2108/3295/1540 2109/3296/1540 2110/3297/1540
f 2107/3294/1541 2110/3297/1541 2104/3291/1541 2103/3290/1541
f 2107/3294/1542 2106/3293/1542 2111/3298/1542 2108/3295/1542
f 2111/3298/1543 2112/3299/1543 2113/3300/1543 2108/3295/1543
f 2111/3298/1544 2106/3293/1544 1293/1760/1544 2114/3301/1544
f 2111/3298/1545 2114/3301/1545 1045/1243/1545 2112/3299/1545
f 2113/3300/1546 2115/3302/1546 2116/3303/1546 2117/3304/1546
f 2113/3300/1547 2117/3304/1547 2109/3296/1547 2108/3295/1547
f 2113/3300/1548 2112/3299/1548 940/1037/1548 2115/3302/1548
f 2117/3304/1549 2116/3303/1549 2118/3305/1549 2119/3306/1549
f 2117/3304/1550 2119/3306/1550 2120/3307/1550 2109/3296/1550
f 2120/3308/1551 2119/3309/1551 2121/3310/1551 2122/3311/1551
f 2120/3308/1552 2122/3311/1552 2123/3312/1552 2124/3313/1552
f 2120/3307/1553 2124/3314/1553 2110/3297/1553 2109/3296/1553
f 2124/3315/1554 2123/3316/1554 1209/3317/1554 1211/3318/1554
f 2124/3319/1555 1211/1595/1555 2104/3320/1555 2110/3321/1555
f 2123/3322/1556 2122/3323/1556 2125/3324/1556 2126/3325/1556
f 2123/3326/1557 2126/3327/1557 1210/1593/1557 1209/1592/1557
f 2126/3328/1558 2125/3329/1558 2127/3330/1558 2128/3331/1558
f 2126/3328/1559 2128/3331/1559 2129/3332/1559 1210/3333/1559
f 2129/3332/1560 2128/3331/1560 2130/3334/1560 2131/3335/1560
f 2129/3332/1561 2131/3335/1561 2132/3336/1561 2133/3337/1561
f 2133/3337/1562 2132/3336/1562 2134/3338/1562 2135/3339/1562
f 2135/3339/1563 2134/3338/1563 2136/3340/1563 2137/3341/1563
f 2135/3342/1564 2137/3343/1564 2138/3344/1564 1202/3345/1564
f 2137/3341/1565 2136/3340/1565 2139/3346/1565 2140/3347/1565
f 2140/3347/1566 2139/3346/1566 2141/3348/1566 2142/3349/1566
f 2142/3349/1567 2141/3348/1567 2143/3350/1567 2144/3351/1567
f 2142/3349/1568 2144/3351/1568 2145/3352/1568 1354/3353/1568
f 2145/3354/1569 2146/3355/1569 1352/3356/1569 1354/3357/1569
f 2145/3352/1570 2144/3351/1570 2147/3358/1570 1180/3359/1570
f 2145/3360/1571 1180/1529/1571 1179/1528/1571 2146/3361/1571
f 2147/3358/1572 2144/3351/1572 2143/3350/1572 2148/3362/1572
f 2147/3358/1573 2148/3362/1573 2046/3363/1573 2149/3364/1573
f 2147/3358/1574 2149/3364/1574 1181/3365/1574 1180/3359/1574
f 2149/3364/1575 2046/3363/1575 2045/3209/1575 2051/3208/1575
f 2149/3364/1576 2051/3208/1576 2150/3366/1576 1181/3365/1576
f 2150/3367/1577 1187/3368/1577 1178/1527/1577 1181/1530/1577
f 2150/3369/1578 2051/3370/1578 2050/3217/1578 2056/3216/1578
f 2150/3367/1579 2056/3371/1579 2151/3372/1579 1187/3368/1579
f 2151/3373/1580 2083/3261/1580 1188/1549/1580 1187/1548/1580
f 2151/3372/1581 2056/3371/1581 2055/3225/1581 2061/3224/1581
f 2151/3373/1582 2061/3374/1582 2084/3262/1582 2083/3261/1582
f 2148/3375/1583 2143/3376/1583 2152/3377/1583 2041/3195/1583
f 2148/3375/1584 2041/3195/1584 2040/3194/1584 2046/3202/1584
f 2152/3378/1585 2143/3379/1585 2141/3380/1585 2153/3381/1585
f 2152/3378/1586 2153/3381/1586 2154/3382/1586 2036/3383/1586
f 2152/3377/1587 2036/3384/1587 2035/3196/1587 2041/3195/1587
f 2154/3382/1588 2153/3381/1588 2155/3385/1588 2156/3386/1588
f 2154/3387/1589 2156/3388/1589 2157/3389/1589 2031/3180/1589
f 2154/3387/1590 2031/3180/1590 2030/3179/1590 2036/3189/1590
f 2157/3389/1591 2156/3388/1591 2158/3390/1591 2159/3391/1591
f 2157/3389/1592 2159/3391/1592 2160/3392/1592 2026/3393/1592
f 2157/3389/1593 2026/3393/1593 2025/3181/1593 2031/3180/1593
f 2160/3392/1594 2159/3391/1594 2161/3394/1594 2162/3395/1594
f 2160/3396/1595 2162/3397/1595 2163/3398/1595 2022/3170/1595
f 2160/3396/1596 2022/3170/1596 2021/3169/1596 2026/3174/1596
f 2163/3398/1597 2162/3397/1597 2164/3399/1597 2165/3400/1597
f 2163/3398/1598 2165/3400/1598 2166/3401/1598 2018/3166/1598
f 2163/3398/1599 2018/3166/1599 2017/3165/1599 2022/3170/1599
f 2166/3401/1600 2165/3400/1600 2167/3402/1600 2168/3403/1600
f 2166/3404/1601 2168/3405/1601 2169/3406/1601 2170/3407/1601
f 2166/3401/1602 2170/3408/1602 2019/3167/1602 2018/3166/1602
f 2170/3408/1603 2169/3409/1603 2171/3410/1603 2172/3411/1603
f 2170/3408/1604 2172/3411/1604 2011/3159/1604 2019/3167/1604
f 2172/3411/1605 2171/3410/1605 2173/3412/1605 2006/3152/1605
f 2172/3411/1606 2006/3152/1606 2005/3151/1606 2011/3159/1606
f 2173/3412/1607 2171/3410/1607 2174/3413/1607 2175/3414/1607
f 2173/3412/1608 2175/3414/1608 2176/3415/1608 2001/3416/1608
f 2173/3412/1609 2001/3416/1609 2000/3153/1609 2006/3152/1609
f 2176/3417/1610 2175/3418/1610 2177/3419/1610 2178/3420/1610
f 2176/3421/1611 2178/3422/1611 2179/3423/1611 1996/3424/1611
f 2176/3421/1612 1996/3424/1612 1995/3145/1612 2001/3144/1612
f 2179/3425/1613 2178/3420/1613 2180/3426/1613 2181/3427/1613
f 2179/3425/1614 2181/3427/1614 2182/3428/1614 1991/3129/1614
f 2179/3425/1615 1991/3129/1615 1990/3128/1615 1996/3429/1615
f 2182/3428/1616 2181/3427/1616 2183/3430/1616 2184/3431/1616
f 2182/3428/1617 2184/3431/1617 2185/3432/1617 1986/3433/1617
f 2182/3428/1618 1986/3433/1618 1985/3130/1618 1991/3129/1618
f 2185/3432/1619 2184/3431/1619 2186/3434/1619 2187/3435/1619
f 2185/3436/1620 2187/3437/1620 2188/3438/1620 1981/3116/1620
f 2185/3436/1621 1981/3116/1621 1980/3115/1621 1986/3123/1621
f 2188/3438/1622 2187/3437/1622 2189/3439/1622 2190/3440/1622
f 2188/3438/1623 2190/3440/1623 2191/3441/1623 1976/3442/1623
f 2188/3438/1624 1976/3442/1624 1975/3117/1624 1981/3116/1624
f 2191/3441/1625 2190/3440/1625 2192/3443/1625 2193/3444/1625
f 2191/3445/1626 2193/3446/1626 2194/3447/1626 1972/3448/1626
f 2191/3445/1627 1972/3448/1627 1971/3109/1627 1976/3108/1627
f 2194/3449/1628 2193/3450/1628 2195/3451/1628 2196/3452/1628
f 2194/3453/1629 2196/3454/1629 2197/3455/1629 1967/3456/1629
f 2194/3453/1630 1967/3456/1630 1966/3101/1630 1972/3100/1630
f 2197/3455/1631 2196/3454/1631 2198/3457/1631 2199/3458/1631
f 2197/3459/1632 2199/3460/1632 2200/3461/1632 2201/3462/1632
f 2197/3459/1633 2201/3462/1633 1968/3463/1633 1967/3464/1633
f 2201/3465/1634 2200/3466/1634 2202/3467/1634 2203/3468/1634
f 2201/3465/1635 2203/3468/1635 1969/3095/1635 1968/3094/1635
f 2203/3469/1636 2202/3470/1636 2204/3471/1636 2205/3472/1636
f 2203/3468/1637 2205/3473/1637 2206/3474/1637 1969/3095/1637
f 2206/3474/1638 2205/3473/1638 2207/3475/1638 2208/3476/1638
f 2206/3474/1639 2208/3476/1639 2209/3477/1639 1962/3478/1639
f 2206/3479/1640 1962/3083/1640 1961/3082/1640 1969/3480/1640
f 2209/3481/1641 2208/3482/1641 2210/3483/1641 2211/3484/1641
f 2209/3481/1642 2211/3484/1642 2212/3485/1642 1957/3486/1642
f 2209/3477/1643 1957/3075/1643 1956/3074/1643 1962/3478/1643
f 2212/3487/1644 2211/3488/1644 2213/3489/1644 2214/3490/1644
f 2212/3487/1645 2214/3490/1645 2215/3491/1645 1952/3492/1645
f 2212/3485/1646 1952/3067/1646 1951/3066/1646 1957/3486/1646
f 2215/3493/1647 2214/3494/1647 2216/3495/1647 2217/3496/1647
f 2215/3493/1648 2217/3496/1648 2218/3497/1648 1948/3498/1648
f 2215/3491/1649 1948/3059/1649 1947/3058/1649 1952/3492/1649
f 2218/3497/1650 2217/3496/1650 2219/3499/1650 2220/3500/1650
f 2218/3497/1651 2220/3500/1651 2221/3501/1651 1945/3052/1651
f 2218/3497/1652 1945/3052/1652 1944/3051/1652 1948/3498/1652
f 2221/3502/1653 2220/3503/1653 2222/3504/1653 2223/3505/1653
f 2221/3502/1654 2223/3505/1654 2224/3506/1654 1942/3507/1654
f 2221/3501/1655 1942/3508/1655 1941/3053/1655 1945/3052/1655
f 2224/3506/1656 2223/3505/1656 2225/3509/1656 2226/3510/1656
f 2224/3506/1657 2226/3510/1657 2227/3511/1657 1939/3038/1657
f 2224/3506/1658 1939/3038/1658 1938/3037/1658 1942/3507/1658
f 2227/3511/1659 2226/3510/1659 2228/3512/1659 2229/3513/1659
f 2227/3511/1660 2229/3513/1660 2230/3514/1660 1934/3033/1660
f 2227/3511/1661 1934/3033/1661 1933/3032/1661 1939/3038/1661
f 2230/3514/1662 2229/3513/1662 1216/1603/1662 1309/1790/1662
f 2230/3514/1663 1309/1790/1663 323/1948/1663 1381/1951/1663
f 2230/3514/1664 1381/1951/1664 1929/3028/1664 1934/3033/1664
f 2229/3513/1665 2228/3512/1665 1215/1601/1665 1216/1603/1665
f 2228/3512/1666 2231/3515/1666 1110/1382/1666 1215/1601/1666
f 2228/3512/1667 2226/3510/1667 2225/3509/1667 2231/3515/1667
f 2231/3515/1668 2232/3516/1668 992/1147/1668 1110/1382/1668
f 2231/3515/1669 2225/3509/1669 2233/3517/1669 2232/3516/1669
f 2233/3517/1670 2234/3518/1670 2235/3519/1670 2232/3516/1670
f 2233/3517/1671 2225/3509/1671 2223/3505/1671 2222/3504/1671
f 2233/3517/1672 2222/3504/1672 2236/3520/1672 2234/3518/1672
f 2236/3520/1673 2237/3521/1673 2238/3522/1673 2234/3518/1673
f 2236/3520/1674 2222/3504/1674 2220/3503/1674 2219/3523/1674
f 2236/3520/1675 2219/3523/1675 2239/3524/1675 2237/3521/1675
f 2239/3524/1676 2240/3525/1676 2241/3526/1676 2237/3521/1676
f 2239/3527/1677 2219/3499/1677 2217/3496/1677 2216/3495/1677
f 2239/3527/1678 2216/3495/1678 2242/3528/1678 2240/3529/1678
f 2242/3528/1679 2243/3530/1679 2244/3531/1679 2240/3529/1679
f 2242/3528/1680 2216/3495/1680 2214/3494/1680 2213/3532/1680
f 2242/3528/1681 2213/3532/1681 2245/3533/1681 2243/3530/1681
f 2245/3533/1682 2246/3534/1682 2247/3535/1682 2243/3530/1682
f 2245/3536/1683 2213/3489/1683 2211/3488/1683 2210/3537/1683
f 2245/3536/1684 2210/3537/1684 2248/3538/1684 2246/3539/1684
f 2248/3540/1685 2249/3541/1685 2250/3542/1685 2246/3543/1685
f 2248/3540/1686 2210/3544/1686 2208/3545/1686 2207/3546/1686
f 2248/3540/1687 2207/3546/1687 2251/3547/1687 2249/3541/1687
f 2251/3547/1688 2252/3548/1688 2253/3549/1688 2249/3541/1688
f 2251/3550/1689 2207/3475/1689 2205/3473/1689 2204/3551/1689
f 2251/3550/1690 2204/3551/1690 2254/3552/1690 2252/3553/1690
f 2254/3554/1691 2255/3555/1691 2256/3556/1691 2257/3557/1691
f 2254/3552/1692 2257/3558/1692 2258/3559/1692 2252/3553/1692
f 2254/3552/1693 2204/3551/1693 2202/3467/1693 2255/3560/1693
f 2258/3559/1694 2257/3558/1694 2259/3561/1694 2260/3562/1694
f 2258/3563/1695 2260/3564/1695 702/573/1695 701/572/1695
f 2258/3563/1696 701/572/1696 2253/3549/1696 2252/3548/1696
f 2260/3562/1697 2259/3561/1697 2261/3565/1697 844/3566/1697
f 2260/3564/1698 844/846/1698 843/845/1698 702/573/1698
f 2261/3567/1699 2262/3568/1699 2263/3569/1699 2264/3570/1699
f 2261/3565/1700 2264/3571/1700 845/3572/1700 844/3566/1700
f 2261/3567/1701 2259/3573/1701 2265/3574/1701 2262/3568/1701
f 2265/3575/1702 2266/3576/1702 2267/3577/1702 2262/3578/1702
f 2265/3574/1703 2259/3573/1703 2257/3557/1703 2256/3556/1703
f 2265/3575/1704 2256/3579/1704 2268/3580/1704 2266/3576/1704
f 2268/3581/1705 2269/3582/1705 2270/3583/1705 2266/3584/1705
f 2268/3580/1706 2256/3579/1706 2255/3560/1706 2271/3585/1706
f 2268/3581/1707 2271/3586/1707 2272/3587/1707 2269/3582/1707
f 2272/3588/1708 2273/3589/1708 2274/3590/1708 2269/3591/1708
f 2272/3587/1709 2271/3586/1709 2200/3461/1709 2199/3460/1709
f 2272/3588/1710 2199/3458/1710 2198/3457/1710 2273/3589/1710
f 2274/3592/1711 2275/3593/1711 2276/3594/1711 2277/3595/1711
f 2274/3590/1712 2277/3596/1712 2270/3597/1712 2269/3591/1712
f 2274/3592/1713 2273/3598/1713 2278/3599/1713 2275/3593/1713
f 2278/3600/1714 2279/3601/1714 2280/3602/1714 2275/3603/1714
f 2278/3599/1715 2273/3598/1715 2198/3604/1715 2281/3605/1715
f 2278/3600/1716 2281/3606/1716 2282/3607/1716 2279/3601/1716
f 2282/3607/1717 2283/3608/1717 2284/3609/1717 2279/3601/1717
f 2282/3607/1718 2281/3606/1718 2195/3610/1718 2285/3611/1718
f 2282/3607/1719 2285/3611/1719 2286/3612/1719 2283/3608/1719
f 2286/3613/1720 2287/3614/1720 2288/3615/1720 2283/3616/1720
f 2286/3612/1721 2285/3611/1721 2192/3443/1721 2289/3617/1721
f 2286/3613/1722 2289/3618/1722 2290/3619/1722 2287/3614/1722
f 2290/3619/1723 2291/3620/1723 2292/3621/1723 2287/3614/1723
f 2290/3622/1724 2289/3623/1724 2189/3624/1724 2293/3625/1724
f 2290/3622/1725 2293/3625/1725 2294/3626/1725 2291/3627/1725
f 2294/3628/1726 2295/3629/1726 2296/3630/1726 2291/3631/1726
f 2294/3626/1727 2293/3625/1727 2186/3434/1727 2297/3632/1727
f 2294/3626/1728 2297/3632/1728 2298/3633/1728 2295/3634/1728
f 2298/3633/1729 2299/3635/1729 2300/3636/1729 2295/3634/1729
f 2298/3633/1730 2297/3632/1730 2183/3430/1730 2301/3637/1730
f 2298/3633/1731 2301/3637/1731 2302/3638/1731 2299/3635/1731
f 2302/3638/1732 2303/3639/1732 2304/3640/1732 2299/3635/1732
f 2302/3638/1733 2301/3637/1733 2180/3426/1733 2305/3641/1733
f 2302/3638/1734 2305/3641/1734 2306/3642/1734 2303/3639/1734
f 2306/3642/1735 2307/3643/1735 2308/3644/1735 2303/3639/1735
f 2306/3642/1736 2305/3641/1736 2177/3419/1736 2309/3645/1736
f 2306/3642/1737 2309/3645/1737 2310/3646/1737 2307/3643/1737
f 2310/3646/1738 2311/3647/1738 2312/3648/1738 2307/3643/1738
f 2310/3646/1739 2309/3645/1739 2174/3649/1739 2313/3650/1739
f 2310/3651/1740 2313/3652/1740 2314/3653/1740 2311/3654/1740
f 2314/3655/1741 2315/3656/1741 2316/3657/1741 2311/3647/1741
f 2314/3653/1742 2313/3652/1742 2169/3406/1742 2168/3405/1742
f 2314/3658/1743 2168/3403/1743 2167/3402/1743 2315/3659/1743
f 2316/3657/1744 2317/3660/1744 2318/3661/1744 2319/3662/1744
f 2316/3657/1745 2319/3662/1745 2312/3648/1745 2311/3647/1745
f 2316/3657/1746 2315/3656/1746 2320/3663/1746 2317/3660/1746
f 2320/3664/1747 2321/3665/1747 2322/3666/1747 2317/3667/1747
f 2320/3668/1748 2315/3659/1748 2167/3402/1748 2323/3669/1748
f 2320/3664/1749 2323/3670/1749 2324/3671/1749 2321/3665/1749
f 2324/3671/1750 2325/3672/1750 2326/3673/1750 2321/3665/1750
f 2324/3671/1751 2323/3670/1751 2164/3674/1751 2327/3675/1751
f 2324/3671/1752 2327/3675/1752 2328/3676/1752 2325/3672/1752
f 2328/3677/1753 2329/3678/1753 2330/3679/1753 2325/3680/1753
f 2328/3676/1754 2327/3675/1754 2161/3394/1754 2331/3681/1754
f 2328/3677/1755 2331/3682/1755 2332/3683/1755 2329/3678/1755
f 2332/3683/1756 2134/3684/1756 2132/3685/1756 2329/3678/1756
f 2332/3683/1757 2331/3682/1757 2158/3686/1757 2333/3687/1757
f 2332/3683/1758 2333/3687/1758 2136/3688/1758 2134/3684/1758
f 2333/3687/1759 2158/3686/1759 2156/3386/1759 2155/3385/1759
f 2333/3687/1760 2155/3385/1760 2139/3689/1760 2136/3688/1760
f 2331/3681/1761 2161/3394/1761 2159/3391/1761 2158/3390/1761
f 2330/3679/1762 2131/3690/1762 2130/3691/1762 2334/3692/1762
f 2330/3679/1763 2334/3692/1763 2326/3693/1763 2325/3680/1763
f 2330/3679/1764 2329/3678/1764 2132/3685/1764 2131/3690/1764
f 2334/3694/1765 2130/3695/1765 2335/3696/1765 2336/3697/1765
f 2334/3694/1766 2336/3697/1766 2337/3698/1766 2326/3699/1766
f 2337/3698/1767 2336/3697/1767 2338/3700/1767 2339/3701/1767
f 2337/3702/1768 2339/3703/1768 2340/3704/1768 2322/3666/1768
f 2337/3702/1769 2322/3666/1769 2321/3665/1769 2326/3673/1769
f 2340/3704/1770 2339/3703/1770 2341/3705/1770 2342/3706/1770
f 2340/3704/1771 2342/3706/1771 2343/3707/1771 2318/3708/1771
f 2340/3704/1772 2318/3708/1772 2317/3667/1772 2322/3666/1772
f 2343/3707/1773 2342/3706/1773 2344/3709/1773 2345/3710/1773
f 2343/3711/1774 2345/3712/1774 2346/3713/1774 2347/3714/1774
f 2343/3711/1775 2347/3714/1775 2319/3662/1775 2318/3661/1775
f 2347/3714/1776 2346/3713/1776 2348/3715/1776 2349/3716/1776
f 2347/3714/1777 2349/3716/1777 2312/3648/1777 2319/3662/1777
f 2349/3716/1778 2348/3715/1778 2350/3717/1778 2308/3644/1778
f 2349/3716/1779 2308/3644/1779 2307/3643/1779 2312/3648/1779
f 2350/3717/1780 2348/3715/1780 2351/3718/1780 2352/3719/1780
f 2350/3717/1781 2352/3719/1781 2353/3720/1781 2304/3640/1781
f 2350/3717/1782 2304/3640/1782 2303/3639/1782 2308/3644/1782
f 2353/3720/1783 2352/3719/1783 2354/3721/1783 2355/3722/1783
f 2353/3720/1784 2355/3722/1784 2356/3723/1784 2300/3636/1784
f 2353/3720/1785 2300/3636/1785 2299/3635/1785 2304/3640/1785
f 2356/3724/1786 2355/3725/1786 2357/3726/1786 2358/3727/1786
f 2356/3724/1787 2358/3727/1787 2359/3728/1787 2296/3729/1787
f 2356/3723/1788 2296/3730/1788 2295/3634/1788 2300/3636/1788
f 2359/3728/1789 2358/3727/1789 2360/3731/1789 2361/3732/1789
f 2359/3728/1790 2361/3732/1790 2362/3733/1790 2292/3621/1790
f 2359/3734/1791 2292/3735/1791 2291/3631/1791 2296/3630/1791
f 2362/3733/1792 2361/3732/1792 2363/3736/1792 2364/3737/1792
f 2362/3733/1793 2364/3737/1793 2365/3738/1793 2288/3615/1793
f 2362/3733/1794 2288/3615/1794 2287/3614/1794 2292/3621/1794
f 2365/3738/1795 2364/3737/1795 2366/3739/1795 2367/3740/1795
f 2365/3738/1796 2367/3740/1796 2368/3741/1796 2284/3742/1796
f 2365/3738/1797 2284/3742/1797 2283/3616/1797 2288/3615/1797
f 2368/3741/1798 2367/3740/1798 2369/3743/1798 2370/3744/1798
f 2368/3745/1799 2370/3746/1799 2371/3747/1799 2280/3602/1799
f 2368/3745/1800 2280/3602/1800 2279/3601/1800 2284/3609/1800
f 2371/3747/1801 2370/3746/1801 2372/3748/1801 2373/3749/1801
f 2371/3747/1802 2373/3749/1802 2374/3750/1802 2276/3751/1802
f 2371/3747/1803 2276/3751/1803 2275/3603/1803 2280/3602/1803
f 2374/3750/1804 2373/3749/1804 2375/3752/1804 2376/3753/1804
f 2374/3754/1805 2376/3755/1805 2377/3756/1805 2378/3757/1805
f 2374/3754/1806 2378/3757/1806 2277/3595/1806 2276/3594/1806
f 2378/3758/1807 2377/3759/1807 2379/3760/1807 2380/3761/1807
f 2378/3758/1808 2380/3761/1808 2270/3597/1808 2277/3596/1808
f 2380/3762/1809 2379/3763/1809 2381/3764/1809 2267/3765/1809
f 2380/3762/1810 2267/3765/1810 2266/3584/1810 2270/3583/1810
f 2381/3766/1811 2379/3767/1811 2382/3768/1811 2383/3769/1811
f 2381/3770/1812 2383/3771/1812 2384/3772/1812 2263/3773/1812
f 2381/3770/1813 2263/3773/1813 2262/3578/1813 2267/3577/1813
f 2384/3772/1814 2383/3771/1814 2385/3774/1814 2386/3775/1814
f 2384/3772/1815 2386/3775/1815 2387/3776/1815 2388/3777/1815
f 2384/3772/1816 2388/3777/1816 2264/3571/1816 2263/3773/1816
f 2388/3777/1817 2387/3776/1817 2389/3778/1817 2390/3779/1817
f 2388/3777/1818 2390/3779/1818 845/3572/1818 2264/3571/1818
f 2390/3780/1819 2389/3781/1819 2391/3782/1819 904/3783/1819
f 2390/3784/1820 904/3785/1820 135/844/1820 845/847/1820
f 2391/3782/1821 2389/3781/1821 1091/3786/1821 2392/3787/1821
f 2391/3788/1822 2392/3789/1822 2393/3790/1822 2394/3791/1822
f 2391/3788/1823 2394/3791/1823 153/961/1823 904/964/1823
f 2394/3792/1824 2393/3793/1824 2395/3794/1824 2396/3795/1824
f 2394/3791/1825 2396/3796/1825 902/962/1825 153/961/1825
f 2396/3795/1826 2395/3794/1826 2397/3797/1826 2398/3798/1826
f 2396/3795/1827 2398/3798/1827 2399/3799/1827 902/3800/1827
f 2399/3801/1828 2398/3802/1828 2400/3803/1828 2401/3804/1828
f 2399/3801/1829 2401/3804/1829 2402/3805/1829 2403/3806/1829
f 2399/3801/1830 2403/3806/1830 903/963/1830 902/962/1830
f 2403/3806/1831 2402/3805/1831 2404/3807/1831 2405/3808/1831
f 2403/3809/1832 2405/3810/1832 2406/3811/1832 903/3812/1832
f 2406/3811/1833 847/3813/1833 846/3814/1833 903/3812/1833
f 2406/3811/1834 2405/3810/1834 2407/3815/1834 2408/3816/1834
f 2406/3811/1835 2408/3816/1835 2409/3817/1835 847/3813/1835
f 2409/3818/1836 848/3819/1836 138/851/1836 847/850/1836
f 2409/3817/1837 2408/3816/1837 2410/3820/1837 703/575/1837
f 2409/3817/1838 703/575/1838 87/574/1838 848/3821/1838
f 2410/3820/1839 2408/3816/1839 2407/3815/1839 2411/3822/1839
f 2410/3820/1840 2411/3822/1840 2412/3823/1840 2413/3824/1840
f 2410/3820/1841 2413/3824/1841 704/576/1841 703/575/1841
f 2413/3824/1842 2412/3823/1842 2414/3825/1842 2415/3826/1842
f 2413/3824/1843 2415/3826/1843 2416/3827/1843 704/576/1843
f 2416/3827/1844 2417/3828/1844 700/577/1844 704/576/1844
f 2416/3827/1845 2415/3826/1845 2418/3829/1845 2419/3830/1845
f 2416/3831/1846 2419/3832/1846 2250/3833/1846 2417/3834/1846
f 2419/3830/1847 2418/3829/1847 2420/3835/1847 2247/3836/1847
f 2419/3830/1848 2247/3836/1848 2246/3837/1848 2250/3838/1848
f 2420/3835/1849 2418/3829/1849 2421/3839/1849 2422/3840/1849
f 2420/3841/1850 2422/3842/1850 2423/3843/1850 2244/3844/1850
f 2420/3845/1851 2244/3531/1851 2243/3530/1851 2247/3535/1851
f 2423/3843/1852 2422/3842/1852 2424/3846/1852 2425/3847/1852
f 2423/3843/1853 2425/3847/1853 2426/3848/1853 2241/3526/1853
f 2423/3843/1854 2241/3526/1854 2240/3525/1854 2244/3844/1854
f 2426/3848/1855 2425/3847/1855 2427/3849/1855 2428/3850/1855
f 2426/3848/1856 2428/3850/1856 2429/3851/1856 2238/3522/1856
f 2426/3848/1857 2238/3522/1857 2237/3521/1857 2241/3526/1857
f 2429/3851/1858 2428/3850/1858 794/750/1858 877/911/1858
f 2429/3851/1859 877/911/1859 963/1086/1859 2235/3519/1859
f 2429/3851/1667 2235/3519/1667 2234/3518/1667 2238/3522/1667
f 2428/3850/1860 2427/3849/1860 116/744/1860 794/750/1860
f 2427/3849/1861 2430/3852/1861 789/745/1861 116/744/1861
f 2427/3849/1862 2425/3847/1862 2424/3846/1862 2430/3852/1862
f 2430/3852/1863 2431/3853/1863 511/201/1863 789/745/1863
f 2430/3852/1864 2424/3846/1864 2432/3854/1864 2431/3853/1864
f 2432/3854/1865 2433/3855/1865 2434/3856/1865 2431/3853/1865
f 2432/3854/1866 2424/3846/1866 2422/3842/1866 2421/3857/1866
f 2432/3854/1867 2421/3857/1867 2414/3858/1867 2433/3855/1867
f 2434/3856/1868 2433/3855/1868 2435/3859/1868 2436/3860/1868
f 2434/3856/1869 2436/3860/1869 578/343/1869 512/202/1869
f 2434/3856/1870 512/202/1870 511/201/1870 2431/3853/1870
f 2436/3860/1871 2435/3859/1871 2437/3861/1871 2438/3862/1871
f 2436/3860/1872 2438/3862/1872 579/344/1872 578/343/1872
f 2438/3862/1873 2437/3861/1873 2439/3863/1873 2440/3864/1873
f 2438/3862/1874 2440/3864/1874 2441/3865/1874 579/344/1874
f 2441/3865/1875 2440/3864/1875 2442/3866/1875 803/772/1875
f 2441/3865/1876 803/772/1876 121/566/1876 662/491/1876
f 2441/3865/1877 662/491/1877 580/345/1877 579/344/1877
f 2442/3866/1878 2404/3807/1878 2402/3805/1878 2443/3867/1878
f 2442/3866/1879 2443/3867/1879 804/773/1879 803/772/1879
f 2442/3866/1880 2440/3864/1880 2439/3863/1880 2404/3807/1880
f 2443/3867/1881 2402/3805/1881 2401/3804/1881 2444/3868/1881
f 2443/3867/1882 2444/3868/1882 825/816/1882 804/773/1882
f 2444/3868/1883 2401/3804/1883 2400/3803/1883 2445/3869/1883
f 2444/3868/1884 2445/3869/1884 2446/3870/1884 825/816/1884
f 2446/3870/1885 2445/3869/1885 2447/3871/1885 2448/3872/1885
f 2446/3870/1886 2448/3872/1886 1059/1275/1886 2449/3873/1886
f 2446/3870/1887 2449/3873/1887 826/817/1887 825/816/1887
f 2449/3873/1888 1059/1275/1888 908/972/1888 907/971/1888
f 2449/3873/1889 907/971/1889 829/820/1889 826/817/1889
f 2448/3872/1890 2447/3871/1890 2450/3874/1890 2451/3875/1890
f 2448/3872/1891 2451/3875/1891 1060/1276/1891 1059/1275/1891
f 2451/3875/1892 2450/3874/1892 2452/3876/1892 1162/1496/1892
f 2451/3875/1893 1162/1496/1893 1133/1435/1893 1060/1276/1893
f 2452/3876/1894 2453/3877/1894 2454/3878/1894 2455/3879/1894
f 2452/3876/1895 2455/3879/1895 1160/1493/1895 1162/1496/1895
f 2452/3876/1896 2450/3874/1896 2456/3880/1896 2453/3877/1896
f 2456/3880/1897 2457/3881/1897 2458/3882/1897 2453/3877/1897
f 2456/3880/1898 2450/3874/1898 2447/3871/1898 2459/3883/1898
f 2456/3880/1899 2459/3883/1899 2397/3884/1899 2457/3881/1899
f 2459/3883/1900 2447/3871/1900 2445/3869/1900 2400/3803/1900
f 2459/3883/1901 2400/3803/1901 2398/3802/1901 2397/3884/1901
f 2458/3882/1902 2460/3885/1902 2461/3886/1902 2462/3887/1902
f 2458/3882/1903 2462/3887/1903 2454/3878/1903 2453/3877/1903
f 2458/3882/1904 2457/3881/1904 2463/3888/1904 2460/3885/1904
f 2463/3889/1905 1097/1350/1905 1096/1349/1905 2460/3890/1905
f 2463/3888/1906 2457/3881/1906 2397/3884/1906 2395/3891/1906
f 2463/3889/1907 2395/3794/1907 2393/3793/1907 1097/1350/1907
f 2462/3887/1908 2461/3886/1908 2464/3892/1908 2465/3893/1908
f 2462/3887/1909 2465/3893/1909 2466/3894/1909 2454/3878/1909
f 2466/3894/1910 2465/3893/1910 2467/3895/1910 2468/3896/1910
f 2466/3894/1911 2468/3896/1911 1263/1692/1911 2469/3897/1911
f 2466/3894/1912 2469/3897/1912 2455/3879/1912 2454/3878/1912
f 2469/3897/1913 1263/1692/1913 283/1691/1913 1161/1494/1913
f 2469/3897/1914 1161/1494/1914 1160/1493/1914 2455/3879/1914
f 2468/3896/1915 2467/3895/1915 2470/3898/1915 2471/3899/1915
f 2468/3896/1916 2471/3899/1916 1264/1693/1916 1263/1692/1916
f 2471/3899/1917 2470/3898/1917 2472/3900/1917 2473/3901/1917
f 2471/3899/1918 2473/3901/1918 1436/2065/1918 1264/1693/1918
f 2473/3901/1919 2472/3900/1919 2474/3902/1919 1475/2142/1919
f 2473/3901/1920 1475/2142/1920 1435/2062/1920 1436/2065/1920
f 2474/3902/1921 2475/3903/1921 2476/3904/1921 2477/3905/1921
f 2474/3902/1922 2477/3905/1922 1476/2143/1922 1475/2142/1922
f 2474/3902/1923 2472/3900/1923 2478/3906/1923 2475/3903/1923
f 2478/3906/1924 2479/3907/1924 2480/3908/1924 2475/3903/1924
f 2478/3906/1925 2472/3900/1925 2470/3898/1925 2481/3909/1925
f 2478/3906/1926 2481/3909/1926 2482/3910/1926 2479/3907/1926
f 2482/3911/1927 1159/1490/1927 2483/3912/1927 2479/3913/1927
f 2482/3910/1928 2481/3909/1928 2484/3914/1928 2485/3915/1928
f 2482/3911/1929 2485/3916/1929 1153/1491/1929 1159/1490/1929
f 2485/3915/1930 2484/3914/1930 2464/3892/1930 2486/3917/1930
f 2485/3916/1931 2486/3918/1931 1152/3919/1931 1153/1491/1931
f 2486/3917/1932 2464/3892/1932 2461/3886/1932 1098/3920/1932
f 2486/3918/1933 1098/1353/1933 1094/1352/1933 1152/3919/1933
f 2484/3914/1934 2481/3909/1934 2470/3898/1934 2467/3895/1934
f 2484/3914/1935 2467/3895/1935 2465/3893/1935 2464/3892/1935
f 2483/3921/1936 2487/3922/1936 2488/3923/1936 2489/3924/1936
f 2483/3921/1937 2489/3924/1937 2480/3925/1937 2479/3926/1937
f 2483/3912/1938 1159/1490/1938 1156/1489/1938 2487/3927/1938
f 2489/3924/1939 2488/3923/1939 2490/3928/1939 2491/3929/1939
f 2489/3924/1940 2491/3929/1940 2492/3930/1940 2480/3925/1940
f 2492/3930/1941 2491/3929/1941 2493/3931/1941 2494/3932/1941
f 2492/3933/1942 2494/3934/1942 2495/3935/1942 2476/3904/1942
f 2492/3933/1943 2476/3904/1943 2475/3903/1943 2480/3908/1943
f 2495/3935/1944 2494/3934/1944 2496/3936/1944 2497/3937/1944
f 2495/3935/1945 2497/3937/1945 1930/3029/1945 2498/3938/1945
f 2495/3935/1946 2498/3938/1946 2477/3905/1946 2476/3904/1946
f 2498/3938/1947 1930/3029/1947 1926/3025/1947 1925/3024/1947
f 2498/3938/1948 1925/3024/1948 1476/2143/1948 2477/3905/1948
f 2497/3937/1949 1935/3034/1949 1931/3030/1949 1930/3029/1949
f 2497/3937/1950 2496/3936/1950 1247/3939/1950 1935/3034/1950
f 2496/3940/1951 2494/3932/1951 2493/3931/1951 1217/3941/1951
f 2496/3940/1952 1217/3941/1952 277/3047/1952 1247/3942/1952
f 2493/3931/1953 2491/3929/1953 2490/3928/1953 2499/3943/1953
f 2493/3931/1954 2499/3943/1954 1218/3944/1954 1217/3941/1954
f 2499/3945/1955 2490/3946/1955 2500/3947/1955 2501/3948/1955
f 2499/3945/1956 2501/3948/1956 2502/3949/1956 1218/3950/1956
f 2502/3951/1957 2501/3952/1957 2503/3953/1957 2504/3954/1957
f 2502/3951/1958 2504/3954/1958 1222/1615/1958 1221/1614/1958
f 2504/3955/1959 2503/3956/1959 2505/3957/1959 2506/3958/1959
f 2504/3955/1960 2506/3958/1960 2507/3959/1960 1222/3960/1960
f 2507/3959/1961 2508/3961/1961 1219/3962/1961 1222/3960/1961
f 2507/3963/1962 2506/3964/1962 2509/3965/1962 2510/3966/1962
f 2507/3963/1963 2510/3966/1963 2511/3967/1963 2508/3968/1963
f 2511/3969/1964 2512/3970/1964 2513/3971/1964 2514/3972/1964
f 2511/3967/1965 2514/3973/1965 2515/3974/1965 2508/3968/1965
f 2511/3969/1966 2510/3975/1966 2516/3976/1966 2512/3970/1966
f 2516/3977/1967 2517/3978/1967 2518/3979/1967 2512/3980/1967
f 2516/3976/1968 2510/3975/1968 2509/3981/1968 2519/3982/1968
f 2516/3977/1969 2519/3983/1969 2520/3984/1969 2517/3978/1969
f 2520/3985/1970 2521/3986/1970 2522/3987/1970 2517/3988/1970
f 2520/3984/1971 2519/3983/1971 2523/3989/1971 2524/3990/1971
f 2520/3985/1972 2524/3991/1972 2525/3992/1972 2521/3986/1972
f 2525/3993/1973 2526/3994/1973 2527/3995/1973 2521/3996/1973
f 2525/3992/1974 2524/3991/1974 2528/3997/1974 2529/3998/1974
f 2525/3993/1975 2529/3999/1975 2530/4000/1975 2526/3994/1975
f 2530/4000/1976 2531/4001/1976 2532/4002/1976 2526/3994/1976
f 2530/4000/1977 2529/3999/1977 2533/4003/1977 2534/4004/1977
f 2530/4000/1978 2534/4004/1978 2535/4005/1978 2531/4001/1978
f 2535/4006/1979 2536/4007/1979 2537/4008/1979 2531/4009/1979
f 2535/4005/1980 2534/4004/1980 2538/4010/1980 2539/4011/1980
f 2535/4006/1981 2539/4012/1981 2540/4013/1981 2536/4007/1981
f 2540/4013/1982 2541/4014/1982 2542/4015/1982 2536/4007/1982
f 2540/4016/1983 2539/4017/1983 2543/4018/1983 2544/4019/1983
f 2540/4016/1984 2544/4019/1984 2545/4020/1984 2541/4021/1984
f 2545/4020/1985 2546/4022/1985 2547/4023/1985 2541/4021/1985
f 2545/4020/1986 2544/4019/1986 2548/4024/1986 2549/4025/1986
f 2545/4020/1987 2549/4025/1987 2550/4026/1987 2546/4022/1987
f 2550/4026/1988 2551/4027/1988 1420/2026/1988 2546/4022/1988
f 2550/4026/1989 2549/4025/1989 2552/4028/1989 2553/4029/1989
f 2550/4026/1990 2553/4029/1990 2554/4030/1990 2551/4027/1990
f 2554/4030/1991 2555/4031/1991 2556/4032/1991 2551/4027/1991
f 2554/4030/1992 2553/4029/1992 2557/4033/1992 2558/4034/1992
f 2554/4030/1993 2558/4034/1993 2559/4035/1993 2555/4031/1993
f 2559/4035/1994 2560/4036/1994 2561/4037/1994 2555/4031/1994
f 2559/4035/1995 2558/4034/1995 2562/4038/1995 2563/4039/1995
f 2559/4035/1996 2563/4039/1996 2564/4040/1996 2560/4036/1996
f 2564/4041/1997 2565/4042/1997 2566/4043/1997 2560/4044/1997
f 2564/4040/1998 2563/4039/1998 2567/4045/1998 2568/4046/1998
f 2564/4041/1999 2568/4047/1999 2569/4048/1999 2565/4042/1999
f 2569/4049/2000 2570/4050/2000 2571/4051/2000 2565/4052/2000
f 2569/4048/2001 2568/4047/2001 2572/4053/2001 2573/4054/2001
f 2569/4049/2002 2573/4055/2002 2574/4056/2002 2570/4050/2002
f 2574/4056/2003 2575/4057/2003 2576/4058/2003 2570/4050/2003
f 2574/4059/2004 2573/4060/2004 2577/4061/2004 2578/4062/2004
f 2574/4059/2005 2578/4062/2005 2579/4063/2005 2575/4064/2005
f 2579/4065/2006 2580/4066/2006 2581/4067/2006 2575/4068/2006
f 2579/4063/2007 2578/4062/2007 2582/4069/2007 2583/4070/2007
f 2579/4065/2008 2583/4071/2008 2584/4072/2008 2580/4066/2008
f 2584/4072/2009 2585/4073/2009 2586/4074/2009 2580/4066/2009
f 2584/4072/2010 2583/4071/2010 2587/4075/2010 2588/4076/2010
f 2584/4072/2011 2588/4076/2011 2589/4077/2011 2585/4073/2011
f 2589/4078/2012 2590/4079/2012 2591/4080/2012 2585/4081/2012
f 2589/4077/2013 2588/4076/2013 2592/4082/2013 2593/4083/2013
f 2589/4078/2014 2593/4084/2014 2594/4085/2014 2590/4079/2014
f 2594/4085/2015 2595/4086/2015 2596/4087/2015 2590/4079/2015
f 2594/4085/2016 2593/4084/2016 2597/4088/2016 2598/4089/2016
f 2594/4085/2017 2598/4089/2017 2599/4090/2017 2595/4086/2017
f 2599/4091/2018 2600/4092/2018 2601/4093/2018 2595/4094/2018
f 2599/4090/2019 2598/4089/2019 2602/4095/2019 2603/4096/2019
f 2599/4091/2020 2603/4097/2020 2604/4098/2020 2600/4092/2020
f 2604/4098/2021 2605/4099/2021 2606/4100/2021 2600/4092/2021
f 2604/4098/2022 2603/4097/2022 2607/4101/2022 2608/4102/2022
f 2604/4098/2023 2608/4102/2023 2609/4103/2023 2605/4099/2023
f 2609/4104/2024 2610/4105/2024 2611/4106/2024 2605/4107/2024
f 2609/4103/2025 2608/4102/2025 2612/4108/2025 2613/4109/2025
f 2609/4110/2026 2613/4111/2026 2614/4112/2026 2610/4113/2026
f 2614/4114/2027 2615/4115/2027 2616/4116/2027 2610/4117/2027
f 2614/4112/2028 2613/4111/2028 2617/4118/2028 2618/4119/2028
f 2614/4114/2029 2618/4120/2029 2619/4121/2029 2615/4115/2029
f 2619/4121/2030 2618/4120/2030 2620/4122/2030 2118/4123/2030
f 2619/4124/2031 2118/3305/2031 2116/3303/2031 2621/4125/2031
f 2619/4124/2032 2621/4125/2032 2622/4126/2032 2615/4127/2032
f 2622/4126/2033 2623/4128/2033 2616/4129/2033 2615/4127/2033
f 2622/4126/2034 2621/4125/2034 2624/4130/2034 771/710/2034
f 2622/4126/2035 771/710/2035 770/709/2035 2623/4128/2035
f 2624/4130/2036 2621/4125/2036 2116/3303/2036 2115/3302/2036
f 2624/4130/2037 2115/3302/2037 940/1037/2037 939/1036/2037
f 2624/4130/2038 939/1036/2038 107/707/2038 771/710/2038
f 2623/4128/2039 2625/4131/2039 2626/4132/2039 2616/4129/2039
f 2623/4128/2040 770/709/2040 2627/4133/2040 2625/4131/2040
f 2627/4133/2041 2628/4134/2041 2629/4135/2041 2625/4131/2041
f 2627/4133/2042 770/709/2042 769/708/2042 2630/4136/2042
f 2627/4133/2043 2630/4136/2043 2631/4137/2043 2628/4134/2043
f 2631/4137/2044 2632/4138/2044 2633/4139/2044 2628/4134/2044
f 2631/4137/2045 2630/4136/2045 498/178/2045 497/175/2045
f 2631/4137/2046 497/175/2046 2634/4140/2046 2632/4138/2046
f 2634/4140/2047 651/469/2047 654/472/2047 2632/4138/2047
f 2634/4140/2048 497/175/2048 496/174/2048 2635/4141/2048
f 2634/4140/2049 2635/4141/2049 652/470/2049 651/469/2049
f 2635/4141/2050 496/174/2050 426/4142/2050 442/210/2050
f 2635/4141/2051 442/210/2051 515/209/2051 652/470/2051
f 2633/4139/2052 2636/4143/2052 2637/4144/2052 2638/4145/2052
f 2633/4139/2053 2638/4145/2053 2629/4135/2053 2628/4134/2053
f 2633/4139/2054 2632/4138/2054 654/472/2054 2636/4143/2054
f 2638/4146/2055 2637/4147/2055 2639/4148/2055 2640/4149/2055
f 2638/4145/2056 2640/4150/2056 2641/4151/2056 2629/4135/2056
f 2641/4152/2057 2640/4149/2057 2642/4153/2057 2643/4154/2057
f 2641/4152/2058 2643/4154/2058 2611/4155/2058 2626/4156/2058
f 2641/4151/2059 2626/4132/2059 2625/4131/2059 2629/4135/2059
f 2643/4157/2060 2642/4158/2060 2644/4159/2060 2606/4160/2060
f 2643/4157/2061 2606/4160/2061 2605/4107/2061 2611/4106/2061
f 2644/4159/2062 2642/4158/2062 2645/4161/2062 2646/4162/2062
f 2644/4163/2063 2646/4164/2063 2647/4165/2063 2601/4093/2063
f 2644/4163/2064 2601/4093/2064 2600/4092/2064 2606/4100/2064
f 2647/4165/2065 2646/4164/2065 2648/4166/2065 2649/4167/2065
f 2647/4165/2066 2649/4167/2066 2650/4168/2066 2596/4169/2066
f 2647/4165/2067 2596/4169/2067 2595/4094/2067 2601/4093/2067
f 2650/4168/2068 2649/4167/2068 2651/4170/2068 2652/4171/2068
f 2650/4172/2069 2652/4173/2069 2653/4174/2069 2591/4080/2069
f 2650/4172/2070 2591/4080/2070 2590/4079/2070 2596/4087/2070
f 2653/4174/2071 2652/4173/2071 2654/4175/2071 2655/4176/2071
f 2653/4174/2072 2655/4176/2072 2656/4177/2072 2586/4178/2072
f 2653/4174/2073 2586/4178/2073 2585/4081/2073 2591/4080/2073
f 2656/4179/2074 2655/4180/2074 2657/4181/2074 2658/4182/2074
f 2656/4183/2075 2658/4184/2075 2659/4185/2075 2581/4067/2075
f 2656/4183/2076 2581/4067/2076 2580/4066/2076 2586/4074/2076
f 2659/4185/2077 2658/4184/2077 2660/4186/2077 2661/4187/2077
f 2659/4185/2078 2661/4187/2078 2662/4188/2078 2576/4189/2078
f 2659/4185/2079 2576/4189/2079 2575/4068/2079 2581/4067/2079
f 2662/4188/2080 2661/4187/2080 2663/4190/2080 2664/4191/2080
f 2662/4192/2081 2664/4193/2081 2665/4194/2081 2571/4051/2081
f 2662/4192/2082 2571/4051/2082 2570/4050/2082 2576/4058/2082
f 2665/4194/2083 2664/4193/2083 2666/4195/2083 2667/4196/2083
f 2665/4194/2084 2667/4196/2084 2668/4197/2084 2566/4198/2084
f 2665/4194/2085 2566/4198/2085 2565/4052/2085 2571/4051/2085
f 2668/4197/2086 2667/4196/2086 2669/4199/2086 2670/4200/2086
f 2668/4201/2087 2670/4202/2087 2671/4203/2087 2561/4204/2087
f 2668/4201/2088 2561/4204/2088 2560/4044/2088 2566/4043/2088
f 2671/4203/2089 2670/4202/2089 2672/4205/2089 1417/4206/2089
f 2671/4207/2090 1417/2023/2090 1416/2022/2090 2556/4032/2090
f 2671/4207/2091 2556/4032/2091 2555/4031/2091 2561/4037/2091
f 2672/4208/2092 2032/3184/2092 2028/3183/2092 2027/4209/2092
f 2672/4205/2093 2027/4210/2093 1418/4211/2093 1417/4206/2093
f 2672/4208/2094 2670/4200/2094 2669/4199/2094 2032/3184/2094
f 2669/4199/2095 2037/4212/2095 2033/3185/2095 2032/3184/2095
f 2669/4199/2096 2667/4196/2096 2666/4195/2096 2037/4212/2096
f 2666/4213/2097 2042/3197/2097 2038/3191/2097 2037/3190/2097
f 2666/4213/2098 2664/4191/2098 2663/4190/2098 2042/3197/2098
f 2663/4190/2099 2047/4214/2099 2043/3198/2099 2042/3197/2099
f 2663/4190/2100 2661/4187/2100 2660/4186/2100 2047/4214/2100
f 2660/4215/2101 2052/3210/2101 2048/3204/2101 2047/3203/2101
f 2660/4215/2102 2658/4182/2102 2657/4181/2102 2052/3210/2102
f 2657/4181/2103 2057/4216/2103 2053/3211/2103 2052/3210/2103
f 2657/4181/2104 2655/4180/2104 2654/4217/2104 2057/4216/2104
f 2654/4218/2105 2062/3227/2105 2058/3219/2105 2057/3218/2105
f 2654/4218/2106 2652/4171/2106 2651/4170/2106 2062/3227/2106
f 2651/4170/2107 2067/4219/2107 2063/3228/2107 2062/3227/2107
f 2651/4170/2108 2649/4167/2108 2648/4166/2108 2067/4219/2108
f 2648/4220/2109 2070/4221/2109 2068/3238/2109 2067/3237/2109
f 2648/4220/2110 2646/4162/2110 2645/4161/2110 2070/4221/2110
f 2645/4222/2111 2639/4148/2111 2071/3244/2111 2070/3243/2111
f 2645/4222/2112 2642/4153/2112 2640/4149/2112 2639/4148/2112
f 2639/4223/2113 2637/4144/2113 2072/3247/2113 2071/3246/2113
f 2637/4144/2114 2636/4143/2114 2673/4224/2114 2072/3247/2114
f 2673/4224/2115 2076/3253/2115 2073/3248/2115 2072/3247/2115
f 2673/4224/2116 2636/4143/2116 654/472/2116 653/471/2116
f 2673/4224/2117 653/471/2117 815/797/2117 2076/3253/2117
f 2630/4136/2118 769/708/2118 610/403/2118 498/178/2118
f 2626/4156/2119 2611/4155/2119 2610/4225/2119 2616/4226/2119
f 2620/4227/2120 2618/4119/2120 2617/4118/2120 2674/4228/2120
f 2620/4227/2121 2674/4228/2121 2675/4229/2121 2121/4230/2121
f 2620/4122/2122 2121/3310/2122 2119/3309/2122 2118/4123/2122
f 2675/4231/2123 2674/4232/2123 2676/4233/2123 2677/4234/2123
f 2675/4231/2124 2677/4234/2124 2127/3330/2124 2125/3329/2124
f 2675/4229/2125 2125/3324/2125 2122/3323/2125 2121/4230/2125
f 2677/4234/2126 2676/4233/2126 2678/4235/2126 2679/4236/2126
f 2677/4234/2127 2679/4236/2127 2335/4237/2127 2127/3330/2127
f 2679/4238/2128 2678/4239/2128 2680/4240/2128 2338/3700/2128
f 2679/4238/2129 2338/3700/2129 2336/3697/2129 2335/3696/2129
f 2680/4240/2130 2678/4239/2130 2681/4241/2130 2682/4242/2130
f 2680/4240/2131 2682/4242/2131 2683/4243/2131 2341/4244/2131
f 2680/4240/2132 2341/4244/2132 2339/3701/2132 2338/3700/2132
f 2683/4243/2133 2682/4242/2133 2684/4245/2133 2685/4246/2133
f 2683/4247/2134 2685/4248/2134 2686/4249/2134 2344/3709/2134
f 2683/4247/2135 2344/3709/2135 2342/3706/2135 2341/3705/2135
f 2686/4249/2136 2685/4248/2136 2687/4250/2136 2688/4251/2136
f 2686/4249/2137 2688/4251/2137 2689/4252/2137 2690/4253/2137
f 2686/4249/2138 2690/4253/2138 2345/3710/2138 2344/3709/2138
f 2690/4254/2139 2689/4255/2139 2691/4256/2139 2692/4257/2139
f 2690/4254/2140 2692/4257/2140 2346/3713/2140 2345/3712/2140
f 2692/4257/2141 2691/4256/2141 2693/4258/2141 2351/3718/2141
f 2692/4257/2142 2351/3718/2142 2348/3715/2142 2346/3713/2142
f 2693/4259/2143 2691/4260/2143 2694/4261/2143 2695/4262/2143
f 2693/4263/2144 2695/4264/2144 2696/4265/2144 2354/4266/2144
f 2693/4263/2145 2354/4266/2145 2352/4267/2145 2351/4268/2145
f 2696/4269/2146 2695/4262/2146 2697/4270/2146 2698/4271/2146
f 2696/4269/2147 2698/4271/2147 2699/4272/2147 2357/3726/2147
f 2696/4269/2148 2357/3726/2148 2355/3725/2148 2354/4273/2148
f 2699/4272/2149 2698/4271/2149 2700/4274/2149 2701/4275/2149
f 2699/4272/2150 2701/4275/2150 2702/4276/2150 2360/3731/2150
f 2699/4272/2151 2360/3731/2151 2358/3727/2151 2357/3726/2151
f 2702/4276/2152 2701/4275/2152 2703/4277/2152 2704/4278/2152
f 2702/4276/2153 2704/4278/2153 2705/4279/2153 2363/3736/2153
f 2702/4276/2154 2363/3736/2154 2361/3732/2154 2360/3731/2154
f 2705/4279/2155 2704/4278/2155 2706/4280/2155 2707/4281/2155
f 2705/4279/2156 2707/4281/2156 2708/4282/2156 2366/3739/2156
f 2705/4279/2157 2366/3739/2157 2364/3737/2157 2363/3736/2157
f 2708/4283/2158 2707/4284/2158 2709/4285/2158 2710/4286/2158
f 2708/4282/2159 2710/4287/2159 2711/4288/2159 2369/3743/2159
f 2708/4282/2160 2369/3743/2160 2367/3740/2160 2366/3739/2160
f 2711/4288/2161 2710/4287/2161 2712/4289/2161 2713/4290/2161
f 2711/4288/2162 2713/4290/2162 2714/4291/2162 2372/4292/2162
f 2711/4288/2163 2372/4292/2163 2370/3744/2163 2369/3743/2163
f 2714/4293/2164 2713/4294/2164 2715/4295/2164 2716/4296/2164
f 2714/4297/2165 2716/4298/2165 2717/4299/2165 2375/3752/2165
f 2714/4297/2166 2375/3752/2166 2373/3749/2166 2372/3748/2166
f 2717/4299/2167 2716/4298/2167 2718/4300/2167 2719/4301/2167
f 2717/4299/2168 2719/4301/2168 2720/4302/2168 2721/4303/2168
f 2717/4299/2169 2721/4303/2169 2376/3753/2169 2375/3752/2169
f 2721/4304/2170 2720/4305/2170 2722/4306/2170 2723/4307/2170
f 2721/4304/2171 2723/4307/2171 2377/4308/2171 2376/4309/2171
f 2723/4310/2172 2722/4311/2172 2724/4312/2172 2382/4313/2172
f 2723/4310/2173 2382/4313/2173 2379/3760/2173 2377/3759/2173
f 2724/4312/2174 2722/4311/2174 2725/4314/2174 2726/4315/2174
f 2724/4316/2175 2726/4317/2175 2727/4318/2175 2385/4319/2175
f 2724/4316/2176 2385/4319/2176 2383/3769/2176 2382/3768/2176
f 2727/4318/2177 2726/4317/2177 2728/4320/2177 2729/4321/2177
f 2727/4322/2178 2729/4323/2178 2730/4324/2178 2731/4325/2178
f 2727/4322/2179 2731/4325/2179 2386/3775/2179 2385/3774/2179
f 2731/4326/2180 2730/4327/2180 1093/4328/2180 1092/4329/2180
f 2731/4326/2181 1092/4329/2181 2387/4330/2181 2386/4331/2181
f 2730/4324/2182 2729/4323/2182 2732/4332/2182 2733/4333/2182
f 2730/4327/2183 2733/4334/2183 1151/4335/2183 1093/4328/2183
f 2733/4333/2184 2732/4332/2184 2734/4336/2184 2735/4337/2184
f 2733/4334/2185 2735/4338/2185 1154/4339/2185 1151/4335/2185
f 2735/4337/2186 2734/4336/2186 2736/4340/2186 2737/4341/2186
f 2735/4338/2187 2737/4342/2187 2738/4343/2187 1154/4339/2187
f 2738/4344/2188 2737/4341/2188 2739/4345/2188 2740/4346/2188
f 2738/4344/2189 2740/4346/2189 2741/4347/2189 2742/4348/2189
f 2738/4344/2190 2742/4348/2190 1155/1477/2190 1154/1476/2190
f 2742/4349/2191 2741/4350/2191 2488/4351/2191 2487/4352/2191
f 2742/4353/2192 2487/4354/2192 1156/1480/2192 1155/1479/2192
f 2741/4350/2193 2500/3947/2193 2490/3946/2193 2488/4351/2193
f 2741/4347/2194 2740/4346/2194 2743/4355/2194 2500/4356/2194
f 2743/4357/2195 2503/4358/2195 2501/3948/2195 2500/3947/2195
f 2743/4355/2196 2740/4346/2196 2739/4345/2196 2744/4359/2196
f 2743/4355/2197 2744/4359/2197 2505/4360/2197 2503/3953/2197
f 2744/4359/2198 2739/4345/2198 2745/4361/2198 2746/4362/2198
f 2744/4359/2199 2746/4362/2199 2747/4363/2199 2505/4360/2199
f 2747/4364/2200 2523/4365/2200 2519/3982/2200 2509/3981/2200
f 2747/4363/2201 2509/3965/2201 2506/3964/2201 2505/4360/2201
f 2747/4364/2202 2746/4366/2202 2748/4367/2202 2523/4365/2202
f 2748/4368/2203 2528/4369/2203 2524/3990/2203 2523/3989/2203
f 2748/4367/2204 2746/4366/2204 2745/4370/2204 2749/4371/2204
f 2748/4368/2205 2749/4372/2205 2750/4373/2205 2528/4369/2205
f 2750/4374/2206 2533/4375/2206 2529/3998/2206 2528/3997/2206
f 2750/4373/2207 2749/4372/2207 2751/4376/2207 2752/4377/2207
f 2750/4374/2208 2752/4378/2208 2753/4379/2208 2533/4375/2208
f 2753/4380/2209 2538/4010/2209 2534/4004/2209 2533/4003/2209
f 2753/4381/2210 2752/4382/2210 2754/4383/2210 2755/4384/2210
f 2753/4380/2211 2755/4385/2211 2756/4386/2211 2538/4010/2211
f 2756/4386/2212 2543/4387/2212 2539/4011/2212 2538/4010/2212
f 2756/4386/2213 2755/4385/2213 2757/4388/2213 2758/4389/2213
f 2756/4386/2214 2758/4389/2214 2759/4390/2214 2543/4387/2214
f 2759/4391/2215 2548/4024/2215 2544/4019/2215 2543/4018/2215
f 2759/4390/2216 2758/4389/2216 2760/4392/2216 2761/4393/2216
f 2759/4391/2217 2761/4394/2217 2762/4395/2217 2548/4024/2217
f 2762/4395/2218 2552/4028/2218 2549/4025/2218 2548/4024/2218
f 2762/4395/2219 2761/4394/2219 2763/4396/2219 2764/4397/2219
f 2762/4395/2220 2764/4397/2220 2765/4398/2220 2552/4028/2220
f 2765/4398/2221 2557/4033/2221 2553/4029/2221 2552/4028/2221
f 2765/4398/2222 2764/4397/2222 2766/4399/2222 2767/4400/2222
f 2765/4398/2223 2767/4400/2223 2768/4401/2223 2557/4033/2223
f 2768/4401/2224 2562/4038/2224 2558/4034/2224 2557/4033/2224
f 2768/4401/2225 2767/4400/2225 2769/4402/2225 2770/4403/2225
f 2768/4401/2226 2770/4403/2226 2771/4404/2226 2562/4038/2226
f 2771/4404/2227 2567/4045/2227 2563/4039/2227 2562/4038/2227
f 2771/4404/2228 2770/4403/2228 2772/4405/2228 2773/4406/2228
f 2771/4404/2229 2773/4406/2229 2774/4407/2229 2567/4045/2229
f 2774/4407/2230 2572/4408/2230 2568/4046/2230 2567/4045/2230
f 2774/4409/2231 2773/4410/2231 2775/4411/2231 2776/4412/2231
f 2774/4409/2232 2776/4412/2232 2777/4413/2232 2572/4414/2232
f 2777/4415/2233 2577/4416/2233 2573/4054/2233 2572/4053/2233
f 2777/4413/2234 2776/4412/2234 2778/4417/2234 2779/4418/2234
f 2777/4415/2235 2779/4419/2235 2780/4420/2235 2577/4416/2235
f 2780/4421/2236 2582/4069/2236 2578/4062/2236 2577/4061/2236
f 2780/4421/2237 2779/4418/2237 2781/4422/2237 2782/4423/2237
f 2780/4421/2238 2782/4423/2238 2783/4424/2238 2582/4069/2238
f 2783/4424/2239 2587/4425/2239 2583/4070/2239 2582/4069/2239
f 2783/4424/2240 2782/4423/2240 2784/4426/2240 2785/4427/2240
f 2783/4424/2241 2785/4427/2241 2786/4428/2241 2587/4425/2241
f 2786/4429/2242 2592/4082/2242 2588/4076/2242 2587/4075/2242
f 2786/4428/2243 2785/4427/2243 2787/4430/2243 2788/4431/2243
f 2786/4429/2244 2788/4432/2244 2789/4433/2244 2592/4082/2244
f 2789/4433/2245 2597/4434/2245 2593/4083/2245 2592/4082/2245
f 2789/4433/2246 2788/4432/2246 2790/4435/2246 2791/4436/2246
f 2789/4433/2247 2791/4436/2247 2792/4437/2247 2597/4434/2247
f 2792/4438/2248 2602/4095/2248 2598/4089/2248 2597/4088/2248
f 2792/4437/2249 2791/4436/2249 2688/4251/2249 2687/4250/2249
f 2792/4438/2250 2687/4439/2250 2793/4440/2250 2602/4095/2250
f 2793/4440/2251 2607/4441/2251 2603/4096/2251 2602/4095/2251
f 2793/4442/2252 2687/4443/2252 2685/4246/2252 2684/4245/2252
f 2793/4442/2253 2684/4245/2253 2794/4444/2253 2607/4445/2253
f 2794/4446/2254 2612/4108/2254 2608/4102/2254 2607/4101/2254
f 2794/4444/2255 2684/4245/2255 2682/4242/2255 2681/4241/2255
f 2794/4446/2256 2681/4447/2256 2795/4448/2256 2612/4108/2256
f 2795/4448/2257 2617/4449/2257 2613/4109/2257 2612/4108/2257
f 2795/4448/2258 2681/4447/2258 2678/4235/2258 2676/4233/2258
f 2795/4448/2259 2676/4233/2259 2674/4232/2259 2617/4449/2259
f 2791/4436/2260 2790/4435/2260 2689/4252/2260 2688/4251/2260
f 2790/4450/2261 2788/4431/2261 2787/4430/2261 2694/4261/2261
f 2790/4450/2262 2694/4261/2262 2691/4260/2262 2689/4451/2262
f 2787/4430/2263 2785/4427/2263 2784/4426/2263 2697/4270/2263
f 2787/4430/2264 2697/4270/2264 2695/4262/2264 2694/4261/2264
f 2784/4426/2265 2782/4423/2265 2781/4422/2265 2700/4274/2265
f 2784/4426/2266 2700/4274/2266 2698/4271/2266 2697/4270/2266
f 2781/4422/2267 2779/4418/2267 2778/4417/2267 2703/4277/2267
f 2781/4422/2268 2703/4277/2268 2701/4275/2268 2700/4274/2268
f 2778/4417/2269 2776/4412/2269 2775/4411/2269 2706/4280/2269
f 2778/4417/2270 2706/4280/2270 2704/4278/2270 2703/4277/2270
f 2775/4411/2271 2773/4410/2271 2772/4452/2271 2709/4453/2271
f 2775/4411/2272 2709/4453/2272 2707/4281/2272 2706/4280/2272
f 2772/4405/2273 2770/4403/2273 2769/4402/2273 2712/4454/2273
f 2772/4455/2274 2712/4456/2274 2710/4286/2274 2709/4285/2274
f 2769/4402/2275 2767/4400/2275 2766/4399/2275 2715/4295/2275
f 2769/4402/2276 2715/4295/2276 2713/4294/2276 2712/4454/2276
f 2766/4399/2277 2764/4397/2277 2763/4396/2277 2718/4457/2277
f 2766/4399/2278 2718/4457/2278 2716/4296/2278 2715/4295/2278
f 2763/4458/2279 2761/4393/2279 2760/4392/2279 2796/4459/2279
f 2763/4458/2280 2796/4459/2280 2719/4301/2280 2718/4300/2280
f 2796/4459/2281 2760/4392/2281 2797/4460/2281 2798/4461/2281
f 2796/4459/2282 2798/4461/2282 2720/4302/2282 2719/4301/2282
f 2798/4462/2283 2797/4463/2283 2799/4464/2283 2725/4465/2283
f 2798/4462/2284 2725/4465/2284 2722/4306/2284 2720/4305/2284
f 2799/4464/2285 2797/4463/2285 2757/4466/2285 2800/4467/2285
f 2799/4468/2286 2800/4469/2286 2801/4470/2286 2728/4471/2286
f 2799/4468/2287 2728/4471/2287 2726/4315/2287 2725/4314/2287
f 2801/4470/2288 2800/4469/2288 2754/4472/2288 2802/4473/2288
f 2801/4474/2289 2802/4475/2289 2734/4476/2289 2732/4477/2289
f 2801/4474/2290 2732/4477/2290 2729/4321/2290 2728/4320/2290
f 2802/4473/2291 2754/4472/2291 2752/4377/2291 2751/4376/2291
f 2802/4475/2292 2751/4478/2292 2736/4479/2292 2734/4476/2292
f 2800/4467/2293 2757/4466/2293 2755/4384/2293 2754/4383/2293
f 2797/4460/2294 2760/4392/2294 2758/4389/2294 2757/4388/2294
f 2751/4480/2295 2749/4371/2295 2745/4370/2295 2736/4481/2295
f 2745/4361/2296 2739/4345/2296 2737/4341/2296 2736/4340/2296
f 2556/4032/2297 1416/2022/2297 1420/2026/2297 2551/4027/2297
f 2547/4482/2298 1419/2032/2298 1423/2031/2298 2803/4483/2298
f 2547/4482/2299 2803/4483/2299 2542/4015/2299 2541/4014/2299
f 2547/4023/2300 2546/4022/2300 1420/2026/2300 1419/2025/2300
f 2803/4483/2301 1423/2031/2301 2013/3161/2301 2012/3160/2301
f 2803/4483/2302 2012/3160/2302 2804/4484/2302 2542/4015/2302
f 2804/4484/2303 2012/3160/2303 2008/3156/2303 2007/4485/2303
f 2804/4484/2304 2007/4485/2304 2805/4486/2304 2537/4008/2304
f 2804/4484/2305 2537/4008/2305 2536/4007/2305 2542/4015/2305
f 2805/4486/2306 2007/4485/2306 2003/3147/2306 2002/3146/2306
f 2805/4486/2307 2002/3146/2307 2806/4487/2307 2532/4488/2307
f 2805/4486/2308 2532/4488/2308 2531/4009/2308 2537/4008/2308
f 2806/4487/2309 2002/3146/2309 1998/3140/2309 1997/3139/2309
f 2806/4489/2310 1997/4490/2310 2807/4491/2310 2527/3995/2310
f 2806/4489/2311 2527/3995/2311 2526/3994/2311 2532/4002/2311
f 2807/4491/2312 1997/4490/2312 1993/3132/2312 1992/3131/2312
f 2807/4491/2313 1992/3131/2313 2808/4492/2313 2522/4493/2313
f 2807/4491/2314 2522/4493/2314 2521/3996/2314 2527/3995/2314
f 2808/4492/2315 1992/3131/2315 1988/3125/2315 1987/3124/2315
f 2808/4494/2316 1987/4495/2316 2809/4496/2316 2518/4497/2316
f 2808/4494/2317 2518/4497/2317 2517/3988/2317 2522/3987/2317
f 2809/4498/2318 1987/4499/2318 1983/3119/2318 1982/3118/2318
f 2809/4500/2319 1982/4501/2319 2810/4502/2319 2513/4503/2319
f 2809/4500/2320 2513/4503/2320 2512/3980/2320 2518/3979/2320
f 2810/4502/2321 1982/4501/2321 1978/3111/2321 1977/3110/2321
f 2810/4504/2322 1977/4505/2322 2811/4506/2322 2812/4507/2322
f 2810/4504/2323 2812/4507/2323 2514/4508/2323 2513/4509/2323
f 2812/4510/2324 2811/4511/2324 1958/4512/2324 2813/4513/2324
f 2812/4510/2325 2813/4513/2325 2515/3974/2325 2514/3973/2325
f 2813/4514/2326 1958/3078/2326 1954/3077/2326 1953/4515/2326
f 2813/4513/2327 1953/3070/2327 1220/1612/2327 2515/3974/2327
f 2811/4506/2328 1977/4505/2328 1973/3103/2328 1963/3102/2328
f 2811/4511/2329 1963/3086/2329 1959/3085/2329 1958/4512/2329
f 2515/4516/2330 1220/4517/2330 1219/3962/2330 2508/3961/2330
f 2461/4518/2331 2460/3890/2331 1096/1349/2331 1098/1353/2331
f 2439/3863/2332 2407/4519/2332 2405/3808/2332 2404/3807/2332
f 2439/3863/2333 2437/3861/2333 2411/4520/2333 2407/4519/2333
f 2437/3861/2334 2435/3859/2334 2412/4521/2334 2411/4520/2334
f 2435/3859/2335 2433/3855/2335 2414/3858/2335 2412/4521/2335
f 2421/3839/2336 2418/3829/2336 2415/3826/2336 2414/3825/2336
f 2417/4522/2337 2253/3549/2337 701/572/2337 700/571/2337
f 2417/4522/2338 2250/3542/2338 2249/3541/2338 2253/3549/2338
f 2393/3790/2339 2392/3789/2339 1095/4523/2339 1097/4524/2339
f 2392/3787/2340 1091/3786/2340 223/1344/2340 1095/1347/2340
f 2389/3778/2341 2387/3776/2341 1092/1342/2341 1091/1341/2341
f 2335/4237/2342 2130/3334/2342 2128/3331/2342 2127/3330/2342
f 2327/3675/2343 2164/3674/2343 2162/3395/2343 2161/3394/2343
f 2323/3669/2344 2167/3402/2344 2165/3400/2344 2164/3399/2344
f 2313/4525/2345 2174/3413/2345 2171/3410/2345 2169/3409/2345
f 2309/3645/2346 2177/3419/2346 2175/3418/2346 2174/3649/2346
f 2305/3641/2347 2180/3426/2347 2178/3420/2347 2177/3419/2347
f 2301/3637/2348 2183/3430/2348 2181/3427/2348 2180/3426/2348
f 2297/3632/2349 2186/3434/2349 2184/3431/2349 2183/3430/2349
f 2293/3625/2350 2189/3624/2350 2187/3435/2350 2186/3434/2350
f 2289/3617/2351 2192/3443/2351 2190/3440/2351 2189/3439/2351
f 2285/3611/2352 2195/3610/2352 2193/3444/2352 2192/3443/2352
f 2281/3605/2353 2198/3604/2353 2196/3452/2353 2195/3451/2353
f 2271/3585/2354 2255/3560/2354 2202/3467/2354 2200/3466/2354
f 2235/3519/2355 963/1086/2355 992/1147/2355 2232/3516/2355
f 2155/3385/2356 2153/3381/2356 2141/3380/2356 2139/3689/2356
f 2146/4526/2357 2092/4527/2357 1353/1884/2357 1352/4528/2357
f 2146/4529/2358 1179/1546/2358 1190/1551/2358 2092/4530/2358
f 2112/3299/2359 1045/1243/2359 941/1038/2359 940/1037/2359
f 2104/3320/2360 1211/1595/2360 1199/1573/2360 1201/1572/2360
f 2097/3281/2361 1410/2009/2361 1334/2004/2361 2102/3286/2361
f 2092/4527/2362 2091/4531/2362 1355/1885/2362 1353/1884/2362
f 2087/3268/2363 997/1154/2363 996/1153/2363 1143/1457/2363
f 2084/3262/2364 2061/3374/2364 2060/3234/2364 2066/3233/2364
f 2083/3261/2365 2082/3260/2365 1189/1550/2365 1188/1549/2365
f 2027/3175/2366 2023/3171/2366 1421/2029/2366 1418/2028/2366
f 1953/3070/2367 1949/3069/2367 1207/1613/2367 1220/1612/2367
f 1936/3035/2368 1935/3034/2368 1247/3939/2368 1240/3039/2368
f 1581/2373/2369 1565/2372/2369 1537/2329/2369 1566/2328/2369
f 1581/2373/2370 1566/2328/2370 1531/2252/2370 2814/4532/2370
f 1581/2373/2371 2814/4532/2371 1516/2224/2371 1518/2223/2371
f 2814/4532/2372 1531/2252/2372 1530/2249/2372 1529/2248/2372
f 2814/4532/2373 1529/2248/2373 1485/4533/2373 1516/2224/2373
f 1580/2370/2374 1579/2369/2374 1564/2324/2374 1563/2323/2374
f 1574/2360/2375 1540/2359/2375 373/2271/2375 1539/2274/2375
f 1571/4534/2376 1570/2345/2376 1488/2167/2376 1540/2276/2376
f 1570/2345/2377 1569/2344/2377 1486/2168/2377 1488/2167/2377
f 1569/2344/2378 1554/2303/2378 1493/2302/2378 1492/4535/2378
f 1569/4536/2379 1492/2179/2379 1469/2131/2379 1486/2164/2379
f 1567/2334/2380 383/2333/2380 1411/2010/2380 1410/2009/2380
f 383/2333/2381 1523/2232/2381 1477/2145/2381 1411/2010/2381
f 1566/2328/2382 382/2327/2382 1532/2253/2382 1531/2252/2382
f 1552/2297/2383 1521/2229/2383 1526/2237/2383 1525/2236/2383
f 1576/3021/2384 376/2222/2384 1517/2221/2384 1605/2410/2384
f 1536/2332/2385 372/2139/2385 1472/2138/2385 1533/2256/2385
f 1534/2257/2386 1533/2256/2386 1472/2138/2386 1474/2141/2386
f 1534/2259/2387 1474/4537/2387 1484/2159/2387 1528/2245/2387
f 1526/2237/2388 1521/2229/2388 1479/2148/2388 1478/2147/2388
f 1522/4538/2389 1385/1959/2389 1384/1958/2389 1505/4539/2389
f 1522/2230/2390 1505/2199/2390 1457/2107/2390 1456/2106/2390
f 1522/4538/2391 367/4540/2391 1386/4541/2391 1385/1959/2391
f 1505/4539/2392 1384/1958/2392 1412/2015/2392 1503/4542/2392
f 1504/2198/2393 1367/1909/2393 1366/1908/2393 1455/2105/2393
f 1504/2198/2394 1455/2105/2394 346/2104/2394 1457/2107/2394
f 1504/2198/2395 1503/2197/2395 1412/2013/2395 1367/1909/2395
f 1492/2179/2396 1491/2178/2396 1470/2132/2396 1469/2131/2396
f 1491/2178/2397 1429/2043/2397 1428/2042/2397 1470/2132/2397
f 1484/2159/2398 1474/4537/2398 1473/4543/2398 1427/2160/2398
f 1481/2155/2399 358/2051/2399 1430/2050/2399 1442/2080/2399
f 1473/4544/2400 1350/4545/2400 1349/2057/2400 1433/2056/2400
f 1473/4544/2401 1433/2056/2401 1425/2037/2401 1427/2040/2401
f 1455/2105/2402 1366/1908/2402 1335/4546/2402 1409/2007/2402
f 1453/2095/2403 1452/2094/2403 1373/1926/2403 1372/1925/2403
f 1440/2076/2404 1414/2075/2404 1378/4547/2404 1377/4548/2404
f 1436/2065/2405 1339/1853/2405 293/1694/2405 1264/1693/2405
f 1433/2056/2406 1432/2055/2406 1426/2038/2406 1425/2037/2406
f 1432/2055/2407 1351/2058/2407 1408/2103/2407 1426/2038/2407
f 1408/2000/2408 1351/1877/2408 1323/1820/2408 1365/1905/2408
f 1407/1998/2409 2815/4549/2409 1401/1987/2409 1400/1986/2409
f 1407/1998/2410 1406/1997/2410 1377/1946/2410 1376/1945/2410
f 1407/1998/2411 1376/1945/2411 1308/4550/2411 2815/4549/2411
f 1401/1987/2412 1306/4551/2412 2816/4552/2412 1397/1988/2412
f 1401/1987/2413 2815/4549/2413 1307/4553/2413 1306/4551/2413
f 1398/1981/2414 1397/1980/2414 2816/4554/2414 1300/4555/2414
f 1376/4556/2415 323/1948/2415 1309/1790/2415 1308/1789/2415
f 1375/4557/2416 1345/4558/2416 1344/2801/2416 1318/1809/2416
f 2138/4559/2417 317/4560/2417 272/1577/2417 1202/1576/2417
f 317/4561/2418 2817/4562/2418 258/4563/2418 272/4564/2418
f 1365/1905/2419 1323/1820/2419 1322/1819/2419 1326/1906/2419
f 2817/4565/2420 317/4560/2420 2138/4559/2420 320/4566/2420
f 2817/4567/2421 320/4568/2421 1200/1571/2421 258/1570/2421
f 1359/1893/2422 1301/1892/2422 307/4569/2422 1338/2971/2422
f 1358/1889/2423 1112/4570/2423 1111/4571/2423 1295/1890/2423
f 1333/1842/2424 1314/1801/2424 1311/1800/2424 1331/1843/2424
f 1333/1842/2425 1332/1841/2425 1292/1758/2425 1286/1747/2425
f 1333/1842/2426 1286/1747/2426 1285/1746/2426 1314/1801/2426
f 1332/1845/2427 1275/1720/2427 1274/1719/2427 1292/4572/2427
f 1331/1839/2428 1311/1794/2428 1310/1793/2428 1321/1816/2428
f 1330/1939/2429 1317/1938/2429 301/4573/2429 1316/4574/2429
f 1329/1833/2430 305/1832/2430 1327/1837/2430 309/4575/2430
f 1328/1830/2431 1315/1829/2431 1296/4576/2431 308/4577/2431
f 1326/1827/2432 1322/1817/2432 1321/1816/2432 1310/1793/2432
f 2816/4578/2433 1306/1786/2433 302/1785/2433 1300/4579/2433
f 1314/1801/2434 1285/1746/2434 1290/1754/2434 1312/1802/2434
f 1313/1797/2435 1312/1796/2435 1290/4580/2435 1229/4581/2435
f 1307/4582/2436 2815/4583/2436 1308/1789/2436 299/1788/2436
f 298/4584/2437 1195/1562/2437 1173/1561/2437 1246/1664/2437
f 298/4584/2438 296/4585/2438 273/1607/2438 1195/1562/2438
f 1298/1767/2439 1297/1766/2439 1283/4586/2439 1284/4587/2439
f 1297/4588/2440 1256/4589/2440 1260/1741/2440 1283/1740/2440
f 1301/1774/2441 292/1759/2441 1294/1761/2441 2102/3286/2441
f 1301/1774/2442 2102/3286/2442 1334/2004/2442 307/4590/2442
f 1292/1758/2443 1291/1757/2443 1287/1748/2443 1286/1747/2443
f 1291/1757/2444 1273/1717/2444 1288/4591/2444 1287/1748/2444
f 1290/1754/2445 1289/1753/2445 1223/1618/2445 1229/1629/2445
f 1289/1753/2446 1288/4591/2446 1224/1619/2446 1223/1618/2446
f 1288/4591/2447 1273/1717/2447 1226/1622/2447 1224/1619/2447
f 1279/4592/2448 1232/1636/2448 1185/1541/2448 1184/1540/2448
f 1278/1728/2449 1192/1734/2449 1191/4593/2449 1205/1582/2449
f 1278/1728/2450 1205/1582/2450 1204/1581/2450 1277/1729/2450
f 1277/1724/2451 1204/1580/2451 1203/1578/2451 1243/1660/2451
f 1268/4594/2452 1238/4595/2452 231/4596/2452 1267/4597/2452
f 1268/1705/2453 285/1690/2453 1237/1650/2453 1238/1649/2453
f 281/1680/2454 2818/4598/2454 1197/1564/2454 1196/1563/2454
f 281/4599/2455 1258/4600/2455 2819/4601/2455 2818/4602/2455
f 2819/4601/2456 2820/4603/2456 2821/4604/2456 2818/4602/2456
f 2819/4605/2457 1258/4606/2457 1244/4607/2457 1128/4608/2457
f 2819/4601/2458 1128/4609/2458 1127/4610/2458 2820/4603/2458
f 2821/4611/2459 1070/1295/2459 216/1240/2459 2822/4612/2459
f 2821/4611/2460 2822/4612/2460 1197/4613/2460 2818/4614/2460
f 2821/4611/2461 2820/4615/2461 1066/1296/2461 1070/1295/2461
f 2822/4612/2462 216/1240/2462 1044/1242/2462 2823/4616/2462
f 2822/4612/2463 2823/4616/2463 1168/4617/2463 1197/4613/2463
f 2823/4616/2464 1044/1242/2464 226/1339/2464 1090/4618/2464
f 2823/4616/2465 1090/4618/2465 249/1502/2465 1168/4617/2465
f 2820/4615/2466 1127/1426/2466 1067/1313/2466 1066/1296/2466
f 1258/4619/2467 1257/4620/2467 1245/4621/2467 1244/4622/2467
f 1255/1679/2468 1198/1565/2468 1167/1506/2468 1169/1675/2468
f 1249/4623/2469 1248/4624/2469 2824/4625/2469 1077/1305/2469
f 2824/4625/2470 2825/4626/2470 1076/1304/2470 1077/1305/2470
f 2824/4625/2471 1248/4624/2471 1165/1501/2471 1164/1500/2471
f 2824/4625/2472 1164/1500/2472 2826/4627/2472 2825/4626/2472
f 2826/4627/2473 2827/4628/2473 2828/4629/2473 2825/4626/2473
f 2826/4630/2474 1164/4631/2474 1163/4632/2474 1089/4633/2474
f 2826/4627/2475 1089/1337/2475 1088/1336/2475 2827/4628/2475
f 2828/4629/2476 2829/4634/2476 978/1122/2476 994/1149/2476
f 2828/4629/2477 994/1149/2477 1076/1304/2477 2825/4626/2477
f 2828/4629/2478 2827/4628/2478 2830/4635/2478 2829/4634/2478
f 2830/4635/2479 2831/4636/2479 2832/4637/2479 2829/4634/2479
f 2830/4635/2480 2827/4628/2480 1088/1336/2480 2833/4638/2480
f 2830/4635/2481 2833/4638/2481 947/1056/2481 2831/4636/2481
f 2833/4638/2482 1088/1336/2482 222/1335/2482 2834/4639/2482
f 2833/4638/2483 2834/4639/2483 937/1024/2483 947/1056/2483
f 2834/4639/2484 222/1335/2484 1040/1233/2484 1039/1232/2484
f 2834/4639/2485 1039/1232/2485 934/1025/2485 937/1024/2485
f 2832/4637/2486 2835/4640/2486 980/1124/2486 979/1123/2486
f 2832/4637/2487 979/1123/2487 978/1122/2487 2829/4634/2487
f 2832/4637/2488 2831/4636/2488 2836/4641/2488 2835/4640/2488
f 2836/4641/2489 2837/4642/2489 2838/4643/2489 2835/4640/2489
f 2836/4641/2490 2831/4636/2490 947/1056/2490 933/1018/2490
f 2836/4641/2491 933/1018/2491 932/1017/2491 2837/4642/2491
f 2838/4643/2492 2839/4644/2492 2840/4645/2492 2841/4646/2492
f 2838/4643/2493 2841/4646/2493 980/1124/2493 2835/4640/2493
f 2838/4643/2494 2837/4642/2494 2842/4647/2494 2839/4644/2494
f 2842/4647/2495 2843/4648/2495 2844/4649/2495 2839/4644/2495
f 2842/4647/2496 2837/4642/2496 932/1017/2496 2845/4650/2496
f 2842/4647/2497 2845/4650/2497 2846/4651/2497 2843/4648/2497
f 2846/4651/2498 677/528/2498 2847/4652/2498 2843/4648/2498
f 2846/4653/2499 2845/4654/2499 2848/4655/2499 2849/4656/2499
f 2846/4653/2500 2849/4656/2500 678/4657/2500 677/4658/2500
f 2849/4659/2501 2848/4660/2501 2850/4661/2501 2851/4662/2501
f 2849/4659/2502 2851/4662/2502 712/598/2502 678/529/2502
f 2851/4662/2503 2850/4661/2503 2852/4663/2503 2853/4664/2503
f 2851/4662/2504 2853/4664/2504 2854/4665/2504 712/598/2504
f 2854/4665/2505 667/4666/2505 666/503/2505 712/598/2505
f 2854/4665/2506 2853/4664/2506 2855/4667/2506 2856/4668/2506
f 2854/4665/2507 2856/4668/2507 2857/4669/2507 667/4666/2507
f 2857/4669/2508 606/395/2508 69/364/2508 667/4666/2508
f 2857/4669/2509 2856/4668/2509 2858/4670/2509 710/594/2509
f 2857/4669/2510 710/594/2510 607/396/2510 606/395/2510
f 2858/4670/2511 2856/4668/2511 2855/4667/2511 2859/4671/2511
f 2858/4672/2512 2859/4673/2512 871/900/2512 765/699/2512
f 2858/4670/2513 765/4674/2513 708/595/2513 710/594/2513
f 2859/4671/2514 2855/4667/2514 2860/4675/2514 2861/4676/2514
f 2859/4671/2515 2861/4676/2515 872/4677/2515 871/4678/2515
f 2861/4676/2516 2860/4675/2516 2862/4679/2516 2863/4680/2516
f 2861/4676/2517 2863/4680/2517 2864/4681/2517 872/4677/2517
f 2864/4682/2518 2863/4683/2518 2865/4684/2518 2866/4685/2518
f 2864/4681/2519 2866/4686/2519 2867/4687/2519 2868/4688/2519
f 2864/4681/2520 2868/4688/2520 145/902/2520 872/4677/2520
f 2868/4688/2521 2867/4687/2521 1035/1226/2521 2869/4689/2521
f 2868/4688/2522 2869/4689/2522 873/903/2522 145/902/2522
f 2869/4689/2523 1035/1226/2523 1034/1225/2523 971/4690/2523
f 2869/4689/2524 971/4690/2524 921/999/2524 873/903/2524
f 2867/4691/2525 2866/4685/2525 1043/4692/2525 1069/4693/2525
f 2867/4687/2526 1069/1294/2526 213/1227/2526 1035/1226/2526
f 2866/4685/2527 2865/4684/2527 1038/4694/2527 1043/4692/2527
f 2865/4695/2528 2863/4680/2528 2862/4679/2528 1016/1187/2528
f 2865/4695/2529 1016/1187/2529 1015/1186/2529 1038/1231/2529
f 2862/4679/2530 2860/4675/2530 2852/4663/2530 2870/4696/2530
f 2862/4679/2531 2870/4696/2531 1013/1183/2531 1016/1187/2531
f 2870/4696/2532 2852/4663/2532 2850/4661/2532 936/4697/2532
f 2870/4696/2533 936/4697/2533 935/1184/2533 1013/1183/2533
f 2860/4675/2534 2855/4667/2534 2853/4664/2534 2852/4663/2534
f 2850/4661/2535 2848/4660/2535 931/1016/2535 936/4697/2535
f 2848/4655/2536 2845/4654/2536 932/4698/2536 931/4699/2536
f 2847/4652/2537 2871/4700/2537 2872/4701/2537 2873/4702/2537
f 2847/4652/2538 2873/4702/2538 2844/4649/2538 2843/4648/2538
f 2847/4652/2539 677/528/2539 676/527/2539 2871/4700/2539
f 2873/4702/2540 2872/4701/2540 627/4703/2540 680/4704/2540
f 2873/4702/2541 680/4704/2541 2874/4705/2541 2844/4649/2541
f 2874/4706/2542 680/531/2542 679/530/2542 763/4707/2542
f 2874/4705/2543 763/696/2543 2875/4708/2543 2840/4645/2543
f 2874/4705/2544 2840/4645/2544 2839/4644/2544 2844/4649/2544
f 2875/4708/2545 763/696/2545 761/695/2545 830/4709/2545
f 2875/4708/2546 830/4709/2546 834/4710/2546 2876/4711/2546
f 2875/4708/2547 2876/4711/2547 2841/4646/2547 2840/4645/2547
f 2876/4712/2548 834/828/2548 171/1061/2548 951/1064/2548
f 2876/4711/2549 951/1125/2549 980/1124/2549 2841/4646/2549
f 2872/4701/2550 2877/4713/2550 628/434/2550 627/4703/2550
f 2872/4701/2551 2871/4700/2551 2878/4714/2551 2877/4713/2551
f 2878/4714/2552 2879/4715/2552 2880/4716/2552 2877/4713/2552
f 2878/4714/2553 2871/4700/2553 676/527/2553 675/526/2553
f 2878/4714/2554 675/526/2554 2881/4717/2554 2879/4715/2554
f 2881/4717/2555 2882/4718/2555 2883/4719/2555 2879/4715/2555
f 2881/4717/2556 675/526/2556 646/459/2556 589/363/2556
f 2881/4717/2557 589/363/2557 588/362/2557 2882/4718/2557
f 2883/4719/2558 2884/4720/2558 2885/4721/2558 2886/4722/2558
f 2883/4719/2559 2886/4722/2559 2880/4716/2559 2879/4715/2559
f 2883/4719/2560 2882/4718/2560 2887/4723/2560 2884/4720/2560
f 2887/4724/2561 2888/4725/2561 2889/4726/2561 2884/4727/2561
f 2887/4723/2562 2882/4718/2562 588/362/2562 2890/4728/2562
f 2887/4724/2563 2890/4729/2563 2891/4730/2563 2888/4725/2563
f 2891/4730/2564 2892/4731/2564 2893/4732/2564 2888/4725/2564
f 2891/4730/2565 2890/4729/2565 556/4733/2565 2894/4734/2565
f 2891/4730/2566 2894/4734/2566 2895/4735/2566 2892/4731/2566
f 2895/4735/2567 419/32/2567 2896/4736/2567 2892/4731/2567
f 2895/4737/2568 2894/4738/2568 456/4739/2568 455/4740/2568
f 2895/4737/2569 455/4740/2569 420/4741/2569 419/4742/2569
f 2896/4736/2570 2897/4743/2570 2898/4744/2570 2899/4745/2570
f 2896/4736/2571 2899/4745/2571 2893/4732/2571 2892/4731/2571
f 2896/4736/2572 419/32/2572 418/31/2572 2897/4743/2572
f 2899/4745/2573 2898/4744/2573 2900/4746/2573 2901/4747/2573
f 2899/4745/2574 2901/4747/2574 2902/4748/2574 2893/4732/2574
f 2902/4748/2575 2901/4747/2575 2903/4749/2575 2904/4750/2575
f 2902/4751/2576 2904/4752/2576 2905/4753/2576 2889/4754/2576
f 2902/4748/2577 2889/4726/2577 2888/4725/2577 2893/4732/2577
f 2905/4755/2578 2904/4756/2578 2906/4757/2578 2907/4758/2578
f 2905/4755/2579 2907/4758/2579 2908/4759/2579 2885/4760/2579
f 2905/4755/2580 2885/4760/2580 2884/4761/2580 2889/4762/2580
f 2908/4763/2581 2907/4764/2581 2909/4765/2581 2910/4766/2581
f 2908/4763/2582 2910/4766/2582 2911/4767/2582 2912/4768/2582
f 2908/4769/2583 2912/4770/2583 2886/4722/2583 2885/4721/2583
f 2912/4770/2584 2911/4771/2584 623/436/2584 629/435/2584
f 2912/4770/2585 629/435/2585 2880/4716/2585 2886/4722/2585
f 2911/4772/2586 2910/4773/2586 2913/4774/2586 2914/4775/2586
f 2911/4772/2587 2914/4775/2587 624/425/2587 623/424/2587
f 2914/4775/2588 2913/4774/2588 2915/4776/2588 2916/4777/2588
f 2914/4775/2589 2916/4777/2589 2917/4778/2589 624/425/2589
f 2917/4779/2590 2916/4780/2590 2918/4781/2590 2919/4782/2590
f 2917/4779/2591 2919/4782/2591 2920/4783/2591 2921/4784/2591
f 2917/4778/2592 2921/4785/2592 625/426/2592 624/425/2592
f 2921/4784/2593 2920/4783/2593 2922/4786/2593 762/4787/2593
f 2921/4785/2594 762/694/2594 626/427/2594 625/426/2594
f 2922/4786/2595 2920/4783/2595 2923/4788/2595 2924/4789/2595
f 2922/4786/2596 2924/4789/2596 2925/4790/2596 2926/4791/2596
f 2922/4786/2597 2926/4791/2597 759/4792/2597 762/4787/2597
f 2926/4791/2598 2925/4790/2598 2927/4793/2598 831/825/2598
f 2926/4791/2599 831/825/2599 760/824/2599 759/4792/2599
f 2927/4793/2600 2925/4790/2600 728/628/2600 2928/4794/2600
f 2927/4793/2601 2928/4794/2601 858/873/2601 857/872/2601
f 2927/4793/2602 857/872/2602 832/826/2602 831/825/2602
f 2928/4794/2603 728/628/2603 727/627/2603 861/878/2603
f 2928/4794/2604 861/878/2604 860/877/2604 858/873/2604
f 2925/4790/2605 2924/4789/2605 729/629/2605 728/628/2605
f 2924/4789/2606 2923/4788/2606 731/631/2606 729/629/2606
f 2923/4788/2607 2929/4795/2607 2930/4796/2607 731/631/2607
f 2923/4788/2608 2920/4783/2608 2919/4782/2608 2929/4795/2608
f 2930/4796/2609 587/359/2609 586/358/2609 2931/4797/2609
f 2930/4796/2610 2931/4797/2610 726/632/2610 731/631/2610
f 2930/4796/2611 2929/4795/2611 2932/4798/2611 587/359/2611
f 2932/4798/2612 535/4799/2612 534/360/2612 587/359/2612
f 2932/4798/2613 2929/4795/2613 2919/4782/2613 2918/4781/2613
f 2932/4798/2614 2918/4781/2614 2933/4800/2614 535/4799/2614
f 2933/4801/2615 2934/4802/2615 530/241/2615 535/247/2615
f 2933/4800/2616 2918/4781/2616 2916/4780/2616 2915/4803/2616
f 2933/4801/2617 2915/4804/2617 2935/4805/2617 2934/4802/2617
f 2935/4805/2618 2936/4806/2618 2937/4807/2618 2934/4802/2618
f 2935/4808/2619 2915/4776/2619 2913/4774/2619 2938/4809/2619
f 2935/4808/2620 2938/4809/2620 2939/4810/2620 2936/4811/2620
f 2939/4810/2621 412/4812/2621 2940/4813/2621 2936/4811/2621
f 2939/4810/2622 2938/4809/2622 2909/4814/2622 2941/4815/2622
f 2939/4810/2623 2941/4815/2623 3/4816/2623 412/4812/2623
f 2941/4817/2624 2909/4765/2624 2907/4764/2624 2906/4818/2624
f 2941/4817/2625 2906/4818/2625 406/6/2625 3/5/2625
f 2940/4819/2626 2942/4820/2626 2937/4807/2626 2936/4806/2626
f 2940/4819/2627 412/15/2627 411/14/2627 2943/4821/2627
f 2942/4820/2628 2944/4822/2628 409/12/2628 2945/4823/2628
f 2942/4820/2629 2945/4823/2629 531/242/2629 2937/4807/2629
f 2945/4823/2630 409/12/2630 408/11/2630 2946/4824/2630
f 2945/4823/2631 2946/4824/2631 532/243/2631 531/242/2631
f 2946/4824/2632 408/11/2632 417/4825/2632 444/4826/2632
f 2946/4824/2633 444/4826/2633 533/244/2633 532/243/2633
f 2938/4809/2634 2913/4774/2634 2910/4773/2634 2909/4814/2634
f 2937/4807/2635 531/242/2635 530/241/2635 2934/4802/2635
f 2931/4827/2636 586/4828/2636 620/4829/2636 619/4830/2636
f 2931/4827/2637 619/4830/2637 674/624/2637 726/623/2637
f 2906/4757/2638 2904/4756/2638 2903/4831/2638 406/4832/2638
f 2903/4749/2639 2947/4833/2639 403/2/2639 406/6/2639
f 2903/4834/2640 2901/4835/2640 2900/4836/2640 2947/4837/2640
f 2947/4833/2641 2948/4838/2641 404/3/2641 403/2/2641
f 2947/4833/2642 2900/4746/2642 2949/4839/2642 2948/4838/2642
f 2949/4839/2643 2950/4840/2643 2951/4841/2643 2948/4838/2643
f 2949/4839/2644 2900/4746/2644 2898/4744/2644 2952/4842/2644
f 2949/4839/2645 2952/4842/2645 2953/4843/2645 2950/4840/2645
f 2953/4843/2646 2954/4844/2646 2955/4845/2646 2950/4840/2646
f 2953/4843/2647 2952/4842/2647 2956/4846/2647 2957/4847/2647
f 2953/4843/2648 2957/4847/2648 2958/4848/2648 2954/4844/2648
f 2958/4848/2649 2959/4849/2649 474/131/2649 2954/4844/2649
f 2958/4848/2650 2957/4847/2650 2960/4850/2650 2961/4851/2650
f 2958/4848/2651 2961/4851/2651 2962/4852/2651 2959/4849/2651
f 2962/4852/2652 2963/4853/2652 2964/4854/2652 2959/4849/2652
f 2962/4852/2653 2961/4851/2653 2965/4855/2653 2966/4856/2653
f 2962/4852/2654 2966/4856/2654 2967/4857/2654 2963/4853/2654
f 2967/4857/2655 2968/4858/2655 2969/4859/2655 2963/4853/2655
f 2967/4857/2656 2966/4856/2656 543/263/2656 542/262/2656
f 2967/4857/2657 542/262/2657 546/270/2657 2968/4858/2657
f 2969/4859/2658 631/439/2658 630/438/2658 2970/4860/2658
f 2969/4859/2659 2970/4860/2659 2964/4854/2659 2963/4853/2659
f 2969/4859/2660 2968/4858/2660 2971/4861/2660 631/439/2660
f 2971/4861/2661 2972/4862/2661 632/440/2661 631/439/2661
f 2971/4861/2662 2968/4858/2662 546/270/2662 2973/4863/2662
f 2971/4861/2663 2973/4863/2663 2974/4864/2663 2972/4862/2663
f 2974/4864/2664 2975/4865/2664 2976/4866/2664 2972/4862/2664
f 2974/4864/2665 2973/4863/2665 2977/4867/2665 2978/4868/2665
f 2974/4864/2666 2978/4868/2666 2979/4869/2666 2975/4865/2666
f 2979/4869/2667 2980/4870/2667 758/688/2667 2975/4865/2667
f 2979/4869/2668 2978/4868/2668 692/553/2668 736/643/2668
f 2979/4871/2669 736/4872/2669 2981/4873/2669 2980/4874/2669
f 2980/4875/2670 807/787/2670 753/786/2670 758/4876/2670
f 2980/4874/2671 2981/4873/2671 808/780/2671 807/779/2671
f 2978/4877/2672 2977/4878/2672 693/4879/2672 692/4880/2672
f 2977/4867/2673 2973/4863/2673 546/270/2673 545/269/2673
f 2977/4878/2674 545/268/2674 544/267/2674 693/4879/2674
f 2976/4866/2675 757/687/2675 647/4881/2675 633/441/2675
f 2976/4866/2676 633/441/2676 632/440/2676 2972/4862/2676
f 2976/4866/2677 2975/4865/2677 758/688/2677 757/687/2677
f 2970/4860/2678 630/438/2678 635/444/2678 476/133/2678
f 2970/4860/2679 476/133/2679 475/132/2679 2964/4854/2679
f 2966/4882/2680 2965/4883/2680 2982/4884/2680 543/4885/2680
f 2982/4886/2681 2965/4855/2681 2983/4887/2681 2984/4888/2681
f 2982/4886/2682 2984/4888/2682 2985/4889/2682 2986/4890/2682
f 2982/4886/2683 2986/4890/2683 520/264/2683 543/263/2683
f 2986/4890/2684 2985/4889/2684 2987/4891/2684 2988/4892/2684
f 2986/4893/2685 2988/4894/2685 516/220/2685 520/219/2685
f 2988/4892/2686 2987/4891/2686 2989/4895/2686 2990/4896/2686
f 2988/4892/2687 2990/4896/2687 517/213/2687 516/212/2687
f 2990/4896/2688 2989/4895/2688 454/94/2688 453/93/2688
f 2990/4896/2689 453/93/2689 2991/4897/2689 517/213/2689
f 2991/4897/2690 2992/4898/2690 518/214/2690 517/213/2690
f 2991/4897/2691 453/93/2691 452/92/2691 2993/4899/2691
f 2991/4897/2692 2993/4899/2692 2994/4900/2692 2992/4898/2692
f 2994/4900/2693 2995/4901/2693 2996/4902/2693 2992/4898/2693
f 2994/4900/2694 2993/4899/2694 2997/4903/2694 2998/4904/2694
f 2994/4900/2695 2998/4904/2695 2999/4905/2695 2995/4901/2695
f 2999/4905/2696 3000/4906/2696 3001/4907/2696 2995/4901/2696
f 2999/4905/2697 2998/4904/2697 597/384/2697 596/383/2697
f 2999/4905/2698 596/383/2698 3002/4908/2698 3000/4906/2698
f 3002/4908/2699 3003/4909/2699 3004/4910/2699 3000/4906/2699
f 3002/4908/2700 596/383/2700 59/382/2700 3005/4911/2700
f 3002/4908/2701 3005/4911/2701 3006/4912/2701 3003/4909/2701
f 3006/4912/2702 782/730/2702 3007/4913/2702 3003/4909/2702
f 3006/4912/2703 3005/4911/2703 3008/4914/2703 746/4915/2703
f 3006/4912/2704 746/4915/2704 745/674/2704 782/730/2704
f 3008/4914/2705 3005/4911/2705 59/382/2705 601/388/2705
f 3008/4916/2706 601/4917/2706 657/4918/2706 3009/4919/2706
f 3008/4916/2707 3009/4919/2707 743/4920/2707 746/4921/2707
f 3009/4922/2708 657/482/2708 658/481/2708 3010/4923/2708
f 3009/4922/2709 3010/4923/2709 744/4924/2709 743/4925/2709
f 3010/4923/2710 658/481/2710 717/607/2710 800/769/2710
f 3010/4923/2711 800/769/2711 774/768/2711 744/4924/2711
f 3007/4926/2712 3011/4927/2712 733/4928/2712 732/4929/2712
f 3007/4926/2713 732/4929/2713 3004/4930/2713 3003/4931/2713
f 3007/4913/2714 782/730/2714 781/729/2714 3011/4932/2714
f 3011/4933/2715 3012/4934/2715 734/638/2715 733/637/2715
f 3011/4932/2716 781/729/2716 785/4935/2716 3012/4936/2716
f 3012/4937/2717 785/4938/2717 865/883/2717 864/882/2717
f 3012/4939/2718 864/4940/2718 3013/4941/2718 734/4942/2718
f 3013/4941/2719 864/4940/2719 863/4943/2719 923/4944/2719
f 3013/4945/2720 923/1008/2720 925/1007/2720 3014/4946/2720
f 3013/4945/2721 3014/4946/2721 735/4947/2721 734/4948/2721
f 3004/4910/2722 732/634/2722 690/552/2722 689/551/2722
f 3004/4910/2723 689/551/2723 3001/4907/2723 3000/4906/2723
f 3001/4907/2724 689/551/2724 688/550/2724 3015/4949/2724
f 3001/4907/2725 3015/4949/2725 2996/4902/2725 2995/4901/2725
f 3015/4949/2726 688/550/2726 693/554/2726 544/4950/2726
f 3015/4949/2727 544/4950/2727 519/215/2727 2996/4902/2727
f 2998/4951/2728 2997/4952/2728 3016/4953/2728 597/4954/2728
f 3016/4953/2729 2997/4952/2729 451/171/2729 494/170/2729
f 3016/4955/2730 494/198/2730 509/197/2730 3017/4956/2730
f 3016/4953/2731 3017/4957/2731 598/4958/2731 597/4954/2731
f 3017/4959/2732 509/4960/2732 508/299/2732 553/298/2732
f 3017/4956/2733 553/4961/2733 60/389/2733 598/385/2733
f 2997/4903/2734 2993/4899/2734 452/92/2734 451/91/2734
f 2996/4902/2735 519/215/2735 518/214/2735 2992/4898/2735
f 2989/4895/2736 2987/4891/2736 3018/4962/2736 3019/4963/2736
f 2989/4895/2737 3019/4963/2737 3020/4964/2737 454/94/2737
f 3020/4964/2738 3019/4963/2738 429/52/2738 428/51/2738
f 3020/4964/2739 428/51/2739 434/57/2739 3021/4965/2739
f 3020/4964/2740 3021/4965/2740 16/89/2740 454/94/2740
f 3021/4966/2741 434/4967/2741 3022/4968/2741 484/4969/2741
f 3021/4966/2742 484/4969/2742 449/86/2742 16/85/2742
f 3022/4970/2743 434/57/2743 433/56/2743 3023/4971/2743
f 3022/4970/2744 3023/4971/2744 467/117/2744 3024/4972/2744
f 3022/4970/2745 3024/4972/2745 485/149/2745 484/148/2745
f 3024/4973/2746 467/4974/2746 460/102/2746 459/101/2746
f 3024/4975/2747 459/4976/2747 486/152/2747 485/151/2747
f 3023/4971/2748 433/56/2748 432/55/2748 522/222/2748
f 3023/4971/2749 522/222/2749 468/118/2749 467/117/2749
f 3019/4963/2750 3018/4962/2750 3025/4977/2750 429/52/2750
f 3025/4977/2751 3018/4962/2751 3026/4978/2751 3027/4979/2751
f 3025/4977/2752 3027/4979/2752 3028/4980/2752 3029/4981/2752
f 3025/4977/2753 3029/4981/2753 430/53/2753 429/52/2753
f 3029/4981/2754 3028/4980/2754 3030/4982/2754 3031/4983/2754
f 3029/4981/2755 3031/4983/2755 501/180/2755 430/53/2755
f 3031/4983/2756 3030/4982/2756 3032/4984/2756 567/325/2756
f 3031/4983/2757 567/325/2757 44/324/2757 501/180/2757
f 3032/4984/2758 3030/4982/2758 424/4985/2758 465/4986/2758
f 3032/4984/2759 465/4986/2759 466/4987/2759 3033/4988/2759
f 3032/4984/2760 3033/4988/2760 564/321/2760 567/325/2760
f 3033/4989/2761 466/4990/2761 595/378/2761 594/377/2761
f 3033/4988/2762 594/4991/2762 565/322/2762 564/321/2762
f 3030/4982/2763 3028/4980/2763 421/4992/2763 424/4985/2763
f 3028/4980/2764 3027/4979/2764 422/4993/2764 421/4992/2764
f 3027/4979/2765 3026/4978/2765 3034/4994/2765 422/4993/2765
f 3034/4994/2766 2984/4888/2766 2983/4887/2766 3035/4995/2766
f 3034/4994/2767 3035/4995/2767 8/30/2767 422/4993/2767
f 3034/4994/2768 3026/4978/2768 2985/4889/2768 2984/4888/2768
f 3035/4995/2769 2983/4887/2769 2960/4850/2769 3036/4996/2769
f 3035/4995/2770 3036/4996/2770 418/31/2770 8/30/2770
f 3036/4996/2771 2960/4850/2771 2957/4847/2771 2956/4846/2771
f 3036/4996/2772 2956/4846/2772 2897/4743/2772 418/31/2772
f 3026/4978/2773 3018/4962/2773 2987/4891/2773 2985/4889/2773
f 2983/4887/2774 2965/4855/2774 2961/4851/2774 2960/4850/2774
f 2964/4854/2775 475/132/2775 474/131/2775 2959/4849/2775
f 2956/4846/2776 2952/4842/2776 2898/4744/2776 2897/4743/2776
f 2955/4997/2777 473/128/2777 472/127/2777 3037/4998/2777
f 2955/4845/2778 3037/4999/2778 2951/4841/2778 2950/4840/2778
f 2955/4845/2779 2954/4844/2779 474/131/2779 473/130/2779
f 3037/4999/2780 472/143/2780 481/142/2780 3038/5000/2780
f 3037/4999/2781 3038/5000/2781 3039/5001/2781 2951/4841/2781
f 3039/5001/2782 3038/5000/2782 3040/5002/2782 3041/5003/2782
f 3039/5001/2783 3041/5003/2783 405/4/2783 404/3/2783
f 3039/5001/2784 404/3/2784 2948/4838/2784 2951/4841/2784
f 3041/5003/2785 3040/5002/2785 463/109/2785 3042/5004/2785
f 3041/5003/2786 3042/5004/2786 3043/5005/2786 405/4/2786
f 3042/5004/2787 463/109/2787 436/60/2787 5/5006/2787
f 3040/5002/2788 3044/5007/2788 464/110/2788 463/109/2788
f 3040/5002/2789 3038/5000/2789 481/142/2789 3044/5007/2789
f 3044/5007/2790 3045/5008/2790 3046/5009/2790 464/110/2790
f 3044/5007/2791 481/142/2791 480/140/2791 3045/5008/2791
f 3046/5009/2792 3047/5010/2792 3048/5011/2792 3049/5012/2792
f 3046/5009/2793 3049/5012/2793 19/61/2793 464/110/2793
f 3046/5009/2794 3045/5008/2794 3050/5013/2794 3047/5010/2794
f 3050/5013/2795 3051/5014/2795 3052/5015/2795 3047/5010/2795
f 3050/5013/2796 3045/5008/2796 480/140/2796 479/139/2796
f 3050/5013/2797 479/139/2797 478/5016/2797 3051/5014/2797
f 3052/5015/2798 3053/5017/2798 3054/5018/2798 3055/5019/2798
f 3052/5015/2799 3055/5019/2799 3048/5011/2799 3047/5010/2799
f 3052/5015/2800 3051/5014/2800 3056/5020/2800 3053/5017/2800
f 3056/5020/2801 695/558/2801 694/557/2801 3053/5017/2801
f 3056/5020/2802 3051/5014/2802 478/5016/2802 3057/5021/2802
f 3056/5020/2803 3057/5021/2803 3058/5022/2803 695/558/2803
f 3058/5022/2804 684/541/2804 683/540/2804 695/558/2804
f 3058/5023/2805 3057/5024/2805 3059/5025/2805 3060/5026/2805
f 3058/5022/2806 3060/5027/2806 739/650/2806 684/541/2806
f 3060/5027/2807 3059/5028/2807 635/444/2807 634/443/2807
f 3060/5027/2808 634/443/2808 737/651/2808 739/650/2808
f 3059/5025/2809 3057/5024/2809 478/137/2809 477/136/2809
f 3059/5025/2810 477/136/2810 476/5029/2810 635/5030/2810
f 3055/5019/2811 3054/5018/2811 669/509/2811 577/342/2811
f 3055/5019/2812 577/342/2812 573/338/2812 3048/5011/2812
f 3054/5031/2813 696/561/2813 670/5032/2813 669/5033/2813
f 3054/5018/2814 3053/5017/2814 694/557/2814 696/5034/2814
f 3049/5012/2815 3048/5011/2815 573/338/2815 572/337/2815
f 3049/5035/2816 572/5036/2816 437/5037/2816 19/5038/2816
f 2894/4738/2817 556/5039/2817 49/5040/2817 456/4739/2817
f 2890/4728/2818 588/362/2818 56/361/2818 556/5041/2818
f 2880/5042/2819 629/5043/2819 628/5044/2819 2877/5045/2819
f 1236/1644/2820 1144/1458/2820 3061/5046/2820 3062/5047/2820
f 1236/1644/2821 3062/5047/2821 1176/5048/2821 275/1642/2821
f 3062/5049/2822 3061/5050/2822 3063/5051/2822 3064/5052/2822
f 3062/5049/2823 3064/5052/2823 1177/5053/2823 1176/5054/2823
f 3064/5055/2824 3063/5056/2824 1102/1361/2824 1101/1360/2824
f 3064/5052/2825 1101/1409/2825 1119/1408/2825 1177/5053/2825
f 275/5057/2826 1176/5058/2826 1175/5059/2826 1227/1625/2826
f 1227/1625/2827 1175/5059/2827 1149/1467/2827 1148/1466/2827
f 1225/5060/2828 1182/5061/2828 1147/1463/2828 1146/1462/2828
f 1214/1600/2829 1157/1482/2829 243/1452/2829 1186/1544/2829
f 1205/5062/2830 1191/1552/2830 1172/1518/2830 1171/1517/2830
f 1177/5053/2831 1119/1408/2831 1150/5063/2831 1174/5064/2831
f 1175/5059/2832 1174/5065/2832 1150/1468/2832 1149/1467/2832
f 1172/1518/2833 1140/1451/2833 1139/1450/2833 1135/1442/2833
f 2114/3301/2834 3065/5066/2834 1046/1244/2834 1045/1243/2834
f 3065/5066/2835 1121/1416/2835 208/1415/2835 1046/1244/2835
f 249/5067/2836 1090/1332/2836 1089/1331/2836 1163/5068/2836
f 1150/5063/2837 1119/1408/2837 1118/1407/2837 1145/5069/2837
f 1146/1462/2838 1145/1461/2838 1118/5070/2838 1117/5071/2838
f 3063/5056/2839 1114/1397/2839 1086/1362/2839 1102/1361/2839
f 1143/1457/2840 996/1153/2840 999/1156/2840 240/1394/2840
f 1139/1448/2841 1138/1447/2841 1125/5072/2841 1135/5073/2841
f 1133/1435/2842 1132/1434/2842 210/1274/2842 1060/1276/2842
f 1132/1439/2843 1134/1438/2843 1022/1205/2843 210/1278/2843
f 1131/1432/2844 3066/5074/2844 1068/1293/2844 1080/1314/2844
f 1131/1432/2845 1104/1485/2845 1103/1371/2845 3066/5074/2845
f 3066/5074/2846 1036/1228/2846 201/1222/2846 1068/1293/2846
f 3066/5074/2847 1103/1371/2847 1106/1370/2847 1036/1228/2847
f 1126/1423/2848 215/5075/2848 3067/5076/2848 1122/1424/2848
f 1123/1419/2849 1122/1418/2849 3067/5077/2849 1134/1438/2849
f 1114/1397/2850 1107/1396/2850 1082/5078/2850 1086/1362/2850
f 226/1339/2851 1044/1242/2851 202/1188/2851 1040/1233/2851
f 1087/5079/2852 1084/1322/2852 1042/1238/2852 1019/1237/2852
f 1084/1322/2853 1083/1321/2853 1078/1308/2853 1042/1238/2853
f 232/1312/2854 999/1156/2854 995/1152/2854 1062/1282/2854
f 1078/1308/2855 1061/1307/2855 1017/1239/2855 1042/1238/2855
f 3067/5077/2856 215/1206/2856 1022/1205/2856 1134/1438/2856
f 1073/1301/2857 217/1298/2857 214/1297/2857 1072/1300/2857
f 1071/1299/2858 977/1120/2858 976/1119/2858 1052/1257/2858
f 1106/5080/2859 3068/5081/2859 1037/5082/2859 1036/5083/2859
f 1063/1285/2860 1027/1213/2860 200/1117/2860 1032/1221/2860
f 3068/5084/2861 1004/1167/2861 1003/1166/2861 1037/1229/2861
f 3068/5085/2862 1106/5086/2862 211/1145/2862 1004/1169/2862
f 1055/1262/2863 1049/1253/2863 1048/1252/2863 1056/1263/2863
f 1048/1252/2864 3069/5087/2864 968/5088/2864 1056/1263/2864
f 1048/1252/2865 207/1251/2865 949/1059/2865 3069/5087/2865
f 207/1251/2866 976/1119/2866 950/1060/2866 949/1059/2866
f 1039/1232/2867 1014/1185/2867 935/1184/2867 934/1025/2867
f 1034/1225/2868 1033/1224/2868 972/1113/2868 971/4690/2868
f 1033/1224/2869 1003/1166/2869 974/1114/2869 972/1113/2869
f 1031/1220/2870 975/1116/2870 1024/5089/2870 1023/5090/2870
f 1029/1217/2871 1021/1204/2871 958/1076/2871 1028/1214/2871
f 1028/1214/2872 958/1076/2872 173/1075/2872 910/1215/2872
f 1041/1235/2873 969/1101/2873 180/1032/2873 981/1127/2873
f 199/1180/2874 1026/1212/2874 919/997/2874 174/996/2874
f 1024/5089/2875 975/1116/2875 961/1080/2875 926/5091/2875
f 1024/5089/2876 926/5091/2876 163/1078/2876 959/1077/2876
f 192/1161/2877 955/1164/2877 1009/1177/2877 1008/1176/2877
f 1692/2544/2878 1000/2543/2878 192/1161/2878 1008/1176/2878
f 1009/1177/2879 955/1164/2879 954/5092/2879 3070/5093/2879
f 1009/1177/2880 3070/5093/2880 879/915/2880 194/1034/2880
f 3070/5093/2881 954/5092/2881 970/5094/2881 3071/5095/2881
f 3070/5093/2882 3071/5095/2882 880/916/2882 879/915/2882
f 3071/5095/2883 970/5094/2883 3072/5096/2883 3073/5097/2883
f 3071/5095/2884 3073/5097/2884 3074/5098/2884 880/916/2884
f 3074/5098/2885 881/918/2885 147/917/2885 880/916/2885
f 3074/5098/2886 3073/5097/2886 777/722/2886 768/721/2886
f 3074/5098/2887 768/721/2887 111/5099/2887 881/918/2887
f 3073/5097/2888 3072/5096/2888 786/737/2888 777/722/2888
f 3072/5100/2889 970/1103/2889 953/1067/2889 3075/5101/2889
f 3072/5096/2890 3075/5102/2890 3076/5103/2890 786/737/2890
f 3076/5104/2891 3075/5101/2891 3077/5105/2891 3078/5106/2891
f 3076/5104/2892 3078/5106/2892 3079/5107/2892 3080/5108/2892
f 3076/5109/2893 3080/5110/2893 778/5111/2893 786/5112/2893
f 3080/5108/2894 3079/5107/2894 3081/5113/2894 3082/5114/2894
f 3080/5108/2895 3082/5114/2895 779/5115/2895 778/5116/2895
f 3082/5117/2896 3081/5118/2896 687/547/2896 83/539/2896
f 3082/5114/2897 83/5119/2897 685/5120/2897 779/5115/2897
f 3081/5118/2898 3079/5121/2898 3083/5122/2898 3084/5123/2898
f 3081/5118/2899 3084/5123/2899 720/617/2899 687/547/2899
f 3084/5124/2900 3083/5125/2900 838/835/2900 3085/5126/2900
f 3084/5127/2901 3085/5128/2901 721/613/2901 720/612/2901
f 3085/5126/2902 838/835/2902 132/831/2902 841/840/2902
f 3085/5126/2903 841/840/2903 740/5129/2903 721/5130/2903
f 3083/5131/2904 3079/5107/2904 3078/5106/2904 3086/5132/2904
f 3083/5125/2905 3086/5133/2905 839/836/2905 838/835/2905
f 3086/5132/2906 3078/5106/2906 3077/5105/2906 3087/5134/2906
f 3086/5133/2907 3087/5135/2907 885/924/2907 839/836/2907
f 3087/5135/2908 3077/5136/2908 952/1074/2908 957/1073/2908
f 3087/5135/2909 957/1073/2909 985/1133/2909 885/924/2909
f 3077/5105/2910 3075/5101/2910 953/1067/2910 952/1066/2910
f 986/1134/2911 985/1133/2911 957/1073/2911 956/1072/2911
f 985/5137/2912 984/5138/2912 883/5139/2912 885/5140/2912
f 984/1132/2913 186/1139/2913 884/951/2913 883/925/2913
f 983/5141/2914 982/5142/2914 964/1096/2914 967/1095/2914
f 982/5143/2915 943/1043/2915 965/5144/2915 964/5145/2915
f 968/5088/2916 3069/5087/2916 859/876/2916 164/875/2916
f 966/1094/2917 916/988/2917 915/987/2917 176/1091/2917
f 966/1094/2918 965/1093/2918 942/5146/2918 3088/5147/2918
f 966/1094/2919 3088/5147/2919 3089/5148/2919 916/988/2919
f 3089/5148/2920 842/843/2920 855/866/2920 916/988/2920
f 3089/5148/2921 3088/5147/2921 889/932/2921 888/931/2921
f 3089/5148/2922 888/931/2922 824/815/2922 842/843/2922
f 3088/5147/2923 942/5146/2923 890/933/2923 889/932/2923
f 965/5144/2924 943/1043/2924 166/1041/2924 942/1042/2924
f 962/1082/2925 925/5149/2925 924/5150/2925 960/1079/2925
f 962/1082/2926 918/995/2926 3090/5151/2926 3091/5152/2926
f 962/5153/2927 3091/5154/2927 3014/5155/2927 925/5156/2927
f 961/1080/2928 960/1079/2928 924/5150/2928 926/5091/2928
f 171/1061/2929 834/828/2929 833/827/2929 927/5157/2929
f 946/1053/2930 175/910/2930 876/909/2930 898/946/2930
f 945/1048/2931 899/952/2931 189/1141/2931 190/1140/2931
f 939/1036/2932 165/1035/2932 772/711/2932 107/707/2932
f 165/1035/2933 914/984/2933 816/5158/2933 772/711/2933
f 928/1013/2934 162/914/2934 878/913/2934 894/940/2934
f 928/1013/2935 894/940/2935 893/939/2935 920/998/2935
f 161/1011/2936 835/829/2936 141/871/2936 859/876/2936
f 918/995/2937 158/994/2937 814/5159/2937 3090/5151/2937
f 917/992/2938 905/991/2938 867/5160/2938 869/5161/2938
f 917/992/2939 869/5161/2939 783/777/2939 806/776/2939
f 917/992/2940 806/776/2940 850/857/2940 852/861/2940
f 914/984/2941 787/983/2941 725/5162/2941 816/5158/2941
f 911/979/2942 820/808/2942 819/807/2942 874/905/2942
f 906/970/2943 849/855/2943 827/818/2943 829/820/2943
f 898/946/2944 876/909/2944 3092/5163/2944 896/947/2944
f 3092/5164/2945 3093/5165/2945 3094/5166/2945 821/810/2945
f 3092/5167/2946 821/5168/2946 818/804/2946 896/943/2946
f 3092/5163/2947 876/909/2947 875/908/2947 3093/5169/2947
f 3094/5166/2948 3095/5170/2948 711/597/2948 713/600/2948
f 3094/5166/2949 713/600/2949 767/704/2949 821/810/2949
f 3094/5166/2950 3093/5165/2950 3096/5171/2950 3095/5170/2950
f 3096/5171/2951 3097/5172/2951 3098/5173/2951 3095/5170/2951
f 3096/5174/2952 3093/5169/2952 875/908/2952 793/749/2952
f 3096/5174/2953 793/749/2953 792/748/2953 3097/5175/2953
f 3098/5173/2954 751/678/2954 644/456/2954 643/455/2954
f 3098/5173/2955 643/455/2955 711/597/2955 3095/5170/2955
f 3098/5173/2956 3097/5172/2956 752/5176/2956 751/678/2956
f 3097/5175/2957 792/748/2957 791/747/2957 752/5177/2957
f 895/941/2958 894/940/2958 878/913/2958 3099/5178/2958
f 895/941/2959 3099/5178/2959 756/5179/2959 755/5180/2959
f 895/941/2960 755/5180/2960 892/5181/2960 891/938/2960
f 3099/5178/2961 878/913/2961 402/912/2961 882/919/2961
f 3099/5182/2962 882/5183/2962 776/5184/2962 756/5185/2962
f 158/936/2963 892/935/2963 809/796/2963 814/795/2963
f 892/5181/2964 755/5180/2964 754/785/2964 809/784/2964
f 888/931/2965 862/879/2965 823/813/2965 824/815/2965
f 882/5186/2966 881/5187/2966 111/718/2966 776/719/2966
f 871/900/2967 870/899/2967 766/700/2967 765/699/2967
f 870/906/2968 819/807/2968 775/806/2968 766/5188/2968
f 869/5189/2969 866/886/2969 784/734/2969 783/733/2969
f 866/886/2970 865/885/2970 785/735/2970 784/734/2970
f 861/878/2971 727/627/2971 730/630/2971 822/812/2971
f 835/829/2972 832/826/2972 857/872/2972 141/871/2972
f 851/858/2973 850/857/2973 806/776/2973 780/727/2973
f 851/858/2974 780/727/2974 750/672/2974 749/671/2974
f 851/858/2975 749/671/2975 805/5190/2975 828/859/2975
f 848/853/2976 87/570/2976 702/573/2976 843/845/2976
f 841/5191/2977 840/5192/2977 741/658/2977 740/657/2977
f 840/5192/2978 812/791/2978 811/790/2978 741/658/2978
f 816/800/2979 725/621/2979 108/620/2979 773/715/2979
f 813/5193/2980 812/838/2980 837/833/2980 140/867/2980
f 811/790/2981 796/753/2981 742/659/2981 741/658/2981
f 805/5190/2982 749/671/2982 748/670/2982 801/5194/2982
f 802/5195/2983 801/5196/2983 748/668/2983 747/667/2983
f 802/5195/2984 747/667/2984 774/716/2984 799/5197/2984
f 802/771/2985 799/765/2985 715/603/2985 699/567/2985
f 800/769/2986 717/607/2986 716/606/2986 120/766/2986
f 798/5198/2987 650/468/2987 649/467/2987 640/5199/2987
f 798/5200/2988 640/5201/2988 639/5202/2988 681/5203/2988
f 798/756/2989 681/537/2989 723/616/2989 795/752/2989
f 796/753/2990 795/752/2990 723/616/2990 742/659/2990
f 789/745/2991 511/201/2991 510/200/2991 584/352/2991
f 776/5204/2992 647/4881/2992 757/687/2992 756/689/2992
f 764/5205/2993 707/5206/2993 672/521/2993 671/520/2993
f 752/5207/2994 791/5208/2994 665/501/2994 664/500/2994
f 739/650/2995 738/649/2995 685/542/2995 684/541/2995
f 737/651/2996 634/443/2996 66/437/2996 637/446/2996
f 810/788/2997 583/351/2997 568/5209/2997 663/5210/2997
f 2981/5211/2998 736/643/2998 97/642/2998 3090/5212/2998
f 2981/5213/2999 3090/5151/2999 814/5159/2999 808/5214/2999
f 3090/5212/3000 97/642/3000 691/555/3000 735/5215/3000
f 3091/5154/3001 3090/5212/3001 735/5215/3001 3014/5155/3001
f 719/5216/3002 718/5217/3002 656/476/3002 655/475/3002
f 719/5218/3003 655/5219/3003 605/393/3003 698/565/3003
f 719/5220/3004 698/5221/3004 697/5222/3004 714/5223/3004
f 718/608/3005 717/607/3005 658/481/3005 656/480/3005
f 715/603/3006 714/602/3006 697/568/3006 699/567/3006
f 698/565/3007 605/393/3007 604/392/3007 661/490/3007
f 696/561/3008 686/560/3008 682/5224/3008 670/5032/3008
f 82/511/3009 639/448/3009 638/447/3009 575/340/3009
f 82/511/3010 575/340/3010 574/339/3010 668/508/3010
f 669/509/3011 668/508/3011 574/339/3011 577/342/3011
f 665/5225/3012 791/747/3012 790/746/3012 810/788/3012
f 665/5226/3013 810/5227/3013 663/494/3013 75/493/3013
f 663/5228/3014 568/326/3014 48/320/3014 566/323/3014
f 659/496/3015 566/495/3015 565/5229/3015 642/5230/3015
f 655/5219/3016 600/387/3016 599/386/3016 605/393/3016
f 652/470/3017 515/209/3017 563/5231/3017 648/466/3017
f 649/5232/3018 648/5233/3018 563/319/3018 562/318/3018
f 649/5232/3019 562/318/3019 641/450/3019 640/449/3019
f 642/5230/3020 565/5229/3020 594/377/3020 593/376/3020
f 641/450/3021 562/318/3021 47/313/3021 576/341/3021
f 641/450/3022 576/341/3022 575/340/3022 638/447/3022
f 621/5234/3023 3100/5235/3023 592/373/3023 590/372/3023
f 621/5236/3024 590/366/3024 581/347/3024 74/346/3024
f 3100/5235/3025 622/5237/3025 551/294/3025 592/373/3025
f 3100/5235/3026 621/5234/3026 64/5238/3026 622/5237/3026
f 622/5237/3027 602/5239/3027 552/295/3027 551/294/3027
f 616/411/3028 67/356/3028 585/355/3028 615/515/3028
f 615/515/3029 585/355/3029 3101/5240/3029 612/5241/3029
f 3101/5242/3030 3102/5243/3030 613/408/3030 612/407/3030
f 3101/5240/3031 585/355/3031 55/354/3031 536/5244/3031
f 3102/5243/3032 3103/5245/3032 609/400/3032 613/408/3032
f 3103/5245/3033 35/234/3033 529/401/3033 609/400/3033
f 3103/5245/3034 3104/5246/3034 527/235/3034 35/234/3034
f 614/513/3035 613/5247/3035 609/5248/3035 608/406/3035
f 602/5249/3036 60/5250/3036 553/298/3036 552/297/3036
f 595/5251/3037 466/114/3037 457/113/3037 570/5252/3037
f 592/373/3038 551/294/3038 550/293/3038 591/374/3038
f 591/368/3039 550/291/3039 507/290/3039 506/369/3039
f 620/416/3040 586/358/3040 55/354/3040 63/357/3040
f 583/5253/3041 53/5254/3041 569/327/3041 568/326/3041
f 582/5255/3042 506/194/3042 490/157/3042 537/251/3042
f 572/337/3043 571/336/3043 438/64/3043 437/5256/3043
f 571/336/3044 559/315/3044 439/65/3044 438/64/3044
f 570/5257/3045 457/5258/3045 456/5259/3045 49/5260/3045
f 563/5261/3046 515/5262/3046 514/5263/3046 561/5264/3046
f 560/316/3047 51/335/3047 576/341/3047 47/313/3047
f 559/315/3048 558/314/3048 441/72/3048 439/65/3048
f 558/314/3049 548/272/3049 547/271/3049 441/72/3049
f 555/311/3050 468/5265/3050 522/5266/3050 521/312/3050
f 555/311/3051 554/310/3051 53/199/3051 469/120/3051
f 555/5267/3052 469/5268/3052 20/115/3052 468/118/3052
f 549/305/3053 526/5269/3053 482/144/3053 483/145/3053
f 547/271/3054 513/274/3054 440/73/3054 441/72/3054
f 540/258/3055 539/257/3055 470/122/3055 31/121/3055
f 539/257/3056 523/225/3056 471/224/3056 470/122/3056
f 533/277/3057 444/76/3057 443/75/3057 528/278/3057
f 528/236/3058 443/80/3058 446/79/3058 525/237/3058
f 526/5270/3059 525/5271/3059 446/5272/3059 482/5273/3059
f 505/190/3060 448/189/3060 447/5274/3060 500/177/3060
f 500/177/3061 447/5274/3061 427/5275/3061 495/173/3061
f 496/174/3062 495/173/3062 427/5275/3062 426/4142/3062
f 492/162/3063 491/161/3063 458/106/3063 462/105/3063
f 491/161/3064 486/169/3064 459/5276/3064 458/106/3064
f 436/60/3065 435/59/3065 416/5277/3065 5/5006/3065
f 435/5278/3066 414/20/3066 2/19/3066 416/5279/3066
f 427/48/3067 447/5280/3067 15/5281/3067 7/17/3067
f 413/16/3068 10/23/3068 427/48/3068 7/17/3068
f 2944/4822/3069 2942/4820/3069 2940/4819/3069 2943/4821/3069
f 12/58/3070 19/61/3070 437/5256/3070 438/64/3070
f 49/329/3071 556/5282/3071 56/5283/3071 557/330/3071
f 185/1131/3072 988/1138/3072 186/1139/3072 984/1132/3072
f 231/5284/3073 1111/4571/3073 1112/4570/3073 1267/5285/3073
f 277/3047/3074 1239/3046/3074 1240/5286/3074 1247/3942/3074
f 312/5287/3075 1356/3279/3075 320/3289/3075 2138/5288/3075
f 910/976/3076 173/893/3076 143/892/3076 868/977/3076
f 302/5289/3077 299/1788/3077 1216/1603/3077 284/1602/3077
f 1576/2363/3078 389/2362/3078 376/5290/3078
f 1466/5291/3079 1513/5292/3079 366/5293/3079 1468/5294/3079
f 578/343/3080 540/258/3080 31/121/3080 512/202/3080
f 578/343/3081 52/260/3081 541/259/3081 540/258/3081
f 948/1058/3082 171/1057/3082 927/1012/3082 161/1011/3082
f 859/876/3083 3069/5087/3083 948/1058/3083 161/1011/3083
f 3069/5087/3084 949/1059/3084 948/1058/3084
f 969/5295/3085 1056/5296/3085 968/1099/3085 182/1098/3085
f 969/5297/3086 1041/5298/3086 1047/5299/3086 1056/5300/3086
f 1121/1416/3087 3065/5066/3087 3106/5301/3087 3105/5302/3087
f 2114/3301/3088 1293/1760/3088 3106/5301/3088 3065/5066/3088
f 3105/5302/3089 3106/5301/3089 1293/1760/3089 1120/1411/3089
f 235/1410/3090 1121/1416/3090 3105/5302/3090 1120/1411/3090
f 1114/1397/3091 3063/5056/3091 3061/5303/3091 1113/1398/3091
f 3061/5046/3092 1144/1458/3092 240/1394/3092 1113/1393/3092
f 3043/5005/3093 3042/5004/3093 5/5006/3093 2943/4821/3093
f 2/7/3094 409/12/3094 2944/4822/3094 3107/5304/3094
f 2944/4822/3095 2943/4821/3095 5/5006/3095 3107/5304/3095
f 5/5305/3096 416/5306/3096 2/5307/3096 3107/5308/3096
f 410/13/3097 1/1/3097 405/4/3097 3043/5005/3097
f 410/5309/3098 3/5310/3098 1/5311/3098
f 266/5312/3099 1218/3950/3099 2502/3949/3099 1221/5313/3099
f 2137/3341/3100 2140/3347/3100 3108/5314/3100 2138/5315/3100
f 3108/5316/3101 312/5317/3101 2138/5318/3101
f 2140/3347/3102 2142/3349/3102 1354/3353/3102 3108/5314/3102
f 1354/5319/3103 312/5317/3103 3108/5316/3103
f 1210/1593/3104 3109/5320/3104 263/1575/3104
f 1210/3333/3105 2129/3332/3105 2133/3337/3105 3109/5321/3105
f 263/1575/3106 3109/5320/3106 1202/1576/3106
f 3109/5321/3107 2133/3337/3107 2135/3339/3107 1202/5322/3107
f 3110/5323/3108 3118/5324/3108 3117/5325/3108 3119/5326/3108
f 3110/5327/3109 3119/5328/3109 3120/5329/3109 3121/5330/3109
f 3110/5331/3110 3121/5332/3110 3122/5333/3110 3118/5334/3110
f 3126/5335/3111 3127/5336/3111 3128/5337/3111 3123/5338/3111
f 3126/5339/3112 3125/5340/3112 3129/5341/3112 3130/5342/3112
f 3126/5343/3113 3130/5344/3113 3131/5345/3113 3127/5346/3113
f 3131/5347/3114 3132/5348/3114 3133/5349/3114 3127/5336/3114
f 3131/5350/3115 3130/5342/3115 3134/5351/3115 3112/5352/3115
f 3131/5353/3116 3112/5354/3116 3111/5355/3116 3132/5356/3116
f 3134/5351/3117 3135/5357/3117 3113/5358/3117 3112/5352/3117
f 3134/5351/3118 3130/5342/3118 3129/5341/3118 3136/5359/3118
f 3134/5351/3119 3136/5359/3119 3120/5329/3119 3135/5357/3119
f 3136/5359/3120 3129/5341/3120 3137/5360/3120 3138/5361/3120
f 3136/5359/3121 3138/5361/3121 3121/5330/3121 3120/5329/3121
f 3138/5362/3122 3137/5363/3122 3128/5364/3122 3139/5365/3122
f 3138/5362/3123 3139/5365/3123 3122/5333/3123 3121/5332/3123
f 3139/5366/3124 3128/5337/3124 3127/5336/3124 3133/5349/3124
f 3139/5366/3125 3133/5349/3125 3140/5367/3125 3122/5368/3125
f 3140/5367/3126 3115/5369/3126 3118/5370/3126 3122/5368/3126
f 3140/5367/3127 3133/5349/3127 3132/5348/3127 3141/5371/3127
f 3140/5367/3128 3141/5371/3128 3116/5372/3128 3115/5369/3128
f 3141/5371/3129 3132/5348/3129 3111/5373/3129 3114/5374/3129
f 3141/5375/3130 3114/5376/3130 3142/5377/3130 3116/5378/3130
f 3142/5379/3131 3114/5380/3131 3113/5381/3131 3135/5382/3131
f 3142/5383/3132 3135/5357/3132 3120/5329/3132 3119/5328/3132
f 3142/5384/3133 3119/5326/3133 3117/5325/3133 3116/5385/3133
f 3137/5360/3134 3129/5341/3134 3125/5340/3134 3124/5386/3134
f 3137/5363/3135 3124/5387/3135 3123/5388/3135 3128/5364/3135
f 3111/5355/3136 3112/5354/3136 3113/5389/3136 3114/5390/3136
f 3115/5369/3137 3116/5372/3137 3117/5391/3137 3118/5370/3137
f 3123/5392/3138 3124/5393/3138 3125/5394/3138 3126/5395/3138
f 3144/5396/3139 3146/5397/3139 3147/5398/3139 3148/5399/3139
f 3145/5400/3140 3148/5399/3140 3147/5398/3140 3149/5401/3140
f 3149/5401/3141 3147/5398/3141 3150/5402/3141 3151/5403/3141
f 3150/5404/3142 3152/5405/3142 3153/5406/3142 3151/5407/3142
f 3150/5402/3143 3147/5398/3143 3146/5397/3143 3154/5408/3143
f 3150/5404/3144 3154/5409/3144 3155/5410/3144 3152/5405/3144
f 3156/5411/3145 3157/5412/3145 3158/5413/3145 3159/5414/3145
f 3158/5413/3142 3160/5415/3142 3161/5416/3142 3159/5414/3142
f 3161/5416/3142 3160/5415/3142 3162/5417/3142 3163/5418/3142
f 3162/5417/3146 3143/5419/3146 3163/5418/3146
f 3152/5405/3147 3155/5410/3147 3157/5412/3147 3156/5411/3147
f 3152/5405/3148 3156/5411/3148 3153/5406/3148
